{
  "timestamp": "20260412_001035",
  "best_params": {
    "Kp": 11.212499999999999,
    "Ki": 0.0,
    "Kd": 0.7150000000000001
  },
  "best_cost": 1.308919185028894,
  "total_time_s": 81.17357444763184,
  "iterations": {
    "iteration": [
      1,
      2,
      3,
      4,
      5,
      6,
      7,
      8,
      9,
      10,
      11,
      12,
      13,
      14,
      15
    ],
    "cost": [
      500.0,
      2.4715737915917533,
      8.844824116250624,
      28.74660643415928,
      642.471796128815,
      5.855657535455816,
      1.308919185028894,
      605.26705332036,
      500.0,
      500.0,
      500.0,
      500.0,
      623.4480497208857,
      638.2945503297475,
      721.6436406523605
    ],
    "kp": [
      11.0,
      11.0,
      11.0,
      11.29803125,
      10.999999999999998,
      10.999999999999998,
      11.212499999999999,
      11.212499999999999,
      11.212499999999999,
      11.612499999999999,
      11.212499999999999,
      11.212499999999999,
      11.312499999999998,
      11.212499999999999,
      11.212499999999999
    ],
    "ki": [
      0.0,
      0.3,
      0.3,
      0.3,
      0.385,
      0.0,
      0.0,
      0.1,
      0.0,
      0.0,
      0.06999999999999999,
      0.06999999999999999,
      0.06999999999999999,
      0.16999999999999998,
      0.1
    ],
    "kd": [
      0.8,
      0.8,
      0.9700000000000001,
      0.8000000000000002,
      0.8000000000000002,
      0.8850000000000001,
      0.7150000000000001,
      0.7150000000000001,
      0.8150000000000001,
      0.715,
      0.715,
      0.86879,
      0.715,
      0.715,
      0.815
    ]
  },
  "advisor_log": [
    "\ud83d\udfe2 Decent balance (MAE=0.7\u00b0) \u2014 fine-tuning | \ud83d\udfe2 EXCELLENT balance! MAE=0.7\u00b0",
    "\ud83d\udfe2 Decent balance (MAE=1.8\u00b0) \u2014 fine-tuning | \ud83d\udfe2 EXCELLENT balance! MAE=1.8\u00b0",
    "\ud83d\udfe2 Decent balance (MAE=1.6\u00b0) \u2014 fine-tuning",
    "\ud83d\udfe2 Decent balance (MAE=0.3\u00b0) \u2014 fine-tuning | \ud83d\udfe2 EXCELLENT balance! MAE=0.3\u00b0",
    "\ud83d\udfe2 Decent balance (MAE=0.2\u00b0) \u2014 fine-tuning | \ud83d\udfe2 EXCELLENT balance! MAE=0.2\u00b0",
    "\ud83d\udfe1 Oscillation detected (jitter=99.0, var=99.0) |    \u2192 Increasing Kd step, decreasing Kp step",
    "\ud83d\udfe1 Oscillation detected (jitter=99.0, var=99.0) |    \u2192 Increasing Kd step, decreasing Kp step",
    "\ud83d\udfe1 Oscillation detected (jitter=99.0, var=99.0) |    \u2192 Increasing Kd step, decreasing Kp step",
    "\ud83d\udfe2 Decent balance (MAE=0.8\u00b0) \u2014 fine-tuning | \ud83d\udfe2 EXCELLENT balance! MAE=0.8\u00b0",
    "\ud83d\udfe2 Decent balance (MAE=0.6\u00b0) \u2014 fine-tuning | \ud83d\udfe2 EXCELLENT balance! MAE=0.6\u00b0",
    "\u2139\ufe0f No special patterns \u2014 continuing Twiddle",
    "\ud83d\udfe2 Decent balance (MAE=1.0\u00b0) \u2014 fine-tuning | \ud83d\udfe2 EXCELLENT balance! MAE=1.0\u00b0"
  ]
}