================================================================================
SERIAL MONITOR BACKUP LOG
Port: COM13 | Baud: 115200
Session Started: 2026-09-08 13:41:09
Trigger Reason: Motors ENABLED
Last IMU Calibration: No calibration recorded in this session
Active FW Parameters: Default / Awaiting sync
================================================================================
[Timestamp]                [Dir]  Payload
--------------------------------------------------------------------------------
[2026-09-08 13:41:09.128] [RX] Motors ENABLED
[2026-09-08 13:41:09.168] [RX] PITCH:3.11,PID_OUT:0.00,INT:0.0000,EL:-161,ER:-10,VEL:0.0,MOT:1,TILT:25.0,TRIM:0.000,ATE:1,LATCH:0,TORQ:1,CR:0.0,FX1:1.00,FY1:-151.10,FX2:-6.00,FY2:-149.60,IK1:1,IK2:1,MOVE:0
[2026-09-08 13:41:09.170] [RX] SRV:14,45,0.0,0,0
[2026-09-08 13:41:09.262] [RX] PITCH:-1.09,PID_OUT:364.96,INT:-0.0873,EL:-31,ER:22,VEL:-216.5,MOT:1,TILT:25.0,TRIM:0.000,ATE:1,LATCH:0,TORQ:1,CR:0.0,FX1:1.00,FY1:-151.10,FX2:-6.00,FY2:-149.60,IK1:1,IK2:1,MOVE:0
[2026-09-08 13:41:09.365] [RX] PITCH:-0.27,PID_OUT:-264.42,INT:0.0985,EL:12,ER:-7,VEL:281.0,MOT:1,TILT:25.0,TRIM:0.000,ATE:1,LATCH:0,TORQ:1,CR:0.0,FX1:1.00,FY1:-151.10,FX2:-6.00,FY2:-149.60,IK1:1,IK2:1,MOVE:0
[2026-09-08 13:41:09.463] [RX] PITCH:1.56,PID_OUT:201.76,INT:-0.0985,EL:-31,ER:13,VEL:-270.5,MOT:1,TILT:25.0,TRIM:0.000,ATE:1,LATCH:0,TORQ:1,CR:0.0,FX1:1.00,FY1:-151.10,FX2:-6.00,FY2:-149.60,IK1:1,IK2:1,MOVE:0
[2026-09-08 13:41:09.570] [RX] PITCH:-4.02,PID_OUT:146.01,INT:0.0985,EL:-3,ER:-2,VEL:224.4,MOT:1,TILT:25.0,TRIM:0.000,ATE:1,LATCH:0,TORQ:1,CR:0.0,FX1:1.00,FY1:-151.10,FX2:-6.00,FY2:-149.60,IK1:1,IK2:1,MOVE:0
[2026-09-08 13:41:09.575] [RX] AX12:MODE:0,TQ:1,TL:1023,CM:1,CS:4,MS:0,MT:800
[2026-09-08 13:41:09.663] [RX] PITCH:5.28,PID_OUT:-267.99,INT:-0.0985,EL:9,ER:-20,VEL:48.2,MOT:1,TILT:25.0,TRIM:0.000,ATE:1,LATCH:0,TORQ:1,CR:0.0,FX1:1.00,FY1:-151.10,FX2:-6.00,FY2:-149.60,IK1:1,IK2:1,MOVE:0
[2026-09-08 13:41:09.765] [RX] PITCH:-3.88,PID_OUT:208.86,INT:0.0816,EL:-8,ER:-12,VEL:19.3,MOT:1,TILT:25.0,TRIM:0.000,ATE:1,LATCH:0,TORQ:1,CR:0.0,FX1:1.00,FY1:-151.10,FX2:-6.00,FY2:-149.60,IK1:1,IK2:1,MOVE:0
[2026-09-08 13:41:09.861] [RX] PITCH:3.57,PID_OUT:-122.62,INT:-0.0389,EL:6,ER:-23,VEL:12.3,MOT:1,TILT:25.0,TRIM:0.000,ATE:1,LATCH:0,TORQ:1,CR:0.0,FX1:1.00,FY1:-151.10,FX2:-6.00,FY2:-149.60,IK1:1,IK2:1,MOVE:0
[2026-09-08 13:41:09.964] [RX] PITCH:-1.28,PID_OUT:-127.12,INT:0.0985,EL:14,ER:-32,VEL:146.7,MOT:1,TILT:25.0,TRIM:0.000,ATE:1,LATCH:0,TORQ:1,CR:0.0,FX1:1.00,FY1:-151.10,FX2:-6.00,FY2:-149.60,IK1:1,IK2:1,MOVE:0
[2026-09-08 13:41:10.068] [RX] PITCH:-2.54,PID_OUT:469.77,INT:-0.0264,EL:2,ER:-24,VEL:-78.1,MOT:1,TILT:25.0,TRIM:0.000,ATE:1,LATCH:0,TORQ:1,CR:0.0,FX1:1.00,FY1:-151.10,FX2:-6.00,FY2:-149.60,IK1:1,IK2:1,MOVE:0
[2026-09-08 13:41:10.071] [RX] AX12:MODE:0,TQ:1,TL:1023,CM:1,CS:4,MS:0,MT:800
[2026-09-08 13:41:10.166] [RX] PITCH:2.12,PID_OUT:-375.38,INT:0.0683,EL:30,ER:-46,VEL:163.2,MOT:1,TILT:25.0,TRIM:0.000,ATE:1,LATCH:0,TORQ:1,CR:0.0,FX1:1.00,FY1:-151.10,FX2:-6.00,FY2:-149.60,IK1:1,IK2:1,MOVE:0
[2026-09-08 13:41:10.166] [RX] SRV:1,47,0.0,0,0
[2026-09-08 13:41:10.262] [RX] PITCH:-3.67,PID_OUT:337.39,INT:-0.0049,EL:9,ER:-35,VEL:-46.7,MOT:1,TILT:25.0,TRIM:0.000,ATE:1,LATCH:0,TORQ:1,CR:0.0,FX1:1.00,FY1:-151.10,FX2:-6.00,FY2:-149.60,IK1:1,IK2:1,MOVE:0
[2026-09-08 13:41:10.360] [RX] PITCH:3.82,PID_OUT:-115.42,INT:-0.0601,EL:12,ER:-36,VEL:-77.0,MOT:1,TILT:25.0,TRIM:0.000,ATE:1,LATCH:0,TORQ:1,CR:0.0,FX1:1.00,FY1:-151.10,FX2:-6.00,FY2:-149.60,IK1:1,IK2:1,MOVE:0
[2026-09-08 13:41:10.460] [RX] PITCH:-0.91,PID_OUT:-123.48,INT:0.0879,EL:16,ER:-40,VEL:79.4,MOT:1,TILT:25.0,TRIM:0.000,ATE:1,LATCH:0,TORQ:1,CR:0.0,FX1:1.00,FY1:-151.10,FX2:-6.00,FY2:-149.60,IK1:1,IK2:1,MOVE:0
[2026-09-08 13:41:10.564] [RX] PITCH:-1.17,PID_OUT:343.08,INT:-0.0868,EL:0,ER:-26,VEL:-143.7,MOT:1,TILT:25.0,TRIM:0.000,ATE:1,LATCH:0,TORQ:1,CR:0.0,FX1:1.00,FY1:-151.10,FX2:-6.00,FY2:-149.60,IK1:1,IK2:1,MOVE:0
[2026-09-08 13:41:10.573] [RX] AX12:MODE:0,TQ:1,TL:1023,CM:1,CS:4,MS:0,MT:800
[2026-09-08 13:41:10.659] [RX] PITCH:3.14,PID_OUT:-395.92,INT:0.0423,EL:21,ER:-44,VEL:111.6,MOT:1,TILT:25.0,TRIM:0.000,ATE:1,LATCH:0,TORQ:1,CR:0.0,FX1:1.00,FY1:-151.10,FX2:-6.00,FY2:-149.60,IK1:1,IK2:1,MOVE:0
[2026-09-08 13:41:10.759] [RX] PITCH:-4.93,PID_OUT:402.22,INT:0.0243,EL:-3,ER:-28,VEL:-78.0,MOT:1,TILT:25.0,TRIM:0.000,ATE:1,LATCH:0,TORQ:1,CR:0.0,FX1:1.00,FY1:-151.10,FX2:-6.00,FY2:-149.60,IK1:1,IK2:1,MOVE:0
[2026-09-08 13:41:10.860] [RX] PITCH:4.74,PID_OUT:-467.38,INT:-0.0326,EL:19,ER:-43,VEL:63.4,MOT:1,TILT:25.0,TRIM:0.000,ATE:1,LATCH:0,TORQ:1,CR:0.0,FX1:1.00,FY1:-151.10,FX2:-6.00,FY2:-149.60,IK1:1,IK2:1,MOVE:0
[2026-09-08 13:41:10.959] [RX] PITCH:-4.79,PID_OUT:128.31,INT:0.0985,EL:13,ER:-44,VEL:73.4,MOT:1,TILT:25.0,TRIM:0.000,ATE:1,LATCH:0,TORQ:1,CR:0.0,FX1:1.00,FY1:-151.10,FX2:-6.00,FY2:-149.60,IK1:1,IK2:1,MOVE:0
[2026-09-08 13:41:11.070] [RX] PITCH:2.15,PID_OUT:153.95,INT:-0.0793,EL:19,ER:-50,VEL:-20.3,MOT:1,TILT:25.0,TRIM:0.000,ATE:1,LATCH:0,TORQ:1,CR:0.0,FX1:1.00,FY1:-151.10,FX2:-6.00,FY2:-149.60,IK1:1,IK2:1,MOVE:0
[2026-09-08 13:41:11.070] [RX] AX12:MODE:0,TQ:1,TL:1023,CM:1,CS:4,MS:0,MT:800
[2026-09-08 13:41:11.162] [RX] PITCH:-0.22,PID_OUT:-157.18,INT:0.0985,EL:34,ER:-70,VEL:178.9,MOT:1,TILT:25.0,TRIM:0.000,ATE:1,LATCH:0,TORQ:1,CR:0.0,FX1:1.00,FY1:-151.10,FX2:-6.00,FY2:-149.60,IK1:1,IK2:1,MOVE:0
[2026-09-08 13:41:11.162] [RX] SRV:6,42,0.0,0,0
[2026-09-08 13:41:11.258] [RX] PITCH:-2.79,PID_OUT:267.61,INT:-0.0069,EL:27,ER:-69,VEL:19.9,MOT:1,TILT:25.0,TRIM:0.000,ATE:1,LATCH:0,TORQ:1,CR:0.0,FX1:1.00,FY1:-151.10,FX2:-6.00,FY2:-149.60,IK1:1,IK2:1,MOVE:0
[2026-09-08 13:41:11.355] [RX] PITCH:1.15,PID_OUT:11.74,INT:-0.0325,EL:34,ER:-75,VEL:8.2,MOT:1,TILT:25.0,TRIM:0.000,ATE:1,LATCH:0,TORQ:1,CR:0.0,FX1:1.00,FY1:-151.10,FX2:-6.00,FY2:-149.60,IK1:1,IK2:1,MOVE:0
[2026-09-08 13:41:11.457] [RX] PITCH:-1.17,PID_OUT:53.55,INT:0.0792,EL:31,ER:-78,VEL:22.3,MOT:1,TILT:25.0,TRIM:0.000,ATE:1,LATCH:0,TORQ:1,CR:0.0,FX1:1.00,FY1:-151.10,FX2:-6.00,FY2:-149.60,IK1:1,IK2:1,MOVE:0
[2026-09-08 13:41:11.564] [RX] PITCH:0.98,PID_OUT:-56.53,INT:0.0448,EL:36,ER:-80,VEL:23.5,MOT:1,TILT:25.0,TRIM:0.000,ATE:1,LATCH:0,TORQ:1,CR:0.0,FX1:1.00,FY1:-151.10,FX2:-6.00,FY2:-149.60,IK1:1,IK2:1,MOVE:0
[2026-09-08 13:41:11.568] [RX] AX12:MODE:0,TQ:1,TL:1023,CM:1,CS:4,MS:0,MT:800
[2026-09-08 13:41:11.657] [RX] PITCH:0.96,PID_OUT:-100.31,INT:-0.0536,EL:33,ER:-77,VEL:-24.0,MOT:1,TILT:25.0,TRIM:0.000,ATE:1,LATCH:0,TORQ:1,CR:0.0,FX1:1.00,FY1:-151.10,FX2:-6.00,FY2:-149.60,IK1:1,IK2:1,MOVE:0
[2026-09-08 13:41:11.759] [RX] PITCH:0.07,PID_OUT:-46.64,INT:-0.0985,EL:26,ER:-69,VEL:-65.6,MOT:1,TILT:25.0,TRIM:0.000,ATE:1,LATCH:0,TORQ:1,CR:0.0,FX1:1.00,FY1:-151.10,FX2:-6.00,FY2:-149.60,IK1:1,IK2:1,MOVE:0
[2026-09-08 13:41:11.856] [RX] PITCH:-0.13,PID_OUT:-54.57,INT:-0.0826,EL:22,ER:-63,VEL:-45.9,MOT:1,TILT:25.0,TRIM:0.000,ATE:1,LATCH:0,TORQ:1,CR:0.0,FX1:1.00,FY1:-151.10,FX2:-6.00,FY2:-149.60,IK1:1,IK2:1,MOVE:0
[2026-09-08 13:41:11.956] [RX] PITCH:0.33,PID_OUT:-77.30,INT:-0.0985,EL:20,ER:-63,VEL:-15.7,MOT:1,TILT:25.0,TRIM:0.000,ATE:1,LATCH:0,TORQ:1,CR:0.0,FX1:1.00,FY1:-151.10,FX2:-6.00,FY2:-149.60,IK1:1,IK2:1,MOVE:0
[2026-09-08 13:41:12.068] [RX] PITCH:-0.20,PID_OUT:-8.31,INT:-0.0950,EL:16,ER:-63,VEL:-16.0,MOT:1,TILT:25.0,TRIM:0.000,ATE:1,LATCH:0,TORQ:1,CR:0.0,FX1:1.00,FY1:-151.10,FX2:-6.00,FY2:-149.60,IK1:1,IK2:1,MOVE:0
[2026-09-08 13:41:12.068] [RX] AX12:MODE:0,TQ:1,TL:1023,CM:1,CS:4,MS:0,MT:800
[2026-09-08 13:41:12.156] [RX] PITCH:-1.55,PID_OUT:165.53,INT:-0.0188,EL:16,ER:-74,VEL:33.5,MOT:1,TILT:25.0,TRIM:0.000,ATE:1,LATCH:0,TORQ:1,CR:0.0,FX1:1.00,FY1:-151.10,FX2:-6.00,FY2:-149.60,IK1:1,IK2:1,MOVE:0
[2026-09-08 13:41:12.159] [RX] SRV:0,41,0.8,0,0
[2026-09-08 13:41:12.256] [RX] PITCH:-0.94,PID_OUT:45.28,INT:0.0985,EL:30,ER:-89,VEL:137.1,MOT:1,TILT:25.0,TRIM:0.000,ATE:1,LATCH:0,TORQ:1,CR:0.0,FX1:1.00,FY1:-151.10,FX2:-6.00,FY2:-149.60,IK1:1,IK2:1,MOVE:0
[2026-09-08 13:41:12.356] [RX] PITCH:0.17,PID_OUT:-5.69,INT:0.0941,EL:45,ER:-105,VEL:138.6,MOT:1,TILT:25.0,TRIM:0.000,ATE:1,LATCH:0,TORQ:1,CR:0.0,FX1:1.00,FY1:-151.10,FX2:-6.00,FY2:-149.60,IK1:1,IK2:1,MOVE:0
[2026-09-08 13:41:12.455] [RX] PITCH:0.16,PID_OUT:-0.09,INT:0.0734,EL:53,ER:-113,VEL:88.4,MOT:1,TILT:25.0,TRIM:0.000,ATE:1,LATCH:0,TORQ:1,CR:0.0,FX1:1.00,FY1:-151.10,FX2:-6.00,FY2:-149.60,IK1:1,IK2:1,MOVE:0
[2026-09-08 13:41:12.555] [RX] PITCH:0.02,PID_OUT:8.05,INT:0.0613,EL:57,ER:-154,VEL:269.5,MOT:1,TILT:25.0,TRIM:0.000,ATE:1,LATCH:0,TORQ:1,CR:0.0,FX1:1.00,FY1:-151.10,FX2:-6.00,FY2:-149.60,IK1:1,IK2:1,MOVE:0
[2026-09-08 13:41:12.564] [RX] AX12:MODE:0,TQ:1,TL:1023,CM:1,CS:4,MS:0,MT:800
[2026-09-08 13:41:12.654] [RX] PITCH:0.51,PID_OUT:-63.78,INT:0.0404,EL:57,ER:-165,VEL:86.1,MOT:1,TILT:25.0,TRIM:0.000,ATE:1,LATCH:0,TORQ:1,CR:0.0,FX1:1.00,FY1:-151.10,FX2:-6.00,FY2:-149.60,IK1:1,IK2:1,MOVE:0
[2026-09-08 13:41:12.755] [RX] PITCH:1.72,PID_OUT:-183.32,INT:-0.0804,EL:52,ER:-157,VEL:-55.3,MOT:1,TILT:25.0,TRIM:0.000,ATE:1,LATCH:0,TORQ:1,CR:0.0,FX1:1.00,FY1:-151.10,FX2:-6.00,FY2:-149.60,IK1:1,IK2:1,MOVE:0
[2026-09-08 13:41:12.854] [RX] PITCH:-0.84,PID_OUT:99.18,INT:-0.0819,EL:32,ER:-146,VEL:-123.8,MOT:1,TILT:25.0,TRIM:0.000,ATE:1,LATCH:0,TORQ:1,CR:0.0,FX1:1.00,FY1:-151.10,FX2:-6.00,FY2:-149.60,IK1:1,IK2:1,MOVE:0
[2026-09-08 13:41:12.954] [RX] PITCH:-0.38,PID_OUT:18.69,INT:0.0280,EL:30,ER:-144,VEL:-31.3,MOT:1,TILT:25.0,TRIM:0.000,ATE:1,LATCH:0,TORQ:1,CR:0.0,FX1:1.00,FY1:-151.10,FX2:-6.00,FY2:-149.60,IK1:1,IK2:1,MOVE:0
[2026-09-08 13:41:13.060] [RX] PITCH:0.61,PID_OUT:-58.88,INT:0.0038,EL:30,ER:-144,VEL:-6.2,MOT:1,TILT:25.0,TRIM:0.000,ATE:1,LATCH:0,TORQ:1,CR:0.0,FX1:1.00,FY1:-151.10,FX2:-6.00,FY2:-149.60,IK1:1,IK2:1,MOVE:0
[2026-09-08 13:41:13.066] [RX] AX12:MODE:0,TQ:1,TL:1023,CM:1,CS:4,MS:0,MT:800
[2026-09-08 13:41:13.155] [RX] PITCH:0.43,PID_OUT:-35.67,INT:-0.0577,EL:28,ER:-142,VEL:-17.9,MOT:1,TILT:25.0,TRIM:0.000,ATE:1,LATCH:0,TORQ:1,CR:0.0,FX1:1.00,FY1:-151.10,FX2:-6.00,FY2:-149.60,IK1:1,IK2:1,MOVE:0
[2026-09-08 13:41:13.160] [RX] SRV:14,45,0.0,0,0
[2026-09-08 13:41:13.252] [RX] PITCH:-0.41,PID_OUT:20.30,INT:-0.0472,EL:27,ER:-140,VEL:-10.3,MOT:1,TILT:25.0,TRIM:0.000,ATE:1,LATCH:0,TORQ:1,CR:0.0,FX1:1.00,FY1:-151.10,FX2:-6.00,FY2:-149.60,IK1:1,IK2:1,MOVE:0
[2026-09-08 13:41:13.353] [RX] PITCH:-1.39,PID_OUT:93.00,INT:0.0446,EL:29,ER:-142,VEL:20.7,MOT:1,TILT:25.0,TRIM:0.000,ATE:1,LATCH:0,TORQ:1,CR:0.0,FX1:1.00,FY1:-151.10,FX2:-6.00,FY2:-149.60,IK1:1,IK2:1,MOVE:0
[2026-09-08 13:41:13.452] [RX] PITCH:-0.21,PID_OUT:33.10,INT:0.0985,EL:39,ER:-158,VEL:107.9,MOT:1,TILT:25.0,TRIM:0.000,ATE:1,LATCH:0,TORQ:1,CR:0.0,FX1:1.00,FY1:-151.10,FX2:-6.00,FY2:-149.60,IK1:1,IK2:1,MOVE:0
[2026-09-08 13:41:13.561] [RX] PITCH:0.16,PID_OUT:28.43,INT:0.0861,EL:47,ER:-172,VEL:98.3,MOT:1,TILT:25.0,TRIM:0.000,ATE:1,LATCH:0,TORQ:1,CR:0.0,FX1:1.00,FY1:-151.10,FX2:-6.00,FY2:-149.60,IK1:1,IK2:1,MOVE:0
[2026-09-08 13:41:13.561] [RX] AX12:MODE:0,TQ:1,TL:1023,CM:1,CS:4,MS:0,MT:800
[2026-09-08 13:41:13.629] [TX] VP0.03
[2026-09-08 13:41:13.654] [RX] PITCH:-0.34,PID_OUT:52.59,INT:0.0985,EL:51,ER:-194,VEL:123.2,MOT:1,TILT:25.0,TRIM:0.000,ATE:1,LATCH:0,TORQ:1,CR:0.0,FX1:1.00,FY1:-151.10,FX2:-6.00,FY2:-149.60,IK1:1,IK2:1,MOVE:0
[2026-09-08 13:41:13.690] [RX] Updated -> P:78.000 I:650.000 D:3.520 Offset:-1.2910 Target:0.000 Alpha:0.9600 Tilt:25.00 TrimGain:0.0000 Crouch:0.00 VP:0.0300
[2026-09-08 13:41:13.753] [RX] PITCH:0.43,PID_OUT:99.54,INT:0.0326,EL:47,ER:-193,VEL:-32.5,MOT:1,TILT:25.0,TRIM:0.976,ATE:1,LATCH:0,TORQ:1,CR:0.0,FX1:1.00,FY1:-151.10,FX2:-6.00,FY2:-149.60,IK1:1,IK2:1,MOVE:0
[2026-09-08 13:41:13.851] [RX] PITCH:0.80,PID_OUT:-100.46,INT:0.0676,EL:45,ER:-196,VEL:4.1,MOT:1,TILT:25.0,TRIM:-0.124,ATE:1,LATCH:0,TORQ:1,CR:0.0,FX1:1.00,FY1:-151.10,FX2:-6.00,FY2:-149.60,IK1:1,IK2:1,MOVE:0
[2026-09-08 13:41:13.951] [RX] PITCH:2.08,PID_OUT:-40.43,INT:0.0010,EL:39,ER:-188,VEL:-59.3,MOT:1,TILT:25.0,TRIM:1.778,ATE:1,LATCH:0,TORQ:1,CR:0.0,FX1:1.00,FY1:-151.10,FX2:-6.00,FY2:-149.60,IK1:1,IK2:1,MOVE:0
[2026-09-08 13:41:14.061] [RX] PITCH:3.08,PID_OUT:-91.23,INT:-0.0679,EL:31,ER:-180,VEL:-83.3,MOT:1,TILT:25.0,TRIM:2.498,ATE:1,LATCH:0,TORQ:1,CR:0.0,FX1:1.00,FY1:-151.10,FX2:-6.00,FY2:-149.60,IK1:1,IK2:1,MOVE:0
[2026-09-08 13:41:14.061] [RX] AX12:MODE:0,TQ:1,TL:1023,CM:1,CS:4,MS:0,MT:800
[2026-09-08 13:41:14.157] [RX] PITCH:3.30,PID_OUT:-100.82,INT:-0.0946,EL:20,ER:-171,VEL:-89.7,MOT:1,TILT:25.0,TRIM:2.692,ATE:1,LATCH:0,TORQ:1,CR:0.0,FX1:1.00,FY1:-151.10,FX2:-6.00,FY2:-149.60,IK1:1,IK2:1,MOVE:0
[2026-09-08 13:41:14.157] [RX] SRV:1,46,0.0,0,0
[2026-09-08 13:41:14.254] [RX] PITCH:2.80,PID_OUT:-53.78,INT:-0.0985,EL:9,ER:-165,VEL:-82.1,MOT:1,TILT:25.0,TRIM:2.462,ATE:1,LATCH:0,TORQ:1,CR:0.0,FX1:1.00,FY1:-151.10,FX2:-6.00,FY2:-149.60,IK1:1,IK2:1,MOVE:0
[2026-09-08 13:41:14.350] [RX] PITCH:1.86,PID_OUT:-38.57,INT:-0.0985,EL:-1,ER:-164,VEL:-55.8,MOT:1,TILT:25.0,TRIM:1.674,ATE:1,LATCH:0,TORQ:1,CR:0.0,FX1:1.00,FY1:-151.10,FX2:-6.00,FY2:-149.60,IK1:1,IK2:1,MOVE:0
[2026-09-08 13:41:14.451] [RX] PITCH:0.65,PID_OUT:56.45,INT:-0.0745,EL:-9,ER:-164,VEL:-43.5,MOT:1,TILT:25.0,TRIM:1.306,ATE:1,LATCH:0,TORQ:1,CR:0.0,FX1:1.00,FY1:-151.10,FX2:-6.00,FY2:-149.60,IK1:1,IK2:1,MOVE:0
[2026-09-08 13:41:14.556] [RX] PITCH:-1.12,PID_OUT:133.52,INT:-0.0429,EL:-9,ER:-168,VEL:-1.6,MOT:1,TILT:25.0,TRIM:0.049,ATE:1,LATCH:0,TORQ:1,CR:0.0,FX1:1.00,FY1:-151.10,FX2:-6.00,FY2:-149.60,IK1:1,IK2:1,MOVE:0
[2026-09-08 13:41:14.560] [RX] AX12:MODE:0,TQ:1,TL:1023,CM:1,CS:4,MS:0,MT:800
[2026-09-08 13:41:14.649] [RX] PITCH:-3.06,PID_OUT:17.00,INT:0.0395,EL:-1,ER:-181,VEL:94.7,MOT:1,TILT:25.0,TRIM:-2.841,ATE:1,LATCH:0,TORQ:1,CR:0.0,FX1:1.00,FY1:-151.10,FX2:-6.00,FY2:-149.60,IK1:1,IK2:1,MOVE:0
[2026-09-08 13:41:14.749] [RX] PITCH:-3.83,PID_OUT:-3.52,INT:0.0984,EL:6,ER:-197,VEL:121.3,MOT:1,TILT:25.0,TRIM:-3.640,ATE:1,LATCH:0,TORQ:1,CR:0.0,FX1:1.00,FY1:-151.10,FX2:-6.00,FY2:-149.60,IK1:1,IK2:1,MOVE:0
[2026-09-08 13:41:14.849] [RX] PITCH:-2.36,PID_OUT:-27.77,INT:0.0985,EL:12,ER:-204,VEL:72.8,MOT:1,TILT:25.0,TRIM:-2.183,ATE:1,LATCH:0,TORQ:1,CR:0.0,FX1:1.00,FY1:-151.10,FX2:-6.00,FY2:-149.60,IK1:1,IK2:1,MOVE:0
[2026-09-08 13:41:14.949] [RX] PITCH:0.63,PID_OUT:-128.05,INT:0.0796,EL:11,ER:-204,VEL:12.2,MOT:1,TILT:25.0,TRIM:-0.365,ATE:1,LATCH:0,TORQ:1,CR:0.0,FX1:1.00,FY1:-151.10,FX2:-6.00,FY2:-149.60,IK1:1,IK2:1,MOVE:0
[2026-09-08 13:41:15.049] [RX] PITCH:2.74,PID_OUT:-47.68,INT:-0.0003,EL:4,ER:-193,VEL:-71.5,MOT:1,TILT:25.0,TRIM:2.146,ATE:1,LATCH:0,TORQ:1,CR:0.0,FX1:1.00,FY1:-151.10,FX2:-6.00,FY2:-149.60,IK1:1,IK2:1,MOVE:0
[2026-09-08 13:41:15.059] [RX] AX12:MODE:0,TQ:1,TL:1023,CM:1,CS:4,MS:0,MT:800
[2026-09-08 13:41:15.153] [RX] PITCH:3.77,PID_OUT:-75.76,INT:-0.0842,EL:-8,ER:-184,VEL:-104.9,MOT:1,TILT:25.0,TRIM:3.147,ATE:1,LATCH:0,TORQ:1,CR:0.0,FX1:1.00,FY1:-151.10,FX2:-6.00,FY2:-149.60,IK1:1,IK2:1,MOVE:0
[2026-09-08 13:41:15.154] [RX] SRV:6,42,0.0,0,0
[2026-09-08 13:41:15.249] [RX] PITCH:3.35,PID_OUT:-64.55,INT:-0.0985,EL:-22,ER:-176,VEL:-105.4,MOT:1,TILT:25.0,TRIM:3.162,ATE:1,LATCH:0,TORQ:1,CR:0.0,FX1:1.00,FY1:-151.10,FX2:-6.00,FY2:-149.60,IK1:1,IK2:1,MOVE:0
[2026-09-08 13:41:15.347] [RX] PITCH:3.03,PID_OUT:-66.11,INT:-0.0985,EL:-34,ER:-171,VEL:-88.1,MOT:1,TILT:25.0,TRIM:2.642,ATE:1,LATCH:0,TORQ:1,CR:0.0,FX1:1.00,FY1:-151.10,FX2:-6.00,FY2:-149.60,IK1:1,IK2:1,MOVE:0
[2026-09-08 13:41:15.448] [RX] PITCH:2.39,PID_OUT:-42.67,INT:-0.0985,EL:-44,ER:-166,VEL:-73.4,MOT:1,TILT:25.0,TRIM:2.203,ATE:1,LATCH:0,TORQ:1,CR:0.0,FX1:1.00,FY1:-151.10,FX2:-6.00,FY2:-149.60,IK1:1,IK2:1,MOVE:0
[2026-09-08 13:41:15.550] [RX] PITCH:1.59,PID_OUT:-32.58,INT:-0.0915,EL:-53,ER:-164,VEL:-51.7,MOT:1,TILT:25.0,TRIM:1.551,ATE:1,LATCH:0,TORQ:1,CR:0.0,FX1:1.00,FY1:-151.10,FX2:-6.00,FY2:-149.60,IK1:1,IK2:1,MOVE:0
[2026-09-08 13:41:15.558] [RX] AX12:MODE:0,TQ:1,TL:1023,CM:1,CS:4,MS:0,MT:800
[2026-09-08 13:41:15.646] [RX] PITCH:0.39,PID_OUT:-22.42,INT:-0.0985,EL:-59,ER:-170,VEL:-6.4,MOT:1,TILT:25.0,TRIM:0.192,ATE:1,LATCH:0,TORQ:1,CR:0.0,FX1:1.00,FY1:-151.10,FX2:-6.00,FY2:-149.60,IK1:1,IK2:1,MOVE:0
[2026-09-08 13:41:15.748] [RX] PITCH:-1.73,PID_OUT:128.26,INT:-0.0292,EL:-58,ER:-172,VEL:15.6,MOT:1,TILT:25.0,TRIM:-0.467,ATE:1,LATCH:0,TORQ:1,CR:0.0,FX1:1.00,FY1:-151.10,FX2:-6.00,FY2:-149.60,IK1:1,IK2:1,MOVE:0
[2026-09-08 13:41:15.847] [RX] PITCH:-2.66,PID_OUT:32.37,INT:0.0238,EL:-52,ER:-188,VEL:97.3,MOT:1,TILT:25.0,TRIM:-2.920,ATE:1,LATCH:0,TORQ:1,CR:0.0,FX1:1.00,FY1:-151.10,FX2:-6.00,FY2:-149.60,IK1:1,IK2:1,MOVE:0
[2026-09-08 13:41:15.946] [RX] PITCH:-4.43,PID_OUT:-34.01,INT:0.0896,EL:-43,ER:-203,VEL:130.7,MOT:1,TILT:25.0,TRIM:-3.920,ATE:1,LATCH:0,TORQ:1,CR:0.0,FX1:1.00,FY1:-151.10,FX2:-6.00,FY2:-149.60,IK1:1,IK2:1,MOVE:0
[2026-09-08 13:41:16.056] [RX] PITCH:-3.13,PID_OUT:-24.56,INT:-0.0013,EL:-33,ER:-220,VEL:129.5,MOT:1,TILT:25.0,TRIM:-3.886,ATE:1,LATCH:0,TORQ:1,CR:0.0,FX1:1.00,FY1:-151.10,FX2:-6.00,FY2:-149.60,IK1:1,IK2:1,MOVE:0
[2026-09-08 13:41:16.057] [RX] AX12:MODE:0,TQ:1,TL:1023,CM:1,CS:4,MS:0,MT:800
[2026-09-08 13:41:16.149] [RX] PITCH:-3.93,PID_OUT:-90.42,INT:0.0571,EL:-20,ER:-236,VEL:152.4,MOT:1,TILT:25.0,TRIM:-4.571,ATE:1,LATCH:0,TORQ:1,CR:0.0,FX1:1.00,FY1:-151.10,FX2:-6.00,FY2:-149.60,IK1:1,IK2:1,MOVE:0
[2026-09-08 13:41:16.149] [RX] SRV:0,41,0.0,0,0
[2026-09-08 13:41:16.244] [RX] PITCH:-4.04,PID_OUT:-27.68,INT:0.0975,EL:-8,ER:-245,VEL:137.8,MOT:1,TILT:25.0,TRIM:-4.135,ATE:1,LATCH:0,TORQ:1,CR:0.0,FX1:1.00,FY1:-151.10,FX2:-6.00,FY2:-149.60,IK1:1,IK2:1,MOVE:0
[2026-09-08 13:41:16.330] [TX] VP0.069
[2026-09-08 13:41:16.345] [RX] PITCH:-1.90,PID_OUT:13.62,INT:0.0622,EL:-4,ER:-252,VEL:60.1,MOT:1,TILT:25.0,TRIM:-1.804,ATE:1,LATCH:0,TORQ:1,CR:0.0,FX1:1.00,FY1:-151.10,FX2:-6.00,FY2:-149.60,IK1:1,IK2:1,MOVE:0
[2026-09-08 13:41:16.393] [RX] Updated -> P:78.000 I:650.000 D:3.520 Offset:-1.2910 Target:0.000 Alpha:0.9600 Tilt:25.00 TrimGain:0.0000 Crouch:0.00 VP:0.0690
[2026-09-08 13:41:16.445] [RX] PITCH:-0.58,PID_OUT:-60.84,INT:0.0582,EL:-9,ER:-259,VEL:15.7,MOT:1,TILT:25.0,TRIM:-1.082,ATE:1,LATCH:0,TORQ:1,CR:0.0,FX1:1.00,FY1:-151.10,FX2:-6.00,FY2:-149.60,IK1:1,IK2:1,MOVE:0
[2026-09-08 13:41:16.553] [RX] PITCH:1.23,PID_OUT:10.80,INT:0.0556,EL:-18,ER:-263,VEL:-17.9,MOT:1,TILT:25.0,TRIM:1.236,ATE:1,LATCH:0,TORQ:1,CR:0.0,FX1:1.00,FY1:-151.10,FX2:-6.00,FY2:-149.60,IK1:1,IK2:1,MOVE:0
[2026-09-08 13:41:16.553] [RX] AX12:MODE:0,TQ:1,TL:1023,CM:1,CS:4,MS:0,MT:800
[2026-09-08 13:41:16.644] [RX] PITCH:0.05,PID_OUT:-602.43,INT:0.0015,EL:-21,ER:-275,VEL:58.8,MOT:1,TILT:25.0,TRIM:-4.060,ATE:1,LATCH:0,TORQ:1,CR:0.0,FX1:1.00,FY1:-151.10,FX2:-6.00,FY2:-149.60,IK1:1,IK2:1,MOVE:0
[2026-09-08 13:41:16.745] [RX] PITCH:1.00,PID_OUT:-511.62,INT:0.0268,EL:-26,ER:-273,VEL:38.9,MOT:1,TILT:25.0,TRIM:-2.687,ATE:1,LATCH:0,TORQ:1,CR:0.0,FX1:1.00,FY1:-151.10,FX2:-6.00,FY2:-149.60,IK1:1,IK2:1,MOVE:0
[2026-09-08 13:41:16.844] [RX] PITCH:3.20,PID_OUT:-419.64,INT:-0.0985,EL:-31,ER:-270,VEL:0.3,MOT:1,TILT:25.0,TRIM:-0.019,ATE:1,LATCH:0,TORQ:1,CR:0.0,FX1:1.00,FY1:-151.10,FX2:-6.00,FY2:-149.60,IK1:1,IK2:1,MOVE:0
[2026-09-08 13:41:16.944] [RX] PITCH:2.86,PID_OUT:-318.23,INT:-0.0935,EL:-37,ER:-268,VEL:-14.3,MOT:1,TILT:25.0,TRIM:0.990,ATE:1,LATCH:0,TORQ:1,CR:0.0,FX1:1.00,FY1:-151.10,FX2:-6.00,FY2:-149.60,IK1:1,IK2:1,MOVE:0
[2026-09-08 13:41:17.055] [RX] PITCH:0.32,PID_OUT:-393.54,INT:-0.0277,EL:-36,ER:-271,VEL:29.7,MOT:1,TILT:25.0,TRIM:-2.051,ATE:1,LATCH:0,TORQ:1,CR:0.0,FX1:1.00,FY1:-151.10,FX2:-6.00,FY2:-149.60,IK1:1,IK2:1,MOVE:0
[2026-09-08 13:41:17.055] [RX] AX12:MODE:0,TQ:1,TL:1023,CM:1,CS:4,MS:0,MT:800
[2026-09-08 13:41:17.144] [RX] PITCH:0.81,PID_OUT:-548.72,INT:-0.0402,EL:-39,ER:-275,VEL:48.7,MOT:1,TILT:25.0,TRIM:-3.358,ATE:1,LATCH:0,TORQ:1,CR:0.0,FX1:1.00,FY1:-151.10,FX2:-6.00,FY2:-149.60,IK1:1,IK2:1,MOVE:0
[2026-09-08 13:41:17.147] [RX] SRV:14,45,0.0,0,0
[2026-09-08 13:41:17.243] [RX] PITCH:0.93,PID_OUT:-232.03,INT:-0.0512,EL:-46,ER:-274,VEL:-2.3,MOT:1,TILT:25.0,TRIM:0.156,ATE:1,LATCH:0,TORQ:1,CR:0.0,FX1:1.00,FY1:-151.10,FX2:-6.00,FY2:-149.60,IK1:1,IK2:1,MOVE:0
[2026-09-08 13:41:17.344] [RX] PITCH:1.57,PID_OUT:-70.29,INT:-0.0492,EL:-49,ER:-273,VEL:-27.4,MOT:1,TILT:25.0,TRIM:1.892,ATE:1,LATCH:0,TORQ:1,CR:0.0,FX1:1.00,FY1:-151.10,FX2:-6.00,FY2:-149.60,IK1:1,IK2:1,MOVE:0
[2026-09-08 13:41:17.444] [RX] PITCH:3.21,PID_OUT:198.83,INT:-0.0760,EL:-53,ER:-269,VEL:-79.2,MOT:1,TILT:25.0,TRIM:5.463,ATE:1,LATCH:0,TORQ:1,CR:0.0,FX1:1.00,FY1:-151.10,FX2:-6.00,FY2:-149.60,IK1:1,IK2:1,MOVE:0
[2026-09-08 13:41:17.544] [RX] PITCH:1.71,PID_OUT:502.70,INT:0.0403,EL:-55,ER:-267,VEL:-70.9,MOT:1,TILT:25.0,TRIM:4.892,ATE:1,LATCH:0,TORQ:1,CR:0.0,FX1:1.00,FY1:-151.10,FX2:-6.00,FY2:-149.60,IK1:1,IK2:1,MOVE:0
[2026-09-08 13:41:17.553] [RX] AX12:MODE:0,TQ:1,TL:1023,CM:1,CS:4,MS:0,MT:800
[2026-09-08 13:41:17.643] [RX] PITCH:0.16,PID_OUT:515.87,INT:0.0805,EL:-55,ER:-268,VEL:-60.3,MOT:1,TILT:25.0,TRIM:4.162,ATE:1,LATCH:0,TORQ:1,CR:0.0,FX1:1.00,FY1:-151.10,FX2:-6.00,FY2:-149.60,IK1:1,IK2:1,MOVE:0
[2026-09-08 13:41:17.746] [RX] PITCH:-0.83,PID_OUT:400.90,INT:0.0985,EL:-57,ER:-272,VEL:-23.7,MOT:1,TILT:25.0,TRIM:1.633,ATE:1,LATCH:0,TORQ:1,CR:0.0,FX1:1.00,FY1:-151.10,FX2:-6.00,FY2:-149.60,IK1:1,IK2:1,MOVE:0
[2026-09-08 13:41:17.784] [TX] VP0.055
[2026-09-08 13:41:17.847] [RX] PITCH:-0.34,PID_OUT:241.08,INT:0.0801,EL:-60,ER:-275,VEL:-6.9,MOT:1,TILT:25.0,TRIM:0.476,ATE:1,LATCH:0,TORQ:1,CR:0.0,FX1:1.00,FY1:-151.10,FX2:-6.00,FY2:-149.60,IK1:1,IK2:1,MOVE:0
[2026-09-08 13:41:17.872] [RX] Updated -> P:78.000 I:650.000 D:3.520 Offset:-1.2910 Target:0.000 Alpha:0.9600 Tilt:25.00 TrimGain:0.0000 Crouch:0.00 VP:0.0550
[2026-09-08 13:41:17.940] [RX] PITCH:-0.67,PID_OUT:197.20,INT:0.0357,EL:-59,ER:-274,VEL:-0.1,MOT:1,TILT:25.0,TRIM:0.004,ATE:1,LATCH:0,TORQ:1,CR:0.0,FX1:1.00,FY1:-151.10,FX2:-6.00,FY2:-149.60,IK1:1,IK2:1,MOVE:0
[2026-09-08 13:41:18.044] [RX] PITCH:-0.47,PID_OUT:205.14,INT:-0.0144,EL:-60,ER:-272,VEL:-10.6,MOT:1,TILT:25.0,TRIM:0.582,ATE:1,LATCH:0,TORQ:1,CR:0.0,FX1:1.00,FY1:-151.10,FX2:-6.00,FY2:-149.60,IK1:1,IK2:1,MOVE:0
[2026-09-08 13:41:18.052] [RX] AX12:MODE:0,TQ:1,TL:1023,CM:1,CS:4,MS:0,MT:800
[2026-09-08 13:41:18.143] [RX] PITCH:-1.23,PID_OUT:72.86,INT:0.0222,EL:-61,ER:-274,VEL:21.6,MOT:1,TILT:25.0,TRIM:-1.191,ATE:1,LATCH:0,TORQ:1,CR:0.0,FX1:1.00,FY1:-151.10,FX2:-6.00,FY2:-149.60,IK1:1,IK2:1,MOVE:0
[2026-09-08 13:41:18.144] [RX] SRV:1,45,0.0,0,0
[2026-09-08 13:41:18.240] [RX] PITCH:-1.07,PID_OUT:-131.13,INT:0.0388,EL:-62,ER:-275,VEL:41.4,MOT:1,TILT:25.0,TRIM:-2.275,ATE:1,LATCH:0,TORQ:1,CR:0.0,FX1:1.00,FY1:-151.10,FX2:-6.00,FY2:-149.60,IK1:1,IK2:1,MOVE:0
[2026-09-08 13:41:18.342] [RX] PITCH:-1.18,PID_OUT:-251.11,INT:-0.0050,EL:-61,ER:-274,VEL:49.7,MOT:1,TILT:25.0,TRIM:-2.731,ATE:1,LATCH:0,TORQ:1,CR:0.0,FX1:1.00,FY1:-151.10,FX2:-6.00,FY2:-149.60,IK1:1,IK2:1,MOVE:0
[2026-09-08 13:41:18.439] [RX] PITCH:-2.94,PID_OUT:-37.43,INT:0.0301,EL:-61,ER:-273,VEL:51.4,MOT:1,TILT:25.0,TRIM:-2.829,ATE:1,LATCH:0,TORQ:1,CR:0.0,FX1:1.00,FY1:-151.10,FX2:-6.00,FY2:-149.60,IK1:1,IK2:1,MOVE:0
[2026-09-08 13:41:18.551] [RX] PITCH:-7.47,PID_OUT:-88.05,INT:0.0985,EL:-47,ER:-284,VEL:162.0,MOT:1,TILT:25.0,TRIM:-6.000,ATE:1,LATCH:0,TORQ:1,CR:0.0,FX1:1.00,FY1:-151.10,FX2:-6.00,FY2:-149.60,IK1:1,IK2:1,MOVE:0
[2026-09-08 13:41:18.551] [RX] AX12:MODE:0,TQ:1,TL:1023,CM:1,CS:4,MS:0,MT:800
[2026-09-08 13:41:18.640] [RX] PITCH:-5.66,PID_OUT:-67.29,INT:0.0917,EL:-22,ER:-295,VEL:152.3,MOT:1,TILT:25.0,TRIM:-6.000,ATE:1,LATCH:0,TORQ:1,CR:0.0,FX1:1.00,FY1:-151.10,FX2:-6.00,FY2:-149.60,IK1:1,IK2:1,MOVE:0
[2026-09-08 13:41:18.742] [RX] PITCH:-3.81,PID_OUT:7.16,INT:0.0985,EL:-18,ER:-295,VEL:42.7,MOT:1,TILT:25.0,TRIM:-2.347,ATE:1,LATCH:0,TORQ:1,CR:0.0,FX1:1.00,FY1:-151.10,FX2:-6.00,FY2:-149.60,IK1:1,IK2:1,MOVE:0
[2026-09-08 13:41:18.840] [RX] PITCH:2.10,PID_OUT:-143.53,INT:0.0519,EL:-19,ER:-293,VEL:-10.5,MOT:1,TILT:25.0,TRIM:0.580,ATE:1,LATCH:0,TORQ:1,CR:0.0,FX1:1.00,FY1:-151.10,FX2:-6.00,FY2:-149.60,IK1:1,IK2:1,MOVE:0
[2026-09-08 13:41:18.939] [RX] PITCH:3.75,PID_OUT:-52.51,INT:0.0133,EL:-28,ER:-287,VEL:-50.7,MOT:1,TILT:25.0,TRIM:2.786,ATE:1,LATCH:0,TORQ:1,CR:0.0,FX1:1.00,FY1:-151.10,FX2:-6.00,FY2:-149.60,IK1:1,IK2:1,MOVE:0
[2026-09-08 13:41:19.048] [RX] PITCH:3.19,PID_OUT:-11.25,INT:-0.0595,EL:-35,ER:-283,VEL:-53.0,MOT:1,TILT:25.0,TRIM:2.916,ATE:1,LATCH:0,TORQ:1,CR:0.0,FX1:1.00,FY1:-151.10,FX2:-6.00,FY2:-149.60,IK1:1,IK2:1,MOVE:0
[2026-09-08 13:41:19.048] [RX] AX12:MODE:0,TQ:1,TL:1023,CM:1,CS:4,MS:0,MT:800
[2026-09-08 13:41:19.143] [RX] PITCH:1.46,PID_OUT:-27.66,INT:-0.0865,EL:-37,ER:-281,VEL:-24.9,MOT:1,TILT:25.0,TRIM:1.372,ATE:1,LATCH:0,TORQ:1,CR:0.0,FX1:1.00,FY1:-151.10,FX2:-6.00,FY2:-149.60,IK1:1,IK2:1,MOVE:0
[2026-09-08 13:41:19.143] [RX] SRV:6,41,0.0,0,0
[2026-09-08 13:41:19.237] [RX] PITCH:0.28,PID_OUT:-289.81,INT:-0.0575,EL:-40,ER:-288,VEL:40.2,MOT:1,TILT:25.0,TRIM:-2.211,ATE:1,LATCH:0,TORQ:1,CR:0.0,FX1:1.00,FY1:-151.10,FX2:-6.00,FY2:-149.60,IK1:1,IK2:1,MOVE:0
[2026-09-08 13:41:19.338] [RX] PITCH:-0.87,PID_OUT:-412.57,INT:-0.0923,EL:-39,ER:-291,VEL:66.4,MOT:1,TILT:25.0,TRIM:-3.650,ATE:1,LATCH:0,TORQ:1,CR:0.0,FX1:1.00,FY1:-151.10,FX2:-6.00,FY2:-149.60,IK1:1,IK2:1,MOVE:0
[2026-09-08 13:41:19.438] [RX] PITCH:-2.35,PID_OUT:-414.37,INT:-0.0765,EL:-36,ER:-293,VEL:72.8,MOT:1,TILT:25.0,TRIM:-4.005,ATE:1,LATCH:0,TORQ:1,CR:0.0,FX1:1.00,FY1:-151.10,FX2:-6.00,FY2:-149.60,IK1:1,IK2:1,MOVE:0
[2026-09-08 13:41:19.539] [RX] PITCH:-3.16,PID_OUT:-391.66,INT:-0.0351,EL:-33,ER:-301,VEL:102.0,MOT:1,TILT:25.0,TRIM:-5.608,ATE:1,LATCH:0,TORQ:1,CR:0.0,FX1:1.00,FY1:-151.10,FX2:-6.00,FY2:-149.60,IK1:1,IK2:1,MOVE:0
[2026-09-08 13:41:19.548] [RX] AX12:MODE:0,TQ:1,TL:1023,CM:1,CS:4,MS:0,MT:800
[2026-09-08 13:41:19.636] [RX] PITCH:-3.89,PID_OUT:-317.11,INT:0.0642,EL:-30,ER:-314,VEL:127.7,MOT:1,TILT:25.0,TRIM:-6.000,ATE:1,LATCH:0,TORQ:1,CR:0.0,FX1:1.00,FY1:-151.10,FX2:-6.00,FY2:-149.60,IK1:1,IK2:1,MOVE:0
[2026-09-08 13:41:19.736] [RX] PITCH:-3.33,PID_OUT:-349.80,INT:0.0539,EL:-26,ER:-323,VEL:104.2,MOT:1,TILT:25.0,TRIM:-5.731,ATE:1,LATCH:0,TORQ:1,CR:0.0,FX1:1.00,FY1:-151.10,FX2:-6.00,FY2:-149.60,IK1:1,IK2:1,MOVE:0
[2026-09-08 13:41:19.838] [RX] PITCH:-0.48,PID_OUT:-433.99,INT:-0.0085,EL:-27,ER:-329,VEL:67.7,MOT:1,TILT:25.0,TRIM:-3.723,ATE:1,LATCH:0,TORQ:1,CR:0.0,FX1:1.00,FY1:-151.10,FX2:-6.00,FY2:-149.60,IK1:1,IK2:1,MOVE:0
[2026-09-08 13:41:19.938] [RX] PITCH:1.22,PID_OUT:-645.48,INT:-0.0150,EL:-29,ER:-331,VEL:56.3,MOT:1,TILT:25.0,TRIM:-3.094,ATE:1,LATCH:0,TORQ:1,CR:0.0,FX1:1.00,FY1:-151.10,FX2:-6.00,FY2:-149.60,IK1:1,IK2:1,MOVE:0
[2026-09-08 13:41:20.048] [RX] PITCH:2.06,PID_OUT:-493.36,INT:-0.0301,EL:-35,ER:-328,VEL:14.7,MOT:1,TILT:25.0,TRIM:-0.810,ATE:1,LATCH:0,TORQ:1,CR:0.0,FX1:1.00,FY1:-151.10,FX2:-6.00,FY2:-149.60,IK1:1,IK2:1,MOVE:0
[2026-09-08 13:41:20.053] [RX] AX12:MODE:0,TQ:1,TL:1023,CM:1,CS:4,MS:0,MT:800
[2026-09-08 13:41:20.139] [RX] PITCH:3.43,PID_OUT:-415.93,INT:-0.0541,EL:-42,ER:-325,VEL:-11.8,MOT:1,TILT:25.0,TRIM:0.650,ATE:1,LATCH:0,TORQ:1,CR:0.0,FX1:1.00,FY1:-151.10,FX2:-6.00,FY2:-149.60,IK1:1,IK2:1,MOVE:0
[2026-09-08 13:41:20.139] [RX] SRV:0,41,6.3,0,1
[2026-09-08 13:41:20.236] [RX] PITCH:4.59,PID_OUT:-378.35,INT:-0.0985,EL:-51,ER:-320,VEL:-40.0,MOT:1,TILT:25.0,TRIM:2.202,ATE:1,LATCH:0,TORQ:1,CR:0.0,FX1:1.00,FY1:-151.10,FX2:-6.00,FY2:-149.60,IK1:1,IK2:1,MOVE:0
[2026-09-08 13:41:20.337] [RX] PITCH:4.10,PID_OUT:-360.08,INT:-0.0751,EL:-61,ER:-315,VEL:-34.5,MOT:1,TILT:25.0,TRIM:1.896,ATE:1,LATCH:0,TORQ:1,CR:0.0,FX1:1.00,FY1:-151.10,FX2:-6.00,FY2:-149.60,IK1:1,IK2:1,MOVE:0
[2026-09-08 13:41:20.403] [TX] VP0.027
[2026-09-08 13:41:20.444] [RX] PITCH:4.82,PID_OUT:-129.58,INT:-0.0824,EL:-72,ER:-307,VEL:-81.8,MOT:1,TILT:25.0,TRIM:4.497,ATE:1,LATCH:0,TORQ:1,CR:0.0,FX1:1.00,FY1:-151.10,FX2:-6.00,FY2:-149.60,IK1:1,IK2:1,MOVE:0
[2026-09-08 13:41:20.466] [RX] Updated -> P:78.000 I:650.000 D:3.520 Offset:-1.2910 Target:0.000 Alpha:0.9600 Tilt:25.00 TrimGain:0.0000 Crouch:0.00 VP:0.0270
[2026-09-08 13:41:20.535] [RX] PITCH:3.74,PID_OUT:10.34,INT:-0.0911,EL:-83,ER:-298,VEL:-117.5,MOT:1,TILT:25.0,TRIM:3.172,ATE:1,LATCH:0,TORQ:1,CR:0.0,FX1:1.00,FY1:-151.10,FX2:-6.00,FY2:-149.60,IK1:1,IK2:1,MOVE:0
[2026-09-08 13:41:20.544] [RX] AX12:MODE:0,TQ:1,TL:1023,CM:1,CS:4,MS:0,MT:800
[2026-09-08 13:41:20.636] [RX] PITCH:5.32,PID_OUT:-40.28,INT:-0.0985,EL:-91,ER:-290,VEL:-122.6,MOT:1,TILT:25.0,TRIM:3.310,ATE:1,LATCH:0,TORQ:1,CR:0.0,FX1:1.00,FY1:-151.10,FX2:-6.00,FY2:-149.60,IK1:1,IK2:1,MOVE:0
[2026-09-08 13:41:20.734] [RX] PITCH:-0.09,PID_OUT:32.84,INT:-0.0383,EL:-88,ER:-295,VEL:1.0,MOT:1,TILT:25.0,TRIM:-0.026,ATE:1,LATCH:0,TORQ:1,CR:0.0,FX1:1.00,FY1:-151.10,FX2:-6.00,FY2:-149.60,IK1:1,IK2:1,MOVE:0
[2026-09-08 13:41:20.834] [RX] PITCH:-3.81,PID_OUT:-71.34,INT:0.0905,EL:-70,ER:-310,VEL:131.3,MOT:1,TILT:25.0,TRIM:-3.545,ATE:1,LATCH:0,TORQ:1,CR:0.0,FX1:1.00,FY1:-151.10,FX2:-6.00,FY2:-149.60,IK1:1,IK2:1,MOVE:0
[2026-09-08 13:41:20.934] [RX] PITCH:-2.15,PID_OUT:-168.01,INT:0.0730,EL:-60,ER:-322,VEL:107.6,MOT:1,TILT:25.0,TRIM:-2.905,ATE:1,LATCH:0,TORQ:1,CR:0.0,FX1:1.00,FY1:-151.10,FX2:-6.00,FY2:-149.60,IK1:1,IK2:1,MOVE:0
[2026-09-08 13:41:21.044] [RX] PITCH:2.22,PID_OUT:-252.40,INT:0.0319,EL:-62,ER:-320,VEL:19.9,MOT:1,TILT:25.0,TRIM:-0.538,ATE:1,LATCH:0,TORQ:1,CR:0.0,FX1:1.00,FY1:-151.10,FX2:-6.00,FY2:-149.60,IK1:1,IK2:1,MOVE:0
[2026-09-08 13:41:21.044] [RX] AX12:MODE:0,TQ:1,TL:1023,CM:1,CS:4,MS:0,MT:800
[2026-09-08 13:41:21.137] [RX] PITCH:3.76,PID_OUT:-212.66,INT:-0.0525,EL:-76,ER:-306,VEL:-69.0,MOT:1,TILT:25.0,TRIM:1.864,ATE:1,LATCH:0,TORQ:1,CR:0.0,FX1:1.00,FY1:-151.10,FX2:-6.00,FY2:-149.60,IK1:1,IK2:1,MOVE:0
[2026-09-08 13:41:21.137] [RX] SRV:14,44,0.0,0,0
[2026-09-08 13:41:21.237] [RX] PITCH:1.14,PID_OUT:-273.52,INT:-0.0560,EL:-79,ER:-300,VEL:10.4,MOT:1,TILT:25.0,TRIM:-0.281,ATE:1,LATCH:0,TORQ:1,CR:0.0,FX1:1.00,FY1:-151.10,FX2:-6.00,FY2:-149.60,IK1:1,IK2:1,MOVE:0
[2026-09-08 13:41:21.332] [RX] PITCH:-3.86,PID_OUT:-88.41,INT:0.0652,EL:-75,ER:-300,VEL:82.7,MOT:1,TILT:25.0,TRIM:-2.233,ATE:1,LATCH:0,TORQ:1,CR:0.0,FX1:1.00,FY1:-151.10,FX2:-6.00,FY2:-149.60,IK1:1,IK2:1,MOVE:0
[2026-09-08 13:41:21.434] [RX] PITCH:-4.49,PID_OUT:-30.55,INT:0.0985,EL:-64,ER:-313,VEL:141.2,MOT:1,TILT:25.0,TRIM:-3.812,ATE:1,LATCH:0,TORQ:1,CR:0.0,FX1:1.00,FY1:-151.10,FX2:-6.00,FY2:-149.60,IK1:1,IK2:1,MOVE:0
[2026-09-08 13:41:21.539] [RX] PITCH:-1.99,PID_OUT:51.01,INT:0.0985,EL:-61,ER:-317,VEL:54.2,MOT:1,TILT:25.0,TRIM:-1.464,ATE:1,LATCH:0,TORQ:1,CR:0.0,FX1:1.00,FY1:-151.10,FX2:-6.00,FY2:-149.60,IK1:1,IK2:1,MOVE:0
[2026-09-08 13:41:21.539] [RX] AX12:MODE:0,TQ:1,TL:1023,CM:1,CS:4,MS:0,MT:800
[2026-09-08 13:41:21.631] [RX] PITCH:-0.11,PID_OUT:-62.94,INT:0.0594,EL:-59,ER:-322,VEL:30.3,MOT:1,TILT:25.0,TRIM:-0.817,ATE:1,LATCH:0,TORQ:1,CR:0.0,FX1:1.00,FY1:-151.10,FX2:-6.00,FY2:-149.60,IK1:1,IK2:1,MOVE:0
[2026-09-08 13:41:21.732] [RX] PITCH:1.31,PID_OUT:-75.63,INT:-0.0277,EL:-61,ER:-319,VEL:-18.6,MOT:1,TILT:25.0,TRIM:0.503,ATE:1,LATCH:0,TORQ:1,CR:0.0,FX1:1.00,FY1:-151.10,FX2:-6.00,FY2:-149.60,IK1:1,IK2:1,MOVE:0
[2026-09-08 13:41:21.832] [RX] PITCH:1.42,PID_OUT:-65.07,INT:-0.0802,EL:-65,ER:-314,VEL:-40.7,MOT:1,TILT:25.0,TRIM:1.100,ATE:1,LATCH:0,TORQ:1,CR:0.0,FX1:1.00,FY1:-151.10,FX2:-6.00,FY2:-149.60,IK1:1,IK2:1,MOVE:0
[2026-09-08 13:41:21.847] [TX] VP0.01
[2026-09-08 13:41:21.911] [RX] Updated -> P:78.000 I:650.000 D:3.520 Offset:-1.2910 Target:0.000 Alpha:0.9600 Tilt:25.00 TrimGain:0.0000 Crouch:0.00 VP:0.0100
[2026-09-08 13:41:21.939] [RX] PITCH:1.36,PID_OUT:-124.24,INT:-0.0985,EL:-67,ER:-309,VEL:-36.2,MOT:1,TILT:25.0,TRIM:0.362,ATE:1,LATCH:0,TORQ:1,CR:0.0,FX1:1.00,FY1:-151.10,FX2:-6.00,FY2:-149.60,IK1:1,IK2:1,MOVE:0
[2026-09-08 13:41:22.032] [RX] PITCH:0.40,PID_OUT:27.02,INT:-0.0960,EL:-73,ER:-302,VEL:-64.2,MOT:1,TILT:25.0,TRIM:0.642,ATE:1,LATCH:0,TORQ:1,CR:0.0,FX1:1.00,FY1:-151.10,FX2:-6.00,FY2:-149.60,IK1:1,IK2:1,MOVE:0
[2026-09-08 13:41:22.041] [RX] AX12:MODE:0,TQ:1,TL:1023,CM:1,CS:4,MS:0,MT:800
[2026-09-08 13:41:22.131] [RX] PITCH:-1.11,PID_OUT:153.96,INT:-0.0292,EL:-72,ER:-303,VEL:2.2,MOT:1,TILT:25.0,TRIM:-0.022,ATE:1,LATCH:0,TORQ:1,CR:0.0,FX1:1.00,FY1:-151.10,FX2:-6.00,FY2:-149.60,IK1:1,IK2:1,MOVE:0
[2026-09-08 13:41:22.134] [RX] SRV:1,45,0.0,0,0
[2026-09-08 13:41:22.230] [RX] PITCH:-2.31,PID_OUT:143.79,INT:0.0830,EL:-59,ER:-316,VEL:109.5,MOT:1,TILT:25.0,TRIM:-1.095,ATE:1,LATCH:0,TORQ:1,CR:0.0,FX1:1.00,FY1:-151.10,FX2:-6.00,FY2:-149.60,IK1:1,IK2:1,MOVE:0
[2026-09-08 13:41:22.332] [RX] PITCH:-3.69,PID_OUT:85.20,INT:0.0985,EL:-35,ER:-335,VEL:195.0,MOT:1,TILT:25.0,TRIM:-1.950,ATE:1,LATCH:0,TORQ:1,CR:0.0,FX1:1.00,FY1:-151.10,FX2:-6.00,FY2:-149.60,IK1:1,IK2:1,MOVE:0
[2026-09-08 13:41:22.430] [RX] PITCH:-2.00,PID_OUT:-189.45,INT:0.0985,EL:-8,ER:-349,VEL:182.5,MOT:1,TILT:25.0,TRIM:-1.825,ATE:1,LATCH:0,TORQ:1,CR:0.0,FX1:1.00,FY1:-151.10,FX2:-6.00,FY2:-149.60,IK1:1,IK2:1,MOVE:0
[2026-09-08 13:41:22.540] [RX] PITCH:1.49,PID_OUT:-169.54,INT:0.0569,EL:-15,ER:-344,VEL:-19.5,MOT:1,TILT:25.0,TRIM:0.195,ATE:1,LATCH:0,TORQ:1,CR:0.0,FX1:1.00,FY1:-151.10,FX2:-6.00,FY2:-149.60,IK1:1,IK2:1,MOVE:0
[2026-09-08 13:41:22.542] [RX] AX12:MODE:0,TQ:1,TL:1023,CM:1,CS:4,MS:0,MT:800
[2026-09-08 13:41:22.630] [RX] PITCH:2.28,PID_OUT:72.55,INT:-0.0908,EL:-44,ER:-318,VEL:-237.5,MOT:1,TILT:25.0,TRIM:2.375,ATE:1,LATCH:0,TORQ:1,CR:0.0,FX1:1.00,FY1:-151.10,FX2:-6.00,FY2:-149.60,IK1:1,IK2:1,MOVE:0
[2026-09-08 13:41:22.730] [RX] PITCH:2.60,PID_OUT:-33.84,INT:-0.0985,EL:-65,ER:-302,VEL:-183.6,MOT:1,TILT:25.0,TRIM:1.836,ATE:1,LATCH:0,TORQ:1,CR:0.0,FX1:1.00,FY1:-151.10,FX2:-6.00,FY2:-149.60,IK1:1,IK2:1,MOVE:0
[2026-09-08 13:41:22.828] [RX] PITCH:-0.09,PID_OUT:115.83,INT:-0.0683,EL:-77,ER:-294,VEL:-103.5,MOT:1,TILT:25.0,TRIM:1.035,ATE:1,LATCH:0,TORQ:1,CR:0.0,FX1:1.00,FY1:-151.10,FX2:-6.00,FY2:-149.60,IK1:1,IK2:1,MOVE:0
[2026-09-08 13:41:22.928] [RX] PITCH:-1.74,PID_OUT:118.38,INT:0.0674,EL:-72,ER:-299,VEL:32.9,MOT:1,TILT:25.0,TRIM:-0.329,ATE:1,LATCH:0,TORQ:1,CR:0.0,FX1:1.00,FY1:-151.10,FX2:-6.00,FY2:-149.60,IK1:1,IK2:1,MOVE:0
[2026-09-08 13:41:23.029] [RX] PITCH:-1.31,PID_OUT:-5.62,INT:0.0985,EL:-57,ER:-311,VEL:118.8,MOT:1,TILT:25.0,TRIM:-1.188,ATE:1,LATCH:0,TORQ:1,CR:0.0,FX1:1.00,FY1:-151.10,FX2:-6.00,FY2:-149.60,IK1:1,IK2:1,MOVE:0
[2026-09-08 13:41:23.037] [RX] AX12:MODE:0,TQ:1,TL:1023,CM:1,CS:4,MS:0,MT:800
[2026-09-08 13:41:23.132] [RX] PITCH:-0.67,PID_OUT:-26.56,INT:0.0969,EL:-50,ER:-318,VEL:75.2,MOT:1,TILT:25.0,TRIM:-0.752,ATE:1,LATCH:0,TORQ:1,CR:0.0,FX1:1.00,FY1:-151.10,FX2:-6.00,FY2:-149.60,IK1:1,IK2:1,MOVE:0
[2026-09-08 13:41:23.132] [RX] SRV:6,41,0.0,0,0
[2026-09-08 13:41:23.227] [RX] PITCH:1.03,PID_OUT:-112.36,INT:0.0344,EL:-47,ER:-317,VEL:13.8,MOT:1,TILT:25.0,TRIM:-0.138,ATE:1,LATCH:0,TORQ:1,CR:0.0,FX1:1.00,FY1:-151.10,FX2:-6.00,FY2:-149.60,IK1:1,IK2:1,MOVE:0
[2026-09-08 13:41:23.327] [RX] PITCH:1.42,PID_OUT:-54.49,INT:-0.0782,EL:-56,ER:-306,VEL:-88.1,MOT:1,TILT:25.0,TRIM:0.881,ATE:1,LATCH:0,TORQ:1,CR:0.0,FX1:1.00,FY1:-151.10,FX2:-6.00,FY2:-149.60,IK1:1,IK2:1,MOVE:0
[2026-09-08 13:41:23.428] [RX] PITCH:0.85,PID_OUT:-49.17,INT:-0.0827,EL:-67,ER:-297,VEL:-95.5,MOT:1,TILT:25.0,TRIM:0.955,ATE:1,LATCH:0,TORQ:1,CR:0.0,FX1:1.00,FY1:-151.10,FX2:-6.00,FY2:-149.60,IK1:1,IK2:1,MOVE:0
[2026-09-08 13:41:23.536] [RX] PITCH:1.04,PID_OUT:-77.06,INT:-0.0985,EL:-76,ER:-291,VEL:-81.5,MOT:1,TILT:25.0,TRIM:0.815,ATE:1,LATCH:0,TORQ:1,CR:0.0,FX1:1.00,FY1:-151.10,FX2:-6.00,FY2:-149.60,IK1:1,IK2:1,MOVE:0
[2026-09-08 13:41:23.536] [RX] AX12:MODE:0,TQ:1,TL:1023,CM:1,CS:4,MS:0,MT:800
[2026-09-08 13:41:23.625] [RX] PITCH:0.93,PID_OUT:-75.71,INT:-0.0985,EL:-85,ER:-283,VEL:-82.0,MOT:1,TILT:25.0,TRIM:0.820,ATE:1,LATCH:0,TORQ:1,CR:0.0,FX1:1.00,FY1:-151.10,FX2:-6.00,FY2:-149.60,IK1:1,IK2:1,MOVE:0
[2026-09-08 13:41:23.730] [RX] PITCH:0.79,PID_OUT:-66.85,INT:-0.0961,EL:-94,ER:-276,VEL:-75.6,MOT:1,TILT:25.0,TRIM:0.756,ATE:1,LATCH:0,TORQ:1,CR:0.0,FX1:1.00,FY1:-151.10,FX2:-6.00,FY2:-149.60,IK1:1,IK2:1,MOVE:0
[2026-09-08 13:41:23.826] [RX] PITCH:0.78,PID_OUT:-63.05,INT:-0.0985,EL:-102,ER:-269,VEL:-73.3,MOT:1,TILT:25.0,TRIM:0.733,ATE:1,LATCH:0,TORQ:1,CR:0.0,FX1:1.00,FY1:-151.10,FX2:-6.00,FY2:-149.60,IK1:1,IK2:1,MOVE:0
[2026-09-08 13:41:23.926] [RX] PITCH:0.65,PID_OUT:-66.84,INT:-0.0985,EL:-110,ER:-265,VEL:-58.3,MOT:1,TILT:25.0,TRIM:0.583,ATE:1,LATCH:0,TORQ:1,CR:0.0,FX1:1.00,FY1:-151.10,FX2:-6.00,FY2:-149.60,IK1:1,IK2:1,MOVE:0
[2026-09-08 13:41:24.036] [RX] PITCH:0.50,PID_OUT:-36.24,INT:-0.0985,EL:-119,ER:-265,VEL:-48.3,MOT:1,TILT:25.0,TRIM:0.483,ATE:1,LATCH:0,TORQ:1,CR:0.0,FX1:1.00,FY1:-151.10,FX2:-6.00,FY2:-149.60,IK1:1,IK2:1,MOVE:0
[2026-09-08 13:41:24.037] [RX] AX12:MODE:0,TQ:1,TL:1023,CM:1,CS:4,MS:0,MT:800
[2026-09-08 13:41:24.125] [RX] PITCH:-0.24,PID_OUT:31.90,INT:-0.0684,EL:-125,ER:-265,VEL:-30.4,MOT:1,TILT:25.0,TRIM:0.304,ATE:1,LATCH:0,TORQ:1,CR:0.0,FX1:1.00,FY1:-151.10,FX2:-6.00,FY2:-149.60,IK1:1,IK2:1,MOVE:0
[2026-09-08 13:41:24.129] [RX] SRV:0,41,0.0,0,0
[2026-09-08 13:41:24.226] [RX] PITCH:-1.17,PID_OUT:123.00,INT:0.0089,EL:-123,ER:-268,VEL:20.0,MOT:1,TILT:25.0,TRIM:-0.200,ATE:1,LATCH:0,TORQ:1,CR:0.0,FX1:1.00,FY1:-151.10,FX2:-6.00,FY2:-149.60,IK1:1,IK2:1,MOVE:0
[2026-09-08 13:41:24.326] [RX] PITCH:-1.46,PID_OUT:98.50,INT:0.0957,EL:-112,ER:-280,VEL:101.1,MOT:1,TILT:25.0,TRIM:-1.011,ATE:1,LATCH:0,TORQ:1,CR:0.0,FX1:1.00,FY1:-151.10,FX2:-6.00,FY2:-149.60,IK1:1,IK2:1,MOVE:0
[2026-09-08 13:41:24.424] [RX] PITCH:-1.83,PID_OUT:115.06,INT:0.0985,EL:-97,ER:-294,VEL:143.0,MOT:1,TILT:25.0,TRIM:-1.430,ATE:1,LATCH:0,TORQ:1,CR:0.0,FX1:1.00,FY1:-151.10,FX2:-6.00,FY2:-149.60,IK1:1,IK2:1,MOVE:0
[2026-09-08 13:41:24.524] [RX] PITCH:-2.74,PID_OUT:128.38,INT:0.0985,EL:-77,ER:-313,VEL:195.4,MOT:1,TILT:25.0,TRIM:-1.954,ATE:1,LATCH:0,TORQ:1,CR:0.0,FX1:1.00,FY1:-151.10,FX2:-6.00,FY2:-149.60,IK1:1,IK2:1,MOVE:0
[2026-09-08 13:41:24.535] [RX] AX12:MODE:0,TQ:1,TL:1023,CM:1,CS:4,MS:0,MT:800
[2026-09-08 13:41:24.623] [RX] PITCH:-3.70,PID_OUT:82.91,INT:0.0985,EL:-48,ER:-338,VEL:259.4,MOT:1,TILT:25.0,TRIM:-2.594,ATE:1,LATCH:0,TORQ:1,CR:0.0,FX1:1.00,FY1:-151.10,FX2:-6.00,FY2:-149.60,IK1:1,IK2:1,MOVE:0
[2026-09-08 13:41:24.727] [RX] PITCH:-3.14,PID_OUT:-44.91,INT:0.0985,EL:-16,ER:-363,VEL:280.1,MOT:1,TILT:25.0,TRIM:-2.801,ATE:1,LATCH:0,TORQ:1,CR:0.0,FX1:1.00,FY1:-151.10,FX2:-6.00,FY2:-149.60,IK1:1,IK2:1,MOVE:0
[2026-09-08 13:41:24.829] [RX] PITCH:-2.55,PID_OUT:61.25,INT:0.0985,EL:-3,ER:-377,VEL:142.1,MOT:1,TILT:25.0,TRIM:-1.421,ATE:1,LATCH:0,TORQ:1,CR:0.0,FX1:1.00,FY1:-151.10,FX2:-6.00,FY2:-149.60,IK1:1,IK2:1,MOVE:0
[2026-09-08 13:41:24.922] [RX] PITCH:0.13,PID_OUT:-153.26,INT:0.0853,EL:-8,ER:-393,VEL:66.8,MOT:1,TILT:25.0,TRIM:-0.668,ATE:1,LATCH:0,TORQ:1,CR:0.0,FX1:1.00,FY1:-151.10,FX2:-6.00,FY2:-149.60,IK1:1,IK2:1,MOVE:0
[2026-09-08 13:41:25.026] [RX] PITCH:1.87,PID_OUT:-85.01,INT:-0.0488,EL:-27,ER:-390,VEL:-90.0,MOT:1,TILT:25.0,TRIM:0.900,ATE:1,LATCH:0,TORQ:1,CR:0.0,FX1:1.00,FY1:-151.10,FX2:-6.00,FY2:-149.60,IK1:1,IK2:1,MOVE:0
[2026-09-08 13:41:25.035] [RX] AX12:MODE:0,TQ:1,TL:1023,CM:1,CS:4,MS:0,MT:800
[2026-09-08 13:41:25.124] [RX] PITCH:1.95,PID_OUT:-131.05,INT:-0.0983,EL:-49,ER:-381,VEL:-145.0,MOT:1,TILT:25.0,TRIM:1.450,ATE:1,LATCH:0,TORQ:1,CR:0.0,FX1:1.00,FY1:-151.10,FX2:-6.00,FY2:-149.60,IK1:1,IK2:1,MOVE:0
[2026-09-08 13:41:25.127] [RX] SRV:14,44,0.0,0,0
[2026-09-08 13:41:25.222] [RX] PITCH:2.13,PID_OUT:-100.41,INT:-0.0985,EL:-75,ER:-370,VEL:-180.8,MOT:1,TILT:25.0,TRIM:1.808,ATE:1,LATCH:0,TORQ:1,CR:0.0,FX1:1.00,FY1:-151.10,FX2:-6.00,FY2:-149.60,IK1:1,IK2:1,MOVE:0
[2026-09-08 13:41:25.323] [RX] PITCH:2.37,PID_OUT:-109.57,INT:-0.0985,EL:-102,ER:-355,VEL:-207.1,MOT:1,TILT:25.0,TRIM:2.071,ATE:1,LATCH:0,TORQ:1,CR:0.0,FX1:1.00,FY1:-151.10,FX2:-6.00,FY2:-149.60,IK1:1,IK2:1,MOVE:0
[2026-09-08 13:41:25.423] [RX] PITCH:2.93,PID_OUT:-120.93,INT:-0.0985,EL:-133,ER:-337,VEL:-242.4,MOT:1,TILT:25.0,TRIM:2.424,ATE:1,LATCH:0,TORQ:1,CR:0.0,FX1:1.00,FY1:-151.10,FX2:-6.00,FY2:-149.60,IK1:1,IK2:1,MOVE:0
[2026-09-08 13:41:25.528] [RX] PITCH:3.92,PID_OUT:-80.86,INT:-0.0985,EL:-169,ER:-313,VEL:-294.2,MOT:1,TILT:25.0,TRIM:2.942,ATE:1,LATCH:0,TORQ:1,CR:0.0,FX1:1.00,FY1:-151.10,FX2:-6.00,FY2:-149.60,IK1:1,IK2:1,MOVE:0
[2026-09-08 13:41:25.534] [RX] AX12:MODE:0,TQ:1,TL:1023,CM:1,CS:4,MS:0,MT:800
[2026-09-08 13:41:25.622] [RX] PITCH:2.92,PID_OUT:11.38,INT:-0.0985,EL:-205,ER:-290,VEL:-290.0,MOT:1,TILT:25.0,TRIM:2.900,ATE:1,LATCH:0,TORQ:1,CR:0.0,FX1:1.00,FY1:-151.10,FX2:-6.00,FY2:-149.60,IK1:1,IK2:1,MOVE:0
[2026-09-08 13:41:25.721] [RX] PITCH:1.60,PID_OUT:32.06,INT:-0.0572,EL:-231,ER:-276,VEL:-206.9,MOT:1,TILT:25.0,TRIM:2.069,ATE:1,LATCH:0,TORQ:1,CR:0.0,FX1:1.00,FY1:-151.10,FX2:-6.00,FY2:-149.60,IK1:1,IK2:1,MOVE:0
[2026-09-08 13:41:25.822] [RX] PITCH:1.40,PID_OUT:-29.86,INT:-0.0647,EL:-249,ER:-271,VEL:-126.4,MOT:1,TILT:25.0,TRIM:1.264,ATE:1,LATCH:0,TORQ:1,CR:0.0,FX1:1.00,FY1:-151.10,FX2:-6.00,FY2:-149.60,IK1:1,IK2:1,MOVE:0
[2026-09-08 13:41:25.924] [RX] PITCH:0.47,PID_OUT:-13.19,INT:-0.0599,EL:-258,ER:-270,VEL:-62.0,MOT:1,TILT:25.0,TRIM:0.620,ATE:1,LATCH:0,TORQ:1,CR:0.0,FX1:1.00,FY1:-151.10,FX2:-6.00,FY2:-149.60,IK1:1,IK2:1,MOVE:0
[2026-09-08 13:41:26.023] [RX] PITCH:-0.41,PID_OUT:42.81,INT:-0.0182,EL:-261,ER:-270,VEL:-18.1,MOT:1,TILT:25.0,TRIM:0.181,ATE:1,LATCH:0,TORQ:1,CR:0.0,FX1:1.00,FY1:-151.10,FX2:-6.00,FY2:-149.60,IK1:1,IK2:1,MOVE:0
[2026-09-08 13:41:26.032] [RX] AX12:MODE:0,TQ:1,TL:1023,CM:1,CS:4,MS:0,MT:800
[2026-09-08 13:41:26.121] [RX] PITCH:-1.38,PID_OUT:76.45,INT:0.0766,EL:-258,ER:-274,VEL:32.6,MOT:1,TILT:25.0,TRIM:-0.326,ATE:1,LATCH:0,TORQ:1,CR:0.0,FX1:1.00,FY1:-151.10,FX2:-6.00,FY2:-149.60,IK1:1,IK2:1,MOVE:0
[2026-09-08 13:41:26.123] [RX] SRV:1,45,0.0,0,0
[2026-09-08 13:41:26.221] [RX] PITCH:-0.61,PID_OUT:-1.40,INT:0.0985,EL:-255,ER:-283,VEL:38.9,MOT:1,TILT:25.0,TRIM:-0.389,ATE:1,LATCH:0,TORQ:1,CR:0.0,FX1:1.00,FY1:-151.10,FX2:-6.00,FY2:-149.60,IK1:1,IK2:1,MOVE:0
[2026-09-08 13:41:26.319] [RX] PITCH:0.50,PID_OUT:-89.10,INT:0.0787,EL:-255,ER:-283,VEL:8.7,MOT:1,TILT:25.0,TRIM:-0.087,ATE:1,LATCH:0,TORQ:1,CR:0.0,FX1:1.00,FY1:-151.10,FX2:-6.00,FY2:-149.60,IK1:1,IK2:1,MOVE:0
[2026-09-08 13:41:26.420] [RX] PITCH:1.83,PID_OUT:-144.44,INT:-0.0326,EL:-261,ER:-276,VEL:-67.9,MOT:1,TILT:25.0,TRIM:0.679,ATE:1,LATCH:0,TORQ:1,CR:0.0,FX1:1.00,FY1:-151.10,FX2:-6.00,FY2:-149.60,IK1:1,IK2:1,MOVE:0
[2026-09-08 13:41:26.531] [RX] PITCH:2.09,PID_OUT:-127.94,INT:-0.0871,EL:-281,ER:-259,VEL:-168.5,MOT:1,TILT:25.0,TRIM:1.685,ATE:1,LATCH:0,TORQ:1,CR:0.0,FX1:1.00,FY1:-151.10,FX2:-6.00,FY2:-149.60,IK1:1,IK2:1,MOVE:0
[2026-09-08 13:41:26.531] [RX] AX12:MODE:0,TQ:1,TL:1023,CM:1,CS:4,MS:0,MT:800
[2026-09-08 13:41:26.618] [RX] PITCH:2.63,PID_OUT:3.80,INT:-0.0985,EL:-303,ER:-231,VEL:-235.0,MOT:1,TILT:25.0,TRIM:2.350,ATE:1,LATCH:0,TORQ:1,CR:0.0,FX1:1.00,FY1:-151.10,FX2:-6.00,FY2:-149.60,IK1:1,IK2:1,MOVE:0
[2026-09-08 13:41:26.718] [RX] PITCH:-0.75,PID_OUT:138.55,INT:-0.0325,EL:-317,ER:-212,VEL:-162.4,MOT:1,TILT:25.0,TRIM:1.624,ATE:1,LATCH:0,TORQ:1,CR:0.0,FX1:1.00,FY1:-151.10,FX2:-6.00,FY2:-149.60,IK1:1,IK2:1,MOVE:0
[2026-09-08 13:41:26.819] [RX] PITCH:1.77,PID_OUT:-323.13,INT:0.0545,EL:-319,ER:-207,VEL:-93.6,MOT:1,TILT:25.0,TRIM:0.936,ATE:1,LATCH:0,TORQ:1,CR:0.0,FX1:1.00,FY1:-151.10,FX2:-6.00,FY2:-149.60,IK1:1,IK2:1,MOVE:0
[2026-09-08 13:41:26.920] [RX] PITCH:8.60,PID_OUT:-446.65,INT:-0.0640,EL:-403,ER:-126,VEL:-767.4,MOT:1,TILT:25.0,TRIM:6.000,ATE:1,LATCH:0,TORQ:1,CR:0.0,FX1:1.00,FY1:-151.10,FX2:-6.00,FY2:-149.60,IK1:1,IK2:1,MOVE:0
[2026-09-08 13:41:27.025] [RX] PITCH:13.01,PID_OUT:-616.50,INT:-0.0985,EL:-542,ER:5,VEL:-1263.6,MOT:1,TILT:25.0,TRIM:6.000,ATE:1,LATCH:0,TORQ:1,CR:0.0,FX1:1.00,FY1:-151.10,FX2:-6.00,FY2:-149.60,IK1:1,IK2:1,MOVE:0
[2026-09-08 13:41:27.029] [RX] AX12:MODE:0,TQ:1,TL:1023,CM:1,CS:4,MS:0,MT:800
[2026-09-08 13:41:27.123] [RX] PITCH:11.21,PID_OUT:-304.28,INT:-0.0985,EL:-701,ER:155,VEL:-1499.1,MOT:1,TILT:25.0,TRIM:6.000,ATE:1,LATCH:0,TORQ:1,CR:0.0,FX1:1.00,FY1:-151.10,FX2:-6.00,FY2:-149.60,IK1:1,IK2:1,MOVE:0
[2026-09-08 13:41:27.124] [RX] SRV:6,41,0.0,0,0
[2026-09-08 13:41:27.215] [RX] PITCH:5.52,PID_OUT:189.46,INT:-0.0936,EL:-861,ER:305,VEL:-1521.4,MOT:1,TILT:25.0,TRIM:6.000,ATE:1,LATCH:0,TORQ:1,CR:0.0,FX1:1.00,FY1:-151.10,FX2:-6.00,FY2:-149.60,IK1:1,IK2:1,MOVE:0
[2026-09-08 13:41:27.320] [RX] PITCH:1.13,PID_OUT:278.71,INT:0.0985,EL:-897,ER:338,VEL:-372.1,MOT:1,TILT:25.0,TRIM:3.721,ATE:1,LATCH:0,TORQ:1,CR:0.0,FX1:1.00,FY1:-151.10,FX2:-6.00,FY2:-149.60,IK1:1,IK2:1,MOVE:0
[2026-09-08 13:41:27.419] [RX] PITCH:2.02,PID_OUT:-179.92,INT:-0.0985,EL:-871,ER:309,VEL:14.6,MOT:1,TILT:25.0,TRIM:-0.146,ATE:1,LATCH:0,TORQ:1,CR:0.0,FX1:1.00,FY1:-151.10,FX2:-6.00,FY2:-149.60,IK1:1,IK2:1,MOVE:0
[2026-09-08 13:41:27.517] [RX] PITCH:1.22,PID_OUT:152.39,INT:-0.0224,EL:-911,ER:341,VEL:-260.8,MOT:1,TILT:25.0,TRIM:2.608,ATE:1,LATCH:0,TORQ:1,CR:0.0,FX1:1.00,FY1:-151.10,FX2:-6.00,FY2:-149.60,IK1:1,IK2:1,MOVE:0
[2026-09-08 13:41:27.527] [RX] AX12:MODE:0,TQ:1,TL:1023,CM:1,CS:4,MS:0,MT:800
[2026-09-08 13:41:27.616] [RX] PITCH:1.09,PID_OUT:-30.45,INT:-0.0057,EL:-913,ER:342,VEL:-53.4,MOT:1,TILT:25.0,TRIM:0.534,ATE:1,LATCH:0,TORQ:1,CR:0.0,FX1:1.00,FY1:-151.10,FX2:-6.00,FY2:-149.60,IK1:1,IK2:1,MOVE:0
[2026-09-08 13:41:27.717] [RX] PITCH:2.08,PID_OUT:-166.89,INT:-0.0985,EL:-921,ER:351,VEL:-107.1,MOT:1,TILT:25.0,TRIM:1.071,ATE:1,LATCH:0,TORQ:1,CR:0.0,FX1:1.00,FY1:-151.10,FX2:-6.00,FY2:-149.60,IK1:1,IK2:1,MOVE:0
[2026-09-08 13:41:27.815] [RX] PITCH:3.12,PID_OUT:-88.88,INT:-0.0955,EL:-957,ER:386,VEL:-322.3,MOT:1,TILT:25.0,TRIM:3.223,ATE:1,LATCH:0,TORQ:1,CR:0.0,FX1:1.00,FY1:-151.10,FX2:-6.00,FY2:-149.60,IK1:1,IK2:1,MOVE:0
[2026-09-08 13:41:27.916] [RX] PITCH:3.83,PID_OUT:-122.71,INT:-0.0658,EL:-1003,ER:428,VEL:-422.3,MOT:1,TILT:25.0,TRIM:4.223,ATE:1,LATCH:0,TORQ:1,CR:0.0,FX1:1.00,FY1:-151.10,FX2:-6.00,FY2:-149.60,IK1:1,IK2:1,MOVE:0
[2026-09-08 13:41:28.019] [RX] PITCH:6.99,PID_OUT:-241.73,INT:-0.0985,EL:-1069,ER:490,VEL:-654.1,MOT:1,TILT:25.0,TRIM:6.000,ATE:1,LATCH:0,TORQ:1,CR:0.0,FX1:1.00,FY1:-151.10,FX2:-6.00,FY2:-149.60,IK1:1,IK2:1,MOVE:0
[2026-09-08 13:41:28.027] [RX] AX12:MODE:0,TQ:1,TL:1023,CM:1,CS:4,MS:0,MT:800
[2026-09-08 13:41:28.118] [RX] PITCH:8.35,PID_OUT:-224.90,INT:-0.0985,EL:-1193,ER:604,VEL:-1130.7,MOT:1,TILT:25.0,TRIM:6.000,ATE:1,LATCH:0,TORQ:1,CR:0.0,FX1:1.00,FY1:-151.10,FX2:-6.00,FY2:-149.60,IK1:1,IK2:1,MOVE:0
[2026-09-08 13:41:28.120] [RX] SRV:0,41,0.0,0,0
[2026-09-08 13:41:28.217] [RX] PITCH:6.34,PID_OUT:-131.90,INT:-0.0985,EL:-1336,ER:739,VEL:-1336.5,MOT:1,TILT:25.0,TRIM:6.000,ATE:1,LATCH:0,TORQ:1,CR:0.0,FX1:1.00,FY1:-151.10,FX2:-6.00,FY2:-149.60,IK1:1,IK2:1,MOVE:0
[2026-09-08 13:41:28.314] [RX] PITCH:7.38,PID_OUT:-228.94,INT:-0.0985,EL:-1476,ER:870,VEL:-1348.9,MOT:1,TILT:25.0,TRIM:6.000,ATE:1,LATCH:0,TORQ:1,CR:0.0,FX1:1.00,FY1:-151.10,FX2:-6.00,FY2:-149.60,IK1:1,IK2:1,MOVE:0
[2026-09-08 13:41:28.416] [RX] PITCH:7.99,PID_OUT:-208.34,INT:-0.0985,EL:-1624,ER:1007,VEL:-1421.9,MOT:1,TILT:25.0,TRIM:6.000,ATE:1,LATCH:0,TORQ:1,CR:0.0,FX1:1.00,FY1:-151.10,FX2:-6.00,FY2:-149.60,IK1:1,IK2:1,MOVE:0
[2026-09-08 13:41:28.520] [RX] PITCH:6.57,PID_OUT:-59.93,INT:-0.0985,EL:-1770,ER:1145,VEL:-1415.9,MOT:1,TILT:25.0,TRIM:6.000,ATE:1,LATCH:0,TORQ:1,CR:0.0,FX1:1.00,FY1:-151.10,FX2:-6.00,FY2:-149.60,IK1:1,IK2:1,MOVE:0
[2026-09-08 13:41:28.527] [RX] AX12:MODE:0,TQ:1,TL:1023,CM:1,CS:4,MS:0,MT:800
[2026-09-08 13:41:28.616] [RX] PITCH:4.26,PID_OUT:123.69,INT:-0.0149,EL:-1902,ER:1268,VEL:-1262.6,MOT:1,TILT:25.0,TRIM:6.000,ATE:1,LATCH:0,TORQ:1,CR:0.0,FX1:1.00,FY1:-151.10,FX2:-6.00,FY2:-149.60,IK1:1,IK2:1,MOVE:0
[2026-09-08 13:41:28.718] [RX] PITCH:4.93,PID_OUT:98.99,INT:0.0985,EL:-1960,ER:1324,VEL:-617.7,MOT:1,TILT:25.0,TRIM:6.000,ATE:1,LATCH:0,TORQ:1,CR:0.0,FX1:1.00,FY1:-151.10,FX2:-6.00,FY2:-149.60,IK1:1,IK2:1,MOVE:0
[2026-09-08 13:41:28.812] [RX] PITCH:5.92,PID_OUT:-207.39,INT:-0.0776,EL:-1987,ER:1352,VEL:-389.7,MOT:1,TILT:25.0,TRIM:3.897,ATE:1,LATCH:0,TORQ:1,CR:0.0,FX1:1.00,FY1:-151.10,FX2:-6.00,FY2:-149.60,IK1:1,IK2:1,MOVE:0
[2026-09-08 13:41:28.915] [RX] PITCH:5.08,PID_OUT:8.73,INT:-0.0775,EL:-2054,ER:1413,VEL:-589.2,MOT:1,TILT:25.0,TRIM:5.892,ATE:1,LATCH:0,TORQ:1,CR:0.0,FX1:1.00,FY1:-151.10,FX2:-6.00,FY2:-149.60,IK1:1,IK2:1,MOVE:0
[2026-09-08 13:41:29.023] [RX] PITCH:5.36,PID_OUT:8.84,INT:-0.0090,EL:-2116,ER:1461,VEL:-554.5,MOT:1,TILT:25.0,TRIM:5.545,ATE:1,LATCH:0,TORQ:1,CR:0.0,FX1:1.00,FY1:-151.10,FX2:-6.00,FY2:-149.60,IK1:1,IK2:1,MOVE:0
[2026-09-08 13:41:29.023] [RX] AX12:MODE:0,TQ:1,TL:1023,CM:1,CS:4,MS:0,MT:800
[2026-09-08 13:41:29.120] [RX] PITCH:3.54,PID_OUT:-221.29,INT:-0.0090,EL:-2128,ER:1477,VEL:-171.4,MOT:1,TILT:25.0,TRIM:1.714,ATE:1,LATCH:0,TORQ:1,CR:0.0,FX1:1.00,FY1:-151.10,FX2:-6.00,FY2:-149.60,IK1:1,IK2:1,MOVE:0
[2026-09-08 13:41:29.120] [RX] SRV:14,44,0.0,0,0
[2026-09-08 13:41:29.214] [RX] PITCH:0.22,PID_OUT:396.85,INT:-0.0406,EL:-2167,ER:1508,VEL:-291.3,MOT:1,TILT:25.0,TRIM:2.913,ATE:1,LATCH:0,TORQ:1,CR:0.0,FX1:1.00,FY1:-151.10,FX2:-6.00,FY2:-149.60,IK1:1,IK2:1,MOVE:0
[2026-09-08 13:41:29.313] [RX] PITCH:4.08,PID_OUT:-443.45,INT:-0.0985,EL:-2167,ER:1503,VEL:-132.4,MOT:1,TILT:25.0,TRIM:1.324,ATE:1,LATCH:0,TORQ:1,CR:0.0,FX1:1.00,FY1:-151.10,FX2:-6.00,FY2:-149.60,IK1:1,IK2:1,MOVE:0
[2026-09-08 13:41:29.413] [RX] PITCH:-1.89,PID_OUT:37.42,INT:0.0828,EL:-2186,ER:1512,VEL:-15.4,MOT:1,TILT:25.0,TRIM:0.154,ATE:1,LATCH:0,TORQ:1,CR:0.0,FX1:1.00,FY1:-151.10,FX2:-6.00,FY2:-149.60,IK1:1,IK2:1,MOVE:0
[2026-09-08 13:41:29.520] [RX] PITCH:6.73,PID_OUT:-30.30,INT:-0.0985,EL:-2218,ER:1531,VEL:-302.8,MOT:1,TILT:25.0,TRIM:3.028,ATE:1,LATCH:0,TORQ:1,CR:0.0,FX1:1.00,FY1:-151.10,FX2:-6.00,FY2:-149.60,IK1:1,IK2:1,MOVE:0
[2026-09-08 13:41:29.520] [RX] AX12:MODE:0,TQ:1,TL:1023,CM:1,CS:4,MS:0,MT:800
[2026-09-08 13:41:29.614] [RX] PITCH:-0.89,PID_OUT:-225.83,INT:0.0826,EL:-2217,ER:1527,VEL:47.6,MOT:1,TILT:25.0,TRIM:-0.476,ATE:1,LATCH:0,TORQ:1,CR:0.0,FX1:1.00,FY1:-151.10,FX2:-6.00,FY2:-149.60,IK1:1,IK2:1,MOVE:0
[2026-09-08 13:41:29.713] [RX] PITCH:2.82,PID_OUT:331.62,INT:-0.0979,EL:-2258,ER:1551,VEL:-287.6,MOT:1,TILT:25.0,TRIM:2.876,ATE:1,LATCH:0,TORQ:1,CR:0.0,FX1:1.00,FY1:-151.10,FX2:-6.00,FY2:-149.60,IK1:1,IK2:1,MOVE:0
[2026-09-08 13:41:29.813] [RX] PITCH:1.51,PID_OUT:-184.18,INT:-0.0524,EL:-2257,ER:1552,VEL:-74.0,MOT:1,TILT:25.0,TRIM:0.740,ATE:1,LATCH:0,TORQ:1,CR:0.0,FX1:1.00,FY1:-151.10,FX2:-6.00,FY2:-149.60,IK1:1,IK2:1,MOVE:0
[2026-09-08 13:41:29.912] [RX] PITCH:0.23,PID_OUT:82.06,INT:-0.0617,EL:-2274,ER:1563,VEL:-113.2,MOT:1,TILT:25.0,TRIM:1.132,ATE:1,LATCH:0,TORQ:1,CR:0.0,FX1:1.00,FY1:-151.10,FX2:-6.00,FY2:-149.60,IK1:1,IK2:1,MOVE:0
[2026-09-08 13:41:30.014] [RX] PITCH:-0.69,PID_OUT:87.22,INT:0.0347,EL:-2276,ER:1560,VEL:-9.9,MOT:1,TILT:25.0,TRIM:0.099,ATE:1,LATCH:0,TORQ:1,CR:0.0,FX1:1.00,FY1:-151.10,FX2:-6.00,FY2:-149.60,IK1:1,IK2:1,MOVE:0
[2026-09-08 13:41:30.025] [RX] AX12:MODE:0,TQ:1,TL:1023,CM:1,CS:4,MS:0,MT:800
[2026-09-08 13:41:30.112] [RX] PITCH:-1.00,PID_OUT:122.57,INT:0.0985,EL:-2273,ER:1558,VEL:27.2,MOT:1,TILT:25.0,TRIM:-0.272,ATE:1,LATCH:0,TORQ:1,CR:0.0,FX1:1.00,FY1:-151.10,FX2:-6.00,FY2:-149.60,IK1:1,IK2:1,MOVE:0
[2026-09-08 13:41:30.114] [RX] SRV:1,45,0.0,0,0
[2026-09-08 13:41:30.210] [RX] PITCH:-1.23,PID_OUT:101.18,INT:0.0985,EL:-2264,ER:1549,VEL:81.9,MOT:1,TILT:25.0,TRIM:-0.819,ATE:1,LATCH:0,TORQ:1,CR:0.0,FX1:1.00,FY1:-151.10,FX2:-6.00,FY2:-149.60,IK1:1,IK2:1,MOVE:0
[2026-09-08 13:41:30.311] [RX] PITCH:-1.85,PID_OUT:114.38,INT:0.0985,EL:-2252,ER:1536,VEL:121.0,MOT:1,TILT:25.0,TRIM:-1.210,ATE:1,LATCH:0,TORQ:1,CR:0.0,FX1:1.00,FY1:-151.10,FX2:-6.00,FY2:-149.60,IK1:1,IK2:1,MOVE:0
[2026-09-08 13:41:30.411] [RX] PITCH:-2.32,PID_OUT:86.45,INT:0.0985,EL:-2235,ER:1519,VEL:165.5,MOT:1,TILT:25.0,TRIM:-1.655,ATE:1,LATCH:0,TORQ:1,CR:0.0,FX1:1.00,FY1:-151.10,FX2:-6.00,FY2:-149.60,IK1:1,IK2:1,MOVE:0
[2026-09-08 13:41:30.513] [RX] PITCH:-2.20,PID_OUT:81.40,INT:0.0985,EL:-2217,ER:1500,VEL:179.0,MOT:1,TILT:25.0,TRIM:-1.790,ATE:1,LATCH:0,TORQ:1,CR:0.0,FX1:1.00,FY1:-151.10,FX2:-6.00,FY2:-149.60,IK1:1,IK2:1,MOVE:0
[2026-09-08 13:41:30.521] [RX] AX12:MODE:0,TQ:1,TL:1023,CM:1,CS:4,MS:0,MT:800
[2026-09-08 13:41:30.609] [RX] PITCH:-2.41,PID_OUT:113.11,INT:0.0985,EL:-2200,ER:1483,VEL:172.2,MOT:1,TILT:25.0,TRIM:-1.722,ATE:1,LATCH:0,TORQ:1,CR:0.0,FX1:1.00,FY1:-151.10,FX2:-6.00,FY2:-149.60,IK1:1,IK2:1,MOVE:0
[2026-09-08 13:41:30.709] [RX] PITCH:-2.07,PID_OUT:112.91,INT:0.0985,EL:-2182,ER:1465,VEL:180.8,MOT:1,TILT:25.0,TRIM:-1.808,ATE:1,LATCH:0,TORQ:1,CR:0.0,FX1:1.00,FY1:-151.10,FX2:-6.00,FY2:-149.60,IK1:1,IK2:1,MOVE:0
[2026-09-08 13:41:30.810] [RX] PITCH:-2.45,PID_OUT:141.90,INT:0.0985,EL:-2162,ER:1445,VEL:202.7,MOT:1,TILT:25.0,TRIM:-2.027,ATE:1,LATCH:0,TORQ:1,CR:0.0,FX1:1.00,FY1:-151.10,FX2:-6.00,FY2:-149.60,IK1:1,IK2:1,MOVE:0
[2026-09-08 13:41:30.909] [RX] PITCH:-3.51,PID_OUT:160.50,INT:0.0985,EL:-2134,ER:1417,VEL:277.3,MOT:1,TILT:25.0,TRIM:-2.773,ATE:1,LATCH:0,TORQ:1,CR:0.0,FX1:1.00,FY1:-151.10,FX2:-6.00,FY2:-149.60,IK1:1,IK2:1,MOVE:0
[2026-09-08 13:41:31.021] [RX] PITCH:-4.14,PID_OUT:181.55,INT:0.0985,EL:-2100,ER:1384,VEL:330.1,MOT:1,TILT:25.0,TRIM:-3.301,ATE:1,LATCH:0,TORQ:1,CR:0.0,FX1:1.00,FY1:-151.10,FX2:-6.00,FY2:-149.60,IK1:1,IK2:1,MOVE:0
[2026-09-08 13:41:31.021] [RX] AX12:MODE:0,TQ:1,TL:1023,CM:1,CS:4,MS:0,MT:800
[2026-09-08 13:41:31.113] [RX] PITCH:-6.54,PID_OUT:33.10,INT:0.0985,EL:-2052,ER:1341,VEL:448.9,MOT:1,TILT:25.0,TRIM:-4.489,ATE:1,LATCH:0,TORQ:1,CR:0.0,FX1:1.00,FY1:-151.10,FX2:-6.00,FY2:-149.60,IK1:1,IK2:1,MOVE:0
[2026-09-08 13:41:31.113] [RX] SRV:6,41,0.0,0,0
[2026-09-08 13:41:31.210] [RX] PITCH:-3.66,PID_OUT:134.77,INT:0.0750,EL:-2015,ER:1306,VEL:339.3,MOT:1,TILT:25.0,TRIM:-3.393,ATE:1,LATCH:0,TORQ:1,CR:0.0,FX1:1.00,FY1:-151.10,FX2:-6.00,FY2:-149.60,IK1:1,IK2:1,MOVE:0
[2026-09-08 13:41:31.308] [RX] PITCH:-2.54,PID_OUT:-243.12,INT:0.0921,EL:-1984,ER:1271,VEL:312.8,MOT:1,TILT:25.0,TRIM:-3.128,ATE:1,LATCH:0,TORQ:1,CR:0.0,FX1:1.00,FY1:-151.10,FX2:-6.00,FY2:-149.60,IK1:1,IK2:1,MOVE:0
[2026-09-08 13:41:31.408] [RX] PITCH:-3.29,PID_OUT:-92.32,INT:0.0942,EL:-1988,ER:1262,VEL:150.6,MOT:1,TILT:25.0,TRIM:-1.506,ATE:1,LATCH:0,TORQ:1,CR:0.0,FX1:1.00,FY1:-151.10,FX2:-6.00,FY2:-149.60,IK1:1,IK2:1,MOVE:0
[2026-09-08 13:41:31.512] [RX] PITCH:-0.67,PID_OUT:333.26,INT:0.0592,EL:-2000,ER:1264,VEL:-39.4,MOT:1,TILT:25.0,TRIM:0.394,ATE:1,LATCH:0,TORQ:1,CR:0.0,FX1:1.00,FY1:-151.10,FX2:-6.00,FY2:-149.60,IK1:1,IK2:1,MOVE:0
[2026-09-08 13:41:31.519] [RX] AX12:MODE:0,TQ:1,TL:1023,CM:1,CS:4,MS:0,MT:800
[2026-09-08 13:41:31.607] [RX] PITCH:6.07,PID_OUT:-393.65,INT:-0.0832,EL:-2005,ER:1258,VEL:-101.0,MOT:1,TILT:25.0,TRIM:1.010,ATE:1,LATCH:0,TORQ:1,CR:0.0,FX1:1.00,FY1:-151.10,FX2:-6.00,FY2:-149.60,IK1:1,IK2:1,MOVE:0
[2026-09-08 13:41:31.708] [RX] PITCH:1.86,PID_OUT:-293.79,INT:-0.0394,EL:-2028,ER:1268,VEL:-94.2,MOT:1,TILT:25.0,TRIM:0.942,ATE:1,LATCH:0,TORQ:1,CR:0.0,FX1:1.00,FY1:-151.10,FX2:-6.00,FY2:-149.60,IK1:1,IK2:1,MOVE:0
[2026-09-08 13:41:31.807] [RX] PITCH:0.11,PID_OUT:176.72,INT:-0.0487,EL:-2056,ER:1292,VEL:-186.7,MOT:1,TILT:25.0,TRIM:1.867,ATE:1,LATCH:0,TORQ:1,CR:0.0,FX1:1.00,FY1:-151.10,FX2:-6.00,FY2:-149.60,IK1:1,IK2:1,MOVE:0
[2026-09-08 13:41:31.908] [RX] PITCH:0.29,PID_OUT:153.61,INT:0.0111,EL:-2072,ER:1309,VEL:-184.9,MOT:1,TILT:25.0,TRIM:1.849,ATE:1,LATCH:0,TORQ:1,CR:0.0,FX1:1.00,FY1:-151.10,FX2:-6.00,FY2:-149.60,IK1:1,IK2:1,MOVE:0
[2026-09-08 13:41:32.013] [RX] PITCH:2.70,PID_OUT:11.22,INT:-0.0402,EL:-2085,ER:1325,VEL:-207.2,MOT:1,TILT:25.0,TRIM:2.072,ATE:1,LATCH:0,TORQ:1,CR:0.0,FX1:1.00,FY1:-151.10,FX2:-6.00,FY2:-149.60,IK1:1,IK2:1,MOVE:0
[2026-09-08 13:41:32.013] [RX] AX12:MODE:0,TQ:1,TL:1023,CM:1,CS:4,MS:0,MT:800
[2026-09-08 13:41:32.109] [RX] PITCH:2.53,PID_OUT:-193.67,INT:-0.0124,EL:-2104,ER:1337,VEL:-158.8,MOT:1,TILT:25.0,TRIM:1.588,ATE:1,LATCH:0,TORQ:1,CR:0.0,FX1:1.00,FY1:-151.10,FX2:-6.00,FY2:-149.60,IK1:1,IK2:1,MOVE:0
[2026-09-08 13:41:32.111] [RX] SRV:0,41,6.3,0,0
[2026-09-08 13:41:32.207] [RX] PITCH:2.10,PID_OUT:43.83,INT:-0.0675,EL:-2141,ER:1370,VEL:-308.8,MOT:1,TILT:25.0,TRIM:3.088,ATE:1,LATCH:0,TORQ:1,CR:0.0,FX1:1.00,FY1:-151.10,FX2:-6.00,FY2:-149.60,IK1:1,IK2:1,MOVE:0
[2026-09-08 13:41:32.306] [RX] PITCH:4.02,PID_OUT:-238.52,INT:-0.0402,EL:-2173,ER:1396,VEL:-306.8,MOT:1,TILT:25.0,TRIM:3.068,ATE:1,LATCH:0,TORQ:1,CR:0.0,FX1:1.00,FY1:-151.10,FX2:-6.00,FY2:-149.60,IK1:1,IK2:1,MOVE:0
[2026-09-08 13:41:32.405] [RX] PITCH:2.69,PID_OUT:49.58,INT:-0.0385,EL:-2225,ER:1436,VEL:-412.3,MOT:1,TILT:25.0,TRIM:4.123,ATE:1,LATCH:0,TORQ:1,CR:0.0,FX1:1.00,FY1:-151.10,FX2:-6.00,FY2:-149.60,IK1:1,IK2:1,MOVE:0
[2026-09-08 13:41:32.508] [RX] PITCH:7.84,PID_OUT:-217.45,INT:-0.0978,EL:-2275,ER:1480,VEL:-505.7,MOT:1,TILT:25.0,TRIM:5.057,ATE:1,LATCH:0,TORQ:1,CR:0.0,FX1:1.00,FY1:-151.10,FX2:-6.00,FY2:-149.60,IK1:1,IK2:1,MOVE:0
[2026-09-08 13:41:32.520] [RX] AX12:MODE:0,TQ:1,TL:1023,CM:1,CS:4,MS:0,MT:800
[2026-09-08 13:41:32.604] [RX] PITCH:5.87,PID_OUT:-34.88,INT:-0.0821,EL:-2345,ER:1532,VEL:-569.4,MOT:1,TILT:25.0,TRIM:5.694,ATE:1,LATCH:0,TORQ:1,CR:0.0,FX1:1.00,FY1:-151.10,FX2:-6.00,FY2:-149.60,IK1:1,IK2:1,MOVE:0
[2026-09-08 13:41:32.704] [RX] PITCH:6.93,PID_OUT:-92.76,INT:-0.0985,EL:-2405,ER:1583,VEL:-562.8,MOT:1,TILT:25.0,TRIM:5.628,ATE:1,LATCH:0,TORQ:1,CR:0.0,FX1:1.00,FY1:-151.10,FX2:-6.00,FY2:-149.60,IK1:1,IK2:1,MOVE:0
[2026-09-08 13:41:32.804] [RX] PITCH:5.54,PID_OUT:57.09,INT:-0.0985,EL:-2461,ER:1632,VEL:-522.2,MOT:1,TILT:25.0,TRIM:5.222,ATE:1,LATCH:0,TORQ:1,CR:0.0,FX1:1.00,FY1:-151.10,FX2:-6.00,FY2:-149.60,IK1:1,IK2:1,MOVE:0
[2026-09-08 13:41:32.904] [RX] PITCH:3.65,PID_OUT:-30.85,INT:-0.0643,EL:-2499,ER:1662,VEL:-349.9,MOT:1,TILT:25.0,TRIM:3.499,ATE:1,LATCH:0,TORQ:1,CR:0.0,FX1:1.00,FY1:-151.10,FX2:-6.00,FY2:-149.60,IK1:1,IK2:1,MOVE:0
[2026-09-08 13:41:33.013] [RX] PITCH:2.34,PID_OUT:95.99,INT:-0.0955,EL:-2525,ER:1685,VEL:-260.9,MOT:1,TILT:25.0,TRIM:2.609,ATE:1,LATCH:0,TORQ:1,CR:0.0,FX1:1.00,FY1:-151.10,FX2:-6.00,FY2:-149.60,IK1:1,IK2:1,MOVE:0
[2026-09-08 13:41:33.016] [RX] AX12:MODE:0,TQ:1,TL:1023,CM:1,CS:4,MS:0,MT:800
[2026-09-08 13:41:33.107] [RX] PITCH:0.09,PID_OUT:96.04,INT:-0.0009,EL:-2536,ER:1692,VEL:-102.8,MOT:1,TILT:25.0,TRIM:1.028,ATE:1,LATCH:0,TORQ:1,CR:0.0,FX1:1.00,FY1:-151.10,FX2:-6.00,FY2:-149.60,IK1:1,IK2:1,MOVE:0
[2026-09-08 13:41:33.107] [RX] SRV:14,44,0.0,0,0
[2026-09-08 13:41:33.203] [RX] PITCH:-1.09,PID_OUT:163.09,INT:0.0884,EL:-2534,ER:1689,VEL:7.8,MOT:1,TILT:25.0,TRIM:-0.078,ATE:1,LATCH:0,TORQ:1,CR:0.0,FX1:1.00,FY1:-151.10,FX2:-6.00,FY2:-149.60,IK1:1,IK2:1,MOVE:0
[2026-09-08 13:41:33.304] [RX] PITCH:-1.68,PID_OUT:122.15,INT:0.0985,EL:-2522,ER:1674,VEL:115.6,MOT:1,TILT:25.0,TRIM:-1.156,ATE:1,LATCH:0,TORQ:1,CR:0.0,FX1:1.00,FY1:-151.10,FX2:-6.00,FY2:-149.60,IK1:1,IK2:1,MOVE:0
[2026-09-08 13:41:33.403] [RX] PITCH:-2.55,PID_OUT:162.60,INT:0.0985,EL:-2504,ER:1651,VEL:200.6,MOT:1,TILT:25.0,TRIM:-2.006,ATE:1,LATCH:0,TORQ:1,CR:0.0,FX1:1.00,FY1:-151.10,FX2:-6.00,FY2:-149.60,IK1:1,IK2:1,MOVE:0
[2026-09-08 13:41:33.513] [RX] PITCH:-3.26,PID_OUT:145.72,INT:0.0985,EL:-2476,ER:1619,VEL:295.7,MOT:1,TILT:25.0,TRIM:-2.957,ATE:1,LATCH:0,TORQ:1,CR:0.0,FX1:1.00,FY1:-151.10,FX2:-6.00,FY2:-149.60,IK1:1,IK2:1,MOVE:0
[2026-09-08 13:41:33.514] [RX] AX12:MODE:0,TQ:1,TL:1023,CM:1,CS:4,MS:0,MT:800
[2026-09-08 13:41:33.603] [RX] PITCH:-4.70,PID_OUT:134.93,INT:0.0985,EL:-2437,ER:1578,VEL:398.0,MOT:1,TILT:25.0,TRIM:-3.980,ATE:1,LATCH:0,TORQ:1,CR:0.0,FX1:1.00,FY1:-151.10,FX2:-6.00,FY2:-149.60,IK1:1,IK2:1,MOVE:0
[2026-09-08 13:41:33.703] [RX] PITCH:-5.98,PID_OUT:223.26,INT:0.0985,EL:-2384,ER:1525,VEL:520.9,MOT:1,TILT:25.0,TRIM:-5.209,ATE:1,LATCH:0,TORQ:1,CR:0.0,FX1:1.00,FY1:-151.10,FX2:-6.00,FY2:-149.60,IK1:1,IK2:1,MOVE:0
[2026-09-08 13:41:33.798] [RX] PITCH:-9.48,PID_OUT:210.90,INT:0.0985,EL:-2312,ER:1453,VEL:708.7,MOT:1,TILT:25.0,TRIM:-6.000,ATE:1,LATCH:0,TORQ:1,CR:0.0,FX1:1.00,FY1:-151.10,FX2:-6.00,FY2:-149.60,IK1:1,IK2:1,MOVE:0
[2026-09-08 13:41:33.903] [RX] PITCH:-8.19,PID_OUT:-32.00,INT:0.0985,EL:-2222,ER:1364,VEL:843.7,MOT:1,TILT:25.0,TRIM:-6.000,ATE:1,LATCH:0,TORQ:1,CR:0.0,FX1:1.00,FY1:-151.10,FX2:-6.00,FY2:-149.60,IK1:1,IK2:1,MOVE:0
[2026-09-08 13:41:34.002] [RX] PITCH:-7.68,PID_OUT:449.68,INT:0.0897,EL:-2167,ER:1314,VEL:507.1,MOT:1,TILT:25.0,TRIM:-5.071,ATE:1,LATCH:0,TORQ:1,CR:0.0,FX1:1.00,FY1:-151.10,FX2:-6.00,FY2:-149.60,IK1:1,IK2:1,MOVE:0
[2026-09-08 13:41:34.011] [RX] AX12:MODE:0,TQ:1,TL:1023,CM:1,CS:4,MS:0,MT:800
[2026-09-08 13:41:34.105] [RX] PITCH:-4.97,PID_OUT:-473.90,INT:0.0900,EL:-2106,ER:1252,VEL:581.3,MOT:1,TILT:25.0,TRIM:-5.813,ATE:1,LATCH:0,TORQ:1,CR:0.0,FX1:1.00,FY1:-151.10,FX2:-6.00,FY2:-149.60,IK1:1,IK2:1,MOVE:0
[2026-09-08 13:41:34.106] [RX] SRV:1,45,0.0,0,0
[2026-09-08 13:41:34.201] [RX] PITCH:-5.32,PID_OUT:-65.80,INT:0.0985,EL:-2093,ER:1234,VEL:310.6,MOT:1,TILT:25.0,TRIM:-3.106,ATE:1,LATCH:0,TORQ:1,CR:0.0,FX1:1.00,FY1:-151.10,FX2:-6.00,FY2:-149.60,IK1:1,IK2:1,MOVE:0
[2026-09-08 13:41:34.300] [RX] PITCH:-3.00,PID_OUT:417.21,INT:0.0854,EL:-2083,ER:1225,VEL:116.7,MOT:1,TILT:25.0,TRIM:-1.167,ATE:1,LATCH:0,TORQ:1,CR:0.0,FX1:1.00,FY1:-151.10,FX2:-6.00,FY2:-149.60,IK1:1,IK2:1,MOVE:0
[2026-09-08 13:41:34.400] [RX] PITCH:4.19,PID_OUT:-202.02,INT:-0.0902,EL:-2075,ER:1211,VEL:12.2,MOT:1,TILT:25.0,TRIM:-0.122,ATE:1,LATCH:0,TORQ:1,CR:0.0,FX1:1.00,FY1:-151.10,FX2:-6.00,FY2:-149.60,IK1:1,IK2:1,MOVE:0
[2026-09-08 13:41:34.506] [RX] PITCH:-1.34,PID_OUT:-157.04,INT:0.0166,EL:-2074,ER:1201,VEL:105.9,MOT:1,TILT:25.0,TRIM:-1.059,ATE:1,LATCH:0,TORQ:1,CR:0.0,FX1:1.00,FY1:-151.10,FX2:-6.00,FY2:-149.60,IK1:1,IK2:1,MOVE:0
[2026-09-08 13:41:34.511] [RX] AX12:MODE:0,TQ:1,TL:1023,CM:1,CS:4,MS:0,MT:800
[2026-09-08 13:41:34.600] [RX] PITCH:-1.37,PID_OUT:190.17,INT:-0.0455,EL:-2074,ER:1202,VEL:12.3,MOT:1,TILT:25.0,TRIM:-0.123,ATE:1,LATCH:0,TORQ:1,CR:0.0,FX1:1.00,FY1:-151.10,FX2:-6.00,FY2:-149.60,IK1:1,IK2:1,MOVE:0
[2026-09-08 13:41:34.703] [RX] PITCH:-0.99,PID_OUT:-23.38,INT:0.0516,EL:-2063,ER:1186,VEL:109.4,MOT:1,TILT:25.0,TRIM:-1.094,ATE:1,LATCH:0,TORQ:1,CR:0.0,FX1:1.00,FY1:-151.10,FX2:-6.00,FY2:-149.60,IK1:1,IK2:1,MOVE:0
[2026-09-08 13:41:34.801] [RX] PITCH:-1.18,PID_OUT:98.58,INT:0.0172,EL:-2054,ER:1176,VEL:91.1,MOT:1,TILT:25.0,TRIM:-0.911,ATE:1,LATCH:0,TORQ:1,CR:0.0,FX1:1.00,FY1:-151.10,FX2:-6.00,FY2:-149.60,IK1:1,IK2:1,MOVE:0
[2026-09-08 13:41:34.899] [RX] PITCH:-2.07,PID_OUT:112.64,INT:0.0985,EL:-2042,ER:1162,VEL:135.1,MOT:1,TILT:25.0,TRIM:-1.351,ATE:1,LATCH:0,TORQ:1,CR:0.0,FX1:1.00,FY1:-151.10,FX2:-6.00,FY2:-149.60,IK1:1,IK2:1,MOVE:0
[2026-09-08 13:41:35.013] [RX] PITCH:-1.75,PID_OUT:121.69,INT:0.0985,EL:-2024,ER:1145,VEL:162.6,MOT:1,TILT:25.0,TRIM:-1.626,ATE:1,LATCH:0,TORQ:1,CR:0.0,FX1:1.00,FY1:-151.10,FX2:-6.00,FY2:-149.60,IK1:1,IK2:1,MOVE:0
[2026-09-08 13:41:35.014] [RX] AX12:MODE:0,TQ:1,TL:1023,CM:1,CS:4,MS:0,MT:800
[2026-09-08 13:41:35.099] [RX] PITCH:-2.65,PID_OUT:113.40,INT:0.0985,EL:-2002,ER:1123,VEL:218.6,MOT:1,TILT:25.0,TRIM:-2.186,ATE:1,LATCH:0,TORQ:1,CR:0.0,FX1:1.00,FY1:-151.10,FX2:-6.00,FY2:-149.60,IK1:1,IK2:1,MOVE:0
[2026-09-08 13:41:35.101] [RX] SRV:6,41,0.0,0,0
[2026-09-08 13:41:35.199] [RX] PITCH:-4.16,PID_OUT:196.19,INT:0.0985,EL:-1975,ER:1096,VEL:263.8,MOT:1,TILT:25.0,TRIM:-2.638,ATE:1,LATCH:0,TORQ:1,CR:0.0,FX1:1.00,FY1:-151.10,FX2:-6.00,FY2:-149.60,IK1:1,IK2:1,MOVE:0
[2026-09-08 13:41:35.300] [RX] PITCH:-4.95,PID_OUT:-11.97,INT:0.0985,EL:-1939,ER:1063,VEL:325.5,MOT:1,TILT:25.0,TRIM:-3.255,ATE:1,LATCH:0,TORQ:1,CR:0.0,FX1:1.00,FY1:-151.10,FX2:-6.00,FY2:-149.60,IK1:1,IK2:1,MOVE:0
[2026-09-08 13:41:35.397] [RX] PITCH:-2.06,PID_OUT:2.62,INT:0.0919,EL:-1915,ER:1046,VEL:194.8,MOT:1,TILT:25.0,TRIM:-1.948,ATE:1,LATCH:0,TORQ:1,CR:0.0,FX1:1.00,FY1:-151.10,FX2:-6.00,FY2:-149.60,IK1:1,IK2:1,MOVE:0
[2026-09-08 13:41:35.500] [RX] PITCH:0.60,PID_OUT:-100.64,INT:0.0274,EL:-1913,ER:1044,VEL:40.0,MOT:1,TILT:25.0,TRIM:-0.400,ATE:1,LATCH:0,TORQ:1,CR:0.0,FX1:1.00,FY1:-151.10,FX2:-6.00,FY2:-149.60,IK1:1,IK2:1,MOVE:0
[2026-09-08 13:41:35.508] [RX] AX12:MODE:0,TQ:1,TL:1023,CM:1,CS:4,MS:0,MT:800
[2026-09-08 13:41:35.597] [RX] PITCH:1.36,PID_OUT:-107.02,INT:-0.0791,EL:-1920,ER:1051,VEL:-58.8,MOT:1,TILT:25.0,TRIM:0.588,ATE:1,LATCH:0,TORQ:1,CR:0.0,FX1:1.00,FY1:-151.10,FX2:-6.00,FY2:-149.60,IK1:1,IK2:1,MOVE:0
[2026-09-08 13:41:35.698] [RX] PITCH:1.20,PID_OUT:-56.43,INT:-0.0985,EL:-1934,ER:1064,VEL:-120.3,MOT:1,TILT:25.0,TRIM:1.203,ATE:1,LATCH:0,TORQ:1,CR:0.0,FX1:1.00,FY1:-151.10,FX2:-6.00,FY2:-149.60,IK1:1,IK2:1,MOVE:0
[2026-09-08 13:41:35.801] [RX] PITCH:1.67,PID_OUT:-110.61,INT:-0.0985,EL:-1949,ER:1075,VEL:-132.1,MOT:1,TILT:25.0,TRIM:1.321,ATE:1,LATCH:0,TORQ:1,CR:0.0,FX1:1.00,FY1:-151.10,FX2:-6.00,FY2:-149.60,IK1:1,IK2:1,MOVE:0
[2026-09-08 13:41:35.897] [RX] PITCH:1.76,PID_OUT:-87.33,INT:-0.0985,EL:-1968,ER:1089,VEL:-161.1,MOT:1,TILT:25.0,TRIM:1.611,ATE:1,LATCH:0,TORQ:1,CR:0.0,FX1:1.00,FY1:-151.10,FX2:-6.00,FY2:-149.60,IK1:1,IK2:1,MOVE:0
[2026-09-08 13:41:35.998] [RX] PITCH:1.99,PID_OUT:-90.78,INT:-0.0985,EL:-1990,ER:1104,VEL:-181.7,MOT:1,TILT:25.0,TRIM:1.817,ATE:1,LATCH:0,TORQ:1,CR:0.0,FX1:1.00,FY1:-151.10,FX2:-6.00,FY2:-149.60,IK1:1,IK2:1,MOVE:0
[2026-09-08 13:41:36.009] [RX] AX12:MODE:0,TQ:1,TL:1023,CM:1,CS:4,MS:0,MT:800
[2026-09-08 13:41:36.101] [RX] PITCH:2.39,PID_OUT:-104.76,INT:-0.0985,EL:-2015,ER:1122,VEL:-214.2,MOT:1,TILT:25.0,TRIM:2.142,ATE:1,LATCH:0,TORQ:1,CR:0.0,FX1:1.00,FY1:-151.10,FX2:-6.00,FY2:-149.60,IK1:1,IK2:1,MOVE:0
[2026-09-08 13:41:36.101] [RX] SRV:0,42,0.0,0,0
[2026-09-08 13:41:36.196] [RX] PITCH:2.47,PID_OUT:-103.18,INT:-0.0985,EL:-2043,ER:1142,VEL:-236.3,MOT:1,TILT:25.0,TRIM:2.363,ATE:1,LATCH:0,TORQ:1,CR:0.0,FX1:1.00,FY1:-151.10,FX2:-6.00,FY2:-149.60,IK1:1,IK2:1,MOVE:0
[2026-09-08 13:41:36.298] [RX] PITCH:2.89,PID_OUT:-109.72,INT:-0.0985,EL:-2074,ER:1164,VEL:-266.6,MOT:1,TILT:25.0,TRIM:2.666,ATE:1,LATCH:0,TORQ:1,CR:0.0,FX1:1.00,FY1:-151.10,FX2:-6.00,FY2:-149.60,IK1:1,IK2:1,MOVE:0
[2026-09-08 13:41:36.398] [RX] PITCH:3.40,PID_OUT:-127.39,INT:-0.0985,EL:-2109,ER:1190,VEL:-301.9,MOT:1,TILT:25.0,TRIM:3.019,ATE:1,LATCH:0,TORQ:1,CR:0.0,FX1:1.00,FY1:-151.10,FX2:-6.00,FY2:-149.60,IK1:1,IK2:1,MOVE:0
[2026-09-08 13:41:36.498] [RX] PITCH:4.05,PID_OUT:-157.98,INT:-0.0985,EL:-2148,ER:1221,VEL:-344.5,MOT:1,TILT:25.0,TRIM:3.445,ATE:1,LATCH:0,TORQ:1,CR:0.0,FX1:1.00,FY1:-151.10,FX2:-6.00,FY2:-149.60,IK1:1,IK2:1,MOVE:0
[2026-09-08 13:41:36.506] [RX] AX12:MODE:0,TQ:1,TL:1023,CM:1,CS:4,MS:0,MT:800
[2026-09-08 13:41:36.594] [RX] PITCH:4.73,PID_OUT:-138.79,INT:-0.0985,EL:-2195,ER:1258,VEL:-412.8,MOT:1,TILT:25.0,TRIM:4.128,ATE:1,LATCH:0,TORQ:1,CR:0.0,FX1:1.00,FY1:-151.10,FX2:-6.00,FY2:-149.60,IK1:1,IK2:1,MOVE:0
[2026-09-08 13:41:36.695] [RX] PITCH:6.94,PID_OUT:82.23,INT:-0.0985,EL:-2253,ER:1304,VEL:-519.8,MOT:1,TILT:25.0,TRIM:5.198,ATE:1,LATCH:0,TORQ:1,CR:0.0,FX1:1.00,FY1:-151.10,FX2:-6.00,FY2:-149.60,IK1:1,IK2:1,MOVE:0
[2026-09-08 13:41:36.796] [RX] PITCH:1.78,PID_OUT:-350.44,INT:-0.0090,EL:-2262,ER:1307,VEL:-107.6,MOT:1,TILT:25.0,TRIM:1.076,ATE:1,LATCH:0,TORQ:1,CR:0.0,FX1:1.00,FY1:-151.10,FX2:-6.00,FY2:-149.60,IK1:1,IK2:1,MOVE:0
[2026-09-08 13:41:36.894] [RX] PITCH:-0.44,PID_OUT:149.18,INT:-0.0270,EL:-2298,ER:1331,VEL:-197.2,MOT:1,TILT:25.0,TRIM:1.972,ATE:1,LATCH:0,TORQ:1,CR:0.0,FX1:1.00,FY1:-151.10,FX2:-6.00,FY2:-149.60,IK1:1,IK2:1,MOVE:0
[2026-09-08 13:41:37.005] [RX] PITCH:3.14,PID_OUT:275.31,INT:-0.0985,EL:-2328,ER:1356,VEL:-295.0,MOT:1,TILT:25.0,TRIM:2.950,ATE:1,LATCH:0,TORQ:1,CR:0.0,FX1:1.00,FY1:-151.10,FX2:-6.00,FY2:-149.60,IK1:1,IK2:1,MOVE:0
[2026-09-08 13:41:37.006] [RX] AX12:MODE:0,TQ:1,TL:1023,CM:1,CS:4,MS:0,MT:800
[2026-09-08 13:41:37.101] [RX] PITCH:0.18,PID_OUT:304.24,INT:-0.0755,EL:-2339,ER:1370,VEL:-189.3,MOT:1,TILT:25.0,TRIM:1.893,ATE:1,LATCH:0,TORQ:1,CR:0.0,FX1:1.00,FY1:-151.10,FX2:-6.00,FY2:-149.60,IK1:1,IK2:1,MOVE:0
[2026-09-08 13:41:37.101] [RX] SRV:14,44,0.0,0,0
[2026-09-08 13:41:37.194] [RX] PITCH:3.25,PID_OUT:-55.29,INT:-0.0744,EL:-2338,ER:1369,VEL:-82.9,MOT:1,TILT:25.0,TRIM:0.829,ATE:1,LATCH:0,TORQ:1,CR:0.0,FX1:1.00,FY1:-151.10,FX2:-6.00,FY2:-149.60,IK1:1,IK2:1,MOVE:0
[2026-09-08 13:41:37.293] [RX] PITCH:2.52,PID_OUT:-173.67,INT:0.0221,EL:-2335,ER:1363,VEL:20.5,MOT:1,TILT:25.0,TRIM:-0.205,ATE:1,LATCH:0,TORQ:1,CR:0.0,FX1:1.00,FY1:-151.10,FX2:-6.00,FY2:-149.60,IK1:1,IK2:1,MOVE:0
[2026-09-08 13:41:37.393] [RX] PITCH:1.97,PID_OUT:-399.58,INT:0.0351,EL:-2328,ER:1359,VEL:83.2,MOT:1,TILT:25.0,TRIM:-0.832,ATE:1,LATCH:0,TORQ:1,CR:0.0,FX1:1.00,FY1:-151.10,FX2:-6.00,FY2:-149.60,IK1:1,IK2:1,MOVE:0
[2026-09-08 13:41:37.499] [RX] PITCH:-1.77,PID_OUT:78.71,INT:0.0691,EL:-2325,ER:1377,VEL:37.1,MOT:1,TILT:25.0,TRIM:-0.371,ATE:1,LATCH:0,TORQ:1,CR:0.0,FX1:1.00,FY1:-151.10,FX2:-6.00,FY2:-149.60,IK1:1,IK2:1,MOVE:0
[2026-09-08 13:41:37.505] [RX] AX12:MODE:0,TQ:1,TL:1023,CM:1,CS:4,MS:0,MT:800
[2026-09-08 13:41:37.593] [RX] PITCH:-1.14,PID_OUT:100.82,INT:0.0016,EL:-2312,ER:1368,VEL:58.2,MOT:1,TILT:25.0,TRIM:-0.582,ATE:1,LATCH:0,TORQ:1,CR:0.0,FX1:1.00,FY1:-151.10,FX2:-6.00,FY2:-149.60,IK1:1,IK2:1,MOVE:0
[2026-09-08 13:41:37.694] [RX] PITCH:-1.49,PID_OUT:-11.23,INT:0.0984,EL:-2294,ER:1355,VEL:149.8,MOT:1,TILT:25.0,TRIM:-1.498,ATE:1,LATCH:0,TORQ:1,CR:0.0,FX1:1.00,FY1:-151.10,FX2:-6.00,FY2:-149.60,IK1:1,IK2:1,MOVE:0
[2026-09-08 13:41:37.794] [RX] PITCH:-1.52,PID_OUT:87.57,INT:0.0881,EL:-2277,ER:1351,VEL:101.5,MOT:1,TILT:25.0,TRIM:-1.015,ATE:1,LATCH:0,TORQ:1,CR:0.0,FX1:1.00,FY1:-151.10,FX2:-6.00,FY2:-149.60,IK1:1,IK2:1,MOVE:0
[2026-09-08 13:41:37.892] [RX] PITCH:-1.63,PID_OUT:74.97,INT:0.0985,EL:-2260,ER:1349,VEL:97.7,MOT:1,TILT:25.0,TRIM:-0.977,ATE:1,LATCH:0,TORQ:1,CR:0.0,FX1:1.00,FY1:-151.10,FX2:-6.00,FY2:-149.60,IK1:1,IK2:1,MOVE:0
[2026-09-08 13:41:37.997] [RX] PITCH:-1.59,PID_OUT:49.91,INT:0.0985,EL:-2244,ER:1348,VEL:83.7,MOT:1,TILT:25.0,TRIM:-0.837,ATE:1,LATCH:0,TORQ:1,CR:0.0,FX1:1.00,FY1:-151.10,FX2:-6.00,FY2:-149.60,IK1:1,IK2:1,MOVE:0
[2026-09-08 13:41:38.003] [RX] AX12:MODE:0,TQ:1,TL:1023,CM:1,CS:4,MS:0,MT:800
[2026-09-08 13:41:38.094] [RX] PITCH:-0.13,PID_OUT:-105.38,INT:0.0864,EL:-2230,ER:1348,VEL:68.7,MOT:1,TILT:25.0,TRIM:-0.687,ATE:1,LATCH:0,TORQ:1,CR:0.0,FX1:1.00,FY1:-151.10,FX2:-6.00,FY2:-149.60,IK1:1,IK2:1,MOVE:0
[2026-09-08 13:41:38.097] [RX] SRV:1,45,6.3,0,0
[2026-09-08 13:41:38.192] [RX] PITCH:1.44,PID_OUT:-161.83,INT:0.0137,EL:-2232,ER:1357,VEL:-42.4,MOT:1,TILT:25.0,TRIM:0.424,ATE:1,LATCH:0,TORQ:1,CR:0.0,FX1:1.00,FY1:-151.10,FX2:-6.00,FY2:-149.60,IK1:1,IK2:1,MOVE:0
[2026-09-08 13:41:38.294] [RX] PITCH:2.85,PID_OUT:-124.92,INT:-0.0893,EL:-2250,ER:1380,VEL:-193.8,MOT:1,TILT:25.0,TRIM:1.938,ATE:1,LATCH:0,TORQ:1,CR:0.0,FX1:1.00,FY1:-151.10,FX2:-6.00,FY2:-149.60,IK1:1,IK2:1,MOVE:0
[2026-09-08 13:41:38.393] [RX] PITCH:3.57,PID_OUT:-96.94,INT:-0.0985,EL:-2276,ER:1413,VEL:-276.9,MOT:1,TILT:25.0,TRIM:2.769,ATE:1,LATCH:0,TORQ:1,CR:0.0,FX1:1.00,FY1:-151.10,FX2:-6.00,FY2:-149.60,IK1:1,IK2:1,MOVE:0
[2026-09-08 13:41:38.502] [RX] PITCH:3.94,PID_OUT:-20.15,INT:-0.0985,EL:-2302,ER:1448,VEL:-296.3,MOT:1,TILT:25.0,TRIM:2.963,ATE:1,LATCH:0,TORQ:1,CR:0.0,FX1:1.00,FY1:-151.10,FX2:-6.00,FY2:-149.60,IK1:1,IK2:1,MOVE:0
[2026-09-08 13:41:38.502] [RX] AX12:MODE:0,TQ:1,TL:1023,CM:1,CS:4,MS:0,MT:800
[2026-09-08 13:41:38.592] [RX] PITCH:1.64,PID_OUT:109.51,INT:-0.0816,EL:-2319,ER:1475,VEL:-208.3,MOT:1,TILT:25.0,TRIM:2.083,ATE:1,LATCH:0,TORQ:1,CR:0.0,FX1:1.00,FY1:-151.10,FX2:-6.00,FY2:-149.60,IK1:1,IK2:1,MOVE:0
[2026-09-08 13:41:38.690] [RX] PITCH:-1.13,PID_OUT:200.71,INT:-0.0235,EL:-2317,ER:1473,VEL:-3.9,MOT:1,TILT:25.0,TRIM:0.039,ATE:1,LATCH:0,TORQ:1,CR:0.0,FX1:1.00,FY1:-151.10,FX2:-6.00,FY2:-149.60,IK1:1,IK2:1,MOVE:0
[2026-09-08 13:41:38.791] [RX] PITCH:-4.14,PID_OUT:210.27,INT:0.0814,EL:-2292,ER:1430,VEL:306.0,MOT:1,TILT:25.0,TRIM:-3.060,ATE:1,LATCH:0,TORQ:1,CR:0.0,FX1:1.00,FY1:-151.10,FX2:-6.00,FY2:-149.60,IK1:1,IK2:1,MOVE:0
[2026-09-08 13:41:38.891] [RX] PITCH:-7.07,PID_OUT:194.31,INT:0.0985,EL:-2246,ER:1356,VEL:553.2,MOT:1,TILT:25.0,TRIM:-5.532,ATE:1,LATCH:0,TORQ:1,CR:0.0,FX1:1.00,FY1:-151.10,FX2:-6.00,FY2:-149.60,IK1:1,IK2:1,MOVE:0
[2026-09-08 13:41:38.996] [RX] PITCH:-8.35,PID_OUT:127.81,INT:0.0985,EL:-2192,ER:1272,VEL:665.4,MOT:1,TILT:25.0,TRIM:-6.000,ATE:1,LATCH:0,TORQ:1,CR:0.0,FX1:1.00,FY1:-151.10,FX2:-6.00,FY2:-149.60,IK1:1,IK2:1,MOVE:0
[2026-09-08 13:41:39.004] [RX] AX12:MODE:0,TQ:1,TL:1023,CM:1,CS:4,MS:0,MT:800
[2026-09-08 13:41:39.095] [RX] PITCH:-6.58,PID_OUT:-94.30,INT:0.0985,EL:-2141,ER:1195,VEL:626.8,MOT:1,TILT:25.0,TRIM:-6.000,ATE:1,LATCH:0,TORQ:1,CR:0.0,FX1:1.00,FY1:-151.10,FX2:-6.00,FY2:-149.60,IK1:1,IK2:1,MOVE:0
[2026-09-08 13:41:39.095] [RX] SRV:6,41,0.0,0,0
[2026-09-08 13:41:39.186] [RX] PITCH:-3.60,PID_OUT:-95.73,INT:0.0985,EL:-2117,ER:1164,VEL:300.5,MOT:1,TILT:25.0,TRIM:-3.005,ATE:1,LATCH:0,TORQ:1,CR:0.0,FX1:1.00,FY1:-151.10,FX2:-6.00,FY2:-149.60,IK1:1,IK2:1,MOVE:0
[2026-09-08 13:41:39.290] [RX] PITCH:0.29,PID_OUT:-147.94,INT:0.0671,EL:-2112,ER:1164,VEL:67.1,MOT:1,TILT:25.0,TRIM:-0.671,ATE:1,LATCH:0,TORQ:1,CR:0.0,FX1:1.00,FY1:-151.10,FX2:-6.00,FY2:-149.60,IK1:1,IK2:1,MOVE:0
[2026-09-08 13:41:39.389] [RX] PITCH:3.05,PID_OUT:-167.69,INT:-0.0846,EL:-2128,ER:1185,VEL:-167.0,MOT:1,TILT:25.0,TRIM:1.670,ATE:1,LATCH:0,TORQ:1,CR:0.0,FX1:1.00,FY1:-151.10,FX2:-6.00,FY2:-149.60,IK1:1,IK2:1,MOVE:0
[2026-09-08 13:41:39.488] [RX] PITCH:2.73,PID_OUT:18.35,INT:-0.0948,EL:-2158,ER:1222,VEL:-290.1,MOT:1,TILT:25.0,TRIM:2.901,ATE:1,LATCH:0,TORQ:1,CR:0.0,FX1:1.00,FY1:-151.10,FX2:-6.00,FY2:-149.60,IK1:1,IK2:1,MOVE:0
[2026-09-08 13:41:39.500] [RX] AX12:MODE:0,TQ:1,TL:1023,CM:1,CS:4,MS:0,MT:800
[2026-09-08 13:41:39.587] [RX] PITCH:2.59,PID_OUT:-42.83,INT:-0.0985,EL:-2180,ER:1238,VEL:-206.0,MOT:1,TILT:25.0,TRIM:2.060,ATE:1,LATCH:0,TORQ:1,CR:0.0,FX1:1.00,FY1:-151.10,FX2:-6.00,FY2:-149.60,IK1:1,IK2:1,MOVE:0
[2026-09-08 13:41:39.688] [RX] PITCH:1.14,PID_OUT:63.61,INT:-0.0901,EL:-2199,ER:1249,VEL:-157.0,MOT:1,TILT:25.0,TRIM:1.570,ATE:1,LATCH:0,TORQ:1,CR:0.0,FX1:1.00,FY1:-151.10,FX2:-6.00,FY2:-149.60,IK1:1,IK2:1,MOVE:0
[2026-09-08 13:41:39.790] [RX] PITCH:-0.24,PID_OUT:109.32,INT:-0.0351,EL:-2207,ER:1251,VEL:-61.4,MOT:1,TILT:25.0,TRIM:0.614,ATE:1,LATCH:0,TORQ:1,CR:0.0,FX1:1.00,FY1:-151.10,FX2:-6.00,FY2:-149.60,IK1:1,IK2:1,MOVE:0
[2026-09-08 13:41:39.885] [RX] PITCH:-1.90,PID_OUT:148.51,INT:0.0797,EL:-2201,ER:1238,VEL:79.9,MOT:1,TILT:25.0,TRIM:-0.799,ATE:1,LATCH:0,TORQ:1,CR:0.0,FX1:1.00,FY1:-151.10,FX2:-6.00,FY2:-149.60,IK1:1,IK2:1,MOVE:0
[2026-09-08 13:41:39.999] [RX] PITCH:-2.04,PID_OUT:56.20,INT:0.0985,EL:-2184,ER:1219,VEL:153.9,MOT:1,TILT:25.0,TRIM:-1.539,ATE:1,LATCH:0,TORQ:1,CR:0.0,FX1:1.00,FY1:-151.10,FX2:-6.00,FY2:-149.60,IK1:1,IK2:1,MOVE:0
[2026-09-08 13:41:39.999] [RX] AX12:MODE:0,TQ:1,TL:1023,CM:1,CS:4,MS:0,MT:800
[2026-09-08 13:41:40.091] [RX] PITCH:-2.59,PID_OUT:21.00,INT:0.0985,EL:-2166,ER:1203,VEL:167.6,MOT:1,TILT:25.0,TRIM:-1.676,ATE:1,LATCH:0,TORQ:1,CR:0.0,FX1:1.00,FY1:-151.10,FX2:-6.00,FY2:-149.60,IK1:1,IK2:1,MOVE:0
[2026-09-08 13:41:40.091] [RX] SRV:0,42,0.0,0,0
[2026-09-08 13:41:40.188] [RX] PITCH:-0.93,PID_OUT:-82.22,INT:0.0951,EL:-2152,ER:1193,VEL:120.5,MOT:1,TILT:25.0,TRIM:-1.205,ATE:1,LATCH:0,TORQ:1,CR:0.0,FX1:1.00,FY1:-151.10,FX2:-6.00,FY2:-149.60,IK1:1,IK2:1,MOVE:0
[2026-09-08 13:41:40.287] [RX] PITCH:0.92,PID_OUT:-132.01,INT:0.0292,EL:-2150,ER:1198,VEL:-2.1,MOT:1,TILT:25.0,TRIM:0.021,ATE:1,LATCH:0,TORQ:1,CR:0.0,FX1:1.00,FY1:-151.10,FX2:-6.00,FY2:-149.60,IK1:1,IK2:1,MOVE:0
[2026-09-08 13:41:40.387] [RX] PITCH:2.47,PID_OUT:-125.64,INT:-0.0852,EL:-2163,ER:1218,VEL:-155.0,MOT:1,TILT:25.0,TRIM:1.550,ATE:1,LATCH:0,TORQ:1,CR:0.0,FX1:1.00,FY1:-151.10,FX2:-6.00,FY2:-149.60,IK1:1,IK2:1,MOVE:0
[2026-09-08 13:41:40.500] [RX] PITCH:2.28,PID_OUT:-34.90,INT:-0.0985,EL:-2186,ER:1243,VEL:-219.1,MOT:1,TILT:25.0,TRIM:2.191,ATE:1,LATCH:0,TORQ:1,CR:0.0,FX1:1.00,FY1:-151.10,FX2:-6.00,FY2:-149.60,IK1:1,IK2:1,MOVE:0
[2026-09-08 13:41:40.501] [RX] AX12:MODE:0,TQ:1,TL:1023,CM:1,CS:4,MS:0,MT:800
[2026-09-08 13:41:40.586] [RX] PITCH:1.81,PID_OUT:19.02,INT:-0.0985,EL:-2207,ER:1257,VEL:-176.0,MOT:1,TILT:25.0,TRIM:1.760,ATE:1,LATCH:0,TORQ:1,CR:0.0,FX1:1.00,FY1:-151.10,FX2:-6.00,FY2:-149.60,IK1:1,IK2:1,MOVE:0
[2026-09-08 13:41:40.687] [RX] PITCH:0.93,PID_OUT:62.76,INT:-0.0676,EL:-2223,ER:1268,VEL:-138.6,MOT:1,TILT:25.0,TRIM:1.386,ATE:1,LATCH:0,TORQ:1,CR:0.0,FX1:1.00,FY1:-151.10,FX2:-6.00,FY2:-149.60,IK1:1,IK2:1,MOVE:0
[2026-09-08 13:41:40.785] [RX] PITCH:-0.25,PID_OUT:109.90,INT:-0.0147,EL:-2228,ER:1268,VEL:-39.5,MOT:1,TILT:25.0,TRIM:0.395,ATE:1,LATCH:0,TORQ:1,CR:0.0,FX1:1.00,FY1:-151.10,FX2:-6.00,FY2:-149.60,IK1:1,IK2:1,MOVE:0
[2026-09-08 13:41:40.886] [RX] PITCH:-2.16,PID_OUT:150.79,INT:0.0977,EL:-2221,ER:1253,VEL:107.5,MOT:1,TILT:25.0,TRIM:-1.075,ATE:1,LATCH:0,TORQ:1,CR:0.0,FX1:1.00,FY1:-151.10,FX2:-6.00,FY2:-149.60,IK1:1,IK2:1,MOVE:0
[2026-09-08 13:41:40.986] [RX] PITCH:-3.24,PID_OUT:154.92,INT:0.0985,EL:-2200,ER:1220,VEL:239.7,MOT:1,TILT:25.0,TRIM:-2.397,ATE:1,LATCH:0,TORQ:1,CR:0.0,FX1:1.00,FY1:-151.10,FX2:-6.00,FY2:-149.60,IK1:1,IK2:1,MOVE:0
[2026-09-08 13:41:40.995] [RX] AX12:MODE:0,TQ:1,TL:1023,CM:1,CS:4,MS:0,MT:800
[2026-09-08 13:41:41.089] [RX] PITCH:-4.70,PID_OUT:95.60,INT:0.0985,EL:-2171,ER:1178,VEL:350.5,MOT:1,TILT:25.0,TRIM:-3.505,ATE:1,LATCH:0,TORQ:1,CR:0.0,FX1:1.00,FY1:-151.10,FX2:-6.00,FY2:-149.60,IK1:1,IK2:1,MOVE:0
[2026-09-08 13:41:41.090] [RX] SRV:14,44,0.8,0,0
[2026-09-08 13:41:41.186] [RX] PITCH:-3.79,PID_OUT:-30.01,INT:0.0985,EL:-2139,ER:1139,VEL:339.2,MOT:1,TILT:25.0,TRIM:-3.392,ATE:1,LATCH:0,TORQ:1,CR:0.0,FX1:1.00,FY1:-151.10,FX2:-6.00,FY2:-149.60,IK1:1,IK2:1,MOVE:0
[2026-09-08 13:41:41.282] [RX] PITCH:-1.25,PID_OUT:-22.50,INT:0.0591,EL:-2121,ER:1129,VEL:145.7,MOT:1,TILT:25.0,TRIM:-1.457,ATE:1,LATCH:0,TORQ:1,CR:0.0,FX1:1.00,FY1:-151.10,FX2:-6.00,FY2:-149.60,IK1:1,IK2:1,MOVE:0
[2026-09-08 13:41:41.387] [RX] PITCH:-0.95,PID_OUT:27.50,INT:0.0985,EL:-2118,ER:1129,VEL:42.1,MOT:1,TILT:25.0,TRIM:-0.421,ATE:1,LATCH:0,TORQ:1,CR:0.0,FX1:1.00,FY1:-151.10,FX2:-6.00,FY2:-149.60,IK1:1,IK2:1,MOVE:0
[2026-09-08 13:41:41.494] [RX] PITCH:1.48,PID_OUT:-153.31,INT:0.0332,EL:-2119,ER:1131,VEL:-14.4,MOT:1,TILT:25.0,TRIM:0.144,ATE:1,LATCH:0,TORQ:1,CR:0.0,FX1:1.00,FY1:-151.10,FX2:-6.00,FY2:-149.60,IK1:1,IK2:1,MOVE:0
[2026-09-08 13:41:41.494] [RX] AX12:MODE:0,TQ:1,TL:1023,CM:1,CS:4,MS:0,MT:800
[2026-09-08 13:41:41.586] [RX] PITCH:2.77,PID_OUT:-129.80,INT:-0.0952,EL:-2136,ER:1156,VEL:-193.6,MOT:1,TILT:25.0,TRIM:1.936,ATE:1,LATCH:0,TORQ:1,CR:0.0,FX1:1.00,FY1:-151.10,FX2:-6.00,FY2:-149.60,IK1:1,IK2:1,MOVE:0
[2026-09-08 13:41:41.683] [RX] PITCH:3.29,PID_OUT:-60.47,INT:-0.0985,EL:-2164,ER:1186,VEL:-259.6,MOT:1,TILT:25.0,TRIM:2.596,ATE:1,LATCH:0,TORQ:1,CR:0.0,FX1:1.00,FY1:-151.10,FX2:-6.00,FY2:-149.60,IK1:1,IK2:1,MOVE:0
[2026-09-08 13:41:41.783] [RX] PITCH:2.00,PID_OUT:29.81,INT:-0.0985,EL:-2189,ER:1197,VEL:-181.7,MOT:1,TILT:25.0,TRIM:1.817,ATE:1,LATCH:0,TORQ:1,CR:0.0,FX1:1.00,FY1:-151.10,FX2:-6.00,FY2:-149.60,IK1:1,IK2:1,MOVE:0
[2026-09-08 13:41:41.885] [RX] PITCH:-0.40,PID_OUT:145.67,INT:-0.0503,EL:-2205,ER:1194,VEL:-69.5,MOT:1,TILT:25.0,TRIM:0.695,ATE:1,LATCH:0,TORQ:1,CR:0.0,FX1:1.00,FY1:-151.10,FX2:-6.00,FY2:-149.60,IK1:1,IK2:1,MOVE:0
[2026-09-08 13:41:41.985] [RX] PITCH:-2.51,PID_OUT:144.13,INT:0.0748,EL:-2196,ER:1175,VEL:119.1,MOT:1,TILT:25.0,TRIM:-1.191,ATE:1,LATCH:0,TORQ:1,CR:0.0,FX1:1.00,FY1:-151.10,FX2:-6.00,FY2:-149.60,IK1:1,IK2:1,MOVE:0
[2026-09-08 13:41:41.993] [RX] AX12:MODE:0,TQ:1,TL:1023,CM:1,CS:4,MS:0,MT:800
[2026-09-08 13:41:42.083] [RX] PITCH:-3.13,PID_OUT:6.07,INT:0.0985,EL:-2175,ER:1147,VEL:215.0,MOT:1,TILT:25.0,TRIM:-2.150,ATE:1,LATCH:0,TORQ:1,CR:0.0,FX1:1.00,FY1:-151.10,FX2:-6.00,FY2:-149.60,IK1:1,IK2:1,MOVE:0
[2026-09-08 13:41:42.086] [RX] SRV:1,45,6.3,0,0
[2026-09-08 13:41:42.184] [RX] PITCH:-1.39,PID_OUT:-105.95,INT:0.0934,EL:-2157,ER:1131,VEL:165.1,MOT:1,TILT:25.0,TRIM:-1.651,ATE:1,LATCH:0,TORQ:1,CR:0.0,FX1:1.00,FY1:-151.10,FX2:-6.00,FY2:-149.60,IK1:1,IK2:1,MOVE:0
[2026-09-08 13:41:42.283] [RX] PITCH:1.39,PID_OUT:-207.76,INT:0.0300,EL:-2157,ER:1139,VEL:-23.4,MOT:1,TILT:25.0,TRIM:0.234,ATE:1,LATCH:0,TORQ:1,CR:0.0,FX1:1.00,FY1:-151.10,FX2:-6.00,FY2:-149.60,IK1:1,IK2:1,MOVE:0
[2026-09-08 13:41:42.382] [RX] PITCH:3.24,PID_OUT:-147.98,INT:-0.0384,EL:-2181,ER:1175,VEL:-256.7,MOT:1,TILT:25.0,TRIM:2.567,ATE:1,LATCH:0,TORQ:1,CR:0.0,FX1:1.00,FY1:-151.10,FX2:-6.00,FY2:-149.60,IK1:1,IK2:1,MOVE:0
[2026-09-08 13:41:42.493] [RX] PITCH:4.61,PID_OUT:-64.42,INT:-0.0985,EL:-2220,ER:1223,VEL:-423.4,MOT:1,TILT:25.0,TRIM:4.234,ATE:1,LATCH:0,TORQ:1,CR:0.0,FX1:1.00,FY1:-151.10,FX2:-6.00,FY2:-149.60,IK1:1,IK2:1,MOVE:0
[2026-09-08 13:41:42.493] [RX] AX12:MODE:0,TQ:1,TL:1023,CM:1,CS:4,MS:0,MT:800
[2026-09-08 13:41:42.581] [RX] PITCH:3.82,PID_OUT:-6.07,INT:-0.0985,EL:-2259,ER:1253,VEL:-329.1,MOT:1,TILT:25.0,TRIM:3.291,ATE:1,LATCH:0,TORQ:1,CR:0.0,FX1:1.00,FY1:-151.10,FX2:-6.00,FY2:-149.60,IK1:1,IK2:1,MOVE:0
[2026-09-08 13:41:42.682] [RX] PITCH:2.95,PID_OUT:13.38,INT:-0.0985,EL:-2289,ER:1275,VEL:-259.7,MOT:1,TILT:25.0,TRIM:2.597,ATE:1,LATCH:0,TORQ:1,CR:0.0,FX1:1.00,FY1:-151.10,FX2:-6.00,FY2:-149.60,IK1:1,IK2:1,MOVE:0
[2026-09-08 13:41:42.782] [RX] PITCH:1.21,PID_OUT:79.23,INT:-0.0843,EL:-2307,ER:1286,VEL:-154.5,MOT:1,TILT:25.0,TRIM:1.545,ATE:1,LATCH:0,TORQ:1,CR:0.0,FX1:1.00,FY1:-151.10,FX2:-6.00,FY2:-149.60,IK1:1,IK2:1,MOVE:0
[2026-09-08 13:41:42.882] [RX] PITCH:-1.02,PID_OUT:181.98,INT:-0.0193,EL:-2308,ER:1286,VEL:-28.8,MOT:1,TILT:25.0,TRIM:0.288,ATE:1,LATCH:0,TORQ:1,CR:0.0,FX1:1.00,FY1:-151.10,FX2:-6.00,FY2:-149.60,IK1:1,IK2:1,MOVE:0
[2026-09-08 13:41:42.988] [RX] PITCH:-2.71,PID_OUT:126.57,INT:0.0947,EL:-2288,ER:1262,VEL:189.8,MOT:1,TILT:25.0,TRIM:-1.898,ATE:1,LATCH:0,TORQ:1,CR:0.0,FX1:1.00,FY1:-151.10,FX2:-6.00,FY2:-149.60,IK1:1,IK2:1,MOVE:0
[2026-09-08 13:41:42.991] [RX] AX12:MODE:0,TQ:1,TL:1023,CM:1,CS:4,MS:0,MT:800
[2026-09-08 13:41:43.085] [RX] PITCH:-3.70,PID_OUT:68.69,INT:0.0985,EL:-2258,ER:1232,VEL:272.5,MOT:1,TILT:25.0,TRIM:-2.725,ATE:1,LATCH:0,TORQ:1,CR:0.0,FX1:1.00,FY1:-151.10,FX2:-6.00,FY2:-149.60,IK1:1,IK2:1,MOVE:0
[2026-09-08 13:41:43.085] [RX] SRV:6,41,0.0,0,0
[2026-09-08 13:41:43.181] [RX] PITCH:-3.46,PID_OUT:22.06,INT:0.0985,EL:-2230,ER:1206,VEL:265.3,MOT:1,TILT:25.0,TRIM:-2.653,ATE:1,LATCH:0,TORQ:1,CR:0.0,FX1:1.00,FY1:-151.10,FX2:-6.00,FY2:-149.60,IK1:1,IK2:1,MOVE:0
[2026-09-08 13:41:43.280] [RX] PITCH:-2.10,PID_OUT:-46.76,INT:0.0985,EL:-2212,ER:1189,VEL:178.4,MOT:1,TILT:25.0,TRIM:-1.784,ATE:1,LATCH:0,TORQ:1,CR:0.0,FX1:1.00,FY1:-151.10,FX2:-6.00,FY2:-149.60,IK1:1,IK2:1,MOVE:0
[2026-09-08 13:41:43.379] [RX] PITCH:-0.23,PID_OUT:-81.26,INT:0.0670,EL:-2203,ER:1185,VEL:69.9,MOT:1,TILT:25.0,TRIM:-0.699,ATE:1,LATCH:0,TORQ:1,CR:0.0,FX1:1.00,FY1:-151.10,FX2:-6.00,FY2:-149.60,IK1:1,IK2:1,MOVE:0
[2026-09-08 13:41:43.482] [RX] PITCH:1.62,PID_OUT:-133.87,INT:-0.0288,EL:-2210,ER:1191,VEL:-58.9,MOT:1,TILT:25.0,TRIM:0.589,ATE:1,LATCH:0,TORQ:1,CR:0.0,FX1:1.00,FY1:-151.10,FX2:-6.00,FY2:-149.60,IK1:1,IK2:1,MOVE:0
[2026-09-08 13:41:43.491] [RX] AX12:MODE:0,TQ:1,TL:1023,CM:1,CS:4,MS:0,MT:800
[2026-09-08 13:41:43.579] [RX] PITCH:2.38,PID_OUT:-91.45,INT:-0.0985,EL:-2231,ER:1209,VEL:-176.2,MOT:1,TILT:25.0,TRIM:1.762,ATE:1,LATCH:0,TORQ:1,CR:0.0,FX1:1.00,FY1:-151.10,FX2:-6.00,FY2:-149.60,IK1:1,IK2:1,MOVE:0
[2026-09-08 13:41:43.681] [RX] PITCH:2.53,PID_OUT:-34.32,INT:-0.0985,EL:-2254,ER:1227,VEL:-199.8,MOT:1,TILT:25.0,TRIM:1.998,ATE:1,LATCH:0,TORQ:1,CR:0.0,FX1:1.00,FY1:-151.10,FX2:-6.00,FY2:-149.60,IK1:1,IK2:1,MOVE:0
[2026-09-08 13:41:43.710] [TX] VP0.022
[2026-09-08 13:41:43.757] [RX] Updated -> P:78.000 I:650.000 D:3.520 Offset:-1.2910 Target:0.000 Alpha:0.9600 Tilt:25.00 TrimGain:0.0000 Crouch:0.00 VP:0.0220
[2026-09-08 13:41:43.881] [RX] PITCH:1.38,PID_OUT:6.12,INT:-0.0985,EL:-2276,ER:1232,VEL:-25.1,MOT:1,TILT:25.0,TRIM:0.551,ATE:1,LATCH:0,TORQ:1,CR:0.0,FX1:1.00,FY1:-151.10,FX2:-6.00,FY2:-149.60,IK1:1,IK2:1,MOVE:0
[2026-09-08 13:41:43.980] [RX] PITCH:-2.02,PID_OUT:182.68,INT:-0.0270,EL:-2274,ER:1227,VEL:41.0,MOT:1,TILT:25.0,TRIM:-0.903,ATE:1,LATCH:0,TORQ:1,CR:0.0,FX1:1.00,FY1:-151.10,FX2:-6.00,FY2:-149.60,IK1:1,IK2:1,MOVE:0
[2026-09-08 13:41:43.989] [RX] AX12:MODE:0,TQ:1,TL:1023,CM:1,CS:4,MS:0,MT:800
[2026-09-08 13:41:44.081] [RX] PITCH:-5.71,PID_OUT:181.72,INT:0.0500,EL:-2255,ER:1201,VEL:195.6,MOT:1,TILT:25.0,TRIM:-4.303,ATE:1,LATCH:0,TORQ:1,CR:0.0,FX1:1.00,FY1:-151.10,FX2:-6.00,FY2:-149.60,IK1:1,IK2:1,MOVE:0
[2026-09-08 13:41:44.081] [RX] SRV:0,42,0.0,0,0
[2026-09-08 13:41:44.178] [RX] PITCH:-7.60,PID_OUT:-8.57,INT:0.0985,EL:-2221,ER:1166,VEL:313.9,MOT:1,TILT:25.0,TRIM:-6.000,ATE:1,LATCH:0,TORQ:1,CR:0.0,FX1:1.00,FY1:-151.10,FX2:-6.00,FY2:-149.60,IK1:1,IK2:1,MOVE:0
[2026-09-08 13:41:44.279] [RX] PITCH:-4.79,PID_OUT:8.88,INT:0.0985,EL:-2202,ER:1152,VEL:156.9,MOT:1,TILT:25.0,TRIM:-3.451,ATE:1,LATCH:0,TORQ:1,CR:0.0,FX1:1.00,FY1:-151.10,FX2:-6.00,FY2:-149.60,IK1:1,IK2:1,MOVE:0
[2026-09-08 13:41:44.377] [RX] PITCH:0.07,PID_OUT:-184.96,INT:0.0910,EL:-2203,ER:1152,VEL:27.4,MOT:1,TILT:25.0,TRIM:-0.604,ATE:1,LATCH:0,TORQ:1,CR:0.0,FX1:1.00,FY1:-151.10,FX2:-6.00,FY2:-149.60,IK1:1,IK2:1,MOVE:0
[2026-09-08 13:41:44.488] [RX] PITCH:4.02,PID_OUT:-47.44,INT:0.0373,EL:-2220,ER:1174,VEL:-159.7,MOT:1,TILT:25.0,TRIM:3.512,ATE:1,LATCH:0,TORQ:1,CR:0.0,FX1:1.00,FY1:-151.10,FX2:-6.00,FY2:-149.60,IK1:1,IK2:1,MOVE:0
[2026-09-08 13:41:44.489] [RX] AX12:MODE:0,TQ:1,TL:1023,CM:1,CS:4,MS:0,MT:800
[2026-09-08 13:41:44.577] [RX] PITCH:5.71,PID_OUT:25.76,INT:-0.0912,EL:-2247,ER:1199,VEL:-257.2,MOT:1,TILT:25.0,TRIM:5.659,ATE:1,LATCH:0,TORQ:1,CR:0.0,FX1:1.00,FY1:-151.10,FX2:-6.00,FY2:-149.60,IK1:1,IK2:1,MOVE:0
[2026-09-08 13:41:44.679] [RX] PITCH:5.16,PID_OUT:-69.62,INT:-0.0551,EL:-2272,ER:1217,VEL:-214.3,MOT:1,TILT:25.0,TRIM:4.714,ATE:1,LATCH:0,TORQ:1,CR:0.0,FX1:1.00,FY1:-151.10,FX2:-6.00,FY2:-149.60,IK1:1,IK2:1,MOVE:0
[2026-09-08 13:41:44.773] [RX] PITCH:5.10,PID_OUT:29.25,INT:-0.0985,EL:-2294,ER:1237,VEL:-212.0,MOT:1,TILT:25.0,TRIM:4.663,ATE:1,LATCH:0,TORQ:1,CR:0.0,FX1:1.00,FY1:-151.10,FX2:-6.00,FY2:-149.60,IK1:1,IK2:1,MOVE:0
[2026-09-08 13:41:44.877] [RX] PITCH:2.81,PID_OUT:46.10,INT:-0.0953,EL:-2307,ER:1246,VEL:-114.6,MOT:1,TILT:25.0,TRIM:2.521,ATE:1,LATCH:0,TORQ:1,CR:0.0,FX1:1.00,FY1:-151.10,FX2:-6.00,FY2:-149.60,IK1:1,IK2:1,MOVE:0
[2026-09-08 13:41:44.989] [RX] PITCH:-0.87,PID_OUT:214.97,INT:-0.0670,EL:-2308,ER:1245,VEL:-13.8,MOT:1,TILT:25.0,TRIM:0.303,ATE:1,LATCH:0,TORQ:1,CR:0.0,FX1:1.00,FY1:-151.10,FX2:-6.00,FY2:-149.60,IK1:1,IK2:1,MOVE:0
[2026-09-08 13:41:44.989] [RX] AX12:MODE:0,TQ:1,TL:1023,CM:1,CS:4,MS:0,MT:800
[2026-09-08 13:41:45.080] [RX] PITCH:-5.24,PID_OUT:185.17,INT:-0.0144,EL:-2290,ER:1215,VEL:198.4,MOT:1,TILT:25.0,TRIM:-4.366,ATE:1,LATCH:0,TORQ:1,CR:0.0,FX1:1.00,FY1:-151.10,FX2:-6.00,FY2:-149.60,IK1:1,IK2:1,MOVE:0
[2026-09-08 13:41:45.082] [RX] SRV:14,44,0.0,0,0
[2026-09-08 13:41:45.175] [RX] PITCH:-8.54,PID_OUT:172.40,INT:0.0985,EL:-2256,ER:1163,VEL:414.9,MOT:1,TILT:25.0,TRIM:-6.000,ATE:1,LATCH:0,TORQ:1,CR:0.0,FX1:1.00,FY1:-151.10,FX2:-6.00,FY2:-149.60,IK1:1,IK2:1,MOVE:0
[2026-09-08 13:41:45.275] [RX] PITCH:-7.10,PID_OUT:-42.51,INT:0.0985,EL:-2213,ER:1104,VEL:479.5,MOT:1,TILT:25.0,TRIM:-6.000,ATE:1,LATCH:0,TORQ:1,CR:0.0,FX1:1.00,FY1:-151.10,FX2:-6.00,FY2:-149.60,IK1:1,IK2:1,MOVE:0
[2026-09-08 13:41:45.376] [RX] PITCH:-4.83,PID_OUT:125.37,INT:0.0937,EL:-2200,ER:1090,VEL:135.1,MOT:1,TILT:25.0,TRIM:-2.973,ATE:1,LATCH:0,TORQ:1,CR:0.0,FX1:1.00,FY1:-151.10,FX2:-6.00,FY2:-149.60,IK1:1,IK2:1,MOVE:0
[2026-09-08 13:41:45.482] [RX] PITCH:-0.64,PID_OUT:-150.81,INT:0.0896,EL:-2198,ER:1085,VEL:54.2,MOT:1,TILT:25.0,TRIM:-1.192,ATE:1,LATCH:0,TORQ:1,CR:0.0,FX1:1.00,FY1:-151.10,FX2:-6.00,FY2:-149.60,IK1:1,IK2:1,MOVE:0
[2026-09-08 13:41:45.487] [RX] AX12:MODE:0,TQ:1,TL:1023,CM:1,CS:4,MS:0,MT:800
[2026-09-08 13:41:45.575] [RX] PITCH:2.72,PID_OUT:-88.28,INT:0.0179,EL:-2208,ER:1100,VEL:-106.0,MOT:1,TILT:25.0,TRIM:2.331,ATE:1,LATCH:0,TORQ:1,CR:0.0,FX1:1.00,FY1:-151.10,FX2:-6.00,FY2:-149.60,IK1:1,IK2:1,MOVE:0
[2026-09-08 13:41:45.676] [RX] PITCH:4.91,PID_OUT:-98.92,INT:-0.0679,EL:-2225,ER:1120,VEL:-176.3,MOT:1,TILT:25.0,TRIM:3.878,ATE:1,LATCH:0,TORQ:1,CR:0.0,FX1:1.00,FY1:-151.10,FX2:-6.00,FY2:-149.60,IK1:1,IK2:1,MOVE:0
[2026-09-08 13:41:45.774] [RX] PITCH:4.75,PID_OUT:-14.41,INT:-0.0985,EL:-2245,ER:1142,VEL:-202.6,MOT:1,TILT:25.0,TRIM:4.456,ATE:1,LATCH:0,TORQ:1,CR:0.0,FX1:1.00,FY1:-151.10,FX2:-6.00,FY2:-149.60,IK1:1,IK2:1,MOVE:0
[2026-09-08 13:41:45.874] [RX] PITCH:3.66,PID_OUT:-26.00,INT:-0.0985,EL:-2263,ER:1154,VEL:-143.0,MOT:1,TILT:25.0,TRIM:3.146,ATE:1,LATCH:0,TORQ:1,CR:0.0,FX1:1.00,FY1:-151.10,FX2:-6.00,FY2:-149.60,IK1:1,IK2:1,MOVE:0
[2026-09-08 13:41:45.981] [RX] PITCH:2.11,PID_OUT:24.87,INT:-0.0985,EL:-2272,ER:1162,VEL:-81.0,MOT:1,TILT:25.0,TRIM:1.781,ATE:1,LATCH:0,TORQ:1,CR:0.0,FX1:1.00,FY1:-151.10,FX2:-6.00,FY2:-149.60,IK1:1,IK2:1,MOVE:0
[2026-09-08 13:41:45.981] [RX] AX12:MODE:0,TQ:1,TL:1023,CM:1,CS:4,MS:0,MT:800
[2026-09-08 13:41:46.077] [RX] PITCH:-1.08,PID_OUT:155.61,INT:-0.0759,EL:-2273,ER:1157,VEL:4.8,MOT:1,TILT:25.0,TRIM:-0.105,ATE:1,LATCH:0,TORQ:1,CR:0.0,FX1:1.00,FY1:-151.10,FX2:-6.00,FY2:-149.60,IK1:1,IK2:1,MOVE:0
[2026-09-08 13:41:46.082] [RX] SRV:1,46,0.8,0,0
[2026-09-08 13:41:46.178] [RX] PITCH:-3.90,PID_OUT:42.25,INT:-0.0149,EL:-2257,ER:1132,VEL:182.2,MOT:1,TILT:25.0,TRIM:-4.008,ATE:1,LATCH:0,TORQ:1,CR:0.0,FX1:1.00,FY1:-151.10,FX2:-6.00,FY2:-149.60,IK1:1,IK2:1,MOVE:0
[2026-09-08 13:41:46.275] [RX] PITCH:-6.69,PID_OUT:107.58,INT:0.0985,EL:-2237,ER:1104,VEL:249.0,MOT:1,TILT:25.0,TRIM:-5.479,ATE:1,LATCH:0,TORQ:1,CR:0.0,FX1:1.00,FY1:-151.10,FX2:-6.00,FY2:-149.60,IK1:1,IK2:1,MOVE:0
[2026-09-08 13:41:46.371] [RX] PITCH:-6.52,PID_OUT:13.10,INT:0.0985,EL:-2212,ER:1075,VEL:255.3,MOT:1,TILT:25.0,TRIM:-5.617,ATE:1,LATCH:0,TORQ:1,CR:0.0,FX1:1.00,FY1:-151.10,FX2:-6.00,FY2:-149.60,IK1:1,IK2:1,MOVE:0
[2026-09-08 13:41:46.475] [RX] PITCH:-4.63,PID_OUT:-30.46,INT:0.0985,EL:-2197,ER:1056,VEL:176.2,MOT:1,TILT:25.0,TRIM:-3.877,ATE:1,LATCH:0,TORQ:1,CR:0.0,FX1:1.00,FY1:-151.10,FX2:-6.00,FY2:-149.60,IK1:1,IK2:1,MOVE:0
[2026-09-08 13:41:46.484] [RX] AX12:MODE:0,TQ:1,TL:1023,CM:1,CS:4,MS:0,MT:800
[2026-09-08 13:41:46.548] [TX] VP0.034
[2026-09-08 13:41:46.574] [RX] PITCH:-1.44,PID_OUT:-28.29,INT:0.0985,EL:-2192,ER:1051,VEL:58.3,MOT:1,TILT:25.0,TRIM:-1.282,ATE:1,LATCH:0,TORQ:1,CR:0.0,FX1:1.00,FY1:-151.10,FX2:-6.00,FY2:-149.60,IK1:1,IK2:1,MOVE:0
[2026-09-08 13:41:46.604] [RX] Updated -> P:78.000 I:650.000 D:3.520 Offset:-1.2910 Target:0.000 Alpha:0.9600 Tilt:25.00 TrimGain:0.0000 Crouch:0.00 VP:0.0340
[2026-09-08 13:41:46.688] [RX] PITCH:1.62,PID_OUT:-122.75,INT:0.0287,EL:-2194,ER:1055,VEL:-22.3,MOT:1,TILT:25.0,TRIM:0.758,ATE:1,LATCH:0,TORQ:1,CR:0.0,FX1:1.00,FY1:-151.10,FX2:-6.00,FY2:-149.60,IK1:1,IK2:1,MOVE:0
[2026-09-08 13:41:46.786] [RX] PITCH:3.82,PID_OUT:-103.88,INT:-0.0269,EL:-2202,ER:1068,VEL:-90.8,MOT:1,TILT:25.0,TRIM:3.086,ATE:1,LATCH:0,TORQ:1,CR:0.0,FX1:1.00,FY1:-151.10,FX2:-6.00,FY2:-149.60,IK1:1,IK2:1,MOVE:0
[2026-09-08 13:41:46.873] [RX] PITCH:5.36,PID_OUT:-72.86,INT:-0.0746,EL:-2212,ER:1088,VEL:-138.3,MOT:1,TILT:25.0,TRIM:4.703,ATE:1,LATCH:0,TORQ:1,CR:0.0,FX1:1.00,FY1:-151.10,FX2:-6.00,FY2:-149.60,IK1:1,IK2:1,MOVE:0
[2026-09-08 13:41:46.979] [RX] PITCH:5.14,PID_OUT:-15.29,INT:-0.0985,EL:-2223,ER:1105,VEL:-125.0,MOT:1,TILT:25.0,TRIM:4.249,ATE:1,LATCH:0,TORQ:1,CR:0.0,FX1:1.00,FY1:-151.10,FX2:-6.00,FY2:-149.60,IK1:1,IK2:1,MOVE:0
[2026-09-08 13:41:46.983] [RX] AX12:MODE:0,TQ:1,TL:1023,CM:1,CS:4,MS:0,MT:800
[2026-09-08 13:41:47.082] [RX] PITCH:2.56,PID_OUT:47.04,INT:-0.0985,EL:-2230,ER:1110,VEL:-61.7,MOT:1,TILT:25.0,TRIM:2.096,ATE:1,LATCH:0,TORQ:1,CR:0.0,FX1:1.00,FY1:-151.10,FX2:-6.00,FY2:-149.60,IK1:1,IK2:1,MOVE:0
[2026-09-08 13:41:47.082] [RX] SRV:6,41,0.0,0,0
[2026-09-08 13:41:47.174] [RX] PITCH:-2.16,PID_OUT:244.14,INT:-0.0564,EL:-2229,ER:1105,VEL:15.8,MOT:1,TILT:25.0,TRIM:-0.539,ATE:1,LATCH:0,TORQ:1,CR:0.0,FX1:1.00,FY1:-151.10,FX2:-6.00,FY2:-149.60,IK1:1,IK2:1,MOVE:0
[2026-09-08 13:41:47.276] [RX] PITCH:-6.53,PID_OUT:236.33,INT:-0.0776,EL:-2218,ER:1075,VEL:146.2,MOT:1,TILT:25.0,TRIM:-4.971,ATE:1,LATCH:0,TORQ:1,CR:0.0,FX1:1.00,FY1:-151.10,FX2:-6.00,FY2:-149.60,IK1:1,IK2:1,MOVE:0
[2026-09-08 13:41:47.373] [RX] PITCH:-8.51,PID_OUT:70.19,INT:0.0985,EL:-2175,ER:996,VEL:587.4,MOT:1,TILT:25.0,TRIM:-6.000,ATE:1,LATCH:0,TORQ:1,CR:0.0,FX1:1.00,FY1:-151.10,FX2:-6.00,FY2:-149.60,IK1:1,IK2:1,MOVE:0
[2026-09-08 13:41:47.471] [RX] PITCH:-5.63,PID_OUT:-253.59,INT:0.0948,EL:-2132,ER:907,VEL:603.7,MOT:1,TILT:25.0,TRIM:-6.000,ATE:1,LATCH:0,TORQ:1,CR:0.0,FX1:1.00,FY1:-151.10,FX2:-6.00,FY2:-149.60,IK1:1,IK2:1,MOVE:0
[2026-09-08 13:41:47.482] [RX] AX12:MODE:0,TQ:1,TL:1023,CM:1,CS:4,MS:0,MT:800
[2026-09-08 13:41:47.571] [RX] PITCH:-3.87,PID_OUT:400.55,INT:0.0985,EL:-2152,ER:929,VEL:-56.2,MOT:1,TILT:25.0,TRIM:1.910,ATE:1,LATCH:0,TORQ:1,CR:0.0,FX1:1.00,FY1:-151.10,FX2:-6.00,FY2:-149.60,IK1:1,IK2:1,MOVE:0
[2026-09-08 13:41:47.670] [RX] PITCH:3.16,PID_OUT:152.85,INT:0.0421,EL:-2165,ER:933,VEL:-192.6,MOT:1,TILT:25.0,TRIM:6.000,ATE:1,LATCH:0,TORQ:1,CR:0.0,FX1:1.00,FY1:-151.10,FX2:-6.00,FY2:-149.60,IK1:1,IK2:1,MOVE:0
[2026-09-08 13:41:47.784] [RX] PITCH:8.40,PID_OUT:-261.67,INT:-0.0103,EL:-2182,ER:956,VEL:-229.0,MOT:1,TILT:25.0,TRIM:6.000,ATE:1,LATCH:0,TORQ:1,CR:0.0,FX1:1.00,FY1:-151.10,FX2:-6.00,FY2:-149.60,IK1:1,IK2:1,MOVE:0
[2026-09-08 13:41:47.970] [RX] PITCH:6.52,PID_OUT:51.52,INT:-0.0985,EL:-2243,ER:1040,VEL:-629.2,MOT:1,TILT:25.0,TRIM:6.000,ATE:1,LATCH:0,TORQ:1,CR:0.0,FX1:1.00PITCH:4.97,PID_OUT:-242.45,INT:-0.0024,EL:-2255,ER:1046,VEL:-89.3,MOT:1,TILT:25.0,TRIM:3.037,ATE:1,LATCH:0,TORQ:1,CR:0.0,FX1:1.00,FY1:-151.10,FX2:-6.00,FY2:-149.60,IK1:1,IK2:1,MOVE:0
[2026-09-08 13:41:47.980] [RX] AX12:MODE:0,TQ:1,TL:1023,CM:1,CS:4,MS:0,MT:800
[2026-09-08 13:41:48.070] [RX] PITCH:3.12,PID_OUT:337.00,INT:-0.0306,EL:-2277,ER:1066,VEL:-173.5,MOT:1,TILT:25.0,TRIM:5.899,ATE:1,LATCH:0,TORQ:1,CR:0.0,FX1:1.00,FY1:-151.10,FX2:-6.00,FY2:-149.60,IK1:1,IK2:1,MOVE:0
[2026-09-08 13:41:48.071] [RX] SRV:0,41,0.0,0,0
[2026-09-08 13:41:48.171] [RX] PITCH:2.54,PID_OUT:383.65,INT:-0.0291,EL:-2289,ER:1070,VEL:-158.9,MOT:1,TILT:25.0,TRIM:5.404,ATE:1,LATCH:0,TORQ:1,CR:0.0,FX1:1.00,FY1:-151.10,FX2:-6.00,FY2:-149.60,IK1:1,IK2:1,MOVE:0
[2026-09-08 13:41:48.269] [RX] PITCH:1.75,PID_OUT:324.84,INT:-0.0568,EL:-2294,ER:1068,VEL:-127.8,MOT:1,TILT:25.0,TRIM:4.344,ATE:1,LATCH:0,TORQ:1,CR:0.0,FX1:1.00,FY1:-151.10,FX2:-6.00,FY2:-149.60,IK1:1,IK2:1,MOVE:0
[2026-09-08 13:41:48.373] [RX] PITCH:0.28,PID_OUT:163.09,INT:-0.0795,EL:-2294,ER:1058,VEL:-51.6,MOT:1,TILT:25.0,TRIM:1.754,ATE:1,LATCH:0,TORQ:1,CR:0.0,FX1:1.00,FY1:-151.10,FX2:-6.00,FY2:-149.60,IK1:1,IK2:1,MOVE:0
[2026-09-08 13:41:48.478] [RX] PITCH:-1.82,PID_OUT:-135.12,INT:-0.0930,EL:-2288,ER:1038,VEL:87.6,MOT:1,TILT:25.0,TRIM:-2.979,ATE:1,LATCH:0,TORQ:1,CR:0.0,FX1:1.00,FY1:-151.10,FX2:-6.00,FY2:-149.60,IK1:1,IK2:1,MOVE:0
[2026-09-08 13:41:48.481] [RX] AX12:MODE:0,TQ:1,TL:1023,CM:1,CS:4,MS:0,MT:800
[2026-09-08 13:41:48.572] [RX] PITCH:-4.70,PID_OUT:-189.00,INT:0.0139,EL:-2278,ER:1015,VEL:234.4,MOT:1,TILT:25.0,TRIM:-6.000,ATE:1,LATCH:0,TORQ:1,CR:0.0,FX1:1.00,FY1:-151.10,FX2:-6.00,FY2:-149.60,IK1:1,IK2:1,MOVE:0
[2026-09-08 13:41:48.669] [RX] PITCH:-7.33,PID_OUT:32.55,INT:0.0985,EL:-2269,ER:998,VEL:212.5,MOT:1,TILT:25.0,TRIM:-6.000,ATE:1,LATCH:0,TORQ:1,CR:0.0,FX1:1.00,FY1:-151.10,FX2:-6.00,FY2:-149.60,IK1:1,IK2:1,MOVE:0
[2026-09-08 13:41:48.767] [RX] PITCH:-5.00,PID_OUT:46.47,INT:0.0779,EL:-2259,ER:977,VEL:112.5,MOT:1,TILT:25.0,TRIM:-3.826,ATE:1,LATCH:0,TORQ:1,CR:0.0,FX1:1.00,FY1:-151.10,FX2:-6.00,FY2:-149.60,IK1:1,IK2:1,MOVE:0
[2026-09-08 13:41:48.867] [RX] PITCH:-2.14,PID_OUT:-132.57,INT:0.0985,EL:-2259,ER:968,VEL:54.3,MOT:1,TILT:25.0,TRIM:-1.846,ATE:1,LATCH:0,TORQ:1,CR:0.0,FX1:1.00,FY1:-151.10,FX2:-6.00,FY2:-149.60,IK1:1,IK2:1,MOVE:0
[2026-09-08 13:41:48.969] [RX] PITCH:2.79,PID_OUT:-97.81,INT:0.0535,EL:-2271,ER:971,VEL:-64.7,MOT:1,TILT:25.0,TRIM:2.199,ATE:1,LATCH:0,TORQ:1,CR:0.0,FX1:1.00,FY1:-151.10,FX2:-6.00,FY2:-149.60,IK1:1,IK2:1,MOVE:0
[2026-09-08 13:41:48.977] [RX] AX12:MODE:0,TQ:1,TL:1023,CM:1,CS:4,MS:0,MT:800
[2026-09-08 13:41:49.072] [RX] PITCH:5.96,PID_OUT:-111.23,INT:-0.0117,EL:-2294,ER:981,VEL:-152.1,MOT:1,TILT:25.0,TRIM:5.173,ATE:1,LATCH:0,TORQ:1,CR:0.0,FX1:1.00,FY1:-151.10,FX2:-6.00,FY2:-149.60,IK1:1,IK2:1,MOVE:0
[2026-09-08 13:41:49.072] [RX] SRV:14,44,0.0,0,0
[2026-09-08 13:41:49.169] [RX] PITCH:7.50,PID_OUT:-118.16,INT:-0.0985,EL:-2324,ER:997,VEL:-223.5,MOT:1,TILT:25.0,TRIM:6.000,ATE:1,LATCH:0,TORQ:1,CR:0.0,FX1:1.00,FY1:-151.10,FX2:-6.00,FY2:-149.60,IK1:1,IK2:1,MOVE:0
[2026-09-08 13:41:49.268] [RX] PITCH:5.87,PID_OUT:7.42,INT:-0.0970,EL:-2357,ER:1017,VEL:-248.5,MOT:1,TILT:25.0,TRIM:6.000,ATE:1,LATCH:0,TORQ:1,CR:0.0,FX1:1.00,FY1:-151.10,FX2:-6.00,FY2:-149.60,IK1:1,IK2:1,MOVE:0
[2026-09-08 13:41:49.366] [RX] PITCH:5.22,PID_OUT:25.56,INT:-0.0514,EL:-2379,ER:1027,VEL:-164.9,MOT:1,TILT:25.0,TRIM:5.606,ATE:1,LATCH:0,TORQ:1,CR:0.0,FX1:1.00,FY1:-151.10,FX2:-6.00,FY2:-149.60,IK1:1,IK2:1,MOVE:0
[2026-09-08 13:41:49.468] [RX] PITCH:4.42,PID_OUT:61.82,INT:-0.0985,EL:-2394,ER:1032,VEL:-119.1,MOT:1,TILT:25.0,TRIM:4.049,ATE:1,LATCH:0,TORQ:1,CR:0.0,FX1:1.00,FY1:-151.10,FX2:-6.00,FY2:-149.60,IK1:1,IK2:1,MOVE:0
[2026-09-08 13:41:49.477] [RX] AX12:MODE:0,TQ:1,TL:1023,CM:1,CS:4,MS:0,MT:800
[2026-09-08 13:41:49.570] [RX] PITCH:1.37,PID_OUT:47.09,INT:-0.0802,EL:-2401,ER:1031,VEL:-35.6,MOT:1,TILT:25.0,TRIM:1.210,ATE:1,LATCH:0,TORQ:1,CR:0.0,FX1:1.00,FY1:-151.10,FX2:-6.00,FY2:-149.60,IK1:1,IK2:1,MOVE:0
[2026-09-08 13:41:49.668] [RX] PITCH:-2.13,PID_OUT:46.29,INT:-0.0144,EL:-2396,ER:1026,VEL:52.8,MOT:1,TILT:25.0,TRIM:-1.797,ATE:1,LATCH:0,TORQ:1,CR:0.0,FX1:1.00,FY1:-151.10,FX2:-6.00,FY2:-149.60,IK1:1,IK2:1,MOVE:0
[2026-09-08 13:41:49.768] [RX] PITCH:-5.45,PID_OUT:147.13,INT:0.0345,EL:-2381,ER:1013,VEL:129.7,MOT:1,TILT:25.0,TRIM:-4.409,ATE:1,LATCH:0,TORQ:1,CR:0.0,FX1:1.00,FY1:-151.10,FX2:-6.00,FY2:-149.60,IK1:1,IK2:1,MOVE:0
[2026-09-08 13:41:49.869] [RX] PITCH:-7.66,PID_OUT:112.60,INT:0.0985,EL:-2358,ER:990,VEL:220.2,MOT:1,TILT:25.0,TRIM:-6.000,ATE:1,LATCH:0,TORQ:1,CR:0.0,FX1:1.00,FY1:-151.10,FX2:-6.00,FY2:-149.60,IK1:1,IK2:1,MOVE:0
[2026-09-08 13:41:49.973] [RX] PITCH:-6.48,PID_OUT:-10.88,INT:0.0985,EL:-2334,ER:963,VEL:237.4,MOT:1,TILT:25.0,TRIM:-6.000,ATE:1,LATCH:0,TORQ:1,CR:0.0,FX1:1.00,FY1:-151.10,FX2:-6.00,FY2:-149.60,IK1:1,IK2:1,MOVE:0
[2026-09-08 13:41:49.980] [RX] AX12:MODE:0,TQ:1,TL:1023,CM:1,CS:4,MS:0,MT:800
[2026-09-08 13:41:50.068] [RX] PITCH:-5.15,PID_OUT:34.19,INT:0.0770,EL:-2324,ER:946,VEL:138.7,MOT:1,TILT:25.0,TRIM:-4.714,ATE:1,LATCH:0,TORQ:1,CR:0.0,FX1:1.00,FY1:-151.10,FX2:-6.00,FY2:-149.60,IK1:1,IK2:1,MOVE:0
[2026-09-08 13:41:50.070] [RX] SRV:1,46,5.5,0,0
[2026-09-08 13:41:50.165] [RX] PITCH:-3.57,PID_OUT:-45.76,INT:0.0985,EL:-2322,ER:934,VEL:85.1,MOT:1,TILT:25.0,TRIM:-2.892,ATE:1,LATCH:0,TORQ:1,CR:0.0,FX1:1.00,FY1:-151.10,FX2:-6.00,FY2:-149.60,IK1:1,IK2:1,MOVE:0
[2026-09-08 13:41:50.266] [RX] PITCH:0.44,PID_OUT:-121.03,INT:0.0607,EL:-2324,ER:933,VEL:1.1,MOT:1,TILT:25.0,TRIM:-0.039,ATE:1,LATCH:0,TORQ:1,CR:0.0,FX1:1.00,FY1:-151.10,FX2:-6.00,FY2:-149.60,IK1:1,IK2:1,MOVE:0
[2026-09-08 13:41:50.364] [RX] PITCH:3.62,PID_OUT:-92.46,INT:-0.0026,EL:-2336,ER:941,VEL:-85.7,MOT:1,TILT:25.0,TRIM:2.913,ATE:1,LATCH:0,TORQ:1,CR:0.0,FX1:1.00,FY1:-151.10,FX2:-6.00,FY2:-149.60,IK1:1,IK2:1,MOVE:0
[2026-09-08 13:41:50.475] [RX] PITCH:5.50,PID_OUT:-83.55,INT:-0.0698,EL:-2354,ER:954,VEL:-142.6,MOT:1,TILT:25.0,TRIM:4.850,ATE:1,LATCH:0,TORQ:1,CR:0.0,FX1:1.00,FY1:-151.10,FX2:-6.00,FY2:-149.60,IK1:1,IK2:1,MOVE:0
[2026-09-08 13:41:50.475] [RX] AX12:MODE:0,TQ:1,TL:1023,CM:1,CS:4,MS:0,MT:800
[2026-09-08 13:41:50.563] [RX] PITCH:6.10,PID_OUT:-67.37,INT:-0.0985,EL:-2374,ER:968,VEL:-161.7,MOT:1,TILT:25.0,TRIM:5.497,ATE:1,LATCH:0,TORQ:1,CR:0.0,FX1:1.00,FY1:-151.10,FX2:-6.00,FY2:-149.60,IK1:1,IK2:1,MOVE:0
[2026-09-08 13:41:50.663] [RX] PITCH:5.72,PID_OUT:-33.49,INT:-0.0985,EL:-2392,ER:980,VEL:-149.4,MOT:1,TILT:25.0,TRIM:5.080,ATE:1,LATCH:0,TORQ:1,CR:0.0,FX1:1.00,FY1:-151.10,FX2:-6.00,FY2:-149.60,IK1:1,IK2:1,MOVE:0
[2026-09-08 13:41:50.765] [RX] PITCH:3.83,PID_OUT:28.78,INT:-0.0985,EL:-2406,ER:987,VEL:-105.5,MOT:1,TILT:25.0,TRIM:3.589,ATE:1,LATCH:0,TORQ:1,CR:0.0,FX1:1.00,FY1:-151.10,FX2:-6.00,FY2:-149.60,IK1:1,IK2:1,MOVE:0
[2026-09-08 13:41:50.860] [RX] PITCH:0.96,PID_OUT:61.48,INT:-0.0985,EL:-2410,ER:986,VEL:-26.1,MOT:1,TILT:25.0,TRIM:0.887,ATE:1,LATCH:0,TORQ:1,CR:0.0,FX1:1.00,FY1:-151.10,FX2:-6.00,FY2:-149.60,IK1:1,IK2:1,MOVE:0
[2026-09-08 13:41:50.973] [RX] PITCH:-2.83,PID_OUT:75.42,INT:-0.0198,EL:-2403,ER:979,VEL:70.1,MOT:1,TILT:25.0,TRIM:-2.383,ATE:1,LATCH:0,TORQ:1,CR:0.0,FX1:1.00,FY1:-151.10,FX2:-6.00,FY2:-149.60,IK1:1,IK2:1,MOVE:0
[2026-09-08 13:41:50.975] [RX] AX12:MODE:0,TQ:1,TL:1023,CM:1,CS:4,MS:0,MT:800
[2026-09-08 13:41:51.066] [RX] PITCH:-5.79,PID_OUT:148.59,INT:0.0394,EL:-2388,ER:963,VEL:143.8,MOT:1,TILT:25.0,TRIM:-4.891,ATE:1,LATCH:0,TORQ:1,CR:0.0,FX1:1.00,FY1:-151.10,FX2:-6.00,FY2:-149.60,IK1:1,IK2:1,MOVE:0
[2026-09-08 13:41:51.066] [RX] SRV:6,41,0.8,0,0
[2026-09-08 13:41:51.165] [RX] PITCH:-7.50,PID_OUT:102.78,INT:0.0985,EL:-2365,ER:940,VEL:219.4,MOT:1,TILT:25.0,TRIM:-6.000,ATE:1,LATCH:0,TORQ:1,CR:0.0,FX1:1.00,FY1:-151.10,FX2:-6.00,FY2:-149.60,IK1:1,IK2:1,MOVE:0
[2026-09-08 13:41:51.264] [RX] PITCH:-6.58,PID_OUT:-6.09,INT:0.0985,EL:-2339,ER:914,VEL:247.0,MOT:1,TILT:25.0,TRIM:-6.000,ATE:1,LATCH:0,TORQ:1,CR:0.0,FX1:1.00,FY1:-151.10,FX2:-6.00,FY2:-149.60,IK1:1,IK2:1,MOVE:0
[2026-09-08 13:41:51.366] [RX] PITCH:-5.02,PID_OUT:2.14,INT:0.0846,EL:-2327,ER:899,VEL:141.1,MOT:1,TILT:25.0,TRIM:-4.799,ATE:1,LATCH:0,TORQ:1,CR:0.0,FX1:1.00,FY1:-151.10,FX2:-6.00,FY2:-149.60,IK1:1,IK2:1,MOVE:0
[2026-09-08 13:41:51.472] [RX] PITCH:-2.97,PID_OUT:-53.24,INT:0.0985,EL:-2322,ER:892,VEL:75.9,MOT:1,TILT:25.0,TRIM:-2.580,ATE:1,LATCH:0,TORQ:1,CR:0.0,FX1:1.00,FY1:-151.10,FX2:-6.00,FY2:-149.60,IK1:1,IK2:1,MOVE:0
[2026-09-08 13:41:51.475] [RX] AX12:MODE:0,TQ:1,TL:1023,CM:1,CS:4,MS:0,MT:800
[2026-09-08 13:41:51.563] [RX] PITCH:1.11,PID_OUT:-132.14,INT:0.0491,EL:-2325,ER:892,VEL:-5.5,MOT:1,TILT:25.0,TRIM:0.186,ATE:1,LATCH:0,TORQ:1,CR:0.0,FX1:1.00,FY1:-151.10,FX2:-6.00,FY2:-149.60,IK1:1,IK2:1,MOVE:0
[2026-09-08 13:41:51.666] [RX] PITCH:3.33,PID_OUT:-121.87,INT:0.0007,EL:-2336,ER:900,VEL:-80.8,MOT:1,TILT:25.0,TRIM:2.749,ATE:1,LATCH:0,TORQ:1,CR:0.0,FX1:1.00,FY1:-151.10,FX2:-6.00,FY2:-149.60,IK1:1,IK2:1,MOVE:0
[2026-09-08 13:41:51.761] [RX] PITCH:5.26,PID_OUT:-146.78,INT:-0.0399,EL:-2353,ER:912,VEL:-132.9,MOT:1,TILT:25.0,TRIM:4.518,ATE:1,LATCH:0,TORQ:1,CR:0.0,FX1:1.00,FY1:-151.10,FX2:-6.00,FY2:-149.60,IK1:1,IK2:1,MOVE:0
[2026-09-08 13:41:51.863] [RX] PITCH:6.88,PID_OUT:-162.55,INT:-0.0764,EL:-2376,ER:929,VEL:-189.1,MOT:1,TILT:25.0,TRIM:6.000,ATE:1,LATCH:0,TORQ:1,CR:0.0,FX1:1.00,FY1:-151.10,FX2:-6.00,FY2:-149.60,IK1:1,IK2:1,MOVE:0
[2026-09-08 13:41:51.962] [RX] PITCH:7.19,PID_OUT:-85.04,INT:-0.0985,EL:-2410,ER:956,VEL:-295.9,MOT:1,TILT:25.0,TRIM:6.000,ATE:1,LATCH:0,TORQ:1,CR:0.0,FX1:1.00,FY1:-151.10,FX2:-6.00,FY2:-149.60,IK1:1,IK2:1,MOVE:0
[2026-09-08 13:41:51.970] [RX] AX12:MODE:0,TQ:1,TL:1023,CM:1,CS:4,MS:0,MT:800
[2026-09-08 13:41:52.065] [RX] PITCH:6.15,PID_OUT:-22.75,INT:-0.0985,EL:-2443,ER:984,VEL:-294.6,MOT:1,TILT:25.0,TRIM:6.000,ATE:1,LATCH:0,TORQ:1,CR:0.0,FX1:1.00,FY1:-151.10,FX2:-6.00,FY2:-149.60,IK1:1,IK2:1,MOVE:0
[2026-09-08 13:41:52.065] [RX] SRV:0,41,0.0,0,0
[2026-09-08 13:41:52.162] [RX] PITCH:5.41,PID_OUT:11.95,INT:-0.0656,EL:-2467,ER:996,VEL:-177.6,MOT:1,TILT:25.0,TRIM:6.000,ATE:1,LATCH:0,TORQ:1,CR:0.0,FX1:1.00,FY1:-151.10,FX2:-6.00,FY2:-149.60,IK1:1,IK2:1,MOVE:0
[2026-09-08 13:41:52.259] [RX] PITCH:4.97,PID_OUT:-88.99,INT:-0.0764,EL:-2484,ER:1004,VEL:-138.4,MOT:1,TILT:25.0,TRIM:4.706,ATE:1,LATCH:0,TORQ:1,CR:0.0,FX1:1.00,FY1:-151.10,FX2:-6.00,FY2:-149.60,IK1:1,IK2:1,MOVE:0
[2026-09-08 13:41:52.360] [RX] PITCH:4.70,PID_OUT:-60.87,INT:-0.0984,EL:-2500,ER:1015,VEL:-136.8,MOT:1,TILT:25.0,TRIM:4.650,ATE:1,LATCH:0,TORQ:1,CR:0.0,FX1:1.00,FY1:-151.10,FX2:-6.00,FY2:-149.60,IK1:1,IK2:1,MOVE:0
[2026-09-08 13:41:52.476] [RX] PITCH:4.71,PID_OUT:-82.03,INT:-0.0985,EL:-2516,ER:1024,VEL:-125.6,MOT:1,TILT:25.0,TRIM:4.271,ATE:1,LATCH:0,TORQ:1,CR:0.0,FX1:1.00,FY1:-151.10,FX2:-6.00,FY2:-149.60,IK1:1,IK2:1,MOVE:0
[2026-09-08 13:41:52.484] [RX] AX12:MODE:0,TQ:1,TL:1023,CM:1,CS:4,MS:0,MT:800
[2026-09-08 13:41:52.561] [RX] PITCH:4.01,PID_OUT:-73.23,INT:-0.0950,EL:-2533,ER:1031,VEL:-116.7,MOT:1,TILT:25.0,TRIM:3.969,ATE:1,LATCH:0,TORQ:1,CR:0.0,FX1:1.00,FY1:-151.10,FX2:-6.00,FY2:-149.60,IK1:1,IK2:1,MOVE:0
[2026-09-08 13:41:52.658] [RX] PITCH:3.71,PID_OUT:-55.65,INT:-0.0985,EL:-2548,ER:1037,VEL:-108.9,MOT:1,TILT:25.0,TRIM:3.702,ATE:1,LATCH:0,TORQ:1,CR:0.0,FX1:1.00,FY1:-151.10,FX2:-6.00,FY2:-149.60,IK1:1,IK2:1,MOVE:0
[2026-09-08 13:41:52.761] [RX] PITCH:3.19,PID_OUT:-71.46,INT:-0.0976,EL:-2562,ER:1041,VEL:-92.3,MOT:1,TILT:25.0,TRIM:3.138,ATE:1,LATCH:0,TORQ:1,CR:0.0,FX1:1.00,FY1:-151.10,FX2:-6.00,FY2:-149.60,IK1:1,IK2:1,MOVE:0
[2026-09-08 13:41:52.861] [RX] PITCH:2.80,PID_OUT:-92.66,INT:-0.0904,EL:-2576,ER:1044,VEL:-82.2,MOT:1,TILT:25.0,TRIM:2.795,ATE:1,LATCH:0,TORQ:1,CR:0.0,FX1:1.00,FY1:-151.10,FX2:-6.00,FY2:-149.60,IK1:1,IK2:1,MOVE:0
[2026-09-08 13:41:52.969] [RX] PITCH:3.23,PID_OUT:-76.92,INT:-0.0865,EL:-2592,ER:1048,VEL:-97.8,MOT:1,TILT:25.0,TRIM:3.326,ATE:1,LATCH:0,TORQ:1,CR:0.0,FX1:1.00,FY1:-151.10,FX2:-6.00,FY2:-149.60,IK1:1,IK2:1,MOVE:0
[2026-09-08 13:41:52.969] [RX] AX12:MODE:0,TQ:1,TL:1023,CM:1,CS:4,MS:0,MT:800
[2026-09-08 13:41:53.065] [RX] PITCH:4.31,PID_OUT:-109.11,INT:-0.0865,EL:-2609,ER:1054,VEL:-116.3,MOT:1,TILT:25.0,TRIM:3.956,ATE:1,LATCH:0,TORQ:1,CR:0.0,FX1:1.00,FY1:-151.10,FX2:-6.00,FY2:-149.60,IK1:1,IK2:1,MOVE:0
[2026-09-08 13:41:53.066] [RX] SRV:14,44,0.0,0,0
[2026-09-08 13:41:53.158] [RX] PITCH:4.53,PID_OUT:-44.59,INT:-0.0816,EL:-2630,ER:1063,VEL:-142.9,MOT:1,TILT:25.0,TRIM:4.858,ATE:1,LATCH:0,TORQ:1,CR:0.0,FX1:1.00,FY1:-151.10,FX2:-6.00,FY2:-149.60,IK1:1,IK2:1,MOVE:0
[2026-09-08 13:41:53.259] [RX] PITCH:4.92,PID_OUT:-45.35,INT:-0.0985,EL:-2650,ER:1070,VEL:-142.0,MOT:1,TILT:25.0,TRIM:4.829,ATE:1,LATCH:0,TORQ:1,CR:0.0,FX1:1.00,FY1:-151.10,FX2:-6.00,FY2:-149.60,IK1:1,IK2:1,MOVE:0
[2026-09-08 13:41:53.357] [RX] PITCH:6.61,PID_OUT:-154.93,INT:-0.0985,EL:-2664,ER:1081,VEL:-129.0,MOT:1,TILT:25.0,TRIM:4.385,ATE:1,LATCH:0,TORQ:1,CR:0.0,FX1:1.00,FY1:-151.10,FX2:-6.00,FY2:-149.60,IK1:1,IK2:1,MOVE:0
[2026-09-08 13:41:53.459] [RX] PITCH:2.10,PID_OUT:65.10,INT:-0.0938,EL:-2664,ER:1095,VEL:-68.4,MOT:1,TILT:25.0,TRIM:2.325,ATE:1,LATCH:0,TORQ:1,CR:0.0,FX1:1.00,FY1:-151.10,FX2:-6.00,FY2:-149.60,IK1:1,IK2:1,MOVE:0
[2026-09-08 13:41:53.467] [RX] AX12:MODE:0,TQ:1,TL:1023,CM:1,CS:4,MS:0,MT:800
[2026-09-08 13:41:53.556] [RX] PITCH:-0.60,PID_OUT:84.87,INT:-0.0523,EL:-2664,ER:1092,VEL:3.3,MOT:1,TILT:25.0,TRIM:-0.112,ATE:1,LATCH:0,TORQ:1,CR:0.0,FX1:1.00,FY1:-151.10,FX2:-6.00,FY2:-149.60,IK1:1,IK2:1,MOVE:0
[2026-09-08 13:41:53.656] [RX] PITCH:-2.37,PID_OUT:181.90,INT:0.0171,EL:-2663,ER:1085,VEL:30.7,MOT:1,TILT:25.0,TRIM:-1.042,ATE:1,LATCH:0,TORQ:1,CR:0.0,FX1:1.00,FY1:-151.10,FX2:-6.00,FY2:-149.60,IK1:1,IK2:1,MOVE:0
[2026-09-08 13:41:53.757] [RX] PITCH:-3.25,PID_OUT:90.56,INT:0.0393,EL:-2654,ER:1071,VEL:103.5,MOT:1,TILT:25.0,TRIM:-3.518,ATE:1,LATCH:0,TORQ:1,CR:0.0,FX1:1.00,FY1:-151.10,FX2:-6.00,FY2:-149.60,IK1:1,IK2:1,MOVE:0
[2026-09-08 13:41:53.858] [RX] PITCH:-5.88,PID_OUT:121.38,INT:0.0719,EL:-2640,ER:1052,VEL:168.6,MOT:1,TILT:25.0,TRIM:-5.731,ATE:1,LATCH:0,TORQ:1,CR:0.0,FX1:1.00,FY1:-151.10,FX2:-6.00,FY2:-149.60,IK1:1,IK2:1,MOVE:0
[2026-09-08 13:41:53.964] [RX] PITCH:-7.62,PID_OUT:153.91,INT:0.0985,EL:-2614,ER:1023,VEL:272.4,MOT:1,TILT:25.0,TRIM:-6.000,ATE:1,LATCH:0,TORQ:1,CR:0.0,FX1:1.00,FY1:-151.10,FX2:-6.00,FY2:-149.60,IK1:1,IK2:1,MOVE:0
[2026-09-08 13:41:53.969] [RX] AX12:MODE:0,TQ:1,TL:1023,CM:1,CS:4,MS:0,MT:800
[2026-09-08 13:41:54.063] [RX] PITCH:-6.81,PID_OUT:81.70,INT:0.0985,EL:-2579,ER:987,VEL:340.0,MOT:1,TILT:25.0,TRIM:-6.000,ATE:1,LATCH:0,TORQ:1,CR:0.0,FX1:1.00,FY1:-151.10,FX2:-6.00,FY2:-149.60,IK1:1,IK2:1,MOVE:0
[2026-09-08 13:41:54.063] [RX] SRV:1,47,7.0,0,0
[2026-09-08 13:41:54.156] [RX] PITCH:-7.12,PID_OUT:76.62,INT:0.0985,EL:-2546,ER:954,VEL:335.2,MOT:1,TILT:25.0,TRIM:-6.000,ATE:1,LATCH:0,TORQ:1,CR:0.0,FX1:1.00,FY1:-151.10,FX2:-6.00,FY2:-149.60,IK1:1,IK2:1,MOVE:0
[2026-09-08 13:41:54.257] [RX] PITCH:-6.51,PID_OUT:45.05,INT:0.0985,EL:-2517,ER:923,VEL:301.8,MOT:1,TILT:25.0,TRIM:-6.000,ATE:1,LATCH:0,TORQ:1,CR:0.0,FX1:1.00,FY1:-151.10,FX2:-6.00,FY2:-149.60,IK1:1,IK2:1,MOVE:0
[2026-09-08 13:41:54.355] [RX] PITCH:-6.34,PID_OUT:33.13,INT:0.0985,EL:-2495,ER:899,VEL:242.7,MOT:1,TILT:25.0,TRIM:-6.000,ATE:1,LATCH:0,TORQ:1,CR:0.0,FX1:1.00,FY1:-151.10,FX2:-6.00,FY2:-149.60,IK1:1,IK2:1,MOVE:0
[2026-09-08 13:41:54.456] [RX] PITCH:-5.76,PID_OUT:13.85,INT:0.0969,EL:-2481,ER:880,VEL:165.5,MOT:1,TILT:25.0,TRIM:-5.628,ATE:1,LATCH:0,TORQ:1,CR:0.0,FX1:1.00,FY1:-151.10,FX2:-6.00,FY2:-149.60,IK1:1,IK2:1,MOVE:0
[2026-09-08 13:41:54.465] [RX] AX12:MODE:0,TQ:1,TL:1023,CM:1,CS:4,MS:0,MT:800
[2026-09-08 13:41:54.556] [RX] PITCH:-4.76,PID_OUT:64.57,INT:0.0985,EL:-2473,ER:863,VEL:121.5,MOT:1,TILT:25.0,TRIM:-4.132,ATE:1,LATCH:0,TORQ:1,CR:0.0,FX1:1.00,FY1:-151.10,FX2:-6.00,FY2:-149.60,IK1:1,IK2:1,MOVE:0
[2026-09-08 13:41:54.654] [RX] PITCH:-3.17,PID_OUT:40.57,INT:0.0985,EL:-2469,ER:852,VEL:74.6,MOT:1,TILT:25.0,TRIM:-2.535,ATE:1,LATCH:0,TORQ:1,CR:0.0,FX1:1.00,FY1:-151.10,FX2:-6.00,FY2:-149.60,IK1:1,IK2:1,MOVE:0
[2026-09-08 13:41:54.755] [RX] PITCH:-1.53,PID_OUT:98.09,INT:0.0985,EL:-2467,ER:850,VEL:22.3,MOT:1,TILT:25.0,TRIM:-0.758,ATE:1,LATCH:0,TORQ:1,CR:0.0,FX1:1.00,FY1:-151.10,FX2:-6.00,FY2:-149.60,IK1:1,IK2:1,MOVE:0
[2026-09-08 13:41:54.855] [RX] PITCH:-0.59,PID_OUT:16.76,INT:0.0650,EL:-2466,ER:845,VEL:20.9,MOT:1,TILT:25.0,TRIM:-0.712,ATE:1,LATCH:0,TORQ:1,CR:0.0,FX1:1.00,FY1:-151.10,FX2:-6.00,FY2:-149.60,IK1:1,IK2:1,MOVE:0
[2026-09-08 13:41:54.955] [RX] PITCH:-0.25,PID_OUT:51.07,INT:0.0705,EL:-2466,ER:845,VEL:4.1,MOT:1,TILT:25.0,TRIM:-0.140,ATE:1,LATCH:0,TORQ:1,CR:0.0,FX1:1.00,FY1:-151.10,FX2:-6.00,FY2:-149.60,IK1:1,IK2:1,MOVE:0
[2026-09-08 13:41:54.963] [RX] AX12:MODE:0,TQ:1,TL:1023,CM:1,CS:4,MS:0,MT:800
[2026-09-08 13:41:55.056] [RX] PITCH:-0.13,PID_OUT:66.12,INT:0.0785,EL:-2466,ER:845,VEL:0.8,MOT:1,TILT:25.0,TRIM:-0.028,ATE:1,LATCH:0,TORQ:1,CR:0.0,FX1:1.00,FY1:-151.10,FX2:-6.00,FY2:-149.60,IK1:1,IK2:1,MOVE:0
[2026-09-08 13:41:55.056] [RX] SRV:6,41,0.0,0,0
[2026-09-08 13:41:55.155] [RX] PITCH:-0.45,PID_OUT:105.97,INT:0.0985,EL:-2466,ER:845,VEL:0.2,MOT:1,TILT:25.0,TRIM:-0.005,ATE:1,LATCH:0,TORQ:1,CR:0.0,FX1:1.00,FY1:-151.10,FX2:-6.00,FY2:-149.60,IK1:1,IK2:1,MOVE:0
[2026-09-08 13:41:55.253] [RX] PITCH:-0.82,PID_OUT:88.10,INT:0.0571,EL:-2464,ER:839,VEL:23.9,MOT:1,TILT:25.0,TRIM:-0.811,ATE:1,LATCH:0,TORQ:1,CR:0.0,FX1:1.00,FY1:-151.10,FX2:-6.00,FY2:-149.60,IK1:1,IK2:1,MOVE:0
[2026-09-08 13:41:55.355] [RX] PITCH:-1.41,PID_OUT:5.26,INT:0.0533,EL:-2459,ER:830,VEL:73.8,MOT:1,TILT:25.0,TRIM:-2.511,ATE:1,LATCH:0,TORQ:1,CR:0.0,FX1:1.00,FY1:-151.10,FX2:-6.00,FY2:-149.60,IK1:1,IK2:1,MOVE:0
[2026-09-08 13:41:55.459] [RX] PITCH:-4.13,PID_OUT:197.66,INT:0.0850,EL:-2454,ER:821,VEL:71.5,MOT:1,TILT:25.0,TRIM:-2.431,ATE:1,LATCH:0,TORQ:1,CR:0.0,FX1:1.00,FY1:-151.10,FX2:-6.00,FY2:-149.60,IK1:1,IK2:1,MOVE:0
[2026-09-08 13:41:55.466] [RX] AX12:MODE:0,TQ:1,TL:1023,CM:1,CS:4,MS:0,MT:800
[2026-09-08 13:41:55.554] [RX] PITCH:-3.84,PID_OUT:70.05,INT:0.0503,EL:-2438,ER:808,VEL:117.8,MOT:1,TILT:25.0,TRIM:-4.007,ATE:1,LATCH:0,TORQ:1,CR:0.0,FX1:1.00,FY1:-151.10,FX2:-6.00,FY2:-149.60,IK1:1,IK2:1,MOVE:0
[2026-09-08 13:41:55.653] [RX] PITCH:-5.21,PID_OUT:37.03,INT:0.0985,EL:-2426,ER:791,VEL:145.0,MOT:1,TILT:25.0,TRIM:-4.931,ATE:1,LATCH:0,TORQ:1,CR:0.0,FX1:1.00,FY1:-151.10,FX2:-6.00,FY2:-149.60,IK1:1,IK2:1,MOVE:0
[2026-09-08 13:41:55.752] [RX] PITCH:-5.05,PID_OUT:155.72,INT:0.0985,EL:-2415,ER:777,VEL:113.3,MOT:1,TILT:25.0,TRIM:-3.854,ATE:1,LATCH:0,TORQ:1,CR:0.0,FX1:1.00,FY1:-151.10,FX2:-6.00,FY2:-149.60,IK1:1,IK2:1,MOVE:0
[2026-09-08 13:41:55.852] [RX] PITCH:-4.34,PID_OUT:98.56,INT:0.0903,EL:-2404,ER:762,VEL:115.5,MOT:1,TILT:25.0,TRIM:-3.927,ATE:1,LATCH:0,TORQ:1,CR:0.0,FX1:1.00,FY1:-151.10,FX2:-6.00,FY2:-149.60,IK1:1,IK2:1,MOVE:0
[2026-09-08 13:41:55.953] [RX] PITCH:-4.54,PID_OUT:33.27,INT:0.0985,EL:-2393,ER:747,VEL:132.9,MOT:1,TILT:25.0,TRIM:-4.520,ATE:1,LATCH:0,TORQ:1,CR:0.0,FX1:1.00,FY1:-151.10,FX2:-6.00,FY2:-149.60,IK1:1,IK2:1,MOVE:0
[2026-09-08 13:41:55.961] [RX] AX12:MODE:0,TQ:1,TL:1023,CM:1,CS:4,MS:0,MT:800
[2026-09-08 13:41:56.055] [RX] PITCH:-5.00,PID_OUT:171.33,INT:0.0985,EL:-2385,ER:734,VEL:97.6,MOT:1,TILT:25.0,TRIM:-3.317,ATE:1,LATCH:0,TORQ:1,CR:0.0,FX1:1.00,FY1:-151.10,FX2:-6.00,FY2:-149.60,IK1:1,IK2:1,MOVE:0
[2026-09-08 13:41:56.056] [RX] SRV:0,41,0.0,0,0
[2026-09-08 13:41:56.154] [RX] PITCH:-4.41,PID_OUT:142.14,INT:0.0773,EL:-2374,ER:718,VEL:106.6,MOT:1,TILT:25.0,TRIM:-3.623,ATE:1,LATCH:0,TORQ:1,CR:0.0,FX1:1.00,FY1:-151.10,FX2:-6.00,FY2:-149.60,IK1:1,IK2:1,MOVE:0
[2026-09-08 13:41:56.252] [RX] PITCH:-4.78,PID_OUT:85.14,INT:0.0985,EL:-2364,ER:702,VEL:120.6,MOT:1,TILT:25.0,TRIM:-4.102,ATE:1,LATCH:0,TORQ:1,CR:0.0,FX1:1.00,FY1:-151.10,FX2:-6.00,FY2:-149.60,IK1:1,IK2:1,MOVE:0
[2026-09-08 13:41:56.354] [RX] PITCH:-5.39,PID_OUT:118.51,INT:0.0814,EL:-2352,ER:682,VEL:149.5,MOT:1,TILT:25.0,TRIM:-5.083,ATE:1,LATCH:0,TORQ:1,CR:0.0,FX1:1.00,FY1:-151.10,FX2:-6.00,FY2:-149.60,IK1:1,IK2:1,MOVE:0
[2026-09-08 13:41:56.457] [RX] PITCH:-6.16,PID_OUT:74.55,INT:0.0985,EL:-2339,ER:659,VEL:180.7,MOT:1,TILT:25.0,TRIM:-6.000,ATE:1,LATCH:0,TORQ:1,CR:0.0,FX1:1.00,FY1:-151.10,FX2:-6.00,FY2:-149.60,IK1:1,IK2:1,MOVE:0
[2026-09-08 13:41:56.463] [RX] AX12:MODE:0,TQ:1,TL:1023,CM:1,CS:4,MS:0,MT:800
[2026-09-08 13:41:56.552] [RX] PITCH:-6.59,PID_OUT:150.69,INT:0.0985,EL:-2325,ER:637,VEL:175.6,MOT:1,TILT:25.0,TRIM:-5.971,ATE:1,LATCH:0,TORQ:1,CR:0.0,FX1:1.00,FY1:-151.10,FX2:-6.00,FY2:-149.60,IK1:1,IK2:1,MOVE:0
[2026-09-08 13:41:56.653] [RX] PITCH:-6.36,PID_OUT:145.03,INT:0.0985,EL:-2303,ER:609,VEL:244.2,MOT:1,TILT:25.0,TRIM:-6.000,ATE:1,LATCH:0,TORQ:1,CR:0.0,FX1:1.00,FY1:-151.10,FX2:-6.00,FY2:-149.60,IK1:1,IK2:1,MOVE:0
[2026-09-08 13:41:56.750] [RX] PITCH:-7.34,PID_OUT:251.19,INT:0.0985,EL:-2271,ER:570,VEL:372.3,MOT:1,TILT:25.0,TRIM:-6.000,ATE:1,LATCH:0,TORQ:1,CR:0.0,FX1:1.00,FY1:-151.10,FX2:-6.00,FY2:-149.60,IK1:1,IK2:1,MOVE:0
[2026-09-08 13:41:56.850] [RX] PITCH:-10.29,PID_OUT:582.66,INT:0.0985,EL:-2193,ER:454,VEL:897.8,MOT:1,TILT:25.0,TRIM:-6.000,ATE:1,LATCH:0,TORQ:1,CR:0.0,FX1:1.00,FY1:-151.10,FX2:-6.00,FY2:-149.60,IK1:1,IK2:1,MOVE:0
[2026-09-08 13:41:56.962] [RX] PITCH:-18.49,PID_OUT:816.44,INT:0.0985,EL:-2093,ER:306,VEL:1190.6,MOT:1,TILT:25.0,TRIM:-6.000,ATE:1,LATCH:0,TORQ:1,CR:0.0,FX1:1.00,FY1:-151.10,FX2:-6.00,FY2:-149.60,IK1:1,IK2:1,MOVE:0
[2026-09-08 13:41:56.962] [RX] AX12:MODE:0,TQ:1,TL:1023,CM:1,CS:4,MS:0,MT:800
[2026-09-08 13:41:57.049] [RX] PITCH:-17.06,PID_OUT:763.79,INT:0.0985,EL:-1982,ER:145,VEL:1331.1,MOT:1,TILT:25.0,TRIM:-6.000,ATE:1,LATCH:0,TORQ:1,CR:0.0,FX1:1.00,FY1:-151.10,FX2:-6.00,FY2:-149.60,IK1:1,IK2:1,MOVE:0
[2026-09-08 13:41:57.054] [RX] SRV:14,44,0.8,0,0
[2026-09-08 13:41:57.151] [RX] PITCH:-13.04,PID_OUT:765.53,INT:0.0985,EL:-1870,ER:-20,VEL:1377.6,MOT:1,TILT:25.0,TRIM:-6.000,ATE:1,LATCH:0,TORQ:1,CR:0.0,FX1:1.00,FY1:-151.10,FX2:-6.00,FY2:-149.60,IK1:1,IK2:1,MOVE:0
[2026-09-08 13:41:57.254] [RX] PITCH:-18.50,PID_OUT:1458.81,INT:0.0985,EL:-1759,ER:-187,VEL:1386.7,MOT:1,TILT:25.0,TRIM:-6.000,ATE:1,LATCH:0,TORQ:1,CR:0.0,FX1:1.00,FY1:-151.10,FX2:-6.00,FY2:-149.60,IK1:1,IK2:1,MOVE:0
[2026-09-08 13:41:57.254] [RX] SAFETY:CUTOFF
--------------------------------------------------------------------------------
[2026-09-08 13:41:57.254] [SYS] Session Stopped: SAFETY CUTOFF
Total Duration: 48.13s | Total Lines Captured: 642
================================================================================
