================================================================================
SERIAL MONITOR BACKUP LOG
Port: COM13 | Baud: 115200
Session Started: 2026-09-08 18:00:41
Trigger Reason: Motors ENABLED
Last IMU Calibration: Offset: -1.7055° (calibrated at 2026-09-08 18:00:40)
Active FW Parameters: pitchOffset=-1.7055
================================================================================
[Timestamp]                [Dir]  Payload
--------------------------------------------------------------------------------
[2026-09-08 18:00:41.771] [RX] Motors ENABLED
[2026-09-08 18:00:41.864] [RX] PITCH:0.62,PID_OUT:-42.40,INT:0.0000,EL:0,ER:1,VEL:-4.6,MOT:1,TILT:25.0,TRIM:0.014,ATE:1,LATCH:0,TORQ:1,CR:0.0,FX1:1.00,FY1:-151.10,FX2:-6.00,FY2:-149.60,IK1:1,IK2:1,MOVE:0
[2026-09-08 18:00:41.877] [RX] AX12:MODE:0,TQ:1,TL:1023,CM:1,CS:4,MS:0,MT:800
[2026-09-08 18:00:41.962] [RX] PITCH:0.62,PID_OUT:-43.07,INT:0.0000,EL:0,ER:1,VEL:-0.9,MOT:1,TILT:25.0,TRIM:0.003,ATE:1,LATCH:0,TORQ:1,CR:0.0,FX1:1.00,FY1:-151.10,FX2:-6.00,FY2:-149.60,IK1:1,IK2:1,MOVE:0
[2026-09-08 18:00:42.066] [RX] PITCH:0.64,PID_OUT:-45.83,INT:0.0000,EL:0,ER:1,VEL:-0.2,MOT:1,TILT:25.0,TRIM:0.001,ATE:1,LATCH:0,TORQ:1,CR:0.0,FX1:1.00,FY1:-151.10,FX2:-6.00,FY2:-149.60,IK1:1,IK2:1,MOVE:0
[2026-09-08 18:00:42.154] [RX] PITCH:0.62,PID_OUT:-43.97,INT:0.0000,EL:0,ER:1,VEL:-0.0,MOT:1,TILT:25.0,TRIM:0.001,ATE:1,LATCH:0,TORQ:1,CR:0.0,FX1:1.00,FY1:-151.10,FX2:-6.00,FY2:-149.60,IK1:1,IK2:1,MOVE:0
[2026-09-08 18:00:42.260] [RX] PITCH:0.61,PID_OUT:-43.27,INT:0.0000,EL:0,ER:1,VEL:-0.0,MOT:1,TILT:25.0,TRIM:0.001,ATE:1,LATCH:0,TORQ:1,CR:0.0,FX1:1.00,FY1:-151.10,FX2:-6.00,FY2:-149.60,IK1:1,IK2:1,MOVE:0
[2026-09-08 18:00:42.376] [RX] PITCH:0.58,PID_OUT:-42.40,INT:0.0000,EL:0,ER:1,VEL:-0.0,MOT:1,TILT:25.0,TRIM:0.001,ATE:1,LATCH:0,TORQ:1,CR:0.0,FX1:1.00,FY1:-151.10,FX2:-6.00,FY2:-149.60,IK1:1,IK2:1,MOVE:0
[2026-09-08 18:00:42.376] [RX] AX12:MODE:0,TQ:1,TL:1023,CM:1,CS:4,MS:0,MT:800
[2026-09-08 18:00:42.467] [RX] PITCH:0.57,PID_OUT:-41.05,INT:0.0000,EL:0,ER:1,VEL:-0.0,MOT:1,TILT:25.0,TRIM:0.001,ATE:1,LATCH:0,TORQ:1,CR:0.0,FX1:1.00,FY1:-151.10,FX2:-6.00,FY2:-149.60,IK1:1,IK2:1,MOVE:0
[2026-09-08 18:00:42.467] [RX] SRV:1,34,0.0,0,0
[2026-09-08 18:00:42.564] [RX] PITCH:0.56,PID_OUT:-39.79,INT:0.0000,EL:0,ER:1,VEL:-0.0,MOT:1,TILT:25.0,TRIM:0.001,ATE:1,LATCH:0,TORQ:1,CR:0.0,FX1:1.00,FY1:-151.10,FX2:-6.00,FY2:-149.60,IK1:1,IK2:1,MOVE:0
[2026-09-08 18:00:42.663] [RX] PITCH:0.55,PID_OUT:-40.02,INT:0.0000,EL:0,ER:1,VEL:-0.0,MOT:1,TILT:25.0,TRIM:0.001,ATE:1,LATCH:0,TORQ:1,CR:0.0,FX1:1.00,FY1:-151.10,FX2:-6.00,FY2:-149.60,IK1:1,IK2:1,MOVE:0
[2026-09-08 18:00:42.762] [RX] PITCH:0.51,PID_OUT:-35.62,INT:0.0000,EL:0,ER:1,VEL:-0.0,MOT:1,TILT:25.0,TRIM:0.001,ATE:1,LATCH:0,TORQ:1,CR:0.0,FX1:1.00,FY1:-151.10,FX2:-6.00,FY2:-149.60,IK1:1,IK2:1,MOVE:0
[2026-09-08 18:00:42.870] [RX] PITCH:0.46,PID_OUT:-31.21,INT:0.0000,EL:0,ER:1,VEL:-0.0,MOT:1,TILT:25.0,TRIM:0.001,ATE:1,LATCH:0,TORQ:1,CR:0.0,FX1:1.00,FY1:-151.10,FX2:-6.00,FY2:-149.60,IK1:1,IK2:1,MOVE:0
[2026-09-08 18:00:42.876] [RX] AX12:MODE:0,TQ:1,TL:1023,CM:1,CS:4,MS:0,MT:800
[2026-09-08 18:00:42.962] [RX] PITCH:0.36,PID_OUT:-24.52,INT:0.0000,EL:0,ER:1,VEL:-0.0,MOT:1,TILT:25.0,TRIM:0.001,ATE:1,LATCH:0,TORQ:1,CR:0.0,FX1:1.00,FY1:-151.10,FX2:-6.00,FY2:-149.60,IK1:1,IK2:1,MOVE:0
[2026-09-08 18:00:43.065] [RX] PITCH:0.22,PID_OUT:-14.40,INT:0.0000,EL:0,ER:1,VEL:-0.0,MOT:1,TILT:25.0,TRIM:0.001,ATE:1,LATCH:0,TORQ:1,CR:0.0,FX1:1.00,FY1:-151.10,FX2:-6.00,FY2:-149.60,IK1:1,IK2:1,MOVE:0
[2026-09-08 18:00:43.156] [RX] PITCH:-0.15,PID_OUT:3.38,INT:0.0000,EL:0,ER:1,VEL:-0.0,MOT:1,TILT:25.0,TRIM:0.001,ATE:1,LATCH:0,TORQ:1,CR:0.0,FX1:1.00,FY1:-151.10,FX2:-6.00,FY2:-149.60,IK1:1,IK2:1,MOVE:0
[2026-09-08 18:00:43.258] [RX] PITCH:-0.29,PID_OUT:2.11,INT:0.0000,EL:0,ER:1,VEL:-0.0,MOT:1,TILT:25.0,TRIM:0.001,ATE:1,LATCH:0,TORQ:1,CR:0.0,FX1:1.00,FY1:-151.10,FX2:-6.00,FY2:-149.60,IK1:1,IK2:1,MOVE:0
[2026-09-08 18:00:43.367] [RX] PITCH:0.02,PID_OUT:-21.49,INT:0.0000,EL:0,ER:1,VEL:-0.0,MOT:1,TILT:25.0,TRIM:0.001,ATE:1,LATCH:0,TORQ:1,CR:0.0,FX1:1.00,FY1:-151.10,FX2:-6.00,FY2:-149.60,IK1:1,IK2:1,MOVE:0
[2026-09-08 18:00:43.373] [RX] AX12:MODE:0,TQ:1,TL:1023,CM:1,CS:4,MS:0,MT:800
[2026-09-08 18:00:43.465] [RX] PITCH:0.60,PID_OUT:-58.40,INT:0.0000,EL:0,ER:1,VEL:-0.0,MOT:1,TILT:25.0,TRIM:0.001,ATE:1,LATCH:0,TORQ:1,CR:0.0,FX1:1.00,FY1:-151.10,FX2:-6.00,FY2:-149.60,IK1:1,IK2:1,MOVE:0
[2026-09-08 18:00:43.467] [RX] SRV:6,35,0.8,0,0
[2026-09-08 18:00:43.562] [RX] PITCH:1.05,PID_OUT:-65.86,INT:0.0000,EL:-15,ER:1,VEL:-88.9,MOT:1,TILT:25.0,TRIM:0.271,ATE:1,LATCH:0,TORQ:1,CR:0.0,FX1:1.00,FY1:-151.10,FX2:-6.00,FY2:-149.60,IK1:1,IK2:1,MOVE:0
[2026-09-08 18:00:43.662] [RX] PITCH:1.58,PID_OUT:-80.13,INT:0.0000,EL:-35,ER:1,VEL:-110.2,MOT:1,TILT:25.0,TRIM:0.348,ATE:1,LATCH:0,TORQ:1,CR:0.0,FX1:1.00,FY1:-151.10,FX2:-6.00,FY2:-149.60,IK1:1,IK2:1,MOVE:0
[2026-09-08 18:00:43.749] [RX] PITCH:1.61,PID_OUT:-58.81,INT:0.0000,EL:-59,ER:2,VEL:-122.0,MOT:1,TILT:25.0,TRIM:0.401,ATE:1,LATCH:0,TORQ:1,CR:0.0,FX1:1.00,FY1:-151.10,FX2:-6.00,FY2:-149.60,IK1:1,IK2:1,MOVE:0
[2026-09-08 18:00:43.867] [RX] PITCH:1.06,PID_OUT:-26.78,INT:0.0000,EL:-88,ER:3,VEL:-154.7,MOT:1,TILT:25.0,TRIM:0.519,ATE:1,LATCH:0,TORQ:1,CR:0.0,FX1:1.00,FY1:-151.10,FX2:-6.00,FY2:-149.60,IK1:1,IK2:1,MOVE:0
[2026-09-08 18:00:43.869] [RX] AX12:MODE:0,TQ:1,TL:1023,CM:1,CS:4,MS:0,MT:800
[2026-09-08 18:00:43.963] [RX] PITCH:0.67,PID_OUT:-1.66,INT:0.0000,EL:-117,ER:3,VEL:-157.1,MOT:1,TILT:25.0,TRIM:0.548,ATE:1,LATCH:0,TORQ:1,CR:0.0,FX1:1.00,FY1:-151.10,FX2:-6.00,FY2:-149.60,IK1:1,IK2:1,MOVE:0
[2026-09-08 18:00:44.051] [RX] PITCH:0.23,PID_OUT:12.17,INT:0.0000,EL:-121,ER:3,VEL:-60.9,MOT:1,TILT:25.0,TRIM:0.271,ATE:1,LATCH:0,TORQ:1,CR:0.0,FX1:1.00,FY1:-151.10,FX2:-6.00,FY2:-149.60,IK1:1,IK2:1,MOVE:0
[2026-09-08 18:00:44.162] [RX] PITCH:-0.65,PID_OUT:43.43,INT:0.0000,EL:-122,ER:-3,VEL:31.3,MOT:1,TILT:25.0,TRIM:-0.002,ATE:1,LATCH:0,TORQ:1,CR:0.0,FX1:1.00,FY1:-151.10,FX2:-6.00,FY2:-149.60,IK1:1,IK2:1,MOVE:0
[2026-09-08 18:00:44.255] [RX] PITCH:-1.25,PID_OUT:50.32,INT:0.0000,EL:-121,ER:-23,VEL:94.5,MOT:1,TILT:25.0,TRIM:-0.202,ATE:1,LATCH:0,TORQ:1,CR:0.0,FX1:1.00,FY1:-151.10,FX2:-6.00,FY2:-149.60,IK1:1,IK2:1,MOVE:0
[2026-09-08 18:00:44.360] [RX] PITCH:-1.01,PID_OUT:36.12,INT:0.0000,EL:-120,ER:-23,VEL:21.0,MOT:1,TILT:25.0,TRIM:0.012,ATE:1,LATCH:0,TORQ:1,CR:0.0,FX1:1.00,FY1:-151.10,FX2:-6.00,FY2:-149.60,IK1:1,IK2:1,MOVE:0
[2026-09-08 18:00:44.369] [RX] AX12:MODE:0,TQ:1,TL:1023,CM:1,CS:4,MS:0,MT:800
[2026-09-08 18:00:44.464] [RX] PITCH:-0.30,PID_OUT:-5.47,INT:0.0000,EL:-122,ER:-23,VEL:-8.6,MOT:1,TILT:25.0,TRIM:0.099,ATE:1,LATCH:0,TORQ:1,CR:0.0,FX1:1.00,FY1:-151.10,FX2:-6.00,FY2:-149.60,IK1:1,IK2:1,MOVE:0
[2026-09-08 18:00:44.464] [RX] SRV:0,34,0.0,0,0
[2026-09-08 18:00:44.557] [RX] PITCH:0.60,PID_OUT:-8.07,INT:0.0000,EL:-181,ER:-23,VEL:-270.3,MOT:1,TILT:25.0,TRIM:0.907,ATE:1,LATCH:0,TORQ:1,CR:0.0,FX1:1.00,FY1:-151.10,FX2:-6.00,FY2:-149.60,IK1:1,IK2:1,MOVE:0
[2026-09-08 18:00:44.662] [RX] PITCH:1.57,PID_OUT:-22.95,INT:0.0000,EL:-271,ER:-23,VEL:-437.1,MOT:1,TILT:25.0,TRIM:1.460,ATE:1,LATCH:0,TORQ:1,CR:0.0,FX1:1.00,FY1:-151.10,FX2:-6.00,FY2:-149.60,IK1:1,IK2:1,MOVE:0
[2026-09-08 18:00:44.758] [RX] PITCH:1.97,PID_OUT:-20.64,INT:0.0000,EL:-371,ER:-23,VEL:-487.5,MOT:1,TILT:25.0,TRIM:1.682,ATE:1,LATCH:0,TORQ:1,CR:0.0,FX1:1.00,FY1:-151.10,FX2:-6.00,FY2:-149.60,IK1:1,IK2:1,MOVE:0
[2026-09-08 18:00:44.857] [RX] PITCH:1.68,PID_OUT:-11.88,INT:0.0000,EL:-451,ER:-23,VEL:-392.8,MOT:1,TILT:25.0,TRIM:1.466,ATE:1,LATCH:0,TORQ:1,CR:0.0,FX1:1.00,FY1:-151.10,FX2:-6.00,FY2:-149.60,IK1:1,IK2:1,MOVE:0
[2026-09-08 18:00:44.872] [RX] AX12:MODE:0,TQ:1,TL:1023,CM:1,CS:4,MS:0,MT:800
[2026-09-08 18:00:44.919] [TX] I0.0
[2026-09-08 18:00:44.973] [RX] PITCH:1.23,PID_OUT:-7.49,INT:0.0000,EL:-502,ER:-23,VEL:-266.8,MOT:1,TILT:25.0,TRIM:1.137,ATE:1,LATCH:0,TORQ:1,CR:0.0,FX1:1.00,FY1:-151.10,FX2:-6.00,FY2:-149.60,IK1:1,IK2:1,MOVE:0
[2026-09-08 18:00:44.989] [RX] Updated -> P:60.100 I:0.000 D:3.000 Offset:-1.7055 Target:0.000 Alpha:0.9600 Tilt:25.00 TrimGain:0.0015 Crouch:0.00 VP:0.0030
[2026-09-08 18:00:45.059] [RX] PITCH:1.09,PID_OUT:-10.89,INT:0.0000,EL:-532,ER:-23,VEL:-162.3,MOT:1,TILT:25.0,TRIM:0.855,ATE:1,LATCH:0,TORQ:1,CR:0.0,FX1:1.00,FY1:-151.10,FX2:-6.00,FY2:-149.60,IK1:1,IK2:1,MOVE:0
[2026-09-08 18:00:45.162] [RX] PITCH:0.86,PID_OUT:4.82,INT:0.0000,EL:-552,ER:-23,VEL:-79.0,MOT:1,TILT:25.0,TRIM:0.627,ATE:1,LATCH:0,TORQ:1,CR:0.0,FX1:1.00,FY1:-151.10,FX2:-6.00,FY2:-149.60,IK1:1,IK2:1,MOVE:0
[2026-09-08 18:00:45.260] [RX] PITCH:-0.47,PID_OUT:62.64,INT:0.0000,EL:-558,ER:-23,VEL:-26.0,MOT:1,TILT:25.0,TRIM:0.477,ATE:1,LATCH:0,TORQ:1,CR:0.0,FX1:1.00,FY1:-151.10,FX2:-6.00,FY2:-149.60,IK1:1,IK2:1,MOVE:0
[2026-09-08 18:00:45.369] [RX] PITCH:-0.76,PID_OUT:25.68,INT:0.0000,EL:-554,ER:-23,VEL:16.2,MOT:1,TILT:25.0,TRIM:0.351,ATE:1,LATCH:0,TORQ:1,CR:0.0,FX1:1.00,FY1:-151.10,FX2:-6.00,FY2:-149.60,IK1:1,IK2:1,MOVE:0
[2026-09-08 18:00:45.369] [RX] AX12:MODE:0,TQ:1,TL:1023,CM:1,CS:4,MS:0,MT:800
[2026-09-08 18:00:45.456] [RX] PITCH:0.51,PID_OUT:-74.85,INT:0.0000,EL:-560,ER:-22,VEL:-46.5,MOT:1,TILT:25.0,TRIM:0.539,ATE:1,LATCH:0,TORQ:1,CR:0.0,FX1:1.00,FY1:-151.10,FX2:-6.00,FY2:-149.60,IK1:1,IK2:1,MOVE:0
[2026-09-08 18:00:45.456] [RX] SRV:14,34,0.0,0,0
[2026-09-08 18:00:45.548] [RX] PITCH:1.05,PID_OUT:-76.97,INT:0.0000,EL:-578,ER:-14,VEL:-117.1,MOT:1,TILT:25.0,TRIM:0.764,ATE:1,LATCH:0,TORQ:1,CR:0.0,FX1:1.00,FY1:-151.10,FX2:-6.00,FY2:-149.60,IK1:1,IK2:1,MOVE:0
[2026-09-08 18:00:45.656] [RX] PITCH:3.49,PID_OUT:-116.97,INT:0.0000,EL:-630,ER:-2,VEL:-231.2,MOT:1,TILT:25.0,TRIM:1.145,ATE:1,LATCH:0,TORQ:1,CR:0.0,FX1:1.00,FY1:-151.10,FX2:-6.00,FY2:-149.60,IK1:1,IK2:1,MOVE:0
[2026-09-08 18:00:45.755] [RX] PITCH:2.71,PID_OUT:-38.36,INT:0.0000,EL:-666,ER:19,VEL:-272.4,MOT:1,TILT:25.0,TRIM:1.308,ATE:1,LATCH:0,TORQ:1,CR:0.0,FX1:1.00,FY1:-151.10,FX2:-6.00,FY2:-149.60,IK1:1,IK2:1,MOVE:0
[2026-09-08 18:00:45.859] [RX] PITCH:1.91,PID_OUT:17.03,INT:0.0000,EL:-689,ER:35,VEL:-181.9,MOT:1,TILT:25.0,TRIM:1.073,ATE:1,LATCH:0,TORQ:1,CR:0.0,FX1:1.00,FY1:-151.10,FX2:-6.00,FY2:-149.60,IK1:1,IK2:1,MOVE:0
[2026-09-08 18:00:45.868] [RX] AX12:MODE:0,TQ:1,TL:1023,CM:1,CS:4,MS:0,MT:800
[2026-09-08 18:00:45.952] [RX] PITCH:0.32,PID_OUT:54.86,INT:0.0000,EL:-694,ER:30,VEL:-25.9,MOT:1,TILT:25.0,TRIM:0.618,ATE:1,LATCH:0,TORQ:1,CR:0.0,FX1:1.00,FY1:-151.10,FX2:-6.00,FY2:-149.60,IK1:1,IK2:1,MOVE:0
[2026-09-08 18:00:46.052] [RX] PITCH:-1.09,PID_OUT:116.82,INT:0.0000,EL:-693,ER:27,VEL:2.6,MOT:1,TILT:25.0,TRIM:0.532,ATE:1,LATCH:0,TORQ:1,CR:0.0,FX1:1.00,FY1:-151.10,FX2:-6.00,FY2:-149.60,IK1:1,IK2:1,MOVE:0
[2026-09-08 18:00:46.150] [RX] PITCH:-1.73,PID_OUT:89.71,INT:0.0000,EL:-689,ER:9,VEL:95.7,MOT:1,TILT:25.0,TRIM:0.244,ATE:1,LATCH:0,TORQ:1,CR:0.0,FX1:1.00,FY1:-151.10,FX2:-6.00,FY2:-149.60,IK1:1,IK2:1,MOVE:0
[2026-09-08 18:00:46.251] [RX] PITCH:-1.69,PID_OUT:39.84,INT:0.0000,EL:-682,ER:-13,VEL:129.8,MOT:1,TILT:25.0,TRIM:0.123,ATE:1,LATCH:0,TORQ:1,CR:0.0,FX1:1.00,FY1:-151.10,FX2:-6.00,FY2:-149.60,IK1:1,IK2:1,MOVE:0
[2026-09-08 18:00:46.362] [RX] PITCH:-0.63,PID_OUT:-7.54,INT:0.0000,EL:-679,ER:-30,VEL:87.8,MOT:1,TILT:25.0,TRIM:0.231,ATE:1,LATCH:0,TORQ:1,CR:0.0,FX1:1.00,FY1:-151.10,FX2:-6.00,FY2:-149.60,IK1:1,IK2:1,MOVE:0
[2026-09-08 18:00:46.366] [RX] AX12:MODE:0,TQ:1,TL:1023,CM:1,CS:4,MS:0,MT:800
[2026-09-08 18:00:46.460] [RX] PITCH:1.16,PID_OUT:-95.14,INT:0.0000,EL:-681,ER:-30,VEL:0.1,MOT:1,TILT:25.0,TRIM:0.488,ATE:1,LATCH:0,TORQ:1,CR:0.0,FX1:1.00,FY1:-151.10,FX2:-6.00,FY2:-149.60,IK1:1,IK2:1,MOVE:0
[2026-09-08 18:00:46.460] [RX] SRV:1,34,0.0,0,0
[2026-09-08 18:00:46.554] [RX] PITCH:1.97,PID_OUT:-64.74,INT:0.0000,EL:-707,ER:-24,VEL:-118.4,MOT:1,TILT:25.0,TRIM:0.857,ATE:1,LATCH:0,TORQ:1,CR:0.0,FX1:1.00,FY1:-151.10,FX2:-6.00,FY2:-149.60,IK1:1,IK2:1,MOVE:0
[2026-09-08 18:00:46.657] [RX] PITCH:2.16,PID_OUT:-70.04,INT:0.0000,EL:-739,ER:-17,VEL:-184.7,MOT:1,TILT:25.0,TRIM:1.080,ATE:1,LATCH:0,TORQ:1,CR:0.0,FX1:1.00,FY1:-151.10,FX2:-6.00,FY2:-149.60,IK1:1,IK2:1,MOVE:0
[2026-09-08 18:00:46.747] [RX] PITCH:2.22,PID_OUT:-49.79,INT:0.0000,EL:-767,ER:-8,VEL:-190.8,MOT:1,TILT:25.0,TRIM:1.125,ATE:1,LATCH:0,TORQ:1,CR:0.0,FX1:1.00,FY1:-151.10,FX2:-6.00,FY2:-149.60,IK1:1,IK2:1,MOVE:0
[2026-09-08 18:00:46.853] [RX] PITCH:1.88,PID_OUT:-28.13,INT:0.0000,EL:-788,ER:-1,VEL:-142.4,MOT:1,TILT:25.0,TRIM:1.005,ATE:1,LATCH:0,TORQ:1,CR:0.0,FX1:1.00,FY1:-151.10,FX2:-6.00,FY2:-149.60,IK1:1,IK2:1,MOVE:0
[2026-09-08 18:00:46.866] [RX] AX12:MODE:0,TQ:1,TL:1023,CM:1,CS:4,MS:0,MT:800
[2026-09-08 18:00:46.947] [RX] PITCH:1.20,PID_OUT:-3.14,INT:0.0000,EL:-796,ER:2,VEL:-52.2,MOT:1,TILT:25.0,TRIM:0.751,ATE:1,LATCH:0,TORQ:1,CR:0.0,FX1:1.00,FY1:-151.10,FX2:-6.00,FY2:-149.60,IK1:1,IK2:1,MOVE:0
[2026-09-08 18:00:47.051] [RX] PITCH:0.11,PID_OUT:52.07,INT:0.0000,EL:-796,ER:-7,VEL:57.2,MOT:1,TILT:25.0,TRIM:0.425,ATE:1,LATCH:0,TORQ:1,CR:0.0,FX1:1.00,FY1:-151.10,FX2:-6.00,FY2:-149.60,IK1:1,IK2:1,MOVE:0
[2026-09-08 18:00:47.144] [RX] PITCH:-1.48,PID_OUT:100.50,INT:0.0000,EL:-793,ER:-27,VEL:107.5,MOT:1,TILT:25.0,TRIM:0.261,ATE:1,LATCH:0,TORQ:1,CR:0.0,FX1:1.00,FY1:-151.10,FX2:-6.00,FY2:-149.60,IK1:1,IK2:1,MOVE:0
[2026-09-08 18:00:47.239] [RX] T:1,TILT:25.0,TRIM:0.166,ATE:1,LATCH:0,TORQ:1,CR:0.0,FX1:1.00,FY1:-151.10,FX2:-6.00,FY2:-149.60,IK1:1,IK2:1,MOVE:0
[2026-09-08 18:00:47.255] [TX] P43.2
[2026-09-08 18:00:47.308] [RX] Updated -> P:43.200 I:0.000 D:3.000 Offset:-1.7055 Target:0.000 Alpha:0.9600 Tilt:25.00 TrimGain:0.0015 Crouch:0.00 VP:0.0030
[2026-09-08 18:00:47.346] [RX] PITCH:-0.81,PID_OUT:6.41,INT:0.0000,EL:-782,ER:-69,VEL:108.3,MOT:1,TILT:25.0,TRIM:0.219,ATE:1,LATCH:0,TORQ:1,CR:0.0,FX1:1.00,FY1:-151.10,FX2:-6.00,FY2:-149.60,IK1:1,IK2:1,MOVE:0
[2026-09-08 18:00:47.359] [RX] AX12:MODE:0,TQ:1,TL:1023,CM:1,CS:4,MS:0,MT:800
[2026-09-08 18:00:47.452] [RX] PITCH:0.24,PID_OUT:-38.65,INT:0.0000,EL:-782,ER:-69,VEL:21.3,MOT:1,TILT:25.0,TRIM:0.473,ATE:1,LATCH:0,TORQ:1,CR:0.0,FX1:1.00,FY1:-151.10,FX2:-6.00,FY2:-149.60,IK1:1,IK2:1,MOVE:0
[2026-09-08 18:00:47.452] [RX] SRV:6,36,0.0,0,0
[2026-09-08 18:00:47.552] [RX] PITCH:2.26,PID_OUT:-78.35,INT:0.0000,EL:-801,ER:-66,VEL:-96.1,MOT:1,TILT:25.0,TRIM:0.831,ATE:1,LATCH:0,TORQ:1,CR:0.0,FX1:1.00,FY1:-151.10,FX2:-6.00,FY2:-149.60,IK1:1,IK2:1,MOVE:0
[2026-09-08 18:00:47.653] [RX] PITCH:2.86,PID_OUT:-66.79,INT:0.0000,EL:-822,ER:-60,VEL:-120.2,MOT:1,TILT:25.0,TRIM:0.922,ATE:1,LATCH:0,TORQ:1,CR:0.0,FX1:1.00,FY1:-151.10,FX2:-6.00,FY2:-149.60,IK1:1,IK2:1,MOVE:0
[2026-09-08 18:00:47.744] [RX] PITCH:2.41,PID_OUT:-15.79,INT:0.0000,EL:-839,ER:-54,VEL:-94.3,MOT:1,TILT:25.0,TRIM:0.864,ATE:1,LATCH:0,TORQ:1,CR:0.0,FX1:1.00,FY1:-151.10,FX2:-6.00,FY2:-149.60,IK1:1,IK2:1,MOVE:0
[2026-09-08 18:00:47.786] [TX] P34.7
[2026-09-08 18:00:47.840] [RX] Updated -> P:34.700 I:0.000 D:3.000 Offset:-1.7055 Target:0.000 Alpha:0.9600 Tilt:25.00 TrimGain:0.0015 Crouch:0.00 VP:0.0030
[2026-09-08 18:00:47.851] [RX] AX12:MODE:0,TQ:1,TL:1023,CM:1,CS:4,MS:0,MT:800
[2026-09-08 18:00:47.952] [RX] PITCH:-2.67,PID_OUT:104.98,INT:0.0000,EL:-835,ER:-85,VEL:104.5,MOT:1,TILT:25.0,TRIM:0.258,ATE:1,LATCH:0,TORQ:1,CR:0.0,FX1:1.00,FY1:-151.10,FX2:-6.00,FY2:-149.60,IK1:1,IK2:1,MOVE:0
[2026-09-08 18:00:48.046] [RX] PITCH:-3.23,PID_OUT:49.89,INT:0.0000,EL:-826,ER:-108,VEL:152.5,MOT:1,TILT:25.0,TRIM:0.094,ATE:1,LATCH:0,TORQ:1,CR:0.0,FX1:1.00,FY1:-151.10,FX2:-6.00,FY2:-149.60,IK1:1,IK2:1,MOVE:0
[2026-09-08 18:00:48.143] [RX] PITCH:-1.83,PID_OUT:14.36,INT:0.0000,EL:-821,ER:-129,VEL:128.8,MOT:1,TILT:25.0,TRIM:0.143,ATE:1,LATCH:0,TORQ:1,CR:0.0,FX1:1.00,FY1:-151.10,FX2:-6.00,FY2:-149.60,IK1:1,IK2:1,MOVE:0
[2026-09-08 18:00:48.239] [RX] PITCH:-0.31,PID_OUT:-26.51,INT:0.0000,EL:-821,ER:-141,VEL:65.4,MOT:1,TILT:25.0,TRIM:0.319,ATE:1,LATCH:0,TORQ:1,CR:0.0,FX1:1.00,FY1:-151.10,FX2:-6.00,FY2:-149.60,IK1:1,IK2:1,MOVE:0
[2026-09-08 18:00:48.357] [RX] PITCH:1.86,PID_OUT:-72.96,INT:0.0000,EL:-844,ER:-141,VEL:-79.8,MOT:1,TILT:25.0,TRIM:0.760,ATE:1,LATCH:0,TORQ:1,CR:0.0,FX1:1.00,FY1:-151.10,FX2:-6.00,FY2:-149.60,IK1:1,IK2:1,MOVE:0
[2026-09-08 18:00:48.360] [RX] AX12:MODE:0,TQ:1,TL:1023,CM:1,CS:4,MS:0,MT:800
[2026-09-08 18:00:48.453] [RX] PITCH:3.11,PID_OUT:-35.07,INT:0.0000,EL:-868,ER:-137,VEL:-124.0,MOT:1,TILT:25.0,TRIM:0.910,ATE:1,LATCH:0,TORQ:1,CR:0.0,FX1:1.00,FY1:-151.10,FX2:-6.00,FY2:-149.60,IK1:1,IK2:1,MOVE:0
[2026-09-08 18:00:48.455] [RX] SRV:0,34,0.0,0,0
[2026-09-08 18:00:48.549] [RX] PITCH:1.91,PID_OUT:19.53,INT:0.0000,EL:-880,ER:-137,VEL:-41.0,MOT:1,TILT:25.0,TRIM:0.677,ATE:1,LATCH:0,TORQ:1,CR:0.0,FX1:1.00,FY1:-151.10,FX2:-6.00,FY2:-149.60,IK1:1,IK2:1,MOVE:0
[2026-09-08 18:00:48.650] [RX] PITCH:-0.77,PID_OUT:100.80,INT:0.0000,EL:-879,ER:-163,VEL:80.5,MOT:1,TILT:25.0,TRIM:0.302,ATE:1,LATCH:0,TORQ:1,CR:0.0,FX1:1.00,FY1:-151.10,FX2:-6.00,FY2:-149.60,IK1:1,IK2:1,MOVE:0
[2026-09-08 18:00:48.747] [RX] PITCH:-3.62,PID_OUT:109.34,INT:0.0000,EL:-873,ER:-184,VEL:139.8,MOT:1,TILT:25.0,TRIM:0.109,ATE:1,LATCH:0,TORQ:1,CR:0.0,FX1:1.00,FY1:-151.10,FX2:-6.00,FY2:-149.60,IK1:1,IK2:1,MOVE:0
[2026-09-08 18:00:48.855] [RX] PITCH:-3.46,PID_OUT:33.53,INT:0.0000,EL:-860,ER:-210,VEL:183.9,MOT:1,TILT:25.0,TRIM:-0.049,ATE:1,LATCH:0,TORQ:1,CR:0.0,FX1:1.00,FY1:-151.10,FX2:-6.00,FY2:-149.60,IK1:1,IK2:1,MOVE:0
[2026-09-08 18:00:48.858] [RX] AX12:MODE:0,TQ:1,TL:1023,CM:1,CS:4,MS:0,MT:800
[2026-09-08 18:00:48.936] [RX] PITCH:-1.53,PID_OUT:-47.12,INT:0.0000,EL:-866,ER:-223,VEL:26.3,MOT:1,TILT:25.0,TRIM:0.406,ATE:1,LATCH:0,TORQ:1,CR:0.0,FX1:1.00,FY1:-151.10,FX2:-6.00,FY2:-149.60,IK1:1,IK2:1,MOVE:0
[2026-09-08 18:00:49.046] [RX] PITCH:1.79,PID_OUT:-105.70,INT:0.0000,EL:-885,ER:-223,VEL:-81.2,MOT:1,TILT:25.0,TRIM:0.733,ATE:1,LATCH:0,TORQ:1,CR:0.0,FX1:1.00,FY1:-151.10,FX2:-6.00,FY2:-149.60,IK1:1,IK2:1,MOVE:0
[2026-09-08 18:00:49.145] [RX] PITCH:4.18,PID_OUT:-93.54,INT:0.0000,EL:-918,ER:-214,VEL:-201.0,MOT:1,TILT:25.0,TRIM:1.114,ATE:1,LATCH:0,TORQ:1,CR:0.0,FX1:1.00,FY1:-151.10,FX2:-6.00,FY2:-149.60,IK1:1,IK2:1,MOVE:0
[2026-09-08 18:00:49.247] [RX] PITCH:3.63,PID_OUT:-39.65,INT:0.0000,EL:-953,ER:-199,VEL:-238.7,MOT:1,TILT:25.0,TRIM:1.261,ATE:1,LATCH:0,TORQ:1,CR:0.0,FX1:1.00,FY1:-151.10,FX2:-6.00,FY2:-149.60,IK1:1,IK2:1,MOVE:0
[2026-09-08 18:00:49.350] [RX] PITCH:3.47,PID_OUT:-8.10,INT:0.0000,EL:-986,ER:-187,VEL:-220.9,MOT:1,TILT:25.0,TRIM:1.243,ATE:1,LATCH:0,TORQ:1,CR:0.0,FX1:1.00,FY1:-151.10,FX2:-6.00,FY2:-149.60,IK1:1,IK2:1,MOVE:0
[2026-09-08 18:00:49.350] [RX] AX12:MODE:0,TQ:1,TL:1023,CM:1,CS:4,MS:0,MT:800
[2026-09-08 18:00:49.451] [RX] PITCH:1.65,PID_OUT:50.33,INT:0.0000,EL:-993,ER:-191,VEL:-28.5,MOT:1,TILT:25.0,TRIM:0.685,ATE:1,LATCH:0,TORQ:1,CR:0.0,FX1:1.00,FY1:-151.10,FX2:-6.00,FY2:-149.60,IK1:1,IK2:1,MOVE:0
[2026-09-08 18:00:49.451] [RX] SRV:14,34,0.0,0,0
[2026-09-08 18:00:49.547] [RX] PITCH:-1.08,PID_OUT:141.78,INT:0.0000,EL:-993,ER:-195,VEL:29.7,MOT:1,TILT:25.0,TRIM:0.512,ATE:1,LATCH:0,TORQ:1,CR:0.0,FX1:1.00,FY1:-151.10,FX2:-6.00,FY2:-149.60,IK1:1,IK2:1,MOVE:0
[2026-09-08 18:00:49.649] [RX] PITCH:-3.92,PID_OUT:87.35,INT:0.0000,EL:-981,ER:-222,VEL:181.6,MOT:1,TILT:25.0,TRIM:0.040,ATE:1,LATCH:0,TORQ:1,CR:0.0,FX1:1.00,FY1:-151.10,FX2:-6.00,FY2:-149.60,IK1:1,IK2:1,MOVE:0
[2026-09-08 18:00:49.735] [RX] PITCH:-5.69,PID_OUT:0.27,INT:0.0000,EL:-959,ER:-256,VEL:253.5,MOT:1,TILT:25.0,TRIM:-0.212,ATE:1,LATCH:0,TORQ:1,CR:0.0,FX1:1.00,FY1:-151.10,FX2:-6.00,FY2:-149.60,IK1:1,IK2:1,MOVE:0
[2026-09-08 18:00:49.847] [RX] PITCH:-0.75,PID_OUT:-121.11,INT:0.0000,EL:-954,ER:-272,VEL:119.0,MOT:1,TILT:25.0,TRIM:0.165,ATE:1,LATCH:0,TORQ:1,CR:0.0,FX1:1.00,FY1:-151.10,FX2:-6.00,FY2:-149.60,IK1:1,IK2:1,MOVE:0
[2026-09-08 18:00:49.847] [RX] AX12:MODE:0,TQ:1,TL:1023,CM:1,CS:4,MS:0,MT:800
[2026-09-08 18:00:49.932] [RX] PITCH:3.56,PID_OUT:-154.10,INT:0.0000,EL:-974,ER:-268,VEL:-104.2,MOT:1,TILT:25.0,TRIM:0.833,ATE:1,LATCH:0,TORQ:1,CR:0.0,FX1:1.00,FY1:-151.10,FX2:-6.00,FY2:-149.60,IK1:1,IK2:1,MOVE:0
[2026-09-08 18:00:50.048] [RX] PITCH:5.76,PID_OUT:-62.72,INT:0.0000,EL:-1009,ER:-249,VEL:-239.2,MOT:1,TILT:25.0,TRIM:1.267,ATE:1,LATCH:0,TORQ:1,CR:0.0,FX1:1.00,FY1:-151.10,FX2:-6.00,FY2:-149.60,IK1:1,IK2:1,MOVE:0
[2026-09-08 18:00:50.145] [RX] PITCH:4.31,PID_OUT:63.26,INT:0.0000,EL:-1039,ER:-233,VEL:-201.3,MOT:1,TILT:25.0,TRIM:1.191,ATE:1,LATCH:0,TORQ:1,CR:0.0,FX1:1.00,FY1:-151.10,FX2:-6.00,FY2:-149.60,IK1:1,IK2:1,MOVE:0
[2026-09-08 18:00:50.245] [RX] PITCH:-0.07,PID_OUT:100.81,INT:0.0000,EL:-1050,ER:-252,VEL:70.9,MOT:1,TILT:25.0,TRIM:0.392,ATE:1,LATCH:0,TORQ:1,CR:0.0,FX1:1.00,FY1:-151.10,FX2:-6.00,FY2:-149.60,IK1:1,IK2:1,MOVE:0
[2026-09-08 18:00:50.350] [RX] PITCH:-3.77,PID_OUT:153.00,INT:0.0000,EL:-1042,ER:-278,VEL:142.5,MOT:1,TILT:25.0,TRIM:0.158,ATE:1,LATCH:0,TORQ:1,CR:0.0,FX1:1.00,FY1:-151.10,FX2:-6.00,FY2:-149.60,IK1:1,IK2:1,MOVE:0
[2026-09-08 18:00:50.350] [RX] AX12:MODE:0,TQ:1,TL:1023,CM:1,CS:4,MS:0,MT:800
[2026-09-08 18:00:50.447] [RX] PITCH:-4.79,PID_OUT:96.91,INT:0.0000,EL:-1023,ER:-312,VEL:241.5,MOT:1,TILT:25.0,TRIM:-0.171,ATE:1,LATCH:0,TORQ:1,CR:0.0,FX1:1.00,FY1:-151.10,FX2:-6.00,FY2:-149.60,IK1:1,IK2:1,MOVE:0
[2026-09-08 18:00:50.447] [RX] SRV:1,35,0.0,0,0
[2026-09-08 18:00:50.534] [RX] PITCH:-4.38,PID_OUT:-18.59,INT:0.0000,EL:-1003,ER:-344,VEL:237.0,MOT:1,TILT:25.0,TRIM:-0.197,ATE:1,LATCH:0,TORQ:1,CR:0.0,FX1:1.00,FY1:-151.10,FX2:-6.00,FY2:-149.60,IK1:1,IK2:1,MOVE:0
[2026-09-08 18:00:50.642] [RX] PITCH:-0.68,PID_OUT:-114.20,INT:0.0000,EL:-1004,ER:-360,VEL:95.4,MOT:1,TILT:25.0,TRIM:0.205,ATE:1,LATCH:0,TORQ:1,CR:0.0,FX1:1.00,FY1:-151.10,FX2:-6.00,FY2:-149.60,IK1:1,IK2:1,MOVE:0
[2026-09-08 18:00:50.744] [RX] PITCH:2.50,PID_OUT:-155.80,INT:0.0000,EL:-1028,ER:-359,VEL:-68.3,MOT:1,TILT:25.0,TRIM:0.701,ATE:1,LATCH:0,TORQ:1,CR:0.0,FX1:1.00,FY1:-151.10,FX2:-6.00,FY2:-149.60,IK1:1,IK2:1,MOVE:0
[2026-09-08 18:00:50.848] [RX] PITCH:5.69,PID_OUT:-110.95,INT:0.0000,EL:-1062,ER:-341,VEL:-230.9,MOT:1,TILT:25.0,TRIM:1.214,ATE:1,LATCH:0,TORQ:1,CR:0.0,FX1:1.00,FY1:-151.10,FX2:-6.00,FY2:-149.60,IK1:1,IK2:1,MOVE:0
[2026-09-08 18:00:50.848] [RX] AX12:MODE:0,TQ:1,TL:1023,CM:1,CS:4,MS:0,MT:800
[2026-09-08 18:00:50.938] [RX] PITCH:5.62,PID_OUT:5.61,INT:0.0000,EL:-1100,ER:-315,VEL:-293.1,MOT:1,TILT:25.0,TRIM:1.443,ATE:1,LATCH:0,TORQ:1,CR:0.0,FX1:1.00,FY1:-151.10,FX2:-6.00,FY2:-149.60,IK1:1,IK2:1,MOVE:0
[2026-09-08 18:00:51.035] [RX] PITCH:2.19,PID_OUT:116.17,INT:0.0000,EL:-1124,ER:-305,VEL:-177.4,MOT:1,TILT:25.0,TRIM:1.131,ATE:1,LATCH:0,TORQ:1,CR:0.0,FX1:1.00,FY1:-151.10,FX2:-6.00,FY2:-149.60,IK1:1,IK2:1,MOVE:0
[2026-09-08 18:00:51.139] [RX] PITCH:-1.24,PID_OUT:144.55,INT:0.0000,EL:-1126,ER:-322,VEL:49.3,MOT:1,TILT:25.0,TRIM:0.459,ATE:1,LATCH:0,TORQ:1,CR:0.0,FX1:1.00,FY1:-151.10,FX2:-6.00,FY2:-149.60,IK1:1,IK2:1,MOVE:0
[2026-09-08 18:00:51.240] [RX] PITCH:-3.95,PID_OUT:124.32,INT:0.0000,EL:-1113,ER:-348,VEL:191.2,MOT:1,TILT:25.0,TRIM:0.016,ATE:1,LATCH:0,TORQ:1,CR:0.0,FX1:1.00,FY1:-151.10,FX2:-6.00,FY2:-149.60,IK1:1,IK2:1,MOVE:0
[2026-09-08 18:00:51.342] [RX] PITCH:-4.95,PID_OUT:68.70,INT:0.0000,EL:-1093,ER:-384,VEL:267.1,MOT:1,TILT:25.0,TRIM:-0.247,ATE:1,LATCH:0,TORQ:1,CR:0.0,FX1:1.00,FY1:-151.10,FX2:-6.00,FY2:-149.60,IK1:1,IK2:1,MOVE:0
[2026-09-08 18:00:51.350] [RX] AX12:MODE:0,TQ:1,TL:1023,CM:1,CS:4,MS:0,MT:800
[2026-09-08 18:00:51.442] [RX] PITCH:-3.06,PID_OUT:-53.47,INT:0.0000,EL:-1079,ER:-412,VEL:185.4,MOT:1,TILT:25.0,TRIM:-0.040,ATE:1,LATCH:0,TORQ:1,CR:0.0,FX1:1.00,FY1:-151.10,FX2:-6.00,FY2:-149.60,IK1:1,IK2:1,MOVE:0
[2026-09-08 18:00:51.445] [RX] SRV:6,36,0.8,0,0
[2026-09-08 18:00:51.542] [RX] PITCH:0.16,PID_OUT:-79.34,INT:0.0000,EL:-1095,ER:-424,VEL:-19.2,MOT:1,TILT:25.0,TRIM:0.559,ATE:1,LATCH:0,TORQ:1,CR:0.0,FX1:1.00,FY1:-151.10,FX2:-6.00,FY2:-149.60,IK1:1,IK2:1,MOVE:0
[2026-09-08 18:00:51.644] [RX] PITCH:3.14,PID_OUT:-125.62,INT:0.0000,EL:-1120,ER:-422,VEL:-106.0,MOT:1,TILT:25.0,TRIM:0.832,ATE:1,LATCH:0,TORQ:1,CR:0.0,FX1:1.00,FY1:-151.10,FX2:-6.00,FY2:-149.60,IK1:1,IK2:1,MOVE:0
[2026-09-08 18:00:51.736] [RX] PITCH:4.63,PID_OUT:-67.74,INT:0.0000,EL:-1153,ER:-410,VEL:-204.9,MOT:1,TILT:25.0,TRIM:1.155,ATE:1,LATCH:0,TORQ:1,CR:0.0,FX1:1.00,FY1:-151.10,FX2:-6.00,FY2:-149.60,IK1:1,IK2:1,MOVE:0
[2026-09-08 18:00:51.836] [RX] PITCH:3.92,PID_OUT:12.15,INT:0.0000,EL:-1184,ER:-396,VEL:-205.4,MOT:1,TILT:25.0,TRIM:1.190,ATE:1,LATCH:0,TORQ:1,CR:0.0,FX1:1.00,FY1:-151.10,FX2:-6.00,FY2:-149.60,IK1:1,IK2:1,MOVE:0
[2026-09-08 18:00:51.852] [RX] AX12:MODE:0,TQ:1,TL:1023,CM:1,CS:4,MS:0,MT:800
[2026-09-08 18:00:51.941] [RX] PITCH:0.61,PID_OUT:84.20,INT:0.0000,EL:-1191,ER:-401,VEL:-41.7,MOT:1,TILT:25.0,TRIM:0.714,ATE:1,LATCH:0,TORQ:1,CR:0.0,FX1:1.00,FY1:-151.10,FX2:-6.00,FY2:-149.60,IK1:1,IK2:1,MOVE:0
[2026-09-08 18:00:52.036] [RX] PITCH:-2.48,PID_OUT:116.50,INT:0.0000,EL:-1189,ER:-439,VEL:123.6,MOT:1,TILT:25.0,TRIM:0.202,ATE:1,LATCH:0,TORQ:1,CR:0.0,FX1:1.00,FY1:-151.10,FX2:-6.00,FY2:-149.60,IK1:1,IK2:1,MOVE:0
[2026-09-08 18:00:52.141] [RX] PITCH:-3.35,PID_OUT:65.01,INT:0.0000,EL:-1180,ER:-462,VEL:160.7,MOT:1,TILT:25.0,TRIM:0.070,ATE:1,LATCH:0,TORQ:1,CR:0.0,FX1:1.00,FY1:-151.10,FX2:-6.00,FY2:-149.60,IK1:1,IK2:1,MOVE:0
[2026-09-08 18:00:52.241] [RX] PITCH:-2.71,PID_OUT:25.79,INT:0.0000,EL:-1172,ER:-486,VEL:158.1,MOT:1,TILT:25.0,TRIM:0.054,ATE:1,LATCH:0,TORQ:1,CR:0.0,FX1:1.00,FY1:-151.10,FX2:-6.00,FY2:-149.60,IK1:1,IK2:1,MOVE:0
[2026-09-08 18:00:52.340] [RX] PITCH:-1.15,PID_OUT:-18.88,INT:0.0000,EL:-1170,ER:-495,VEL:55.9,MOT:1,TILT:25.0,TRIM:0.343,ATE:1,LATCH:0,TORQ:1,CR:0.0,FX1:1.00,FY1:-151.10,FX2:-6.00,FY2:-149.60,IK1:1,IK2:1,MOVE:0
[2026-09-08 18:00:52.349] [RX] AX12:MODE:0,TQ:1,TL:1023,CM:1,CS:4,MS:0,MT:800
[2026-09-08 18:00:52.437] [RX] PITCH:1.87,PID_OUT:-80.73,INT:0.0000,EL:-1186,ER:-493,VEL:-79.8,MOT:1,TILT:25.0,TRIM:0.752,ATE:1,LATCH:0,TORQ:1,CR:0.0,FX1:1.00,FY1:-151.10,FX2:-6.00,FY2:-149.60,IK1:1,IK2:1,MOVE:0
[2026-09-08 18:00:52.437] [RX] SRV:0,34,0.0,0,0
[2026-09-08 18:00:52.540] [RX] PITCH:3.39,PID_OUT:-65.87,INT:0.0000,EL:-1212,ER:-486,VEL:-153.4,MOT:1,TILT:25.0,TRIM:0.992,ATE:1,LATCH:0,TORQ:1,CR:0.0,FX1:1.00,FY1:-151.10,FX2:-6.00,FY2:-149.60,IK1:1,IK2:1,MOVE:0
[2026-09-08 18:00:52.640] [RX] PITCH:3.10,PID_OUT:-18.87,INT:0.0000,EL:-1242,ER:-479,VEL:-179.2,MOT:1,TILT:25.0,TRIM:1.095,ATE:1,LATCH:0,TORQ:1,CR:0.0,FX1:1.00,FY1:-151.10,FX2:-6.00,FY2:-149.60,IK1:1,IK2:1,MOVE:0
[2026-09-08 18:00:52.739] [RX] PITCH:1.35,PID_OUT:30.93,INT:0.0000,EL:-1249,ER:-479,VEL:-44.3,MOT:1,TILT:25.0,TRIM:0.707,ATE:1,LATCH:0,TORQ:1,CR:0.0,FX1:1.00,FY1:-151.10,FX2:-6.00,FY2:-149.60,IK1:1,IK2:1,MOVE:0
[2026-09-08 18:00:52.842] [RX] PITCH:-1.16,PID_OUT:100.38,INT:0.0000,EL:-1248,ER:-485,VEL:7.0,MOT:1,TILT:25.0,TRIM:0.552,ATE:1,LATCH:0,TORQ:1,CR:0.0,FX1:1.00,FY1:-151.10,FX2:-6.00,FY2:-149.60,IK1:1,IK2:1,MOVE:0
[2026-09-08 18:00:52.845] [RX] AX12:MODE:0,TQ:1,TL:1023,CM:1,CS:4,MS:0,MT:800
[2026-09-08 18:00:52.938] [RX] PITCH:-2.74,PID_OUT:95.64,INT:0.0000,EL:-1242,ER:-501,VEL:92.9,MOT:1,TILT:25.0,TRIM:0.285,ATE:1,LATCH:0,TORQ:1,CR:0.0,FX1:1.00,FY1:-151.10,FX2:-6.00,FY2:-149.60,IK1:1,IK2:1,MOVE:0
[2026-09-08 18:00:53.037] [RX] PITCH:-2.81,PID_OUT:47.98,INT:0.0000,EL:-1234,ER:-522,VEL:135.5,MOT:1,TILT:25.0,TRIM:0.139,ATE:1,LATCH:0,TORQ:1,CR:0.0,FX1:1.00,FY1:-151.10,FX2:-6.00,FY2:-149.60,IK1:1,IK2:1,MOVE:0
[2026-09-08 18:00:53.109] [TX] VP0.013000000000000001
[2026-09-08 18:00:53.141] [RX] PITCH:-2.08,PID_OUT:13.48,INT:0.0000,EL:-1228,ER:-543,VEL:122.8,MOT:1,TILT:25.0,TRIM:0.156,ATE:1,LATCH:0,TORQ:1,CR:0.0,FX1:1.00,FY1:-151.10,FX2:-6.00,FY2:-149.60,IK1:1,IK2:1,MOVE:0
[2026-09-08 18:00:53.172] [RX] Updated -> P:34.700 I:0.000 D:3.000 Offset:-1.7055 Target:0.000 Alpha:0.9600 Tilt:25.00 TrimGain:0.0015 Crouch:0.00 VP:0.0130
[2026-09-08 18:00:53.238] [RX] PITCH:-0.61,PID_OUT:-51.49,INT:0.0000,EL:-1229,ER:-548,VEL:25.8,MOT:1,TILT:25.0,TRIM:0.178,ATE:1,LATCH:0,TORQ:1,CR:0.0,FX1:1.00,FY1:-151.10,FX2:-6.00,FY2:-149.60,IK1:1,IK2:1,MOVE:0
[2026-09-08 18:00:53.333] [RX] PITCH:2.03,PID_OUT:-104.82,INT:0.0000,EL:-1245,ER:-545,VEL:-88.1,MOT:1,TILT:25.0,TRIM:1.663,ATE:1,LATCH:0,TORQ:1,CR:0.0,FX1:1.00,FY1:-151.10,FX2:-6.00,FY2:-149.60,IK1:1,IK2:1,MOVE:0
[2026-09-08 18:00:53.348] [RX] AX12:MODE:0,TQ:1,TL:1023,CM:1,CS:4,MS:0,MT:800
[2026-09-08 18:00:53.437] [RX] PITCH:5.42,PID_OUT:-71.44,INT:0.0000,EL:-1269,ER:-537,VEL:-166.7,MOT:1,TILT:25.0,TRIM:2.701,ATE:1,LATCH:0,TORQ:1,CR:0.0,FX1:1.00,FY1:-151.10,FX2:-6.00,FY2:-149.60,IK1:1,IK2:1,MOVE:0
[2026-09-08 18:00:53.442] [RX] SRV:14,34,0.0,0,0
[2026-09-08 18:00:53.537] [RX] PITCH:5.17,PID_OUT:2.97,INT:0.0000,EL:-1294,ER:-526,VEL:-161.2,MOT:1,TILT:25.0,TRIM:2.658,ATE:1,LATCH:0,TORQ:1,CR:0.0,FX1:1.00,FY1:-151.10,FX2:-6.00,FY2:-149.60,IK1:1,IK2:1,MOVE:0
[2026-09-08 18:00:53.637] [RX] PITCH:2.09,PID_OUT:66.08,INT:0.0000,EL:-1297,ER:-530,VEL:-22.3,MOT:1,TILT:25.0,TRIM:0.863,ATE:1,LATCH:0,TORQ:1,CR:0.0,FX1:1.00,FY1:-151.10,FX2:-6.00,FY2:-149.60,IK1:1,IK2:1,MOVE:0
[2026-09-08 18:00:53.737] [RX] PITCH:-2.14,PID_OUT:141.95,INT:0.0000,EL:-1295,ER:-544,VEL:60.1,MOT:1,TILT:25.0,TRIM:-0.213,ATE:1,LATCH:0,TORQ:1,CR:0.0,FX1:1.00,FY1:-151.10,FX2:-6.00,FY2:-149.60,IK1:1,IK2:1,MOVE:0
[2026-09-08 18:00:53.844] [RX] PITCH:-4.90,PID_OUT:85.25,INT:0.0000,EL:-1285,ER:-569,VEL:166.6,MOT:1,TILT:25.0,TRIM:-1.615,ATE:1,LATCH:0,TORQ:1,CR:0.0,FX1:1.00,FY1:-151.10,FX2:-6.00,FY2:-149.60,IK1:1,IK2:1,MOVE:0
[2026-09-08 18:00:53.848] [RX] AX12:MODE:0,TQ:1,TL:1023,CM:1,CS:4,MS:0,MT:800
[2026-09-08 18:00:53.938] [RX] PITCH:-5.20,PID_OUT:5.16,INT:0.0000,EL:-1270,ER:-594,VEL:185.9,MOT:1,TILT:25.0,TRIM:-1.894,ATE:1,LATCH:0,TORQ:1,CR:0.0,FX1:1.00,FY1:-151.10,FX2:-6.00,FY2:-149.60,IK1:1,IK2:1,MOVE:0
[2026-09-08 18:00:54.035] [RX] PITCH:-2.64,PID_OUT:-48.54,INT:0.0000,EL:-1274,ER:-603,VEL:45.0,MOT:1,TILT:25.0,TRIM:-0.078,ATE:1,LATCH:0,TORQ:1,CR:0.0,FX1:1.00,FY1:-151.10,FX2:-6.00,FY2:-149.60,IK1:1,IK2:1,MOVE:0
[2026-09-08 18:00:54.136] [RX] PITCH:1.70,PID_OUT:-126.79,INT:0.0000,EL:-1294,ER:-603,VEL:-89.7,MOT:1,TILT:25.0,TRIM:1.677,ATE:1,LATCH:0,TORQ:1,CR:0.0,FX1:1.00,FY1:-151.10,FX2:-6.00,FY2:-149.60,IK1:1,IK2:1,MOVE:0
[2026-09-08 18:00:54.248] [RX] PITCH:5.68,PID_OUT:-105.07,INT:0.0000,EL:-1321,ER:-595,VEL:-163.9,MOT:1,TILT:25.0,TRIM:2.661,ATE:1,LATCH:0,TORQ:1,CR:0.0,FX1:1.00,FY1:-151.10,FX2:-6.00,FY2:-149.60,IK1:1,IK2:1,MOVE:0
[2026-09-08 18:00:54.351] [RX] PITCH:7.04,PID_OUT:-31.64,INT:0.0000,EL:-1359,ER:-579,VEL:-240.9,MOT:1,TILT:25.0,TRIM:3.696,ATE:1,LATCH:0,TORQ:1,CR:0.0,FX1:1.00,FY1:-151.10,FX2:-6.00,FY2:-149.60,IK1:1,IK2:1,MOVE:0
[2026-09-08 18:00:54.351] [RX] AX12:MODE:0,TQ:1,TL:1023,CM:1,CS:4,MS:0,MT:800
[2026-09-08 18:00:54.438] [RX] PITCH:4.79,PID_OUT:48.49,INT:0.0000,EL:-1378,ER:-572,VEL:-131.7,MOT:1,TILT:25.0,TRIM:2.305,ATE:1,LATCH:0,TORQ:1,CR:0.0,FX1:1.00,FY1:-151.10,FX2:-6.00,FY2:-149.60,IK1:1,IK2:1,MOVE:0
[2026-09-08 18:00:54.438] [RX] SRV:1,35,0.0,0,0
[2026-09-08 18:00:54.536] [RX] PITCH:0.90,PID_OUT:85.59,INT:0.0000,EL:-1384,ER:-583,VEL:13.2,MOT:1,TILT:25.0,TRIM:0.430,ATE:1,LATCH:0,TORQ:1,CR:0.0,FX1:1.00,FY1:-151.10,FX2:-6.00,FY2:-149.60,IK1:1,IK2:1,MOVE:0
[2026-09-08 18:00:54.634] [RX] PITCH:-3.19,PID_OUT:116.86,INT:0.0000,EL:-1378,ER:-597,VEL:114.5,MOT:1,TILT:25.0,TRIM:-0.893,ATE:1,LATCH:0,TORQ:1,CR:0.0,FX1:1.00,FY1:-151.10,FX2:-6.00,FY2:-149.60,IK1:1,IK2:1,MOVE:0
[2026-09-08 18:00:54.736] [RX] PITCH:-5.96,PID_OUT:76.36,INT:0.0000,EL:-1364,ER:-628,VEL:212.8,MOT:1,TILT:25.0,TRIM:-2.196,ATE:1,LATCH:0,TORQ:1,CR:0.0,FX1:1.00,FY1:-151.10,FX2:-6.00,FY2:-149.60,IK1:1,IK2:1,MOVE:0
[2026-09-08 18:00:54.837] [RX] PITCH:-5.20,PID_OUT:-9.14,INT:0.0000,EL:-1349,ER:-653,VEL:182.6,MOT:1,TILT:25.0,TRIM:-1.837,ATE:1,LATCH:0,TORQ:1,CR:0.0,FX1:1.00,FY1:-151.10,FX2:-6.00,FY2:-149.60,IK1:1,IK2:1,MOVE:0
[2026-09-08 18:00:54.849] [RX] AX12:MODE:0,TQ:1,TL:1023,CM:1,CS:4,MS:0,MT:800
[2026-09-08 18:00:54.928] [RX] PITCH:-1.70,PID_OUT:-56.82,INT:0.0000,EL:-1360,ER:-663,VEL:21.6,MOT:1,TILT:25.0,TRIM:0.244,ATE:1,LATCH:0,TORQ:1,CR:0.0,FX1:1.00,FY1:-151.10,FX2:-6.00,FY2:-149.60,IK1:1,IK2:1,MOVE:0
[2026-09-08 18:00:55.032] [RX] PITCH:1.65,PID_OUT:-103.44,INT:0.0000,EL:-1368,ER:-663,VEL:-31.0,MOT:1,TILT:25.0,TRIM:0.929,ATE:1,LATCH:0,TORQ:1,CR:0.0,FX1:1.00,FY1:-151.10,FX2:-6.00,FY2:-149.60,IK1:1,IK2:1,MOVE:0
[2026-09-08 18:00:55.127] [RX] PITCH:4.30,PID_OUT:-90.89,INT:0.0000,EL:-1395,ER:-656,VEL:-146.2,MOT:1,TILT:25.0,TRIM:2.443,ATE:1,LATCH:0,TORQ:1,CR:0.0,FX1:1.00,FY1:-151.10,FX2:-6.00,FY2:-149.60,IK1:1,IK2:1,MOVE:0
[2026-09-08 18:00:55.224] [RX] PITCH:5.89,PID_OUT:-60.67,INT:0.0000,EL:-1428,ER:-645,VEL:-209.5,MOT:1,TILT:25.0,TRIM:3.293,ATE:1,LATCH:0,TORQ:1,CR:0.0,FX1:1.00,FY1:-151.10,FX2:-6.00,FY2:-149.60,IK1:1,IK2:1,MOVE:0
[2026-09-08 18:00:55.330] [RX] PITCH:5.34,PID_OUT:-8.76,INT:0.0000,EL:-1458,ER:-634,VEL:-199.3,MOT:1,TILT:25.0,TRIM:3.192,ATE:1,LATCH:0,TORQ:1,CR:0.0,FX1:1.00,FY1:-151.10,FX2:-6.00,FY2:-149.60,IK1:1,IK2:1,MOVE:0
[2026-09-08 18:00:55.335] [RX] AX12:MODE:0,TQ:1,TL:1023,CM:1,CS:4,MS:0,MT:800
[2026-09-08 18:00:55.428] [RX] PITCH:3.19,PID_OUT:27.31,INT:0.0000,EL:-1469,ER:-631,VEL:-89.9,MOT:1,TILT:25.0,TRIM:1.790,ATE:1,LATCH:0,TORQ:1,CR:0.0,FX1:1.00,FY1:-151.10,FX2:-6.00,FY2:-149.60,IK1:1,IK2:1,MOVE:0
[2026-09-08 18:00:55.436] [RX] SRV:6,36,0.0,0,0
[2026-09-08 18:00:55.531] [RX] PITCH:0.44,PID_OUT:80.44,INT:0.0000,EL:-1469,ER:-645,VEL:33.1,MOT:1,TILT:25.0,TRIM:0.190,ATE:1,LATCH:0,TORQ:1,CR:0.0,FX1:1.00,FY1:-151.10,FX2:-6.00,FY2:-149.60,IK1:1,IK2:1,MOVE:0
[2026-09-08 18:00:55.562] [TX] VP0.039
[2026-09-08 18:00:55.594] [RX] Updated -> P:34.700 I:0.000 D:3.000 Offset:-1.7055 Target:0.000 Alpha:0.9600 Tilt:25.00 TrimGain:0.0015 Crouch:0.00 VP:0.0390
[2026-09-08 18:00:55.732] [RX] PITCH:-6.15,PID_OUT:78.70,INT:0.0000,EL:-1457,ER:-680,VEL:136.8,MOT:1,TILT:25.0,TRIM:-4.742,ATE:1,LATCH:0,TORQ:1,CR:0.0,FX1:1.00,FY1:-151.10,FX2:-6.00,FY2:-149.60,IK1:1,IK2:1,MOVE:0
[2026-09-08 18:00:55.835] [RX] PITCH:-7.65,PID_OUT:79.16,INT:0.0000,EL:-1449,ER:-697,VEL:122.0,MOT:1,TILT:25.0,TRIM:-4.182,ATE:1,LATCH:0,TORQ:1,CR:0.0,FX1:1.00,FY1:-151.10,FX2:-6.00,FY2:-149.60,IK1:1,IK2:1,MOVE:0
[2026-09-08 18:00:55.841] [RX] AX12:MODE:0,TQ:1,TL:1023,CM:1,CS:4,MS:0,MT:800
[2026-09-08 18:00:55.932] [RX] PITCH:-7.01,PID_OUT:-11.45,INT:0.0000,EL:-1442,ER:-727,VEL:179.7,MOT:1,TILT:25.0,TRIM:-6.000,ATE:1,LATCH:0,TORQ:1,CR:0.0,FX1:1.00,FY1:-151.10,FX2:-6.00,FY2:-149.60,IK1:1,IK2:1,MOVE:0
[2026-09-08 18:00:56.030] [RX] PITCH:-5.30,PID_OUT:84.35,INT:0.0000,EL:-1442,ER:-727,VEL:35.4,MOT:1,TILT:25.0,TRIM:-0.840,ATE:1,LATCH:0,TORQ:1,CR:0.0,FX1:1.00,FY1:-151.10,FX2:-6.00,FY2:-149.60,IK1:1,IK2:1,MOVE:0
[2026-09-08 18:00:56.125] [RX] PITCH:-2.32,PID_OUT:30.14,INT:0.0000,EL:-1442,ER:-727,VEL:7.0,MOT:1,TILT:25.0,TRIM:0.265,ATE:1,LATCH:0,TORQ:1,CR:0.0,FX1:1.00,FY1:-151.10,FX2:-6.00,FY2:-149.60,IK1:1,IK2:1,MOVE:0
[2026-09-08 18:00:56.228] [RX] PITCH:0.21,PID_OUT:45.93,INT:0.0000,EL:-1452,ER:-727,VEL:-53.8,MOT:1,TILT:25.0,TRIM:2.636,ATE:1,LATCH:0,TORQ:1,CR:0.0,FX1:1.00,FY1:-151.10,FX2:-6.00,FY2:-149.60,IK1:1,IK2:1,MOVE:0
[2026-09-08 18:00:56.337] [RX] PITCH:1.47,PID_OUT:29.34,INT:0.0000,EL:-1462,ER:-727,VEL:-57.5,MOT:1,TILT:25.0,TRIM:2.787,ATE:1,LATCH:0,TORQ:1,CR:0.0,FX1:1.00,FY1:-151.10,FX2:-6.00,FY2:-149.60,IK1:1,IK2:1,MOVE:0
[2026-09-08 18:00:56.337] [RX] AX12:MODE:0,TQ:1,TL:1023,CM:1,CS:4,MS:0,MT:800
[2026-09-08 18:00:56.380] [TX] VP0.055
[2026-09-08 18:00:56.438] [RX] PITCH:1.86,PID_OUT:29.82,INT:0.0000,EL:-1472,ER:-727,VEL:-51.2,MOT:1,TILT:25.0,TRIM:2.549,ATE:1,LATCH:0,TORQ:1,CR:0.0,FX1:1.00,FY1:-151.10,FX2:-6.00,FY2:-149.60,IK1:1,IK2:1,MOVE:0
[2026-09-08 18:00:56.438] [RX] SRV:0,34,0.0,0,0
[2026-09-08 18:00:56.465] [RX] Updated -> P:34.700 I:0.000 D:3.000 Offset:-1.7055 Target:0.000 Alpha:0.9600 Tilt:25.00 TrimGain:0.0015 Crouch:0.00 VP:0.0550
[2026-09-08 18:00:56.525] [RX] PITCH:1.13,PID_OUT:17.05,INT:0.0000,EL:-1472,ER:-727,VEL:-10.1,MOT:1,TILT:25.0,TRIM:1.112,ATE:1,LATCH:0,TORQ:1,CR:0.0,FX1:1.00,FY1:-151.10,FX2:-6.00,FY2:-149.60,IK1:1,IK2:1,MOVE:0
[2026-09-08 18:00:56.628] [RX] PITCH:-0.07,PID_OUT:46.34,INT:0.0000,EL:-1472,ER:-727,VEL:-2.0,MOT:1,TILT:25.0,TRIM:0.668,ATE:1,LATCH:0,TORQ:1,CR:0.0,FX1:1.00,FY1:-151.10,FX2:-6.00,FY2:-149.60,IK1:1,IK2:1,MOVE:0
[2026-09-08 18:00:56.729] [RX] PITCH:-1.21,PID_OUT:14.17,INT:0.0000,EL:-1472,ER:-732,VEL:37.1,MOT:1,TILT:25.0,TRIM:-1.483,ATE:1,LATCH:0,TORQ:1,CR:0.0,FX1:1.00,FY1:-151.10,FX2:-6.00,FY2:-149.60,IK1:1,IK2:1,MOVE:0
[2026-09-08 18:00:56.828] [RX] PITCH:-2.24,PID_OUT:39.26,INT:0.0000,EL:-1491,ER:-762,VEL:59.9,MOT:1,TILT:25.0,TRIM:-2.745,ATE:1,LATCH:0,TORQ:1,CR:0.0,FX1:1.00,FY1:-151.10,FX2:-6.00,FY2:-149.60,IK1:1,IK2:1,MOVE:0
[2026-09-08 18:00:56.837] [RX] AX12:MODE:0,TQ:1,TL:1023,CM:1,CS:4,MS:0,MT:800
[2026-09-08 18:00:56.927] [RX] PITCH:-4.24,PID_OUT:-30.31,INT:0.0000,EL:-1511,ER:-809,VEL:146.1,MOT:1,TILT:25.0,TRIM:-6.000,ATE:1,LATCH:0,TORQ:1,CR:0.0,FX1:1.00,FY1:-151.10,FX2:-6.00,FY2:-149.60,IK1:1,IK2:1,MOVE:0
[2026-09-08 18:00:57.028] [RX] PITCH:-5.70,PID_OUT:4.42,INT:0.0000,EL:-1531,ER:-850,VEL:129.6,MOT:1,TILT:25.0,TRIM:-6.000,ATE:1,LATCH:0,TORQ:1,CR:0.0,FX1:1.00,FY1:-151.10,FX2:-6.00,FY2:-149.60,IK1:1,IK2:1,MOVE:0
[2026-09-08 18:00:57.129] [RX] PITCH:-6.51,PID_OUT:10.19,INT:0.0000,EL:-1533,ER:-929,VEL:379.4,MOT:1,TILT:25.0,TRIM:-6.000,ATE:1,LATCH:0,TORQ:1,CR:0.0,FX1:1.00,FY1:-151.10,FX2:-6.00,FY2:-149.60,IK1:1,IK2:1,MOVE:0
[2026-09-08 18:00:57.224] [RX] PITCH:-6.28,PID_OUT:-7.20,INT:0.0000,EL:-1538,ER:-950,VEL:139.4,MOT:1,TILT:25.0,TRIM:-6.000,ATE:1,LATCH:0,TORQ:1,CR:0.0,FX1:1.00,FY1:-151.10,FX2:-6.00,FY2:-149.60,IK1:1,IK2:1,MOVE:0
[2026-09-08 18:00:57.338] [RX] PITCH:-5.66,PID_OUT:106.84,INT:0.0000,EL:-1567,ER:-987,VEL:42.5,MOT:1,TILT:25.0,TRIM:-1.898,ATE:1,LATCH:0,TORQ:1,CR:0.0,FX1:1.00,FY1:-151.10,FX2:-6.00,FY2:-149.60,IK1:1,IK2:1,MOVE:0
[2026-09-08 18:00:57.340] [RX] AX12:MODE:0,TQ:1,TL:1023,CM:1,CS:4,MS:0,MT:800
[2026-09-08 18:00:57.433] [RX] PITCH:-5.11,PID_OUT:153.78,INT:0.0000,EL:-1591,ER:-1024,VEL:12.9,MOT:1,TILT:25.0,TRIM:-0.281,ATE:1,LATCH:0,TORQ:1,CR:0.0,FX1:1.00,FY1:-151.10,FX2:-6.00,FY2:-149.60,IK1:1,IK2:1,MOVE:0
[2026-09-08 18:00:57.433] [RX] SRV:14,34,0.0,0,0
[2026-09-08 18:00:57.531] [RX] PITCH:-4.21,PID_OUT:111.51,INT:0.0000,EL:-1590,ER:-1032,VEL:19.4,MOT:1,TILT:25.0,TRIM:-0.649,ATE:1,LATCH:0,TORQ:1,CR:0.0,FX1:1.00,FY1:-151.10,FX2:-6.00,FY2:-149.60,IK1:1,IK2:1,MOVE:0
[2026-09-08 18:00:57.622] [RX] PITCH:-3.89,PID_OUT:20.36,INT:0.0000,EL:-1589,ER:-1046,VEL:66.3,MOT:1,TILT:25.0,TRIM:-3.235,ATE:1,LATCH:0,TORQ:1,CR:0.0,FX1:1.00,FY1:-151.10,FX2:-6.00,FY2:-149.60,IK1:1,IK2:1,MOVE:0
[2026-09-08 18:00:57.724] [RX] PITCH:-4.13,PID_OUT:102.05,INT:0.0000,EL:-1589,ER:-1047,VEL:20.6,MOT:1,TILT:25.0,TRIM:-0.722,ATE:1,LATCH:0,TORQ:1,CR:0.0,FX1:1.00,FY1:-151.10,FX2:-6.00,FY2:-149.60,IK1:1,IK2:1,MOVE:0
[2026-09-08 18:00:57.760] [TX] VP0.081
[2026-09-08 18:00:57.814] [RX] Updated -> P:34.700 I:0.000 D:3.000 Offset:-1.7055 Target:0.000 Alpha:0.9600 Tilt:25.00 TrimGain:0.0015 Crouch:0.00 VP:0.0810
[2026-09-08 18:00:57.814] [RX] AX12:MODE:0,TQ:1,TL:1023,CM:1,CS:4,MS:0,MT:800
[2026-09-08 18:00:57.926] [RX] PITCH:-4.07,PID_OUT:-71.56,INT:0.0000,EL:-1598,ER:-1086,VEL:38.3,MOT:1,TILT:25.0,TRIM:-2.719,ATE:1,LATCH:0,TORQ:1,CR:0.0,FX1:1.00,FY1:-151.10,FX2:-6.00,FY2:-149.60,IK1:1,IK2:1,MOVE:0
[2026-09-08 18:00:58.028] [RX] PITCH:-2.26,PID_OUT:141.29,INT:0.0000,EL:-1612,ER:-1095,VEL:-29.4,MOT:1,TILT:25.0,TRIM:2.770,ATE:1,LATCH:0,TORQ:1,CR:0.0,FX1:1.00,FY1:-151.10,FX2:-6.00,FY2:-149.60,IK1:1,IK2:1,MOVE:0
[2026-09-08 18:00:58.125] [RX] PITCH:-1.34,PID_OUT:-6.55,INT:0.0000,EL:-1611,ER:-1101,VEL:9.3,MOT:1,TILT:25.0,TRIM:-0.370,ATE:1,LATCH:0,TORQ:1,CR:0.0,FX1:1.00,FY1:-151.10,FX2:-6.00,FY2:-149.60,IK1:1,IK2:1,MOVE:0
[2026-09-08 18:00:58.227] [RX] PITCH:-0.10,PID_OUT:-32.72,INT:0.0000,EL:-1611,ER:-1101,VEL:1.8,MOT:1,TILT:25.0,TRIM:0.234,ATE:1,LATCH:0,TORQ:1,CR:0.0,FX1:1.00,FY1:-151.10,FX2:-6.00,FY2:-149.60,IK1:1,IK2:1,MOVE:0
[2026-09-08 18:00:58.317] [RX] PITCH:1.37,PID_OUT:-40.04,INT:0.0000,EL:-1611,ER:-1100,VEL:-5.1,MOT:1,TILT:25.0,TRIM:0.793,ATE:1,LATCH:0,TORQ:1,CR:0.0,FX1:1.00,FY1:-151.10,FX2:-6.00,FY2:-149.60,IK1:1,IK2:1,MOVE:0
[2026-09-08 18:00:58.334] [RX] AX12:MODE:0,TQ:1,TL:1023,CM:1,CS:4,MS:0,MT:800
[2026-09-08 18:00:58.425] [RX] PITCH:2.30,PID_OUT:32.48,INT:0.0000,EL:-1625,ER:-1104,VEL:-30.2,MOT:1,TILT:25.0,TRIM:2.836,ATE:1,LATCH:0,TORQ:1,CR:0.0,FX1:1.00,FY1:-151.10,FX2:-6.00,FY2:-149.60,IK1:1,IK2:1,MOVE:0
[2026-09-08 18:00:58.428] [RX] SRV:1,35,0.0,0,0
[2026-09-08 18:00:58.521] [RX] PITCH:1.64,PID_OUT:11.43,INT:0.0000,EL:-1625,ER:-1104,VEL:-5.9,MOT:1,TILT:25.0,TRIM:0.872,ATE:1,LATCH:0,TORQ:1,CR:0.0,FX1:1.00,FY1:-151.10,FX2:-6.00,FY2:-149.60,IK1:1,IK2:1,MOVE:0
[2026-09-08 18:00:58.625] [RX] PITCH:-0.32,PID_OUT:88.81,INT:0.0000,EL:-1625,ER:-1104,VEL:-1.2,MOT:1,TILT:25.0,TRIM:0.486,ATE:1,LATCH:0,TORQ:1,CR:0.0,FX1:1.00,FY1:-151.10,FX2:-6.00,FY2:-149.60,IK1:1,IK2:1,MOVE:0
[2026-09-08 18:00:58.717] [RX] PITCH:-3.91,PID_OUT:114.20,INT:0.0000,EL:-1628,ER:-1118,VEL:28.8,MOT:1,TILT:25.0,TRIM:-1.951,ATE:1,LATCH:0,TORQ:1,CR:0.0,FX1:1.00,FY1:-151.10,FX2:-6.00,FY2:-149.60,IK1:1,IK2:1,MOVE:0
[2026-09-08 18:00:58.832] [RX] PITCH:-4.98,PID_OUT:186.67,INT:0.0000,EL:-1637,ER:-1128,VEL:-18.4,MOT:1,TILT:25.0,TRIM:1.872,ATE:1,LATCH:0,TORQ:1,CR:0.0,FX1:1.00,FY1:-151.10,FX2:-6.00,FY2:-149.60,IK1:1,IK2:1,MOVE:0
[2026-09-08 18:00:58.832] [RX] AX12:MODE:0,TQ:1,TL:1023,CM:1,CS:4,MS:0,MT:800
[2026-09-08 18:00:58.923] [RX] PITCH:-2.64,PID_OUT:-40.70,INT:0.0000,EL:-1643,ER:-1139,VEL:2.4,MOT:1,TILT:25.0,TRIM:0.183,ATE:1,LATCH:0,TORQ:1,CR:0.0,FX1:1.00,FY1:-151.10,FX2:-6.00,FY2:-149.60,IK1:1,IK2:1,MOVE:0
[2026-09-08 18:00:59.020] [RX] PITCH:1.42,PID_OUT:-92.90,INT:0.0000,EL:-1651,ER:-1139,VEL:-32.9,MOT:1,TILT:25.0,TRIM:3.049,ATE:1,LATCH:0,TORQ:1,CR:0.0,FX1:1.00,FY1:-151.10,FX2:-6.00,FY2:-149.60,IK1:1,IK2:1,MOVE:0
[2026-09-08 18:00:59.118] [RX] PITCH:6.10,PID_OUT:-131.37,INT:0.0000,EL:-1672,ER:-1135,VEL:-124.7,MOT:1,TILT:25.0,TRIM:6.000,ATE:1,LATCH:0,TORQ:1,CR:0.0,FX1:1.00,FY1:-151.10,FX2:-6.00,FY2:-149.60,IK1:1,IK2:1,MOVE:0
[2026-09-08 18:00:59.211] [RX] PITCH:9.44,PID_OUT:-123.69,INT:0.0000,EL:-1704,ER:-1125,VEL:-212.1,MOT:1,TILT:25.0,TRIM:6.000,ATE:1,LATCH:0,TORQ:1,CR:0.0,FX1:1.00,FY1:-151.10,FX2:-6.00,FY2:-149.60,IK1:1,IK2:1,MOVE:0
[2026-09-08 18:00:59.328] [RX] PITCH:9.68,PID_OUT:-52.30,INT:0.0000,EL:-1742,ER:-1107,VEL:-275.1,MOT:1,TILT:25.0,TRIM:6.000,ATE:1,LATCH:0,TORQ:1,CR:0.0,FX1:1.00,FY1:-151.10,FX2:-6.00,FY2:-149.60,IK1:1,IK2:1,MOVE:0
[2026-09-08 18:00:59.328] [RX] AX12:MODE:0,TQ:1,TL:1023,CM:1,CS:4,MS:0,MT:800
[2026-09-08 18:00:59.419] [RX] PITCH:7.88,PID_OUT:27.91,INT:0.0000,EL:-1769,ER:-1096,VEL:-186.7,MOT:1,TILT:25.0,TRIM:6.000,ATE:1,LATCH:0,TORQ:1,CR:0.0,FX1:1.00,FY1:-151.10,FX2:-6.00,FY2:-149.60,IK1:1,IK2:1,MOVE:0
[2026-09-08 18:00:59.419] [RX] SRV:6,36,0.0,0,0
[2026-09-08 18:00:59.522] [RX] PITCH:5.47,PID_OUT:53.36,INT:0.0000,EL:-1779,ER:-1101,VEL:-61.0,MOT:1,TILT:25.0,TRIM:5.441,ATE:1,LATCH:0,TORQ:1,CR:0.0,FX1:1.00,FY1:-151.10,FX2:-6.00,FY2:-149.60,IK1:1,IK2:1,MOVE:0
[2026-09-08 18:00:59.623] [RX] PITCH:2.88,PID_OUT:18.58,INT:0.0000,EL:-1779,ER:-1101,VEL:-12.0,MOT:1,TILT:25.0,TRIM:1.480,ATE:1,LATCH:0,TORQ:1,CR:0.0,FX1:1.00,FY1:-151.10,FX2:-6.00,FY2:-149.60,IK1:1,IK2:1,MOVE:0
[2026-09-08 18:00:59.717] [RX] PITCH:-0.65,PID_OUT:100.91,INT:0.0000,EL:-1778,ER:-1101,VEL:1.0,MOT:1,TILT:25.0,TRIM:0.430,ATE:1,LATCH:0,TORQ:1,CR:0.0,FX1:1.00,FY1:-151.10,FX2:-6.00,FY2:-149.60,IK1:1,IK2:1,MOVE:0
[2026-09-08 18:00:59.831] [RX] PITCH:-3.57,PID_OUT:113.05,INT:0.0000,EL:-1778,ER:-1109,VEL:20.4,MOT:1,TILT:25.0,TRIM:-1.149,ATE:1,LATCH:0,TORQ:1,CR:0.0,FX1:1.00,FY1:-151.10,FX2:-6.00,FY2:-149.60,IK1:1,IK2:1,MOVE:0
[2026-09-08 18:00:59.833] [RX] AX12:MODE:0,TQ:1,TL:1023,CM:1,CS:4,MS:0,MT:800
[2026-09-08 18:00:59.920] [RX] PITCH:-4.62,PID_OUT:76.30,INT:0.0000,EL:-1776,ER:-1117,VEL:37.4,MOT:1,TILT:25.0,TRIM:-2.536,ATE:1,LATCH:0,TORQ:1,CR:0.0,FX1:1.00,FY1:-151.10,FX2:-6.00,FY2:-149.60,IK1:1,IK2:1,MOVE:0
[2026-09-08 18:01:00.023] [RX] PITCH:-3.58,PID_OUT:-62.41,INT:0.0000,EL:-1785,ER:-1133,VEL:51.8,MOT:1,TILT:25.0,TRIM:-3.699,ATE:1,LATCH:0,TORQ:1,CR:0.0,FX1:1.00,FY1:-151.10,FX2:-6.00,FY2:-149.60,IK1:1,IK2:1,MOVE:0
[2026-09-08 18:01:00.116] [RX] PITCH:-2.61,PID_OUT:3.03,INT:0.0000,EL:-1787,ER:-1139,VEL:24.0,MOT:1,TILT:25.0,TRIM:-1.454,ATE:1,LATCH:0,TORQ:1,CR:0.0,FX1:1.00,FY1:-151.10,FX2:-6.00,FY2:-149.60,IK1:1,IK2:1,MOVE:0
[2026-09-08 18:01:00.220] [RX] PITCH:-1.41,PID_OUT:10.34,INT:0.0000,EL:-1787,ER:-1139,VEL:4.7,MOT:1,TILT:25.0,TRIM:0.104,ATE:1,LATCH:0,TORQ:1,CR:0.0,FX1:1.00,FY1:-151.10,FX2:-6.00,FY2:-149.60,IK1:1,IK2:1,MOVE:0
[2026-09-08 18:01:00.329] [RX] PITCH:-0.01,PID_OUT:-18.67,INT:0.0000,EL:-1787,ER:-1139,VEL:0.9,MOT:1,TILT:25.0,TRIM:0.411,ATE:1,LATCH:0,TORQ:1,CR:0.0,FX1:1.00,FY1:-151.10,FX2:-6.00,FY2:-149.60,IK1:1,IK2:1,MOVE:0
[2026-09-08 18:01:00.329] [RX] AX12:MODE:0,TQ:1,TL:1023,CM:1,CS:4,MS:0,MT:800
[2026-09-08 18:01:00.422] [RX] PITCH:1.18,PID_OUT:-46.90,INT:0.0000,EL:-1787,ER:-1139,VEL:0.2,MOT:1,TILT:25.0,TRIM:0.471,ATE:1,LATCH:0,TORQ:1,CR:0.0,FX1:1.00,FY1:-151.10,FX2:-6.00,FY2:-149.60,IK1:1,IK2:1,MOVE:0
[2026-09-08 18:01:00.422] [RX] SRV:0,34,0.0,0,0
[2026-09-08 18:01:00.497] [TX] VP0.07100000000000001
[2026-09-08 18:01:00.521] [RX] PITCH:1.93,PID_OUT:-43.88,INT:0.0000,EL:-1787,ER:-1139,VEL:0.0,MOT:1,TILT:25.0,TRIM:0.483,ATE:1,LATCH:0,TORQ:1,CR:0.0,FX1:1.00,FY1:-151.10,FX2:-6.00,FY2:-149.60,IK1:1,IK2:1,MOVE:0
[2026-09-08 18:01:00.549] [RX] Updated -> P:34.700 I:0.000 D:3.000 Offset:-1.7055 Target:0.000 Alpha:0.9600 Tilt:25.00 TrimGain:0.0015 Crouch:0.00 VP:0.0710
[2026-09-08 18:01:00.610] [RX] PITCH:1.65,PID_OUT:2.84,INT:0.0000,EL:-1787,ER:-1139,VEL:0.0,MOT:1,TILT:25.0,TRIM:0.486,ATE:1,LATCH:0,TORQ:1,CR:0.0,FX1:1.00,FY1:-151.10,FX2:-6.00,FY2:-149.60,IK1:1,IK2:1,MOVE:0
[2026-09-08 18:01:00.720] [RX] PITCH:-0.17,PID_OUT:44.97,INT:0.0000,EL:-1786,ER:-1141,VEL:22.5,MOT:1,TILT:25.0,TRIM:-1.112,ATE:1,LATCH:0,TORQ:1,CR:0.0,FX1:1.00,FY1:-151.10,FX2:-6.00,FY2:-149.60,IK1:1,IK2:1,MOVE:0
[2026-09-08 18:01:00.808] [RX] PITCH:-3.39,PID_OUT:118.25,INT:0.0000,EL:-1785,ER:-1150,VEL:35.7,MOT:1,TILT:25.0,TRIM:-2.056,ATE:1,LATCH:0,TORQ:1,CR:0.0,FX1:1.00,FY1:-151.10,FX2:-6.00,FY2:-149.60,IK1:1,IK2:1,MOVE:0
[2026-09-08 18:01:00.829] [RX] AX12:MODE:0,TQ:1,TL:1023,CM:1,CS:4,MS:0,MT:800
[2026-09-08 18:01:00.907] [RX] PITCH:-7.05,PID_OUT:146.75,INT:0.0000,EL:-1779,ER:-1162,VEL:70.3,MOT:1,TILT:25.0,TRIM:-4.523,ATE:1,LATCH:0,TORQ:1,CR:0.0,FX1:1.00,FY1:-151.10,FX2:-6.00,FY2:-149.60,IK1:1,IK2:1,MOVE:0
[2026-09-08 18:01:01.019] [RX] PITCH:-9.36,PID_OUT:62.47,INT:0.0000,EL:-1767,ER:-1184,VEL:155.7,MOT:1,TILT:25.0,TRIM:-6.000,ATE:1,LATCH:0,TORQ:1,CR:0.0,FX1:1.00,FY1:-151.10,FX2:-6.00,FY2:-149.60,IK1:1,IK2:1,MOVE:0
[2026-09-08 18:01:01.118] [RX] PITCH:-8.20,PID_OUT:-1.57,INT:0.0000,EL:-1755,ER:-1203,VEL:142.9,MOT:1,TILT:25.0,TRIM:-6.000,ATE:1,LATCH:0,TORQ:1,CR:0.0,FX1:1.00,FY1:-151.10,FX2:-6.00,FY2:-149.60,IK1:1,IK2:1,MOVE:0
[2026-09-08 18:01:01.215] [RX] PITCH:-6.41,PID_OUT:66.83,INT:0.0000,EL:-1754,ER:-1203,VEL:34.1,MOT:1,TILT:25.0,TRIM:-2.002,ATE:1,LATCH:0,TORQ:1,CR:0.0,FX1:1.00,FY1:-151.10,FX2:-6.00,FY2:-149.60,IK1:1,IK2:1,MOVE:0
[2026-09-08 18:01:01.326] [RX] PITCH:-3.40,PID_OUT:4.48,INT:0.0000,EL:-1754,ER:-1203,VEL:6.7,MOT:1,TILT:25.0,TRIM:-0.062,ATE:1,LATCH:0,TORQ:1,CR:0.0,FX1:1.00,FY1:-151.10,FX2:-6.00,FY2:-149.60,IK1:1,IK2:1,MOVE:0
[2026-09-08 18:01:01.326] [RX] AX12:MODE:0,TQ:1,TL:1023,CM:1,CS:4,MS:0,MT:800
[2026-09-08 18:01:01.420] [RX] PITCH:0.81,PID_OUT:-100.52,INT:0.0000,EL:-1764,ER:-1209,VEL:-17.2,MOT:1,TILT:25.0,TRIM:1.633,ATE:1,LATCH:0,TORQ:1,CR:0.0,FX1:1.00,FY1:-151.10,FX2:-6.00,FY2:-149.60,IK1:1,IK2:1,MOVE:0
[2026-09-08 18:01:01.420] [RX] SRV:14,34,0.0,0,0
[2026-09-08 18:01:01.517] [RX] PITCH:4.99,PID_OUT:-163.67,INT:0.0000,EL:-1779,ER:-1207,VEL:-50.0,MOT:1,TILT:25.0,TRIM:3.974,ATE:1,LATCH:0,TORQ:1,CR:0.0,FX1:1.00,FY1:-151.10,FX2:-6.00,FY2:-149.60,IK1:1,IK2:1,MOVE:0
[2026-09-08 18:01:01.611] [RX] PITCH:6.90,PID_OUT:-103.76,INT:0.0000,EL:-1808,ER:-1196,VEL:-195.0,MOT:1,TILT:25.0,TRIM:6.000,ATE:1,LATCH:0,TORQ:1,CR:0.0,FX1:1.00,FY1:-151.10,FX2:-6.00,FY2:-149.60,IK1:1,IK2:1,MOVE:0
[2026-09-08 18:01:01.717] [RX] PITCH:9.30,PID_OUT:-124.64,INT:0.0000,EL:-1846,ER:-1181,VEL:-261.1,MOT:1,TILT:25.0,TRIM:6.000,ATE:1,LATCH:0,TORQ:1,CR:0.0,FX1:1.00,FY1:-151.10,FX2:-6.00,FY2:-149.60,IK1:1,IK2:1,MOVE:0
[2026-09-08 18:01:01.819] [RX] PITCH:9.39,PID_OUT:-98.67,INT:0.0000,EL:-1881,ER:-1161,VEL:-275.6,MOT:1,TILT:25.0,TRIM:6.000,ATE:1,LATCH:0,TORQ:1,CR:0.0,FX1:1.00,FY1:-151.10,FX2:-6.00,FY2:-149.60,IK1:1,IK2:1,MOVE:0
[2026-09-08 18:01:01.827] [RX] AX12:MODE:0,TQ:1,TL:1023,CM:1,CS:4,MS:0,MT:800
[2026-09-08 18:01:01.917] [RX] PITCH:9.14,PID_OUT:-56.10,INT:0.0000,EL:-1913,ER:-1141,VEL:-253.7,MOT:1,TILT:25.0,TRIM:6.000,ATE:1,LATCH:0,TORQ:1,CR:0.0,FX1:1.00,FY1:-151.10,FX2:-6.00,FY2:-149.60,IK1:1,IK2:1,MOVE:0
[2026-09-08 18:01:02.016] [RX] PITCH:8.59,PID_OUT:8.57,INT:0.0000,EL:-1942,ER:-1124,VEL:-225.8,MOT:1,TILT:25.0,TRIM:6.000,ATE:1,LATCH:0,TORQ:1,CR:0.0,FX1:1.00,FY1:-151.10,FX2:-6.00,FY2:-149.60,IK1:1,IK2:1,MOVE:0
[2026-09-08 18:01:02.114] [RX] PITCH:5.81,PID_OUT:4.52,INT:0.0000,EL:-1957,ER:-1132,VEL:-44.4,MOT:1,TILT:25.0,TRIM:3.767,ATE:1,LATCH:0,TORQ:1,CR:0.0,FX1:1.00,FY1:-151.10,FX2:-6.00,FY2:-149.60,IK1:1,IK2:1,MOVE:0
[2026-09-08 18:01:02.212] [RX] PITCH:2.53,PID_OUT:72.27,INT:0.0000,EL:-1965,ER:-1139,VEL:-11.7,MOT:1,TILT:25.0,TRIM:1.447,ATE:1,LATCH:0,TORQ:1,CR:0.0,FX1:1.00,FY1:-151.10,FX2:-6.00,FY2:-149.60,IK1:1,IK2:1,MOVE:0
[2026-09-08 18:01:02.320] [RX] PITCH:-1.98,PID_OUT:-10.66,INT:0.0000,EL:-1965,ER:-1162,VEL:104.4,MOT:1,TILT:25.0,TRIM:-6.000,ATE:1,LATCH:0,TORQ:1,CR:0.0,FX1:1.00,FY1:-151.10,FX2:-6.00,FY2:-149.60,IK1:1,IK2:1,MOVE:0
[2026-09-08 18:01:02.326] [RX] AX12:MODE:0,TQ:1,TL:1023,CM:1,CS:4,MS:0,MT:800
[2026-09-08 18:01:02.418] [RX] PITCH:-5.74,PID_OUT:103.10,INT:0.0000,EL:-1960,ER:-1172,VEL:113.3,MOT:1,TILT:25.0,TRIM:-6.000,ATE:1,LATCH:0,TORQ:1,CR:0.0,FX1:1.00,FY1:-151.10,FX2:-6.00,FY2:-149.60,IK1:1,IK2:1,MOVE:0
[2026-09-08 18:01:02.418] [RX] SRV:1,35,0.0,0,0
[2026-09-08 18:01:02.514] [RX] PITCH:-9.93,PID_OUT:186.37,INT:0.0000,EL:-1944,ER:-1197,VEL:193.4,MOT:1,TILT:25.0,TRIM:-6.000,ATE:1,LATCH:0,TORQ:1,CR:0.0,FX1:1.00,FY1:-151.10,FX2:-6.00,FY2:-149.60,IK1:1,IK2:1,MOVE:0
[2026-09-08 18:01:02.605] [RX] PITCH:-11.06,PID_OUT:135.47,INT:0.0000,EL:-1914,ER:-1234,VEL:325.2,MOT:1,TILT:25.0,TRIM:-6.000,ATE:1,LATCH:0,TORQ:1,CR:0.0,FX1:1.00,FY1:-151.10,FX2:-6.00,FY2:-149.60,IK1:1,IK2:1,MOVE:0
[2026-09-08 18:01:02.708] [RX] PITCH:-10.84,PID_OUT:103.46,INT:0.0000,EL:-1882,ER:-1273,VEL:349.3,MOT:1,TILT:25.0,TRIM:-6.000,ATE:1,LATCH:0,TORQ:1,CR:0.0,FX1:1.00,FY1:-151.10,FX2:-6.00,FY2:-149.60,IK1:1,IK2:1,MOVE:0
[2026-09-08 18:01:02.819] [RX] PITCH:-9.76,PID_OUT:39.91,INT:0.0000,EL:-1854,ER:-1311,VEL:327.4,MOT:1,TILT:25.0,TRIM:-6.000,ATE:1,LATCH:0,TORQ:1,CR:0.0,FX1:1.00,FY1:-151.10,FX2:-6.00,FY2:-149.60,IK1:1,IK2:1,MOVE:0
[2026-09-08 18:01:02.826] [RX] AX12:MODE:0,TQ:1,TL:1023,CM:1,CS:4,MS:0,MT:800
[2026-09-08 18:01:02.914] [RX] PITCH:-8.17,PID_OUT:4.89,INT:0.0000,EL:-1834,ER:-1342,VEL:260.1,MOT:1,TILT:25.0,TRIM:-6.000,ATE:1,LATCH:0,TORQ:1,CR:0.0,FX1:1.00,FY1:-151.10,FX2:-6.00,FY2:-149.60,IK1:1,IK2:1,MOVE:0
[2026-09-08 18:01:03.014] [RX] PITCH:-7.07,PID_OUT:-31.73,INT:0.0000,EL:-1833,ER:-1364,VEL:124.9,MOT:1,TILT:25.0,TRIM:-6.000,ATE:1,LATCH:0,TORQ:1,CR:0.0,FX1:1.00,FY1:-151.10,FX2:-6.00,FY2:-149.60,IK1:1,IK2:1,MOVE:0
[2026-09-08 18:01:03.113] [RX] PITCH:-5.96,PID_OUT:-1.90,INT:0.0000,EL:-1840,ER:-1379,VEL:63.7,MOT:1,TILT:25.0,TRIM:-4.174,ATE:1,LATCH:0,TORQ:1,CR:0.0,FX1:1.00,FY1:-151.10,FX2:-6.00,FY2:-149.60,IK1:1,IK2:1,MOVE:0
[2026-09-08 18:01:03.214] [RX] PITCH:-3.63,PID_OUT:-23.30,INT:0.0000,EL:-1840,ER:-1386,VEL:34.7,MOT:1,TILT:25.0,TRIM:-2.122,ATE:1,LATCH:0,TORQ:1,CR:0.0,FX1:1.00,FY1:-151.10,FX2:-6.00,FY2:-149.60,IK1:1,IK2:1,MOVE:0
[2026-09-08 18:01:03.324] [RX] PITCH:-0.87,PID_OUT:-15.00,INT:0.0000,EL:-1846,ER:-1386,VEL:-21.6,MOT:1,TILT:25.0,TRIM:1.877,ATE:1,LATCH:0,TORQ:1,CR:0.0,FX1:1.00,FY1:-151.10,FX2:-6.00,FY2:-149.60,IK1:1,IK2:1,MOVE:0
[2026-09-08 18:01:03.324] [RX] AX12:MODE:0,TQ:1,TL:1023,CM:1,CS:4,MS:0,MT:800
[2026-09-08 18:01:03.413] [RX] PITCH:2.61,PID_OUT:-42.25,INT:0.0000,EL:-1864,ER:-1391,VEL:-62.6,MOT:1,TILT:25.0,TRIM:4.797,ATE:1,LATCH:0,TORQ:1,CR:0.0,FX1:1.00,FY1:-151.10,FX2:-6.00,FY2:-149.60,IK1:1,IK2:1,MOVE:0
[2026-09-08 18:01:03.416] [RX] SRV:6,36,0.0,0,0
[2026-09-08 18:01:03.513] [RX] PITCH:7.10,PID_OUT:-183.57,INT:0.0000,EL:-1888,ER:-1388,VEL:-121.1,MOT:1,TILT:25.0,TRIM:6.000,ATE:1,LATCH:0,TORQ:1,CR:0.0,FX1:1.00,FY1:-151.10,FX2:-6.00,FY2:-149.60,IK1:1,IK2:1,MOVE:0
[2026-09-08 18:01:03.610] [RX] PITCH:9.48,PID_OUT:-184.14,INT:0.0000,EL:-1916,ER:-1368,VEL:-232.6,MOT:1,TILT:25.0,TRIM:6.000,ATE:1,LATCH:0,TORQ:1,CR:0.0,FX1:1.00,FY1:-151.10,FX2:-6.00,FY2:-149.60,IK1:1,IK2:1,MOVE:0
[2026-09-08 18:01:03.711] [RX] PITCH:11.65,PID_OUT:-162.96,INT:0.0000,EL:-1962,ER:-1332,VEL:-383.9,MOT:1,TILT:25.0,TRIM:6.000,ATE:1,LATCH:0,TORQ:1,CR:0.0,FX1:1.00,FY1:-151.10,FX2:-6.00,FY2:-149.60,IK1:1,IK2:1,MOVE:0
[2026-09-08 18:01:03.812] [RX] PITCH:10.94,PID_OUT:-96.32,INT:0.0000,EL:-2013,ER:-1288,VEL:-455.3,MOT:1,TILT:25.0,TRIM:6.000,ATE:1,LATCH:0,TORQ:1,CR:0.0,FX1:1.00,FY1:-151.10,FX2:-6.00,FY2:-149.60,IK1:1,IK2:1,MOVE:0
[2026-09-08 18:01:03.821] [RX] AX12:MODE:0,TQ:1,TL:1023,CM:1,CS:4,MS:0,MT:800
[2026-09-08 18:01:03.907] [RX] PITCH:9.65,PID_OUT:12.86,INT:0.0000,EL:-2060,ER:-1247,VEL:-427.2,MOT:1,TILT:25.0,TRIM:6.000,ATE:1,LATCH:0,TORQ:1,CR:0.0,FX1:1.00,FY1:-151.10,FX2:-6.00,FY2:-149.60,IK1:1,IK2:1,MOVE:0
[2026-09-08 18:01:04.002] [RX] PITCH:6.79,PID_OUT:102.73,INT:0.0000,EL:-2093,ER:-1233,VEL:-253.6,MOT:1,TILT:25.0,TRIM:6.000,ATE:1,LATCH:0,TORQ:1,CR:0.0,FX1:1.00,FY1:-151.10,FX2:-6.00,FY2:-149.60,IK1:1,IK2:1,MOVE:0
[2026-09-08 18:01:04.112] [RX] PITCH:4.74,PID_OUT:45.80,INT:0.0000,EL:-2102,ER:-1235,VEL:-53.9,MOT:1,TILT:25.0,TRIM:4.471,ATE:1,LATCH:0,TORQ:1,CR:0.0,FX1:1.00,FY1:-151.10,FX2:-6.00,FY2:-149.60,IK1:1,IK2:1,MOVE:0
[2026-09-08 18:01:04.209] [RX] PITCH:1.27,PID_OUT:98.25,INT:0.0000,EL:-2101,ER:-1236,VEL:3.3,MOT:1,TILT:25.0,TRIM:0.417,ATE:1,LATCH:0,TORQ:1,CR:0.0,FX1:1.00,FY1:-151.10,FX2:-6.00,FY2:-149.60,IK1:1,IK2:1,MOVE:0
[2026-09-08 18:01:04.314] [RX] PITCH:-3.67,PID_OUT:109.16,INT:0.0000,EL:-2096,ER:-1250,VEL:91.9,MOT:1,TILT:25.0,TRIM:-5.883,ATE:1,LATCH:0,TORQ:1,CR:0.0,FX1:1.00,FY1:-151.10,FX2:-6.00,FY2:-149.60,IK1:1,IK2:1,MOVE:0
[2026-09-08 18:01:04.323] [RX] AX12:MODE:0,TQ:1,TL:1023,CM:1,CS:4,MS:0,MT:800
[2026-09-08 18:01:04.412] [RX] PITCH:-8.51,PID_OUT:210.80,INT:0.0000,EL:-2080,ER:-1268,VEL:187.3,MOT:1,TILT:25.0,TRIM:-6.000,ATE:1,LATCH:0,TORQ:1,CR:0.0,FX1:1.00,FY1:-151.10,FX2:-6.00,FY2:-149.60,IK1:1,IK2:1,MOVE:0
[2026-09-08 18:01:04.412] [RX] SRV:0,34,0.0,0,0
[2026-09-08 18:01:04.509] [RX] PITCH:-11.06,PID_OUT:154.97,INT:0.0000,EL:-2040,ER:-1309,VEL:380.8,MOT:1,TILT:25.0,TRIM:-6.000,ATE:1,LATCH:0,TORQ:1,CR:0.0,FX1:1.00,FY1:-151.10,FX2:-6.00,FY2:-149.60,IK1:1,IK2:1,MOVE:0
[2026-09-08 18:01:04.600] [RX] PITCH:-12.58,PID_OUT:176.97,INT:0.0000,EL:-1986,ER:-1361,VEL:513.4,MOT:1,TILT:25.0,TRIM:-6.000,ATE:1,LATCH:0,TORQ:1,CR:0.0,FX1:1.00,FY1:-151.10,FX2:-6.00,FY2:-149.60,IK1:1,IK2:1,MOVE:0
[2026-09-08 18:01:04.709] [RX] PITCH:-12.45,PID_OUT:84.90,INT:0.0000,EL:-1930,ER:-1421,VEL:567.3,MOT:1,TILT:25.0,TRIM:-6.000,ATE:1,LATCH:0,TORQ:1,CR:0.0,FX1:1.00,FY1:-151.10,FX2:-6.00,FY2:-149.60,IK1:1,IK2:1,MOVE:0
[2026-09-08 18:01:04.803] [RX] PITCH:-10.11,PID_OUT:-15.35,INT:0.0000,EL:-1880,ER:-1478,VEL:538.2,MOT:1,TILT:25.0,TRIM:-6.000,ATE:1,LATCH:0,TORQ:1,CR:0.0,FX1:1.00,FY1:-151.10,FX2:-6.00,FY2:-149.60,IK1:1,IK2:1,MOVE:0
[2026-09-08 18:01:04.819] [RX] AX12:MODE:0,TQ:1,TL:1023,CM:1,CS:4,MS:0,MT:800
[2026-09-08 18:01:04.901] [RX] PITCH:-7.06,PID_OUT:-74.43,INT:0.0000,EL:-1855,ER:-1522,VEL:369.4,MOT:1,TILT:25.0,TRIM:-6.000,ATE:1,LATCH:0,TORQ:1,CR:0.0,FX1:1.00,FY1:-151.10,FX2:-6.00,FY2:-149.60,IK1:1,IK2:1,MOVE:0
[2026-09-08 18:01:04.999] [RX] PITCH:-5.56,PID_OUT:-102.66,INT:0.0000,EL:-1850,ER:-1546,VEL:156.0,MOT:1,TILT:25.0,TRIM:-6.000,ATE:1,LATCH:0,TORQ:1,CR:0.0,FX1:1.00,FY1:-151.10,FX2:-6.00,FY2:-149.60,IK1:1,IK2:1,MOVE:0
[2026-09-08 18:01:05.106] [RX] PITCH:-3.77,PID_OUT:21.42,INT:0.0000,EL:-1858,ER:-1549,VEL:7.2,MOT:1,TILT:25.0,TRIM:-0.278,ATE:1,LATCH:0,TORQ:1,CR:0.0,FX1:1.00,FY1:-151.10,FX2:-6.00,FY2:-149.60,IK1:1,IK2:1,MOVE:0
[2026-09-08 18:01:05.200] [RX] PITCH:0.80,PID_OUT:-84.47,INT:0.0000,EL:-1866,ER:-1550,VEL:-28.5,MOT:1,TILT:25.0,TRIM:2.262,ATE:1,LATCH:0,TORQ:1,CR:0.0,FX1:1.00,FY1:-151.10,FX2:-6.00,FY2:-149.60,IK1:1,IK2:1,MOVE:0
[2026-09-08 18:01:05.312] [RX] PITCH:5.23,PID_OUT:-129.41,INT:0.0000,EL:-1884,ER:-1547,VEL:-100.1,MOT:1,TILT:25.0,TRIM:6.000,ATE:1,LATCH:0,TORQ:1,CR:0.0,FX1:1.00,FY1:-151.10,FX2:-6.00,FY2:-149.60,IK1:1,IK2:1,MOVE:0
[2026-09-08 18:01:05.315] [RX] AX12:MODE:0,TQ:1,TL:1023,CM:1,CS:4,MS:0,MT:800
[2026-09-08 18:01:05.408] [RX] PITCH:9.12,PID_OUT:-179.46,INT:0.0000,EL:-1908,ER:-1534,VEL:-192.4,MOT:1,TILT:25.0,TRIM:6.000,ATE:1,LATCH:0,TORQ:1,CR:0.0,FX1:1.00,FY1:-151.10,FX2:-6.00,FY2:-149.60,IK1:1,IK2:1,MOVE:0
[2026-09-08 18:01:05.408] [RX] SRV:14,34,0.0,0,0
[2026-09-08 18:01:05.501] [RX] PITCH:11.10,PID_OUT:-158.87,INT:0.0000,EL:-1954,ER:-1504,VEL:-351.6,MOT:1,TILT:25.0,TRIM:6.000,ATE:1,LATCH:0,TORQ:1,CR:0.0,FX1:1.00,FY1:-151.10,FX2:-6.00,FY2:-149.60,IK1:1,IK2:1,MOVE:0
[2026-09-08 18:01:05.593] [RX] PITCH:10.15,PID_OUT:-123.55,INT:0.0000,EL:-1999,ER:-1463,VEL:-415.0,MOT:1,TILT:25.0,TRIM:6.000,ATE:1,LATCH:0,TORQ:1,CR:0.0,FX1:1.00,FY1:-151.10,FX2:-6.00,FY2:-149.60,IK1:1,IK2:1,MOVE:0
[2026-09-08 18:01:05.651] [TX] VP0.051000000000000004
[2026-09-08 18:01:05.702] [RX] PITCH:10.86,PID_OUT:-110.32,INT:0.0000,EL:-2042,ER:-1419,VEL:-433.1,MOT:1,TILT:25.0,TRIM:6.000,ATE:1,LATCH:0,TORQ:1,CR:0.0,FX1:1.00,FY1:-151.10,FX2:-6.00,FY2:-149.60,IK1:1,IK2:1,MOVE:0
[2026-09-08 18:01:05.804] [RX] PITCH:10.04,PID_OUT:-48.49,INT:0.0000,EL:-2082,ER:-1373,VEL:-427.4,MOT:1,TILT:25.0,TRIM:6.000,ATE:1,LATCH:0,TORQ:1,CR:0.0,FX1:1.00,FY1:-151.10,FX2:-6.00,FY2:-149.60,IK1:1,IK2:1,MOVE:0
[2026-09-08 18:01:05.804] [RX] AX12:MODE:0,TQ:1,TL:1023,CM:1,CS:4,MS:0,MT:800
[2026-09-08 18:01:05.904] [RX] PITCH:8.32,PID_OUT:49.21,INT:0.0000,EL:-2114,ER:-1338,VEL:-337.8,MOT:1,TILT:25.0,TRIM:6.000,ATE:1,LATCH:0,TORQ:1,CR:0.0,FX1:1.00,FY1:-151.10,FX2:-6.00,FY2:-149.60,IK1:1,IK2:1,MOVE:0
[2026-09-08 18:01:06.005] [RX] PITCH:5.64,PID_OUT:109.65,INT:0.0000,EL:-2129,ER:-1322,VEL:-160.9,MOT:1,TILT:25.0,TRIM:6.000,ATE:1,LATCH:0,TORQ:1,CR:0.0,FX1:1.00,FY1:-151.10,FX2:-6.00,FY2:-149.60,IK1:1,IK2:1,MOVE:0
[2026-09-08 18:01:06.106] [RX] PITCH:3.42,PID_OUT:27.64,INT:0.0000,EL:-2128,ER:-1328,VEL:9.5,MOT:1,TILT:25.0,TRIM:0.116,ATE:1,LATCH:0,TORQ:1,CR:0.0,FX1:1.00,FY1:-151.10,FX2:-6.00,FY2:-149.60,IK1:1,IK2:1,MOVE:0
[2026-09-08 18:01:06.201] [RX] PITCH:-1.87,PID_OUT:162.52,INT:0.0000,EL:-2126,ER:-1332,VEL:32.6,MOT:1,TILT:25.0,TRIM:-1.066,ATE:1,LATCH:0,TORQ:1,CR:0.0,FX1:1.00,FY1:-151.10,FX2:-6.00,FY2:-149.60,IK1:1,IK2:1,MOVE:0
[2026-09-08 18:01:06.306] [RX] PITCH:-7.43,PID_OUT:200.12,INT:0.0000,EL:-2111,ER:-1353,VEL:148.3,MOT:1,TILT:25.0,TRIM:-6.000,ATE:1,LATCH:0,TORQ:1,CR:0.0,FX1:1.00,FY1:-151.10,FX2:-6.00,FY2:-149.60,IK1:1,IK2:1,MOVE:0
[2026-09-08 18:01:06.317] [RX] AX12:MODE:0,TQ:1,TL:1023,CM:1,CS:4,MS:0,MT:800
[2026-09-08 18:01:06.395] [RX] PITCH:-10.87,PID_OUT:171.76,INT:0.0000,EL:-2078,ER:-1381,VEL:294.5,MOT:1,TILT:25.0,TRIM:-6.000,ATE:1,LATCH:0,TORQ:1,CR:0.0,FX1:1.00,FY1:-151.10,FX2:-6.00,FY2:-149.60,IK1:1,IK2:1,MOVE:0
[2026-09-08 18:01:06.395] [RX] SRV:1,35,0.0,0,0
[2026-09-08 18:01:06.503] [RX] PITCH:-11.92,PID_OUT:144.60,INT:0.0000,EL:-2029,ER:-1425,VEL:441.2,MOT:1,TILT:25.0,TRIM:-6.000,ATE:1,LATCH:0,TORQ:1,CR:0.0,FX1:1.00,FY1:-151.10,FX2:-6.00,FY2:-149.60,IK1:1,IK2:1,MOVE:0
[2026-09-08 18:01:06.592] [RX] PITCH:-11.39,PID_OUT:56.84,INT:0.0000,EL:-1977,ER:-1468,VEL:467.2,MOT:1,TILT:25.0,TRIM:-6.000,ATE:1,LATCH:0,TORQ:1,CR:0.0,FX1:1.00,FY1:-151.10,FX2:-6.00,FY2:-149.60,IK1:1,IK2:1,MOVE:0
[2026-09-08 18:01:06.691] [RX] PITCH:-9.48,PID_OUT:-46.08,INT:0.0000,EL:-1937,ER:-1510,VEL:396.0,MOT:1,TILT:25.0,TRIM:-6.000,ATE:1,LATCH:0,TORQ:1,CR:0.0,FX1:1.00,FY1:-151.10,FX2:-6.00,FY2:-149.60,IK1:1,IK2:1,MOVE:0
[2026-09-08 18:01:06.808] [RX] PITCH:-8.10,PID_OUT:-28.15,INT:0.0000,EL:-1931,ER:-1533,VEL:167.3,MOT:1,TILT:25.0,TRIM:-6.000,ATE:1,LATCH:0,TORQ:1,CR:0.0,FX1:1.00,FY1:-151.10,FX2:-6.00,FY2:-149.60,IK1:1,IK2:1,MOVE:0
[2026-09-08 18:01:06.810] [RX] AX12:MODE:0,TQ:1,TL:1023,CM:1,CS:4,MS:0,MT:800
[2026-09-08 18:01:06.903] [RX] PITCH:-4.55,PID_OUT:-60.06,INT:0.0000,EL:-1930,ER:-1532,VEL:36.8,MOT:1,TILT:25.0,TRIM:-1.573,ATE:1,LATCH:0,TORQ:1,CR:0.0,FX1:1.00,FY1:-151.10,FX2:-6.00,FY2:-149.60,IK1:1,IK2:1,MOVE:0
[2026-09-08 18:01:06.999] [RX] PITCH:1.19,PID_OUT:-27.18,INT:0.0000,EL:-1961,ER:-1532,VEL:-167.6,MOT:1,TILT:25.0,TRIM:6.000,ATE:1,LATCH:0,TORQ:1,CR:0.0,FX1:1.00,FY1:-151.10,FX2:-6.00,FY2:-149.60,IK1:1,IK2:1,MOVE:0
[2026-09-08 18:01:07.102] [RX] PITCH:8.01,PID_OUT:-197.73,INT:0.0000,EL:-2004,ER:-1525,VEL:-212.4,MOT:1,TILT:25.0,TRIM:6.000,ATE:1,LATCH:0,TORQ:1,CR:0.0,FX1:1.00,FY1:-151.10,FX2:-6.00,FY2:-149.60,IK1:1,IK2:1,MOVE:0
[2026-09-08 18:01:07.202] [RX] PITCH:10.23,PID_OUT:-197.59,INT:0.0000,EL:-2051,ER:-1488,VEL:-392.6,MOT:1,TILT:25.0,TRIM:6.000,ATE:1,LATCH:0,TORQ:1,CR:0.0,FX1:1.00,FY1:-151.10,FX2:-6.00,FY2:-149.60,IK1:1,IK2:1,MOVE:0
[2026-09-08 18:01:07.302] [RX] PITCH:12.64,PID_OUT:-165.82,INT:0.0000,EL:-2108,ER:-1436,VEL:-525.9,MOT:1,TILT:25.0,TRIM:6.000,ATE:1,LATCH:0,TORQ:1,CR:0.0,FX1:1.00,FY1:-151.10,FX2:-6.00,FY2:-149.60,IK1:1,IK2:1,MOVE:0
[2026-09-08 18:01:07.310] [RX] AX12:MODE:0,TQ:1,TL:1023,CM:1,CS:4,MS:0,MT:800
[2026-09-08 18:01:07.402] [RX] PITCH:12.31,PID_OUT:-41.06,INT:0.0000,EL:-2173,ER:-1375,VEL:-613.1,MOT:1,TILT:25.0,TRIM:6.000,ATE:1,LATCH:0,TORQ:1,CR:0.0,FX1:1.00,FY1:-151.10,FX2:-6.00,FY2:-149.60,IK1:1,IK2:1,MOVE:0
[2026-09-08 18:01:07.402] [RX] SRV:6,36,0.0,0,0
[2026-09-08 18:01:07.503] [RX] PITCH:8.64,PID_OUT:111.64,INT:0.0000,EL:-2230,ER:-1328,VEL:-517.3,MOT:1,TILT:25.0,TRIM:6.000,ATE:1,LATCH:0,TORQ:1,CR:0.0,FX1:1.00,FY1:-151.10,FX2:-6.00,FY2:-149.60,IK1:1,IK2:1,MOVE:0
[2026-09-08 18:01:07.601] [RX] PITCH:5.58,PID_OUT:132.45,INT:0.0000,EL:-2255,ER:-1313,VEL:-226.3,MOT:1,TILT:25.0,TRIM:6.000,ATE:1,LATCH:0,TORQ:1,CR:0.0,FX1:1.00,FY1:-151.10,FX2:-6.00,FY2:-149.60,IK1:1,IK2:1,MOVE:0
[2026-09-08 18:01:07.687] [RX] PITCH:1.67,PID_OUT:82.20,INT:0.0000,EL:-2254,ER:-1327,VEL:16.6,MOT:1,TILT:25.0,TRIM:-0.148,ATE:1,LATCH:0,TORQ:1,CR:0.0,FX1:1.00,FY1:-151.10,FX2:-6.00,FY2:-149.60,IK1:1,IK2:1,MOVE:0
[2026-09-08 18:01:07.804] [RX] PITCH:-5.18,PID_OUT:153.07,INT:0.0000,EL:-2249,ER:-1342,VEL:91.7,MOT:1,TILT:25.0,TRIM:-3.988,ATE:1,LATCH:0,TORQ:1,CR:0.0,FX1:1.00,FY1:-151.10,FX2:-6.00,FY2:-149.60,IK1:1,IK2:1,MOVE:0
[2026-09-08 18:01:07.804] [RX] AX12:MODE:0,TQ:1,TL:1023,CM:1,CS:4,MS:0,MT:800
[2026-09-08 18:01:07.893] [RX] PITCH:-9.54,PID_OUT:151.66,INT:0.0000,EL:-2236,ER:-1371,VEL:194.3,MOT:1,TILT:25.0,TRIM:-6.000,ATE:1,LATCH:0,TORQ:1,CR:0.0,FX1:1.00,FY1:-151.10,FX2:-6.00,FY2:-149.60,IK1:1,IK2:1,MOVE:0
[2026-09-08 18:01:08.000] [RX] PITCH:-10.67,PID_OUT:109.73,INT:0.0000,EL:-2213,ER:-1408,VEL:278.4,MOT:1,TILT:25.0,TRIM:-6.000,ATE:1,LATCH:0,TORQ:1,CR:0.0,FX1:1.00,FY1:-151.10,FX2:-6.00,FY2:-149.60,IK1:1,IK2:1,MOVE:0
[2026-09-08 18:01:08.102] [RX] PITCH:-10.22,PID_OUT:55.42,INT:0.0000,EL:-2187,ER:-1444,VEL:293.8,MOT:1,TILT:25.0,TRIM:-6.000,ATE:1,LATCH:0,TORQ:1,CR:0.0,FX1:1.00,FY1:-151.10,FX2:-6.00,FY2:-149.60,IK1:1,IK2:1,MOVE:0
[2026-09-08 18:01:08.200] [RX] PITCH:-8.65,PID_OUT:-15.30,INT:0.0000,EL:-2174,ER:-1470,VEL:181.6,MOT:1,TILT:25.0,TRIM:-6.000,ATE:1,LATCH:0,TORQ:1,CR:0.0,FX1:1.00,FY1:-151.10,FX2:-6.00,FY2:-149.60,IK1:1,IK2:1,MOVE:0
[2026-09-08 18:01:08.302] [RX] PITCH:-6.29,PID_OUT:5.67,INT:0.0000,EL:-2178,ER:-1480,VEL:57.8,MOT:1,TILT:25.0,TRIM:-2.417,ATE:1,LATCH:0,TORQ:1,CR:0.0,FX1:1.00,FY1:-151.10,FX2:-6.00,FY2:-149.60,IK1:1,IK2:1,MOVE:0
[2026-09-08 18:01:08.302] [RX] AX12:MODE:0,TQ:1,TL:1023,CM:1,CS:4,MS:0,MT:800
[2026-09-08 18:01:08.400] [RX] PITCH:-2.07,PID_OUT:65.50,INT:0.0000,EL:-2192,ER:-1481,VEL:-68.3,MOT:1,TILT:25.0,TRIM:4.013,ATE:1,LATCH:0,TORQ:1,CR:0.0,FX1:1.00,FY1:-151.10,FX2:-6.00,FY2:-149.60,IK1:1,IK2:1,MOVE:0
[2026-09-08 18:01:08.400] [RX] SRV:0,34,0.0,0,0
[2026-09-08 18:01:08.498] [RX] PITCH:3.54,PID_OUT:-71.31,INT:0.0000,EL:-2209,ER:-1479,VEL:-111.5,MOT:1,TILT:25.0,TRIM:6.000,ATE:1,LATCH:0,TORQ:1,CR:0.0,FX1:1.00,FY1:-151.10,FX2:-6.00,FY2:-149.60,IK1:1,IK2:1,MOVE:0
[2026-09-08 18:01:08.599] [RX] PITCH:8.34,PID_OUT:-160.60,INT:0.0000,EL:-2235,ER:-1473,VEL:-172.4,MOT:1,TILT:25.0,TRIM:6.000,ATE:1,LATCH:0,TORQ:1,CR:0.0,FX1:1.00,FY1:-151.10,FX2:-6.00,FY2:-149.60,IK1:1,IK2:1,MOVE:0
[2026-09-08 18:01:08.690] [RX] PITCH:10.04,PID_OUT:-125.90,INT:0.0000,EL:-2266,ER:-1455,VEL:-246.6,MOT:1,TILT:25.0,TRIM:6.000,ATE:1,LATCH:0,TORQ:1,CR:0.0,FX1:1.00,FY1:-151.10,FX2:-6.00,FY2:-149.60,IK1:1,IK2:1,MOVE:0
[2026-09-08 18:01:08.803] [RX] PITCH:10.41,PID_OUT:-28.35,INT:0.0000,EL:-2302,ER:-1432,VEL:-281.4,MOT:1,TILT:25.0,TRIM:6.000,ATE:1,LATCH:0,TORQ:1,CR:0.0,FX1:1.00,FY1:-151.10,FX2:-6.00,FY2:-149.60,IK1:1,IK2:1,MOVE:0
[2026-09-08 18:01:08.803] [RX] AX12:MODE:0,TQ:1,TL:1023,CM:1,CS:4,MS:0,MT:800
[2026-09-08 18:01:08.896] [RX] PITCH:6.69,PID_OUT:88.94,INT:0.0000,EL:-2330,ER:-1419,VEL:-203.6,MOT:1,TILT:25.0,TRIM:6.000,ATE:1,LATCH:0,TORQ:1,CR:0.0,FX1:1.00,FY1:-151.10,FX2:-6.00,FY2:-149.60,IK1:1,IK2:1,MOVE:0
[2026-09-08 18:01:08.998] [RX] PITCH:4.43,PID_OUT:-34.89,INT:0.0000,EL:-2336,ER:-1424,VEL:-7.4,MOT:1,TILT:25.0,TRIM:1.062,ATE:1,LATCH:0,TORQ:1,CR:0.0,FX1:1.00,FY1:-151.10,FX2:-6.00,FY2:-149.60,IK1:1,IK2:1,MOVE:0
[2026-09-08 18:01:09.086] [RX] PITCH:0.47,PID_OUT:135.42,INT:0.0000,EL:-2336,ER:-1425,VEL:0.3,MOT:1,TILT:25.0,TRIM:0.669,ATE:1,LATCH:0,TORQ:1,CR:0.0,FX1:1.00,FY1:-151.10,FX2:-6.00,FY2:-149.60,IK1:1,IK2:1,MOVE:0
[2026-09-08 18:01:09.198] [RX] PITCH:-3.91,PID_OUT:122.04,INT:0.0000,EL:-2330,ER:-1443,VEL:103.2,MOT:1,TILT:25.0,TRIM:-4.588,ATE:1,LATCH:0,TORQ:1,CR:0.0,FX1:1.00,FY1:-151.10,FX2:-6.00,FY2:-149.60,IK1:1,IK2:1,MOVE:0
[2026-09-08 18:01:09.291] [RX] PITCH:-8.56,PID_OUT:166.43,INT:0.0000,EL:-2318,ER:-1465,VEL:173.9,MOT:1,TILT:25.0,TRIM:-6.000,ATE:1,LATCH:0,TORQ:1,CR:0.0,FX1:1.00,FY1:-151.10,FX2:-6.00,FY2:-149.60,IK1:1,IK2:1,MOVE:0
[2026-09-08 18:01:09.310] [RX] AX12:MODE:0,TQ:1,TL:1023,CM:1,CS:4,MS:0,MT:800
[2026-09-08 18:01:09.406] [RX] PITCH:-11.13,PID_OUT:166.37,INT:0.0000,EL:-2289,ER:-1498,VEL:291.7,MOT:1,TILT:25.0,TRIM:-6.000,ATE:1,LATCH:0,TORQ:1,CR:0.0,FX1:1.00,FY1:-151.10,FX2:-6.00,FY2:-149.60,IK1:1,IK2:1,MOVE:0
[2026-09-08 18:01:09.407] [RX] SRV:14,34,0.0,0,0
[2026-09-08 18:01:09.489] [RX] PITCH:-11.82,PID_OUT:139.19,INT:0.0000,EL:-2247,ER:-1545,VEL:415.4,MOT:1,TILT:25.0,TRIM:-6.000,ATE:1,LATCH:0,TORQ:1,CR:0.0,FX1:1.00,FY1:-151.10,FX2:-6.00,FY2:-149.60,IK1:1,IK2:1,MOVE:0
[2026-09-08 18:01:09.599] [RX] PITCH:-11.19,PID_OUT:75.72,INT:0.0000,EL:-2204,ER:-1588,VEL:425.7,MOT:1,TILT:25.0,TRIM:-6.000,ATE:1,LATCH:0,TORQ:1,CR:0.0,FX1:1.00,FY1:-151.10,FX2:-6.00,FY2:-149.60,IK1:1,IK2:1,MOVE:0
[2026-09-08 18:01:09.638] [TX] VP0.08600000000000001
[2026-09-08 18:01:09.707] [RX] PITCH:-9.67,PID_OUT:-13.29,INT:0.0000,EL:-2168,ER:-1627,VEL:375.2,MOT:1,TILT:25.0,TRIM:-6.000,ATE:1,LATCH:0,TORQ:1,CR:0.0,FX1:1.00,FY1:-151.10,FX2:-6.00,FY2:-149.60,IK1:1,IK2:1,MOVE:0
[2026-09-08 18:01:09.727] [RX] Updated -> P:34.700 I:0.000 D:3.000 Offset:-1.7055 Target:0.000 Alpha:0.9600 Tilt:25.00 TrimGain:0.0015 Crouch:0.00 VP:0.0860
[2026-09-08 18:01:09.804] [RX] PITCH:-6.78,PID_OUT:-97.09,INT:0.0000,EL:-2163,ER:-1653,VEL:182.3,MOT:1,TILT:25.0,TRIM:-6.000,ATE:1,LATCH:0,TORQ:1,CR:0.0,FX1:1.00,FY1:-151.10,FX2:-6.00,FY2:-149.60,IK1:1,IK2:1,MOVE:0
[2026-09-08 18:01:09.804] [RX] AX12:MODE:0,TQ:1,TL:1023,CM:1,CS:4,MS:0,MT:800
[2026-09-08 18:01:09.896] [RX] PITCH:-4.87,PID_OUT:-5.98,INT:0.0000,EL:-2169,ER:-1659,VEL:21.0,MOT:1,TILT:25.0,TRIM:-1.420,ATE:1,LATCH:0,TORQ:1,CR:0.0,FX1:1.00,FY1:-151.10,FX2:-6.00,FY2:-149.60,IK1:1,IK2:1,MOVE:0
[2026-09-08 18:01:09.991] [RX] PITCH:0.37,PID_OUT:-70.14,INT:0.0000,EL:-2181,ER:-1659,VEL:-55.6,MOT:1,TILT:25.0,TRIM:5.167,ATE:1,LATCH:0,TORQ:1,CR:0.0,FX1:1.00,FY1:-151.10,FX2:-6.00,FY2:-149.60,IK1:1,IK2:1,MOVE:0
[2026-09-08 18:01:10.093] [RX] PITCH:6.66,PID_OUT:-248.36,INT:0.0000,EL:-2200,ER:-1649,VEL:-161.6,MOT:1,TILT:25.0,TRIM:6.000,ATE:1,LATCH:0,TORQ:1,CR:0.0,FX1:1.00,FY1:-151.10,FX2:-6.00,FY2:-149.60,IK1:1,IK2:1,MOVE:0
[2026-09-08 18:01:10.196] [RX] PITCH:10.30,PID_OUT:-220.76,INT:0.0000,EL:-2255,ER:-1604,VEL:-470.8,MOT:1,TILT:25.0,TRIM:6.000,ATE:1,LATCH:0,TORQ:1,CR:0.0,FX1:1.00,FY1:-151.10,FX2:-6.00,FY2:-149.60,IK1:1,IK2:1,MOVE:0
[2026-09-08 18:01:10.305] [RX] PITCH:14.70,PID_OUT:-146.75,INT:0.0000,EL:-2329,ER:-1537,VEL:-683.7,MOT:1,TILT:25.0,TRIM:6.000,ATE:1,LATCH:0,TORQ:1,CR:0.0,FX1:1.00,FY1:-151.10,FX2:-6.00,FY2:-149.60,IK1:1,IK2:1,MOVE:0
[2026-09-08 18:01:10.305] [RX] AX12:MODE:0,TQ:1,TL:1023,CM:1,CS:4,MS:0,MT:800
[2026-09-08 18:01:10.395] [RX] PITCH:12.53,PID_OUT:156.33,INT:0.0000,EL:-2410,ER:-1462,VEL:-746.2,MOT:1,TILT:25.0,TRIM:6.000,ATE:1,LATCH:0,TORQ:1,CR:0.0,FX1:1.00,FY1:-151.10,FX2:-6.00,FY2:-149.60,IK1:1,IK2:1,MOVE:0
[2026-09-08 18:01:10.401] [RX] SRV:1,35,0.0,0,0
[2026-09-08 18:01:10.493] [RX] PITCH:5.97,PID_OUT:185.88,INT:0.0000,EL:-2437,ER:-1434,VEL:-303.5,MOT:1,TILT:25.0,TRIM:6.000,ATE:1,LATCH:0,TORQ:1,CR:0.0,FX1:1.00,FY1:-151.10,FX2:-6.00,FY2:-149.60,IK1:1,IK2:1,MOVE:0
[2026-09-08 18:01:10.593] [RX] PITCH:2.89,PID_OUT:17.93,INT:0.0000,EL:-2431,ER:-1451,VEL:24.4,MOT:1,TILT:25.0,TRIM:-1.363,ATE:1,LATCH:0,TORQ:1,CR:0.0,FX1:1.00,FY1:-151.10,FX2:-6.00,FY2:-149.60,IK1:1,IK2:1,MOVE:0
[2026-09-08 18:01:10.693] [RX] PITCH:-6.84,PID_OUT:208.22,INT:0.0000,EL:-2421,ER:-1466,VEL:122.6,MOT:1,TILT:25.0,TRIM:-6.000,ATE:1,LATCH:0,TORQ:1,CR:0.0,FX1:1.00,FY1:-151.10,FX2:-6.00,FY2:-149.60,IK1:1,IK2:1,MOVE:0
[2026-09-08 18:01:10.804] [RX] PITCH:-12.74,PID_OUT:154.84,INT:0.0000,EL:-2382,ER:-1501,VEL:346.5,MOT:1,TILT:25.0,TRIM:-6.000,ATE:1,LATCH:0,TORQ:1,CR:0.0,FX1:1.00,FY1:-151.10,FX2:-6.00,FY2:-149.60,IK1:1,IK2:1,MOVE:0
[2026-09-08 18:01:10.804] [RX] AX12:MODE:0,TQ:1,TL:1023,CM:1,CS:4,MS:0,MT:800
[2026-09-08 18:01:10.884] [RX] PITCH:-12.43,PID_OUT:-68.91,INT:0.0000,EL:-2334,ER:-1549,VEL:442.0,MOT:1,TILT:25.0,TRIM:-6.000,ATE:1,LATCH:0,TORQ:1,CR:0.0,FX1:1.00,FY1:-151.10,FX2:-6.00,FY2:-149.60,IK1:1,IK2:1,MOVE:0
[2026-09-08 18:01:10.993] [RX] PITCH:-7.92,PID_OUT:-178.06,INT:0.0000,EL:-2315,ER:-1575,VEL:228.7,MOT:1,TILT:25.0,TRIM:-6.000,ATE:1,LATCH:0,TORQ:1,CR:0.0,FX1:1.00,FY1:-151.10,FX2:-6.00,FY2:-149.60,IK1:1,IK2:1,MOVE:0
[2026-09-08 18:01:11.093] [RX] PITCH:-3.57,PID_OUT:9.93,INT:0.0000,EL:-2330,ER:-1567,VEL:-44.8,MOT:1,TILT:25.0,TRIM:4.424,ATE:1,LATCH:0,TORQ:1,CR:0.0,FX1:1.00,FY1:-151.10,FX2:-6.00,FY2:-149.60,IK1:1,IK2:1,MOVE:0
[2026-09-08 18:01:11.195] [RX] PITCH:7.66,PID_OUT:-242.71,INT:0.0000,EL:-2356,ER:-1547,VEL:-250.7,MOT:1,TILT:25.0,TRIM:6.000,ATE:1,LATCH:0,TORQ:1,CR:0.0,FX1:1.00,FY1:-151.10,FX2:-6.00,FY2:-149.60,IK1:1,IK2:1,MOVE:0
[2026-09-08 18:01:11.283] [RX] PITCH:15.41,PID_OUT:-114.41,INT:0.0000,EL:-2426,ER:-1489,VEL:-580.3,MOT:1,TILT:25.0,TRIM:6.000,ATE:1,LATCH:0,TORQ:1,CR:0.0,FX1:1.00,FY1:-151.10,FX2:-6.00,FY2:-149.60,IK1:1,IK2:1,MOVE:0
[2026-09-08 18:01:11.299] [RX] AX12:MODE:0,TQ:1,TL:1023,CM:1,CS:4,MS:0,MT:800
[2026-09-08 18:01:11.398] [RX] PITCH:11.24,PID_OUT:158.60,INT:0.0000,EL:-2494,ER:-1435,VEL:-569.5,MOT:1,TILT:25.0,TRIM:6.000,ATE:1,LATCH:0,TORQ:1,CR:0.0,FX1:1.00,FY1:-151.10,FX2:-6.00,FY2:-149.60,IK1:1,IK2:1,MOVE:0
[2026-09-08 18:01:11.398] [RX] SRV:6,36,7.0,0,0
[2026-09-08 18:01:11.490] [RX] PITCH:4.58,PID_OUT:183.81,INT:0.0000,EL:-2497,ER:-1428,VEL:-81.1,MOT:1,TILT:25.0,TRIM:6.000,ATE:1,LATCH:0,TORQ:1,CR:0.0,FX1:1.00,FY1:-151.10,FX2:-6.00,FY2:-149.60,IK1:1,IK2:1,MOVE:0
[2026-09-08 18:01:11.589] [RX] PITCH:-1.91,PID_OUT:15.06,INT:0.0000,EL:-2492,ER:-1445,VEL:73.1,MOT:1,TILT:25.0,TRIM:-5.498,ATE:1,LATCH:0,TORQ:1,CR:0.0,FX1:1.00,FY1:-151.10,FX2:-6.00,FY2:-149.60,IK1:1,IK2:1,MOVE:0
[2026-09-08 18:01:11.689] [RX] PITCH:-9.72,PID_OUT:88.06,INT:0.0000,EL:-2479,ER:-1471,VEL:183.2,MOT:1,TILT:25.0,TRIM:-6.000,ATE:1,LATCH:0,TORQ:1,CR:0.0,FX1:1.00,FY1:-151.10,FX2:-6.00,FY2:-149.60,IK1:1,IK2:1,MOVE:0
[2026-09-08 18:01:11.790] [RX] PITCH:-8.89,PID_OUT:-91.81,INT:0.0000,EL:-2475,ER:-1491,VEL:94.7,MOT:1,TILT:25.0,TRIM:-6.000,ATE:1,LATCH:0,TORQ:1,CR:0.0,FX1:1.00,FY1:-151.10,FX2:-6.00,FY2:-149.60,IK1:1,IK2:1,MOVE:0
[2026-09-08 18:01:11.803] [RX] AX12:MODE:0,TQ:1,TL:1023,CM:1,CS:4,MS:0,MT:800
[2026-09-08 18:01:11.880] [RX] PITCH:-4.20,PID_OUT:-31.20,INT:0.0000,EL:-2490,ER:-1501,VEL:2.7,MOT:1,TILT:25.0,TRIM:0.510,ATE:1,LATCH:0,TORQ:1,CR:0.0,FX1:1.00,FY1:-151.10,FX2:-6.00,FY2:-149.60,IK1:1,IK2:1,MOVE:0
[2026-09-08 18:01:11.991] [RX] PITCH:4.00,PID_OUT:-130.77,INT:0.0000,EL:-2521,ER:-1501,VEL:-151.9,MOT:1,TILT:25.0,TRIM:6.000,ATE:1,LATCH:0,TORQ:1,CR:0.0,FX1:1.00,FY1:-151.10,FX2:-6.00,FY2:-149.60,IK1:1,IK2:1,MOVE:0
[2026-09-08 18:01:12.086] [RX] PITCH:11.00,PID_OUT:-85.38,INT:0.0000,EL:-2548,ER:-1492,VEL:-200.4,MOT:1,TILT:25.0,TRIM:6.000,ATE:1,LATCH:0,TORQ:1,CR:0.0,FX1:1.00,FY1:-151.10,FX2:-6.00,FY2:-149.60,IK1:1,IK2:1,MOVE:0
[2026-09-08 18:01:12.191] [RX] PITCH:8.46,PID_OUT:135.60,INT:0.0000,EL:-2574,ER:-1482,VEL:-167.1,MOT:1,TILT:25.0,TRIM:6.000,ATE:1,LATCH:0,TORQ:1,CR:0.0,FX1:1.00,FY1:-151.10,FX2:-6.00,FY2:-149.60,IK1:1,IK2:1,MOVE:0
[2026-09-08 18:01:12.298] [RX] PITCH:3.32,PID_OUT:-46.52,INT:0.0000,EL:-2578,ER:-1490,VEL:6.1,MOT:1,TILT:25.0,TRIM:0.294,ATE:1,LATCH:0,TORQ:1,CR:0.0,FX1:1.00,FY1:-151.10,FX2:-6.00,FY2:-149.60,IK1:1,IK2:1,MOVE:0
[2026-09-08 18:01:12.298] [RX] AX12:MODE:0,TQ:1,TL:1023,CM:1,CS:4,MS:0,MT:800
[2026-09-08 18:01:12.396] [RX] PITCH:-2.07,PID_OUT:10.46,INT:0.0000,EL:-2589,ER:-1504,VEL:13.1,MOT:1,TILT:25.0,TRIM:-0.314,ATE:1,LATCH:0,TORQ:1,CR:0.0,FX1:1.00,FY1:-151.10,FX2:-6.00,FY2:-149.60,IK1:1,IK2:1,MOVE:0
[2026-09-08 18:01:12.396] [RX] SRV:0,34,0.0,0,0
[2026-09-08 18:01:12.481] [RX] PITCH:-4.46,PID_OUT:39.33,INT:0.0000,EL:-2593,ER:-1515,VEL:18.3,MOT:1,TILT:25.0,TRIM:-0.768,ATE:1,LATCH:0,TORQ:1,CR:0.0,FX1:1.00,FY1:-151.10,FX2:-6.00,FY2:-149.60,IK1:1,IK2:1,MOVE:0
[2026-09-08 18:01:12.577] [RX] PITCH:-1.76,PID_OUT:-141.59,INT:0.0000,EL:-2600,ER:-1526,VEL:24.8,MOT:1,TILT:25.0,TRIM:-1.324,ATE:1,LATCH:0,TORQ:1,CR:0.0,FX1:1.00,FY1:-151.10,FX2:-6.00,FY2:-149.60,IK1:1,IK2:1,MOVE:0
[2026-09-08 18:01:12.690] [RX] PITCH:4.00,PID_OUT:-51.24,INT:0.0000,EL:-2617,ER:-1524,VEL:-85.6,MOT:1,TILT:25.0,TRIM:6.000,ATE:1,LATCH:0,TORQ:1,CR:0.0,FX1:1.00,FY1:-151.10,FX2:-6.00,FY2:-149.60,IK1:1,IK2:1,MOVE:0
[2026-09-08 18:01:12.794] [RX] PITCH:9.59,PID_OUT:-52.00,INT:0.0000,EL:-2644,ER:-1519,VEL:-149.0,MOT:1,TILT:25.0,TRIM:6.000,ATE:1,LATCH:0,TORQ:1,CR:0.0,FX1:1.00,FY1:-151.10,FX2:-6.00,FY2:-149.60,IK1:1,IK2:1,MOVE:0
[2026-09-08 18:01:12.800] [RX] AX12:MODE:0,TQ:1,TL:1023,CM:1,CS:4,MS:0,MT:800
[2026-09-08 18:01:12.886] [RX] PITCH:7.03,PID_OUT:2.91,INT:0.0000,EL:-2660,ER:-1521,VEL:-50.1,MOT:1,TILT:25.0,TRIM:5.162,ATE:1,LATCH:0,TORQ:1,CR:0.0,FX1:1.00,FY1:-151.10,FX2:-6.00,FY2:-149.60,IK1:1,IK2:1,MOVE:0
[2026-09-08 18:01:12.981] [RX] PITCH:3.04,PID_OUT:-20.75,INT:0.0000,EL:-2660,ER:-1521,VEL:-9.9,MOT:1,TILT:25.0,TRIM:1.702,ATE:1,LATCH:0,TORQ:1,CR:0.0,FX1:1.00,FY1:-151.10,FX2:-6.00,FY2:-149.60,IK1:1,IK2:1,MOVE:0
[2026-09-08 18:01:13.086] [RX] PITCH:2.46,PID_OUT:-14.55,INT:0.0000,EL:-2660,ER:-1521,VEL:-1.9,MOT:1,TILT:25.0,TRIM:1.021,ATE:1,LATCH:0,TORQ:1,CR:0.0,FX1:1.00,FY1:-151.10,FX2:-6.00,FY2:-149.60,IK1:1,IK2:1,MOVE:0
[2026-09-08 18:01:13.184] [RX] PITCH:2.26,PID_OUT:91.11,INT:0.0000,EL:-2659,ER:-1520,VEL:0.6,MOT:1,TILT:25.0,TRIM:0.805,ATE:1,LATCH:0,TORQ:1,CR:0.0,FX1:1.00,FY1:-151.10,FX2:-6.00,FY2:-149.60,IK1:1,IK2:1,MOVE:0
[2026-09-08 18:01:13.290] [RX] PITCH:-2.72,PID_OUT:126.67,INT:0.0000,EL:-2654,ER:-1531,VEL:69.4,MOT:1,TILT:25.0,TRIM:-5.118,ATE:1,LATCH:0,TORQ:1,CR:0.0,FX1:1.00,FY1:-151.10,FX2:-6.00,FY2:-149.60,IK1:1,IK2:1,MOVE:0
[2026-09-08 18:01:13.290] [RX] AX12:MODE:0,TQ:1,TL:1023,CM:1,CS:4,MS:0,MT:800
[2026-09-08 18:01:13.382] [RX] PITCH:-9.05,PID_OUT:184.27,INT:0.0000,EL:-2636,ER:-1546,VEL:166.1,MOT:1,TILT:25.0,TRIM:-6.000,ATE:1,LATCH:0,TORQ:1,CR:0.0,FX1:1.00,FY1:-151.10,FX2:-6.00,FY2:-149.60,IK1:1,IK2:1,MOVE:0
[2026-09-08 18:01:13.382] [RX] SRV:14,34,0.0,0,0
[2026-09-08 18:01:13.477] [RX] PITCH:-11.45,PID_OUT:180.71,INT:0.0000,EL:-2599,ER:-1583,VEL:347.7,MOT:1,TILT:25.0,TRIM:-6.000,ATE:1,LATCH:0,TORQ:1,CR:0.0,FX1:1.00,FY1:-151.10,FX2:-6.00,FY2:-149.60,IK1:1,IK2:1,MOVE:0
[2026-09-08 18:01:13.588] [RX] PITCH:-12.46,PID_OUT:86.96,INT:0.0000,EL:-2552,ER:-1631,VEL:452.9,MOT:1,TILT:25.0,TRIM:-6.000,ATE:1,LATCH:0,TORQ:1,CR:0.0,FX1:1.00,FY1:-151.10,FX2:-6.00,FY2:-149.60,IK1:1,IK2:1,MOVE:0
[2026-09-08 18:01:13.689] [RX] PITCH:-9.34,PID_OUT:-48.25,INT:0.0000,EL:-2514,ER:-1676,VEL:396.8,MOT:1,TILT:25.0,TRIM:-6.000,ATE:1,LATCH:0,TORQ:1,CR:0.0,FX1:1.00,FY1:-151.10,FX2:-6.00,FY2:-149.60,IK1:1,IK2:1,MOVE:0
[2026-09-08 18:01:13.782] [RX] PITCH:-6.28,PID_OUT:-82.58,INT:0.0000,EL:-2501,ER:-1705,VEL:225.2,MOT:1,TILT:25.0,TRIM:-6.000,ATE:1,LATCH:0,TORQ:1,CR:0.0,FX1:1.00,FY1:-151.10,FX2:-6.00,FY2:-149.60,IK1:1,IK2:1,MOVE:0
[2026-09-08 18:01:13.797] [RX] AX12:MODE:0,TQ:1,TL:1023,CM:1,CS:4,MS:0,MT:800
[2026-09-08 18:01:13.885] [RX] PITCH:-5.05,PID_OUT:-33.42,INT:0.0000,EL:-2508,ER:-1716,VEL:60.9,MOT:1,TILT:25.0,TRIM:-4.642,ATE:1,LATCH:0,TORQ:1,CR:0.0,FX1:1.00,FY1:-151.10,FX2:-6.00,FY2:-149.60,IK1:1,IK2:1,MOVE:0
[2026-09-08 18:01:13.984] [RX] PITCH:-1.80,PID_OUT:132.85,INT:0.0000,EL:-2531,ER:-1726,VEL:-55.7,MOT:1,TILT:25.0,TRIM:5.389,ATE:1,LATCH:0,TORQ:1,CR:0.0,FX1:1.00,FY1:-151.10,FX2:-6.00,FY2:-149.60,IK1:1,IK2:1,MOVE:0
[2026-09-08 18:01:14.083] [RX] PITCH:2.50,PID_OUT:2.57,INT:0.0000,EL:-2549,ER:-1738,VEL:-58.3,MOT:1,TILT:25.0,TRIM:5.616,ATE:1,LATCH:0,TORQ:1,CR:0.0,FX1:1.00,FY1:-151.10,FX2:-6.00,FY2:-149.60,IK1:1,IK2:1,MOVE:0
[2026-09-08 18:01:14.177] [RX] PITCH:7.56,PID_OUT:-124.90,INT:0.0000,EL:-2614,ER:-1739,VEL:-231.1,MOT:1,TILT:25.0,TRIM:6.000,ATE:1,LATCH:0,TORQ:1,CR:0.0,FX1:1.00,FY1:-151.10,FX2:-6.00,FY2:-149.60,IK1:1,IK2:1,MOVE:0
[2026-09-08 18:01:14.283] [RX] PITCH:9.75,PID_OUT:-107.16,INT:0.0000,EL:-2636,ER:-1736,VEL:-141.6,MOT:1,TILT:25.0,TRIM:6.000,ATE:1,LATCH:0,TORQ:1,CR:0.0,FX1:1.00,FY1:-151.10,FX2:-6.00,FY2:-149.60,IK1:1,IK2:1,MOVE:0
[2026-09-08 18:01:14.294] [RX] AX12:MODE:0,TQ:1,TL:1023,CM:1,CS:4,MS:0,MT:800
[2026-09-08 18:01:14.381] [RX] PITCH:9.12,PID_OUT:-41.03,INT:0.0000,EL:-2652,ER:-1734,VEL:-97.2,MOT:1,TILT:25.0,TRIM:6.000,ATE:1,LATCH:0,TORQ:1,CR:0.0,FX1:1.00,FY1:-151.10,FX2:-6.00,FY2:-149.60,IK1:1,IK2:1,MOVE:0
[2026-09-08 18:01:14.381] [RX] SRV:1,35,0.0,0,0
[2026-09-08 18:01:14.476] [RX] PITCH:7.02,PID_OUT:31.97,INT:0.0000,EL:-2669,ER:-1734,VEL:-75.7,MOT:1,TILT:25.0,TRIM:6.000,ATE:1,LATCH:0,TORQ:1,CR:0.0,FX1:1.00,FY1:-151.10,FX2:-6.00,FY2:-149.60,IK1:1,IK2:1,MOVE:0
[2026-09-08 18:01:14.580] [RX] PITCH:4.83,PID_OUT:-12.85,INT:0.0000,EL:-2671,ER:-1734,VEL:-19.0,MOT:1,TILT:25.0,TRIM:2.339,ATE:1,LATCH:0,TORQ:1,CR:0.0,FX1:1.00,FY1:-151.10,FX2:-6.00,FY2:-149.60,IK1:1,IK2:1,MOVE:0
[2026-09-08 18:01:14.682] [RX] PITCH:1.36,PID_OUT:83.42,INT:0.0000,EL:-2671,ER:-1734,VEL:-3.7,MOT:1,TILT:25.0,TRIM:1.025,ATE:1,LATCH:0,TORQ:1,CR:0.0,FX1:1.00,FY1:-151.10,FX2:-6.00,FY2:-149.60,IK1:1,IK2:1,MOVE:0
[2026-09-08 18:01:14.787] [RX] PITCH:-2.70,PID_OUT:81.21,INT:0.0000,EL:-2670,ER:-1741,VEL:29.1,MOT:1,TILT:25.0,TRIM:-1.802,ATE:1,LATCH:0,TORQ:1,CR:0.0,FX1:1.00,FY1:-151.10,FX2:-6.00,FY2:-149.60,IK1:1,IK2:1,MOVE:0
[2026-09-08 18:01:14.794] [RX] AX12:MODE:0,TQ:1,TL:1023,CM:1,CS:4,MS:0,MT:800
[2026-09-08 18:01:14.881] [RX] PITCH:-5.32,PID_OUT:42.59,INT:0.0000,EL:-2669,ER:-1753,VEL:55.2,MOT:1,TILT:25.0,TRIM:-4.056,ATE:1,LATCH:0,TORQ:1,CR:0.0,FX1:1.00,FY1:-151.10,FX2:-6.00,FY2:-149.60,IK1:1,IK2:1,MOVE:0
[2026-09-08 18:01:14.981] [RX] PITCH:-5.71,PID_OUT:49.53,INT:0.0000,EL:-2663,ER:-1753,VEL:34.0,MOT:1,TILT:25.0,TRIM:-2.242,ATE:1,LATCH:0,TORQ:1,CR:0.0,FX1:1.00,FY1:-151.10,FX2:-6.00,FY2:-149.60,IK1:1,IK2:1,MOVE:0
[2026-09-08 18:01:15.076] [RX] PITCH:-3.58,PID_OUT:12.66,INT:0.0000,EL:-2660,ER:-1753,VEL:12.5,MOT:1,TILT:25.0,TRIM:-0.394,ATE:1,LATCH:0,TORQ:1,CR:0.0,FX1:1.00,FY1:-151.10,FX2:-6.00,FY2:-149.60,IK1:1,IK2:1,MOVE:0
[2026-09-08 18:01:15.180] [RX] PITCH:0.09,PID_OUT:65.04,INT:0.0000,EL:-2666,ER:-1752,VEL:-49.0,MOT:1,TILT:25.0,TRIM:4.899,ATE:1,LATCH:0,TORQ:1,CR:0.0,FX1:1.00,FY1:-151.10,FX2:-6.00,FY2:-149.60,IK1:1,IK2:1,MOVE:0
[2026-09-08 18:01:15.292] [RX] PITCH:4.45,PID_OUT:-139.21,INT:0.0000,EL:-2673,ER:-1757,VEL:-11.8,MOT:1,TILT:25.0,TRIM:1.703,ATE:1,LATCH:0,TORQ:1,CR:0.0,FX1:1.00,FY1:-151.10,FX2:-6.00,FY2:-149.60,IK1:1,IK2:1,MOVE:0
[2026-09-08 18:01:15.293] [RX] AX12:MODE:0,TQ:1,TL:1023,CM:1,CS:4,MS:0,MT:800
[2026-09-08 18:01:15.382] [RX] PITCH:6.46,PID_OUT:-38.84,INT:0.0000,EL:-2690,ER:-1753,VEL:-86.5,MOT:1,TILT:25.0,TRIM:6.000,ATE:1,LATCH:0,TORQ:1,CR:0.0,FX1:1.00,FY1:-151.10,FX2:-6.00,FY2:-149.60,IK1:1,IK2:1,MOVE:0
[2026-09-08 18:01:15.383] [RX] SRV:6,36,0.8,0,0
[2026-09-08 18:01:15.481] [RX] PITCH:7.18,PID_OUT:-34.29,INT:0.0000,EL:-2707,ER:-1753,VEL:-53.0,MOT:1,TILT:25.0,TRIM:5.265,ATE:1,LATCH:0,TORQ:1,CR:0.0,FX1:1.00,FY1:-151.10,FX2:-6.00,FY2:-149.60,IK1:1,IK2:1,MOVE:0
[2026-09-08 18:01:15.584] [RX] PITCH:5.44,PID_OUT:-9.80,INT:0.0000,EL:-2711,ER:-1753,VEL:-28.8,MOT:1,TILT:25.0,TRIM:3.197,ATE:1,LATCH:0,TORQ:1,CR:0.0,FX1:1.00,FY1:-151.10,FX2:-6.00,FY2:-149.60,IK1:1,IK2:1,MOVE:0
[2026-09-08 18:01:15.684] [RX] PITCH:3.01,PID_OUT:-50.84,INT:0.0000,EL:-2718,ER:-1759,VEL:8.8,MOT:1,TILT:25.0,TRIM:-0.034,ATE:1,LATCH:0,TORQ:1,CR:0.0,FX1:1.00,FY1:-151.10,FX2:-6.00,FY2:-149.60,IK1:1,IK2:1,MOVE:0
[2026-09-08 18:01:15.781] [RX] PITCH:-1.40,PID_OUT:52.68,INT:0.0000,EL:-2724,ER:-1772,VEL:21.2,MOT:1,TILT:25.0,TRIM:-1.107,ATE:1,LATCH:0,TORQ:1,CR:0.0,FX1:1.00,FY1:-151.10,FX2:-6.00,FY2:-149.60,IK1:1,IK2:1,MOVE:0
[2026-09-08 18:01:15.789] [RX] AX12:MODE:0,TQ:1,TL:1023,CM:1,CS:4,MS:0,MT:800
[2026-09-08 18:01:15.877] [RX] PITCH:-3.72,PID_OUT:92.53,INT:0.0000,EL:-2723,ER:-1779,VEL:32.6,MOT:1,TILT:25.0,TRIM:-2.097,ATE:1,LATCH:0,TORQ:1,CR:0.0,FX1:1.00,FY1:-151.10,FX2:-6.00,FY2:-149.60,IK1:1,IK2:1,MOVE:0
[2026-09-08 18:01:15.975] [RX] PITCH:-4.46,PID_OUT:70.73,INT:0.0000,EL:-2723,ER:-1784,VEL:24.4,MOT:1,TILT:25.0,TRIM:-1.393,ATE:1,LATCH:0,TORQ:1,CR:0.0,FX1:1.00,FY1:-151.10,FX2:-6.00,FY2:-149.60,IK1:1,IK2:1,MOVE:0
[2026-09-08 18:01:16.075] [RX] PITCH:-3.68,PID_OUT:11.07,INT:0.0000,EL:-2728,ER:-1796,VEL:29.8,MOT:1,TILT:25.0,TRIM:-1.857,ATE:1,LATCH:0,TORQ:1,CR:0.0,FX1:1.00,FY1:-151.10,FX2:-6.00,FY2:-149.60,IK1:1,IK2:1,MOVE:0
[2026-09-08 18:01:16.178] [RX] PITCH:-2.34,PID_OUT:26.97,INT:0.0000,EL:-2728,ER:-1796,VEL:5.9,MOT:1,TILT:25.0,TRIM:0.196,ATE:1,LATCH:0,TORQ:1,CR:0.0,FX1:1.00,FY1:-151.10,FX2:-6.00,FY2:-149.60,IK1:1,IK2:1,MOVE:0
[2026-09-08 18:01:16.274] [RX] PITCH:-0.18,PID_OUT:-38.27,INT:0.0000,EL:-2728,ER:-1796,VEL:1.2,MOT:1,TILT:25.0,TRIM:0.600,ATE:1,LATCH:0,TORQ:1,CR:0.0,FX1:1.00,FY1:-151.10,FX2:-6.00,FY2:-149.60,IK1:1,IK2:1,MOVE:0
[2026-09-08 18:01:16.291] [RX] AX12:MODE:0,TQ:1,TL:1023,CM:1,CS:4,MS:0,MT:800
[2026-09-08 18:01:16.378] [RX] PITCH:1.87,PID_OUT:36.78,INT:0.0000,EL:-2741,ER:-1804,VEL:-25.4,MOT:1,TILT:25.0,TRIM:2.882,ATE:1,LATCH:0,TORQ:1,CR:0.0,FX1:1.00,FY1:-151.10,FX2:-6.00,FY2:-149.60,IK1:1,IK2:1,MOVE:0
[2026-09-08 18:01:16.378] [RX] SRV:0,35,0.0,0,0
[2026-09-08 18:01:16.478] [RX] PITCH:3.53,PID_OUT:-11.36,INT:0.0000,EL:-2755,ER:-1812,VEL:-36.5,MOT:1,TILT:25.0,TRIM:3.840,ATE:1,LATCH:0,TORQ:1,CR:0.0,FX1:1.00,FY1:-151.10,FX2:-6.00,FY2:-149.60,IK1:1,IK2:1,MOVE:0
[2026-09-08 18:01:16.577] [RX] PITCH:5.17,PID_OUT:-93.27,INT:0.0000,EL:-2763,ER:-1812,VEL:-28.1,MOT:1,TILT:25.0,TRIM:3.128,ATE:1,LATCH:0,TORQ:1,CR:0.0,FX1:1.00,FY1:-151.10,FX2:-6.00,FY2:-149.60,IK1:1,IK2:1,MOVE:0
[2026-09-08 18:01:16.679] [RX] PITCH:3.59,PID_OUT:161.40,INT:0.0000,EL:-2777,ER:-1816,VEL:-60.6,MOT:1,TILT:25.0,TRIM:5.924,ATE:1,LATCH:0,TORQ:1,CR:0.0,FX1:1.00,FY1:-151.10,FX2:-6.00,FY2:-149.60,IK1:1,IK2:1,MOVE:0
[2026-09-08 18:01:16.789] [RX] PITCH:3.95,PID_OUT:-61.61,INT:0.0000,EL:-2777,ER:-1816,VEL:-11.9,MOT:1,TILT:25.0,TRIM:1.745,ATE:1,LATCH:0,TORQ:1,CR:0.0,FX1:1.00,FY1:-151.10,FX2:-6.00,FY2:-149.60,IK1:1,IK2:1,MOVE:0
[2026-09-08 18:01:16.789] [RX] AX12:MODE:0,TQ:1,TL:1023,CM:1,CS:4,MS:0,MT:800
[2026-09-08 18:01:16.877] [RX] PITCH:3.06,PID_OUT:-49.89,INT:0.0000,EL:-2777,ER:-1816,VEL:-2.3,MOT:1,TILT:25.0,TRIM:0.922,ATE:1,LATCH:0,TORQ:1,CR:0.0,FX1:1.00,FY1:-151.10,FX2:-6.00,FY2:-149.60,IK1:1,IK2:1,MOVE:0
[2026-09-08 18:01:16.976] [RX] PITCH:1.69,PID_OUT:6.90,INT:0.0000,EL:-2777,ER:-1816,VEL:-0.5,MOT:1,TILT:25.0,TRIM:0.760,ATE:1,LATCH:0,TORQ:1,CR:0.0,FX1:1.00,FY1:-151.10,FX2:-6.00,FY2:-149.60,IK1:1,IK2:1,MOVE:0
[2026-09-08 18:01:17.071] [RX] PITCH:0.07,PID_OUT:44.66,INT:0.0000,EL:-2776,ER:-1816,VEL:7.4,MOT:1,TILT:25.0,TRIM:0.083,ATE:1,LATCH:0,TORQ:1,CR:0.0,FX1:1.00,FY1:-151.10,FX2:-6.00,FY2:-149.60,IK1:1,IK2:1,MOVE:0
[2026-09-08 18:01:17.175] [RX] PITCH:-1.81,PID_OUT:74.10,INT:0.0000,EL:-2782,ER:-1826,VEL:19.4,MOT:1,TILT:25.0,TRIM:-0.948,ATE:1,LATCH:0,TORQ:1,CR:0.0,FX1:1.00,FY1:-151.10,FX2:-6.00,FY2:-149.60,IK1:1,IK2:1,MOVE:0
[2026-09-08 18:01:17.283] [RX] PITCH:-2.60,PID_OUT:17.05,INT:0.0000,EL:-2785,ER:-1838,VEL:40.4,MOT:1,TILT:25.0,TRIM:-2.763,ATE:1,LATCH:0,TORQ:1,CR:0.0,FX1:1.00,FY1:-151.10,FX2:-6.00,FY2:-149.60,IK1:1,IK2:1,MOVE:0
[2026-09-08 18:01:17.283] [RX] AX12:MODE:0,TQ:1,TL:1023,CM:1,CS:4,MS:0,MT:800
[2026-09-08 18:01:17.378] [RX] PITCH:-4.94,PID_OUT:57.13,INT:0.0000,EL:-2782,ER:-1846,VEL:61.3,MOT:1,TILT:25.0,TRIM:-4.566,ATE:1,LATCH:0,TORQ:1,CR:0.0,FX1:1.00,FY1:-151.10,FX2:-6.00,FY2:-149.60,IK1:1,IK2:1,MOVE:0
[2026-09-08 18:01:17.380] [RX] SRV:14,34,0.0,0,0
[2026-09-08 18:01:17.476] [RX] PITCH:-5.97,PID_OUT:62.26,INT:0.0000,EL:-2779,ER:-1854,VEL:64.3,MOT:1,TILT:25.0,TRIM:-4.830,ATE:1,LATCH:0,TORQ:1,CR:0.0,FX1:1.00,FY1:-151.10,FX2:-6.00,FY2:-149.60,IK1:1,IK2:1,MOVE:0
[2026-09-08 18:01:17.576] [RX] PITCH:-7.55,PID_OUT:98.74,INT:0.0000,EL:-2777,ER:-1866,VEL:58.0,MOT:1,TILT:25.0,TRIM:-4.304,ATE:1,LATCH:0,TORQ:1,CR:0.0,FX1:1.00,FY1:-151.10,FX2:-6.00,FY2:-149.60,IK1:1,IK2:1,MOVE:0
[2026-09-08 18:01:17.671] [RX] PITCH:-7.70,PID_OUT:49.21,INT:0.0000,EL:-2773,ER:-1882,VEL:78.9,MOT:1,TILT:25.0,TRIM:-6.000,ATE:1,LATCH:0,TORQ:1,CR:0.0,FX1:1.00,FY1:-151.10,FX2:-6.00,FY2:-149.60,IK1:1,IK2:1,MOVE:0
[2026-09-08 18:01:17.784] [RX] PITCH:-7.90,PID_OUT:63.84,INT:0.0000,EL:-2773,ER:-1900,VEL:66.7,MOT:1,TILT:25.0,TRIM:-5.080,ATE:1,LATCH:0,TORQ:1,CR:0.0,FX1:1.00,FY1:-151.10,FX2:-6.00,FY2:-149.60,IK1:1,IK2:1,MOVE:0
[2026-09-08 18:01:17.784] [RX] AX12:MODE:0,TQ:1,TL:1023,CM:1,CS:4,MS:0,MT:800
[2026-09-08 18:01:17.873] [RX] PITCH:-6.99,PID_OUT:192.23,INT:0.0000,EL:-2779,ER:-1906,VEL:2.5,MOT:1,TILT:25.0,TRIM:0.436,ATE:1,LATCH:0,TORQ:1,CR:0.0,FX1:1.00,FY1:-151.10,FX2:-6.00,FY2:-149.60,IK1:1,IK2:1,MOVE:0
[2026-09-08 18:01:17.969] [RX] PITCH:-2.79,PID_OUT:-58.50,INT:0.0000,EL:-2779,ER:-1916,VEL:28.7,MOT:1,TILT:25.0,TRIM:-1.822,ATE:1,LATCH:0,TORQ:1,CR:0.0,FX1:1.00,FY1:-151.10,FX2:-6.00,FY2:-149.60,IK1:1,IK2:1,MOVE:0
[2026-09-08 18:01:18.075] [RX] PITCH:-1.36,PID_OUT:27.85,INT:0.0000,EL:-2789,ER:-1926,VEL:-2.2,MOT:1,TILT:25.0,TRIM:0.833,ATE:1,LATCH:0,TORQ:1,CR:0.0,FX1:1.00,FY1:-151.10,FX2:-6.00,FY2:-149.60,IK1:1,IK2:1,MOVE:0
[2026-09-08 18:01:18.171] [RX] PITCH:2.04,PID_OUT:-99.89,INT:0.0000,EL:-2799,ER:-1929,VEL:-23.1,MOT:1,TILT:25.0,TRIM:2.638,ATE:1,LATCH:0,TORQ:1,CR:0.0,FX1:1.00,FY1:-151.10,FX2:-6.00,FY2:-149.60,IK1:1,IK2:1,MOVE:0
[2026-09-08 18:01:18.283] [RX] PITCH:6.18,PID_OUT:-93.90,INT:0.0000,EL:-2819,ER:-1928,VEL:-91.2,MOT:1,TILT:25.0,TRIM:6.000,ATE:1,LATCH:0,TORQ:1,CR:0.0,FX1:1.00,FY1:-151.10,FX2:-6.00,FY2:-149.60,IK1:1,IK2:1,MOVE:0
[2026-09-08 18:01:18.286] [RX] AX12:MODE:0,TQ:1,TL:1023,CM:1,CS:4,MS:0,MT:800
[2026-09-08 18:01:18.371] [RX] PITCH:8.34,PID_OUT:-136.91,INT:0.0000,EL:-2848,ER:-1920,VEL:-173.8,MOT:1,TILT:25.0,TRIM:6.000,ATE:1,LATCH:0,TORQ:1,CR:0.0,FX1:1.00,FY1:-151.10,FX2:-6.00,FY2:-149.60,IK1:1,IK2:1,MOVE:0
[2026-09-08 18:01:18.371] [RX] SRV:1,35,0.0,0,0
[2026-09-08 18:01:18.473] [RX] PITCH:9.28,PID_OUT:-107.24,INT:0.0000,EL:-2880,ER:-1908,VEL:-214.0,MOT:1,TILT:25.0,TRIM:6.000,ATE:1,LATCH:0,TORQ:1,CR:0.0,FX1:1.00,FY1:-151.10,FX2:-6.00,FY2:-149.60,IK1:1,IK2:1,MOVE:0
[2026-09-08 18:01:18.576] [RX] PITCH:9.13,PID_OUT:-83.81,INT:0.0000,EL:-2915,ER:-1891,VEL:-253.8,MOT:1,TILT:25.0,TRIM:6.000,ATE:1,LATCH:0,TORQ:1,CR:0.0,FX1:1.00,FY1:-151.10,FX2:-6.00,FY2:-149.60,IK1:1,IK2:1,MOVE:0
[2026-09-08 18:01:18.664] [RX] PITCH:8.68,PID_OUT:-57.29,INT:0.0000,EL:-2951,ER:-1875,VEL:-255.3,MOT:1,TILT:25.0,TRIM:6.000,ATE:1,LATCH:0,TORQ:1,CR:0.0,FX1:1.00,FY1:-151.10,FX2:-6.00,FY2:-149.60,IK1:1,IK2:1,MOVE:0
[2026-09-08 18:01:18.785] [RX] PITCH:7.86,PID_OUT:-5.51,INT:0.0000,EL:-2985,ER:-1862,VEL:-219.7,MOT:1,TILT:25.0,TRIM:6.000,ATE:1,LATCH:0,TORQ:1,CR:0.0,FX1:1.00,FY1:-151.10,FX2:-6.00,FY2:-149.60,IK1:1,IK2:1,MOVE:0
[2026-09-08 18:01:18.785] [RX] AX12:MODE:0,TQ:1,TL:1023,CM:1,CS:4,MS:0,MT:800
[2026-09-08 18:01:18.871] [RX] PITCH:6.31,PID_OUT:47.54,INT:0.0000,EL:-2993,ER:-1861,VEL:-64.3,MOT:1,TILT:25.0,TRIM:6.000,ATE:1,LATCH:0,TORQ:1,CR:0.0,FX1:1.00,FY1:-151.10,FX2:-6.00,FY2:-149.60,IK1:1,IK2:1,MOVE:0
[2026-09-08 18:01:18.972] [RX] PITCH:4.32,PID_OUT:15.45,INT:0.0000,EL:-2993,ER:-1862,VEL:-18.4,MOT:1,TILT:25.0,TRIM:2.429,ATE:1,LATCH:0,TORQ:1,CR:0.0,FX1:1.00,FY1:-151.10,FX2:-6.00,FY2:-149.60,IK1:1,IK2:1,MOVE:0
[2026-09-08 18:01:19.058] [RX] PITCH:0.95,PID_OUT:112.56,INT:0.0000,EL:-2992,ER:-1862,VEL:1.0,MOT:1,TILT:25.0,TRIM:0.763,ATE:1,LATCH:0,TORQ:1,CR:0.0,FX1:1.00,FY1:-151.10,FX2:-6.00,FY2:-149.60,IK1:1,IK2:1,MOVE:0
[2026-09-08 18:01:19.173] [RX] PITCH:-1.82,PID_OUT:-72.66,INT:0.0000,EL:-2997,ER:-1883,VEL:59.7,MOT:1,TILT:25.0,TRIM:-4.292,ATE:1,LATCH:0,TORQ:1,CR:0.0,FX1:1.00,FY1:-151.10,FX2:-6.00,FY2:-149.60,IK1:1,IK2:1,MOVE:0
[2026-09-08 18:01:19.281] [RX] PITCH:-6.70,PID_OUT:165.44,INT:0.0000,EL:-2989,ER:-1899,VEL:114.3,MOT:1,TILT:25.0,TRIM:-6.000,ATE:1,LATCH:0,TORQ:1,CR:0.0,FX1:1.00,FY1:-151.10,FX2:-6.00,FY2:-149.60,IK1:1,IK2:1,MOVE:0
[2026-09-08 18:01:19.281] [RX] AX12:MODE:0,TQ:1,TL:1023,CM:1,CS:4,MS:0,MT:800
[2026-09-08 18:01:19.374] [RX] PITCH:-10.20,PID_OUT:163.31,INT:0.0000,EL:-2967,ER:-1920,VEL:220.3,MOT:1,TILT:25.0,TRIM:-6.000,ATE:1,LATCH:0,TORQ:1,CR:0.0,FX1:1.00,FY1:-151.10,FX2:-6.00,FY2:-149.60,IK1:1,IK2:1,MOVE:0
[2026-09-08 18:01:19.374] [RX] SRV:6,37,7.0,0,0
[2026-09-08 18:01:19.462] [RX] PITCH:-11.32,PID_OUT:136.99,INT:0.0000,EL:-2933,ER:-1953,VEL:323.3,MOT:1,TILT:25.0,TRIM:-6.000,ATE:1,LATCH:0,TORQ:1,CR:0.0,FX1:1.00,FY1:-151.10,FX2:-6.00,FY2:-149.60,IK1:1,IK2:1,MOVE:0
[2026-09-08 18:01:19.586] [RX] PITCH:-10.77,PID_OUT:109.62,INT:0.0000,EL:-2895,ER:-1990,VEL:360.1,MOT:1,TILT:25.0,TRIM:-6.000,ATE:1,LATCH:0,TORQ:1,CR:0.0,FX1:1.00,FY1:-151.10,FX2:-6.00,FY2:-149.60,IK1:1,IK2:1,MOVE:0
[2026-09-08 18:01:19.658] [RX] PITCH:-9.70,PID_OUT:32.72,INT:0.0000,EL:-2859,ER:-2024,VEL:344.9,MOT:1,TILT:25.0,TRIM:-6.000,ATE:1,LATCH:0,TORQ:1,CR:0.0,FX1:1.00,FY1:-151.10,FX2:-6.00,FY2:-149.60,IK1:1,IK2:1,MOVE:0
[2026-09-08 18:01:19.781] [RX] PITCH:-8.41,PID_OUT:8.04,INT:0.0000,EL:-2828,ER:-2051,VEL:297.8,MOT:1,TILT:25.0,TRIM:-6.000,ATE:1,LATCH:0,TORQ:1,CR:0.0,FX1:1.00,FY1:-151.10,FX2:-6.00,FY2:-149.60,IK1:1,IK2:1,MOVE:0
[2026-09-08 18:01:19.781] [RX] AX12:MODE:0,TQ:1,TL:1023,CM:1,CS:4,MS:0,MT:800
[2026-09-08 18:01:19.784] [TX] VP0.076
[2026-09-08 18:01:19.835] [RX] Updated -> P:34.700 I:0.000 D:3.000 Offset:-1.7055 Target:0.000 Alpha:0.9600 Tilt:25.00 TrimGain:0.0015 Crouch:0.00 VP:0.0760
[2026-09-08 18:01:19.867] [RX] PITCH:-7.06,PID_OUT:-46.43,INT:0.0000,EL:-2815,ER:-2061,VEL:126.3,MOT:1,TILT:25.0,TRIM:-6.000,ATE:1,LATCH:0,TORQ:1,CR:0.0,FX1:1.00,FY1:-151.10,FX2:-6.00,FY2:-149.60,IK1:1,IK2:1,MOVE:0
[2026-09-08 18:01:19.972] [RX] PITCH:-5.39,PID_OUT:-43.36,INT:0.0000,EL:-2818,ER:-2072,VEL:53.6,MOT:1,TILT:25.0,TRIM:-3.510,ATE:1,LATCH:0,TORQ:1,CR:0.0,FX1:1.00,FY1:-151.10,FX2:-6.00,FY2:-149.60,IK1:1,IK2:1,MOVE:0
[2026-09-08 18:01:20.070] [RX] PITCH:-2.68,PID_OUT:41.36,INT:0.0000,EL:-2827,ER:-2071,VEL:-41.8,MOT:1,TILT:25.0,TRIM:3.738,ATE:1,LATCH:0,TORQ:1,CR:0.0,FX1:1.00,FY1:-151.10,FX2:-6.00,FY2:-149.60,IK1:1,IK2:1,MOVE:0
[2026-09-08 18:01:20.169] [RX] PITCH:3.71,PID_OUT:-183.94,INT:0.0000,EL:-2835,ER:-2069,VEL:-43.9,MOT:1,TILT:25.0,TRIM:3.908,ATE:1,LATCH:0,TORQ:1,CR:0.0,FX1:1.00,FY1:-151.10,FX2:-6.00,FY2:-149.60,IK1:1,IK2:1,MOVE:0
[2026-09-08 18:01:20.268] [RX] PITCH:8.70,PID_OUT:-196.20,INT:0.0000,EL:-2870,ER:-2049,VEL:-254.2,MOT:1,TILT:25.0,TRIM:6.000,ATE:1,LATCH:0,TORQ:1,CR:0.0,FX1:1.00,FY1:-151.10,FX2:-6.00,FY2:-149.60,IK1:1,IK2:1,MOVE:0
[2026-09-08 18:01:20.280] [RX] AX12:MODE:0,TQ:1,TL:1023,CM:1,CS:4,MS:0,MT:800
[2026-09-08 18:01:20.369] [RX] PITCH:11.46,PID_OUT:-190.58,INT:0.0000,EL:-2921,ER:-2005,VEL:-449.9,MOT:1,TILT:25.0,TRIM:6.000,ATE:1,LATCH:0,TORQ:1,CR:0.0,FX1:1.00,FY1:-151.10,FX2:-6.00,FY2:-149.60,IK1:1,IK2:1,MOVE:0
[2026-09-08 18:01:20.372] [RX] SRV:0,35,0.0,0,0
[2026-09-08 18:01:20.461] [RX] PITCH:12.81,PID_OUT:-122.85,INT:0.0000,EL:-2988,ER:-1950,VEL:-587.7,MOT:1,TILT:25.0,TRIM:6.000,ATE:1,LATCH:0,TORQ:1,CR:0.0,FX1:1.00,FY1:-151.10,FX2:-6.00,FY2:-149.60,IK1:1,IK2:1,MOVE:0
[2026-09-08 18:01:20.569] [RX] PITCH:10.52,PID_OUT:37.10,INT:0.0000,EL:-3051,ER:-1892,VEL:-595.0,MOT:1,TILT:25.0,TRIM:6.000,ATE:1,LATCH:0,TORQ:1,CR:0.0,FX1:1.00,FY1:-151.10,FX2:-6.00,FY2:-149.60,IK1:1,IK2:1,MOVE:0
[2026-09-08 18:01:20.661] [RX] PITCH:7.26,PID_OUT:108.62,INT:0.0000,EL:-3097,ER:-1860,VEL:-409.5,MOT:1,TILT:25.0,TRIM:6.000,ATE:1,LATCH:0,TORQ:1,CR:0.0,FX1:1.00,FY1:-151.10,FX2:-6.00,FY2:-149.60,IK1:1,IK2:1,MOVE:0
[2026-09-08 18:01:20.770] [RX] PITCH:4.66,PID_OUT:125.26,INT:0.0000,EL:-3112,ER:-1853,VEL:-135.2,MOT:1,TILT:25.0,TRIM:6.000,ATE:1,LATCH:0,TORQ:1,CR:0.0,FX1:1.00,FY1:-151.10,FX2:-6.00,FY2:-149.60,IK1:1,IK2:1,MOVE:0
[2026-09-08 18:01:20.778] [RX] AX12:MODE:0,TQ:1,TL:1023,CM:1,CS:4,MS:0,MT:800
[2026-09-08 18:01:20.860] [RX] PITCH:1.58,PID_OUT:67.56,INT:0.0000,EL:-3110,ER:-1861,VEL:14.1,MOT:1,TILT:25.0,TRIM:-0.134,ATE:1,LATCH:0,TORQ:1,CR:0.0,FX1:1.00,FY1:-151.10,FX2:-6.00,FY2:-149.60,IK1:1,IK2:1,MOVE:0
[2026-09-08 18:01:20.969] [RX] PITCH:-3.82,PID_OUT:65.53,INT:0.0000,EL:-3102,ER:-1868,VEL:78.2,MOT:1,TILT:25.0,TRIM:-5.009,ATE:1,LATCH:0,TORQ:1,CR:0.0,FX1:1.00,FY1:-151.10,FX2:-6.00,FY2:-149.60,IK1:1,IK2:1,MOVE:0
[2026-09-08 18:01:21.069] [RX] PITCH:-9.12,PID_OUT:179.14,INT:0.0000,EL:-3090,ER:-1889,VEL:154.3,MOT:1,TILT:25.0,TRIM:-6.000,ATE:1,LATCH:0,TORQ:1,CR:0.0,FX1:1.00,FY1:-151.10,FX2:-6.00,FY2:-149.60,IK1:1,IK2:1,MOVE:0
[2026-09-08 18:01:21.161] [RX] PITCH:-10.66,PID_OUT:182.15,INT:0.0000,EL:-3061,ER:-1927,VEL:320.5,MOT:1,TILT:25.0,TRIM:-6.000,ATE:1,LATCH:0,TORQ:1,CR:0.0,FX1:1.00,FY1:-151.10,FX2:-6.00,FY2:-149.60,IK1:1,IK2:1,MOVE:0
[2026-09-08 18:01:21.270] [RX] PITCH:-12.40,PID_OUT:169.67,INT:0.0000,EL:-3023,ER:-1967,VEL:385.3,MOT:1,TILT:25.0,TRIM:-6.000,ATE:1,LATCH:0,TORQ:1,CR:0.0,FX1:1.00,FY1:-151.10,FX2:-6.00,FY2:-149.60,IK1:1,IK2:1,MOVE:0
[2026-09-08 18:01:21.270] [RX] AX12:MODE:0,TQ:1,TL:1023,CM:1,CS:4,MS:0,MT:800
[2026-09-08 18:01:21.370] [RX] PITCH:-11.84,PID_OUT:109.77,INT:0.0000,EL:-2982,ER:-2014,VEL:426.2,MOT:1,TILT:25.0,TRIM:-6.000,ATE:1,LATCH:0,TORQ:1,CR:0.0,FX1:1.00,FY1:-151.10,FX2:-6.00,FY2:-149.60,IK1:1,IK2:1,MOVE:0
[2026-09-08 18:01:21.370] [RX] SRV:14,34,0.0,0,0
[2026-09-08 18:01:21.461] [RX] PITCH:-10.54,PID_OUT:35.49,INT:0.0000,EL:-2945,ER:-2058,VEL:400.2,MOT:1,TILT:25.0,TRIM:-6.000,ATE:1,LATCH:0,TORQ:1,CR:0.0,FX1:1.00,FY1:-151.10,FX2:-6.00,FY2:-149.60,IK1:1,IK2:1,MOVE:0
[2026-09-08 18:01:21.564] [RX] PITCH:-7.89,PID_OUT:-53.04,INT:0.0000,EL:-2928,ER:-2093,VEL:256.4,MOT:1,TILT:25.0,TRIM:-6.000,ATE:1,LATCH:0,TORQ:1,CR:0.0,FX1:1.00,FY1:-151.10,FX2:-6.00,FY2:-149.60,IK1:1,IK2:1,MOVE:0
[2026-09-08 18:01:21.667] [RX] PITCH:-5.75,PID_OUT:-48.94,INT:0.0000,EL:-2931,ER:-2112,VEL:81.4,MOT:1,TILT:25.0,TRIM:-5.568,ATE:1,LATCH:0,TORQ:1,CR:0.0,FX1:1.00,FY1:-151.10,FX2:-6.00,FY2:-149.60,IK1:1,IK2:1,MOVE:0
[2026-09-08 18:01:21.774] [RX] PITCH:-4.27,PID_OUT:-29.68,INT:0.0000,EL:-2933,ER:-2122,VEL:49.7,MOT:1,TILT:25.0,TRIM:-3.164,ATE:1,LATCH:0,TORQ:1,CR:0.0,FX1:1.00,FY1:-151.10,FX2:-6.00,FY2:-149.60,IK1:1,IK2:1,MOVE:0
[2026-09-08 18:01:21.774] [RX] AX12:MODE:0,TQ:1,TL:1023,CM:1,CS:4,MS:0,MT:800
[2026-09-08 18:01:21.861] [RX] PITCH:-1.37,PID_OUT:-46.94,INT:0.0000,EL:-2933,ER:-2122,VEL:9.8,MOT:1,TILT:25.0,TRIM:-0.134,ATE:1,LATCH:0,TORQ:1,CR:0.0,FX1:1.00,FY1:-151.10,FX2:-6.00,FY2:-149.60,IK1:1,IK2:1,MOVE:0
[2026-09-08 18:01:21.963] [RX] PITCH:1.85,PID_OUT:0.55,INT:0.0000,EL:-2941,ER:-2120,VEL:-52.1,MOT:1,TILT:25.0,TRIM:4.569,ATE:1,LATCH:0,TORQ:1,CR:0.0,FX1:1.00,FY1:-151.10,FX2:-6.00,FY2:-149.60,IK1:1,IK2:1,MOVE:0
[2026-09-08 18:01:22.063] [RX] PITCH:5.40,PID_OUT:-86.41,INT:0.0000,EL:-2974,ER:-2120,VEL:-186.0,MOT:1,TILT:25.0,TRIM:6.000,ATE:1,LATCH:0,TORQ:1,CR:0.0,FX1:1.00,FY1:-151.10,FX2:-6.00,FY2:-149.60,IK1:1,IK2:1,MOVE:0
[2026-09-08 18:01:22.163] [RX] PITCH:8.36,PID_OUT:-148.59,INT:0.0000,EL:-3016,ER:-2117,VEL:-188.6,MOT:1,TILT:25.0,TRIM:6.000,ATE:1,LATCH:0,TORQ:1,CR:0.0,FX1:1.00,FY1:-151.10,FX2:-6.00,FY2:-149.60,IK1:1,IK2:1,MOVE:0
[2026-09-08 18:01:22.265] [RX] PITCH:9.19,PID_OUT:-146.80,INT:0.0000,EL:-3051,ER:-2102,VEL:-253.7,MOT:1,TILT:25.0,TRIM:6.000,ATE:1,LATCH:0,TORQ:1,CR:0.0,FX1:1.00,FY1:-151.10,FX2:-6.00,FY2:-149.60,IK1:1,IK2:1,MOVE:0
[2026-09-08 18:01:22.268] [RX] AX12:MODE:0,TQ:1,TL:1023,CM:1,CS:4,MS:0,MT:800
[2026-09-08 18:01:22.361] [RX] PITCH:9.27,PID_OUT:-136.56,INT:0.0000,EL:-3088,ER:-2078,VEL:-315.0,MOT:1,TILT:25.0,TRIM:6.000,ATE:1,LATCH:0,TORQ:1,CR:0.0,FX1:1.00,FY1:-151.10,FX2:-6.00,FY2:-149.60,IK1:1,IK2:1,MOVE:0
[2026-09-08 18:01:22.361] [RX] SRV:1,35,0.0,0,0
[2026-09-08 18:01:22.463] [RX] PITCH:9.69,PID_OUT:-138.76,INT:0.0000,EL:-3132,ER:-2049,VEL:-352.1,MOT:1,TILT:25.0,TRIM:6.000,ATE:1,LATCH:0,TORQ:1,CR:0.0,FX1:1.00,FY1:-151.10,FX2:-6.00,FY2:-149.60,IK1:1,IK2:1,MOVE:0
[2026-09-08 18:01:22.561] [RX] PITCH:10.02,PID_OUT:-163.00,INT:0.0000,EL:-3174,ER:-2015,VEL:-374.5,MOT:1,TILT:25.0,TRIM:6.000,ATE:1,LATCH:0,TORQ:1,CR:0.0,FX1:1.00,FY1:-151.10,FX2:-6.00,FY2:-149.60,IK1:1,IK2:1,MOVE:0
[2026-09-08 18:01:22.654] [RX] PITCH:11.18,PID_OUT:-147.55,INT:0.0000,EL:-3222,ER:-1974,VEL:-436.3,MOT:1,TILT:25.0,TRIM:6.000,ATE:1,LATCH:0,TORQ:1,CR:0.0,FX1:1.00,FY1:-151.10,FX2:-6.00,FY2:-149.60,IK1:1,IK2:1,MOVE:0
[2026-09-08 18:01:22.765] [RX] PITCH:10.45,PID_OUT:-73.10,INT:0.0000,EL:-3272,ER:-1930,VEL:-460.6,MOT:1,TILT:25.0,TRIM:6.000,ATE:1,LATCH:0,TORQ:1,CR:0.0,FX1:1.00,FY1:-151.10,FX2:-6.00,FY2:-149.60,IK1:1,IK2:1,MOVE:0
[2026-09-08 18:01:22.765] [RX] AX12:MODE:0,TQ:1,TL:1023,CM:1,CS:4,MS:0,MT:800
[2026-09-08 18:01:22.855] [RX] PITCH:8.41,PID_OUT:-3.73,INT:0.0000,EL:-3318,ER:-1892,VEL:-421.7,MOT:1,TILT:25.0,TRIM:6.000,ATE:1,LATCH:0,TORQ:1,CR:0.0,FX1:1.00,FY1:-151.10,FX2:-6.00,FY2:-149.60,IK1:1,IK2:1,MOVE:0
[2026-09-08 18:01:22.951] [RX] PITCH:6.71,PID_OUT:27.17,INT:0.0000,EL:-3354,ER:-1874,VEL:-283.8,MOT:1,TILT:25.0,TRIM:6.000,ATE:1,LATCH:0,TORQ:1,CR:0.0,FX1:1.00,FY1:-151.10,FX2:-6.00,FY2:-149.60,IK1:1,IK2:1,MOVE:0
[2026-09-08 18:01:23.060] [RX] PITCH:5.48,PID_OUT:23.36,INT:0.0000,EL:-3381,ER:-1863,VEL:-205.8,MOT:1,TILT:25.0,TRIM:6.000,ATE:1,LATCH:0,TORQ:1,CR:0.0,FX1:1.00,FY1:-151.10,FX2:-6.00,FY2:-149.60,IK1:1,IK2:1,MOVE:0
[2026-09-08 18:01:23.159] [RX] PITCH:5.18,PID_OUT:18.90,INT:0.0000,EL:-3398,ER:-1872,VEL:-63.4,MOT:1,TILT:25.0,TRIM:5.958,ATE:1,LATCH:0,TORQ:1,CR:0.0,FX1:1.00,FY1:-151.10,FX2:-6.00,FY2:-149.60,IK1:1,IK2:1,MOVE:0
[2026-09-08 18:01:23.266] [RX] PITCH:5.76,PID_OUT:-33.41,INT:0.0000,EL:-3411,ER:-1872,VEL:-61.2,MOT:1,TILT:25.0,TRIM:5.799,ATE:1,LATCH:0,TORQ:1,CR:0.0,FX1:1.00,FY1:-151.10,FX2:-6.00,FY2:-149.60,IK1:1,IK2:1,MOVE:0
[2026-09-08 18:01:23.277] [RX] AX12:MODE:0,TQ:1,TL:1023,CM:1,CS:4,MS:0,MT:800
[2026-09-08 18:01:23.362] [RX] PITCH:6.56,PID_OUT:-24.49,INT:0.0000,EL:-3430,ER:-1872,VEL:-60.7,MOT:1,TILT:25.0,TRIM:5.779,ATE:1,LATCH:0,TORQ:1,CR:0.0,FX1:1.00,FY1:-151.10,FX2:-6.00,FY2:-149.60,IK1:1,IK2:1,MOVE:0
[2026-09-08 18:01:23.364] [RX] SRV:6,37,0.0,0,0
[2026-09-08 18:01:23.459] [RX] PITCH:5.15,PID_OUT:24.41,INT:0.0000,EL:-3437,ER:-1871,VEL:-54.5,MOT:1,TILT:25.0,TRIM:5.311,ATE:1,LATCH:0,TORQ:1,CR:0.0,FX1:1.00,FY1:-151.10,FX2:-6.00,FY2:-149.60,IK1:1,IK2:1,MOVE:0
[2026-09-08 18:01:23.552] [RX] PITCH:3.61,PID_OUT:-33.86,INT:0.0000,EL:-3449,ER:-1880,VEL:-8.9,MOT:1,TILT:25.0,TRIM:1.850,ATE:1,LATCH:0,TORQ:1,CR:0.0,FX1:1.00,FY1:-151.10,FX2:-6.00,FY2:-149.60,IK1:1,IK2:1,MOVE:0
[2026-09-08 18:01:23.657] [RX] PITCH:2.11,PID_OUT:14.57,INT:0.0000,EL:-3449,ER:-1879,VEL:-4.6,MOT:1,TILT:25.0,TRIM:1.525,ATE:1,LATCH:0,TORQ:1,CR:0.0,FX1:1.00,FY1:-151.10,FX2:-6.00,FY2:-149.60,IK1:1,IK2:1,MOVE:0
[2026-09-08 18:01:23.763] [RX] PITCH:0.48,PID_OUT:74.55,INT:0.0000,EL:-3449,ER:-1879,VEL:-0.9,MOT:1,TILT:25.0,TRIM:1.246,ATE:1,LATCH:0,TORQ:1,CR:0.0,FX1:1.00,FY1:-151.10,FX2:-6.00,FY2:-149.60,IK1:1,IK2:1,MOVE:0
[2026-09-08 18:01:23.767] [RX] AX12:MODE:0,TQ:1,TL:1023,CM:1,CS:4,MS:0,MT:800
[2026-09-08 18:01:23.859] [RX] PITCH:-1.30,PID_OUT:111.16,INT:0.0000,EL:-3446,ER:-1879,VEL:11.6,MOT:1,TILT:25.0,TRIM:0.297,ATE:1,LATCH:0,TORQ:1,CR:0.0,FX1:1.00,FY1:-151.10,FX2:-6.00,FY2:-149.60,IK1:1,IK2:1,MOVE:0
[2026-09-08 18:01:23.957] [RX] PITCH:-3.18,PID_OUT:38.00,INT:0.0000,EL:-3449,ER:-1899,VEL:70.8,MOT:1,TILT:25.0,TRIM:-4.213,ATE:1,LATCH:0,TORQ:1,CR:0.0,FX1:1.00,FY1:-151.10,FX2:-6.00,FY2:-149.60,IK1:1,IK2:1,MOVE:0
[2026-09-08 18:01:24.057] [RX] PITCH:-6.95,PID_OUT:164.81,INT:0.0000,EL:-3445,ER:-1910,VEL:69.1,MOT:1,TILT:25.0,TRIM:-4.098,ATE:1,LATCH:0,TORQ:1,CR:0.0,FX1:1.00,FY1:-151.10,FX2:-6.00,FY2:-149.60,IK1:1,IK2:1,MOVE:0
[2026-09-08 18:01:24.173] [RX] PITCH:-8.06,PID_OUT:135.73,INT:0.0000,EL:-3430,ER:-1936,VEL:176.6,MOT:1,TILT:25.0,TRIM:-6.000,ATE:1,LATCH:0,TORQ:1,CR:0.0,FX1:1.00,FY1:-151.10,FX2:-6.00,FY2:-149.60,IK1:1,IK2:1,MOVE:0
[2026-09-08 18:01:24.269] [RX] PITCH:-9.72,PID_OUT:145.74,INT:0.0000,EL:-3410,ER:-1965,VEL:235.5,MOT:1,TILT:25.0,TRIM:-6.000,ATE:1,LATCH:0,TORQ:1,CR:0.0,FX1:1.00,FY1:-151.10,FX2:-6.00,FY2:-149.60,IK1:1,IK2:1,MOVE:0
[2026-09-08 18:01:24.269] [RX] AX12:MODE:0,TQ:1,TL:1023,CM:1,CS:4,MS:0,MT:800
[2026-09-08 18:01:24.355] [RX] PITCH:-10.96,PID_OUT:167.22,INT:0.0000,EL:-3382,ER:-2003,VEL:322.3,MOT:1,TILT:25.0,TRIM:-6.000,ATE:1,LATCH:0,TORQ:1,CR:0.0,FX1:1.00,FY1:-151.10,FX2:-6.00,FY2:-149.60,IK1:1,IK2:1,MOVE:0
[2026-09-08 18:01:24.360] [RX] SRV:0,35,0.0,0,0
[2026-09-08 18:01:24.461] [RX] PITCH:-10.61,PID_OUT:136.43,INT:0.0000,EL:-3347,ER:-2046,VEL:377.1,MOT:1,TILT:25.0,TRIM:-6.000,ATE:1,LATCH:0,TORQ:1,CR:0.0,FX1:1.00,FY1:-151.10,FX2:-6.00,FY2:-149.60,IK1:1,IK2:1,MOVE:0
[2026-09-08 18:01:24.560] [RX] PITCH:-10.22,PID_OUT:120.92,INT:0.0000,EL:-3308,ER:-2087,VEL:394.5,MOT:1,TILT:25.0,TRIM:-6.000,ATE:1,LATCH:0,TORQ:1,CR:0.0,FX1:1.00,FY1:-151.10,FX2:-6.00,FY2:-149.60,IK1:1,IK2:1,MOVE:0
[2026-09-08 18:01:24.657] [RX] PITCH:-10.31,PID_OUT:118.36,INT:0.0000,EL:-3267,ER:-2126,VEL:403.8,MOT:1,TILT:25.0,TRIM:-6.000,ATE:1,LATCH:0,TORQ:1,CR:0.0,FX1:1.00,FY1:-151.10,FX2:-6.00,FY2:-149.60,IK1:1,IK2:1,MOVE:0
[2026-09-08 18:01:24.754] [RX] PITCH:-10.48,PID_OUT:99.46,INT:0.0000,EL:-3224,ER:-2164,VEL:397.8,MOT:1,TILT:25.0,TRIM:-6.000,ATE:1,LATCH:0,TORQ:1,CR:0.0,FX1:1.00,FY1:-151.10,FX2:-6.00,FY2:-149.60,IK1:1,IK2:1,MOVE:0
[2026-09-08 18:01:24.764] [RX] AX12:MODE:0,TQ:1,TL:1023,CM:1,CS:4,MS:0,MT:800
[2026-09-08 18:01:24.856] [RX] PITCH:-9.98,PID_OUT:74.22,INT:0.0000,EL:-3182,ER:-2202,VEL:392.8,MOT:1,TILT:25.0,TRIM:-6.000,ATE:1,LATCH:0,TORQ:1,CR:0.0,FX1:1.00,FY1:-151.10,FX2:-6.00,FY2:-149.60,IK1:1,IK2:1,MOVE:0
[2026-09-08 18:01:24.954] [RX] PITCH:-8.88,PID_OUT:26.68,INT:0.0000,EL:-3145,ER:-2236,VEL:349.3,MOT:1,TILT:25.0,TRIM:-6.000,ATE:1,LATCH:0,TORQ:1,CR:0.0,FX1:1.00,FY1:-151.10,FX2:-6.00,FY2:-149.60,IK1:1,IK2:1,MOVE:0
[2026-09-08 18:01:25.006] [TX] P140.8
[2026-09-08 18:01:25.063] [RX] PITCH:-7.42,PID_OUT:-16.49,INT:0.0000,EL:-3123,ER:-2251,VEL:185.8,MOT:1,TILT:25.0,TRIM:-6.000,ATE:1,LATCH:0,TORQ:1,CR:0.0,FX1:1.00,FY1:-151.10,FX2:-6.00,FY2:-149.60,IK1:1,IK2:1,MOVE:0
[2026-09-08 18:01:25.085] [RX] Updated -> P:140.800 I:0.000 D:3.000 Offset:-1.7055 Target:0.000 Alpha:0.9600 Tilt:25.00 TrimGain:0.0015 Crouch:0.00 VP:0.0760
[2026-09-08 18:01:25.155] [RX] PITCH:-5.86,PID_OUT:-107.58,INT:0.0000,EL:-3110,ER:-2262,VEL:126.1,MOT:1,TILT:25.0,TRIM:-6.000,ATE:1,LATCH:0,TORQ:1,CR:0.0,FX1:1.00,FY1:-151.10,FX2:-6.00,FY2:-149.60,IK1:1,IK2:1,MOVE:0
[2026-09-08 18:01:25.265] [RX] PITCH:-3.82,PID_OUT:-524.04,INT:0.0000,EL:-3102,ER:-2270,VEL:114.8,MOT:1,TILT:25.0,TRIM:-6.000,ATE:1,LATCH:0,TORQ:1,CR:0.0,FX1:1.00,FY1:-151.10,FX2:-6.00,FY2:-149.60,IK1:1,IK2:1,MOVE:0
[2026-09-08 18:01:25.267] [RX] AX12:MODE:0,TQ:1,TL:1023,CM:1,CS:4,MS:0,MT:800
[2026-09-08 18:01:25.347] [RX] PITCH:0.41,PID_OUT:-515.05,INT:0.0000,EL:-3103,ER:-2268,VEL:38.6,MOT:1,TILT:25.0,TRIM:-2.300,ATE:1,LATCH:0,TORQ:1,CR:0.0,FX1:1.00,FY1:-151.10,FX2:-6.00,FY2:-149.60,IK1:1,IK2:1,MOVE:0
[2026-09-08 18:01:25.347] [RX] SRV:14,35,0.0,0,0
[2026-09-08 18:01:25.453] [RX] PITCH:5.39,PID_OUT:11.29,INT:0.0000,EL:-3118,ER:-2265,VEL:-72.6,MOT:1,TILT:25.0,TRIM:6.000,ATE:1,LATCH:0,TORQ:1,CR:0.0,FX1:1.00,FY1:-151.10,FX2:-6.00,FY2:-149.60,IK1:1,IK2:1,MOVE:0
[2026-09-08 18:01:25.554] [RX] PITCH:6.63,PID_OUT:-256.45,INT:0.0000,EL:-3144,ER:-2257,VEL:-139.5,MOT:1,TILT:25.0,TRIM:6.000,ATE:1,LATCH:0,TORQ:1,CR:0.0,FX1:1.00,FY1:-151.10,FX2:-6.00,FY2:-149.60,IK1:1,IK2:1,MOVE:0
[2026-09-08 18:01:25.654] [RX] PITCH:5.46,PID_OUT:260.91,INT:0.0000,EL:-3202,ER:-2216,VEL:-450.2,MOT:1,TILT:25.0,TRIM:6.000,ATE:1,LATCH:0,TORQ:1,CR:0.0,FX1:1.00,FY1:-151.10,FX2:-6.00,FY2:-149.60,IK1:1,IK2:1,MOVE:0
[2026-09-08 18:01:25.748] [RX] PITCH:9.60,PID_OUT:-557.43,INT:0.0000,EL:-3199,ER:-2218,VEL:-87.5,MOT:1,TILT:25.0,TRIM:6.000,ATE:1,LATCH:0,TORQ:1,CR:0.0,FX1:1.00,FY1:-151.10,FX2:-6.00,FY2:-149.60,IK1:1,IK2:1,MOVE:0
[2026-09-08 18:01:25.765] [RX] AX12:MODE:0,TQ:1,TL:1023,CM:1,CS:4,MS:0,MT:800
[2026-09-08 18:01:25.855] [RX] PITCH:2.49,PID_OUT:647.27,INT:0.0000,EL:-3265,ER:-2175,VEL:-443.1,MOT:1,TILT:25.0,TRIM:6.000,ATE:1,LATCH:0,TORQ:1,CR:0.0,FX1:1.00,FY1:-151.10,FX2:-6.00,FY2:-149.60,IK1:1,IK2:1,MOVE:0
[2026-09-08 18:01:25.955] [RX] PITCH:9.89,PID_OUT:-1584.51,INT:0.0000,EL:-3244,ER:-2186,VEL:17.0,MOT:1,TILT:25.0,TRIM:-0.494,ATE:1,LATCH:0,TORQ:1,CR:0.0,FX1:1.00,FY1:-151.10,FX2:-6.00,FY2:-149.60,IK1:1,IK2:1,MOVE:0
[2026-09-08 18:01:26.054] [RX] PITCH:2.61,PID_OUT:530.95,INT:0.0000,EL:-3291,ER:-2155,VEL:-273.8,MOT:1,TILT:25.0,TRIM:6.000,ATE:1,LATCH:0,TORQ:1,CR:0.0,FX1:1.00,FY1:-151.10,FX2:-6.00,FY2:-149.60,IK1:1,IK2:1,MOVE:0
[2026-09-08 18:01:26.146] [RX] PITCH:8.46,PID_OUT:-145.83,INT:0.0000,EL:-3293,ER:-2161,VEL:-120.5,MOT:1,TILT:25.0,TRIM:6.000,ATE:1,LATCH:0,TORQ:1,CR:0.0,FX1:1.00,FY1:-151.10,FX2:-6.00,FY2:-149.60,IK1:1,IK2:1,MOVE:0
[2026-09-08 18:01:26.253] [RX] PITCH:5.91,PID_OUT:-1332.73,INT:0.0000,EL:-3299,ER:-2160,VEL:32.0,MOT:1,TILT:25.0,TRIM:-1.576,ATE:1,LATCH:0,TORQ:1,CR:0.0,FX1:1.00,FY1:-151.10,FX2:-6.00,FY2:-149.60,IK1:1,IK2:1,MOVE:0
[2026-09-08 18:01:26.262] [RX] AX12:MODE:0,TQ:1,TL:1023,CM:1,CS:4,MS:0,MT:800
[2026-09-08 18:01:26.346] [RX] PITCH:2.62,PID_OUT:365.81,INT:0.0000,EL:-3321,ER:-2153,VEL:-69.5,MOT:1,TILT:25.0,TRIM:6.000,ATE:1,LATCH:0,TORQ:1,CR:0.0,FX1:1.00,FY1:-151.10,FX2:-6.00,FY2:-149.60,IK1:1,IK2:1,MOVE:0
[2026-09-08 18:01:26.354] [RX] SRV:1,35,0.0,0,0
[2026-09-08 18:01:26.450] [RX] PITCH:2.10,PID_OUT:506.79,INT:0.0000,EL:-3332,ER:-2153,VEL:-77.7,MOT:1,TILT:25.0,TRIM:6.000,ATE:1,LATCH:0,TORQ:1,CR:0.0,FX1:1.00,FY1:-151.10,FX2:-6.00,FY2:-149.60,IK1:1,IK2:1,MOVE:0
[2026-09-08 18:01:26.551] [RX] PITCH:2.11,PID_OUT:523.53,INT:0.0000,EL:-3343,ER:-2155,VEL:-65.5,MOT:1,TILT:25.0,TRIM:5.864,ATE:1,LATCH:0,TORQ:1,CR:0.0,FX1:1.00,FY1:-151.10,FX2:-6.00,FY2:-149.60,IK1:1,IK2:1,MOVE:0
[2026-09-08 18:01:26.648] [RX] PITCH:2.03,PID_OUT:216.64,INT:0.0000,EL:-3348,ER:-2155,VEL:-39.3,MOT:1,TILT:25.0,TRIM:3.880,ATE:1,LATCH:0,TORQ:1,CR:0.0,FX1:1.00,FY1:-151.10,FX2:-6.00,FY2:-149.60,IK1:1,IK2:1,MOVE:0
[2026-09-08 18:01:26.751] [RX] PITCH:0.37,PID_OUT:-494.33,INT:0.0000,EL:-3349,ER:-2161,VEL:41.0,MOT:1,TILT:25.0,TRIM:-2.221,ATE:1,LATCH:0,TORQ:1,CR:0.0,FX1:1.00,FY1:-151.10,FX2:-6.00,FY2:-149.60,IK1:1,IK2:1,MOVE:0
[2026-09-08 18:01:26.751] [RX] AX12:MODE:0,TQ:1,TL:1023,CM:1,CS:4,MS:0,MT:800
[2026-09-08 18:01:26.850] [RX] PITCH:-0.02,PID_OUT:-534.38,INT:0.0000,EL:-3351,ER:-2161,VEL:48.4,MOT:1,TILT:25.0,TRIM:-2.784,ATE:1,LATCH:0,TORQ:1,CR:0.0,FX1:1.00,FY1:-151.10,FX2:-6.00,FY2:-149.60,IK1:1,IK2:1,MOVE:0
[2026-09-08 18:01:26.952] [RX] PITCH:-0.27,PID_OUT:-654.01,INT:0.0000,EL:-3350,ER:-2162,VEL:60.1,MOT:1,TILT:25.0,TRIM:-3.673,ATE:1,LATCH:0,TORQ:1,CR:0.0,FX1:1.00,FY1:-151.10,FX2:-6.00,FY2:-149.60,IK1:1,IK2:1,MOVE:0
[2026-09-08 18:01:26.967] [TX] P89.30000000000001
[2026-09-08 18:01:27.037] [RX] Updated -> P:89.300 I:0.000 D:3.000 Offset:-1.7055 Target:0.000 Alpha:0.9600 Tilt:25.00 TrimGain:0.0015 Crouch:0.00 VP:0.0760
[2026-09-08 18:01:27.147] [RX] PITCH:-0.48,PID_OUT:348.81,INT:0.0000,EL:-3356,ER:-2168,VEL:-3.7,MOT:1,TILT:25.0,TRIM:1.172,ATE:1,LATCH:0,TORQ:1,CR:0.0,FX1:1.00,FY1:-151.10,FX2:-6.00,FY2:-149.60,IK1:1,IK2:1,MOVE:0
[2026-09-08 18:01:27.260] [RX] PITCH:-3.50,PID_OUT:562.55,INT:0.0000,EL:-3351,ER:-2171,VEL:2.5,MOT:1,TILT:25.0,TRIM:0.692,ATE:1,LATCH:0,TORQ:1,CR:0.0,FX1:1.00,FY1:-151.10,FX2:-6.00,FY2:-149.60,IK1:1,IK2:1,MOVE:0
[2026-09-08 18:01:27.260] [RX] AX12:MODE:0,TQ:1,TL:1023,CM:1,CS:4,MS:0,MT:800
[2026-09-08 18:01:27.334] [TX] P88.4
[2026-09-08 18:01:27.355] [RX] PITCH:-4.58,PID_OUT:17.51,INT:0.0000,EL:-3340,ER:-2177,VEL:65.2,MOT:1,TILT:25.0,TRIM:-4.080,ATE:1,LATCH:0,TORQ:1,CR:0.0,FX1:1.00,FY1:-151.10,FX2:-6.00,FY2:-149.60,IK1:1,IK2:1,MOVE:0
[2026-09-08 18:01:27.356] [RX] SRV:6,37,0.0,0,0
[2026-09-08 18:01:27.398] [RX] Updated -> P:88.400 I:0.000 D:3.000 Offset:-1.7055 Target:0.000 Alpha:0.9600 Tilt:25.00 TrimGain:0.0015 Crouch:0.00 VP:0.0760
[2026-09-08 18:01:27.449] [RX] PITCH:-4.87,PID_OUT:-301.68,INT:0.0000,EL:-3332,ER:-2183,VEL:102.9,MOT:1,TILT:25.0,TRIM:-6.000,ATE:1,LATCH:0,TORQ:1,CR:0.0,FX1:1.00,FY1:-151.10,FX2:-6.00,FY2:-149.60,IK1:1,IK2:1,MOVE:0
[2026-09-08 18:01:27.535] [RX] PITCH:-2.48,PID_OUT:-285.83,INT:0.0000,EL:-3328,ER:-2188,VEL:71.0,MOT:1,TILT:25.0,TRIM:-4.532,ATE:1,LATCH:0,TORQ:1,CR:0.0,FX1:1.00,FY1:-151.10,FX2:-6.00,FY2:-149.60,IK1:1,IK2:1,MOVE:0
[2026-09-08 18:01:27.648] [RX] PITCH:-2.10,PID_OUT:53.79,INT:0.0000,EL:-3324,ER:-2190,VEL:42.0,MOT:1,TILT:25.0,TRIM:-2.338,ATE:1,LATCH:0,TORQ:1,CR:0.0,FX1:1.00,FY1:-151.10,FX2:-6.00,FY2:-149.60,IK1:1,IK2:1,MOVE:0
[2026-09-08 18:01:27.752] [RX] PITCH:-2.54,PID_OUT:411.13,INT:0.0000,EL:-3320,ER:-2191,VEL:6.3,MOT:1,TILT:25.0,TRIM:0.365,ATE:1,LATCH:0,TORQ:1,CR:0.0,FX1:1.00,FY1:-151.10,FX2:-6.00,FY2:-149.60,IK1:1,IK2:1,MOVE:0
[2026-09-08 18:01:27.752] [RX] AX12:MODE:0,TQ:1,TL:1023,CM:1,CS:4,MS:0,MT:800
[2026-09-08 18:01:27.843] [RX] PITCH:-2.95,PID_OUT:548.63,INT:0.0000,EL:-3316,ER:-2195,VEL:-0.7,MOT:1,TILT:25.0,TRIM:0.895,ATE:1,LATCH:0,TORQ:1,CR:0.0,FX1:1.00,FY1:-151.10,FX2:-6.00,FY2:-149.60,IK1:1,IK2:1,MOVE:0
[2026-09-08 18:01:27.942] [RX] PITCH:-4.40,PID_OUT:428.27,INT:0.0000,EL:-3306,ER:-2197,VEL:26.2,MOT:1,TILT:25.0,TRIM:-1.155,ATE:1,LATCH:0,TORQ:1,CR:0.0,FX1:1.00,FY1:-151.10,FX2:-6.00,FY2:-149.60,IK1:1,IK2:1,MOVE:0
[2026-09-08 18:01:28.042] [RX] PITCH:-6.31,PID_OUT:-13.15,INT:0.0000,EL:-3287,ER:-2201,VEL:100.4,MOT:1,TILT:25.0,TRIM:-6.000,ATE:1,LATCH:0,TORQ:1,CR:0.0,FX1:1.00,FY1:-151.10,FX2:-6.00,FY2:-149.60,IK1:1,IK2:1,MOVE:0
[2026-09-08 18:01:28.147] [RX] PITCH:-7.55,PID_OUT:165.77,INT:0.0000,EL:-3274,ER:-2213,VEL:125.4,MOT:1,TILT:25.0,TRIM:-6.000,ATE:1,LATCH:0,TORQ:1,CR:0.0,FX1:1.00,FY1:-151.10,FX2:-6.00,FY2:-149.60,IK1:1,IK2:1,MOVE:0
[2026-09-08 18:01:28.254] [RX] PITCH:-7.31,PID_OUT:92.37,INT:0.0000,EL:-3250,ER:-2235,VEL:220.9,MOT:1,TILT:25.0,TRIM:-6.000,ATE:1,LATCH:0,TORQ:1,CR:0.0,FX1:1.00,FY1:-151.10,FX2:-6.00,FY2:-149.60,IK1:1,IK2:1,MOVE:0
[2026-09-08 18:01:28.254] [RX] AX12:MODE:0,TQ:1,TL:1023,CM:1,CS:4,MS:0,MT:800
[2026-09-08 18:01:28.345] [RX] PITCH:-7.56,PID_OUT:96.65,INT:0.0000,EL:-3224,ER:-2255,VEL:231.3,MOT:1,TILT:25.0,TRIM:-6.000,ATE:1,LATCH:0,TORQ:1,CR:0.0,FX1:1.00,FY1:-151.10,FX2:-6.00,FY2:-149.60,IK1:1,IK2:1,MOVE:0
[2026-09-08 18:01:28.345] [RX] SRV:0,35,0.0,0,0
[2026-09-08 18:01:28.441] [RX] PITCH:-7.21,PID_OUT:66.48,INT:0.0000,EL:-3199,ER:-2281,VEL:242.9,MOT:1,TILT:25.0,TRIM:-6.000,ATE:1,LATCH:0,TORQ:1,CR:0.0,FX1:1.00,FY1:-151.10,FX2:-6.00,FY2:-149.60,IK1:1,IK2:1,MOVE:0
[2026-09-08 18:01:28.494] [TX] P85.0
[2026-09-08 18:01:28.545] [RX] PITCH:-7.11,PID_OUT:61.06,INT:0.0000,EL:-3178,ER:-2303,VEL:226.4,MOT:1,TILT:25.0,TRIM:-6.000,ATE:1,LATCH:0,TORQ:1,CR:0.0,FX1:1.00,FY1:-151.10,FX2:-6.00,FY2:-149.60,IK1:1,IK2:1,MOVE:0
[2026-09-08 18:01:28.643] [RX] PITCH:-6.77,PID_OUT:8.61,INT:0.0000,EL:-3161,ER:-2362,VEL:420.6,MOT:1,TILT:25.0,TRIM:-6.000,ATE:1,LATCH:0,TORQ:1,CR:0.0,FX1:1.00,FY1:-151.10,FX2:-6.00,FY2:-149.60,IK1:1,IK2:1,MOVE:0
[2026-09-08 18:01:28.745] [RX] PITCH:-5.81,PID_OUT:137.39,INT:0.0000,EL:-3167,ER:-2362,VEL:48.5,MOT:1,TILT:25.0,TRIM:-3.079,ATE:1,LATCH:0,TORQ:1,CR:0.0,FX1:1.00,FY1:-151.10,FX2:-6.00,FY2:-149.60,IK1:1,IK2:1,MOVE:0
[2026-09-08 18:01:28.745] [RX] AX12:MODE:0,TQ:1,TL:1023,CM:1,CS:4,MS:0,MT:800
[2026-09-08 18:01:28.839] [RX] PITCH:-3.04,PID_OUT:-35.02,INT:0.0000,EL:-3164,ER:-2366,VEL:27.1,MOT:1,TILT:25.0,TRIM:-1.461,ATE:1,LATCH:0,TORQ:1,CR:0.0,FX1:1.00,FY1:-151.10,FX2:-6.00,FY2:-149.60,IK1:1,IK2:1,MOVE:0
[2026-09-08 18:01:28.945] [RX] PITCH:2.62,PID_OUT:202.92,INT:0.0000,EL:-3178,ER:-2365,VEL:-88.6,MOT:1,TILT:25.0,TRIM:6.000,ATE:1,LATCH:0,TORQ:1,CR:0.0,FX1:1.00,FY1:-151.10,FX2:-6.00,FY2:-149.60,IK1:1,IK2:1,MOVE:0
[2026-09-08 18:01:29.045] [RX] PITCH:9.32,PID_OUT:-274.22,INT:0.0000,EL:-3211,ER:-2352,VEL:-289.0,MOT:1,TILT:25.0,TRIM:6.000,ATE:1,LATCH:0,TORQ:1,CR:0.0,FX1:1.00,FY1:-151.10,FX2:-6.00,FY2:-149.60,IK1:1,IK2:1,MOVE:0
[2026-09-08 18:01:29.144] [RX] PITCH:6.60,PID_OUT:69.31,INT:0.0000,EL:-3277,ER:-2301,VEL:-491.9,MOT:1,TILT:25.0,TRIM:6.000,ATE:1,LATCH:0,TORQ:1,CR:0.0,FX1:1.00,FY1:-151.10,FX2:-6.00,FY2:-149.60,IK1:1,IK2:1,MOVE:0
[2026-09-08 18:01:29.243] [RX] PITCH:5.95,PID_OUT:180.31,INT:0.0000,EL:-3311,ER:-2282,VEL:-287.2,MOT:1,TILT:25.0,TRIM:6.000,ATE:1,LATCH:0,TORQ:1,CR:0.0,FX1:1.00,FY1:-151.10,FX2:-6.00,FY2:-149.60,IK1:1,IK2:1,MOVE:0
[2026-09-08 18:01:29.243] [RX] AX12:MODE:0,TQ:1,TL:1023,CM:1,CS:4,MS:0,MT:800
[2026-09-08 18:01:29.349] [RX] PITCH:3.62,PID_OUT:-244.19,INT:0.0000,EL:-3308,ER:-2288,VEL:5.1,MOT:1,TILT:25.0,TRIM:0.381,ATE:1,LATCH:0,TORQ:1,CR:0.0,FX1:1.00,FY1:-151.10,FX2:-6.00,FY2:-149.60,IK1:1,IK2:1,MOVE:0
[2026-09-08 18:01:29.349] [RX] SRV:14,35,0.0,0,0
[2026-09-08 18:01:29.444] [RX] PITCH:-2.09,PID_OUT:157.98,INT:0.0000,EL:-3307,ER:-2291,VEL:18.3,MOT:1,TILT:25.0,TRIM:-0.626,ATE:1,LATCH:0,TORQ:1,CR:0.0,FX1:1.00,FY1:-151.10,FX2:-6.00,FY2:-149.60,IK1:1,IK2:1,MOVE:0
[2026-09-08 18:01:29.540] [RX] PITCH:-3.65,PID_OUT:439.45,INT:0.0000,EL:-3306,ER:-2295,VEL:-6.5,MOT:1,TILT:25.0,TRIM:1.254,ATE:1,LATCH:0,TORQ:1,CR:0.0,FX1:1.00,FY1:-151.10,FX2:-6.00,FY2:-149.60,IK1:1,IK2:1,MOVE:0
[2026-09-08 18:01:29.637] [RX] PITCH:-0.19,PID_OUT:-332.12,INT:0.0000,EL:-3306,ER:-2299,VEL:18.5,MOT:1,TILT:25.0,TRIM:-0.650,ATE:1,LATCH:0,TORQ:1,CR:0.0,FX1:1.00,FY1:-151.10,FX2:-6.00,FY2:-149.60,IK1:1,IK2:1,MOVE:0
[2026-09-08 18:01:29.748] [RX] PITCH:7.47,PID_OUT:-276.95,INT:0.0000,EL:-3322,ER:-2293,VEL:-80.2,MOT:1,TILT:25.0,TRIM:6.000,ATE:1,LATCH:0,TORQ:1,CR:0.0,FX1:1.00,FY1:-151.10,FX2:-6.00,FY2:-149.60,IK1:1,IK2:1,MOVE:0
[2026-09-08 18:01:29.751] [RX] AX12:MODE:0,TQ:1,TL:1023,CM:1,CS:4,MS:0,MT:800
[2026-09-08 18:01:29.840] [RX] PITCH:6.19,PID_OUT:54.21,INT:0.0000,EL:-3356,ER:-2274,VEL:-227.6,MOT:1,TILT:25.0,TRIM:6.000,ATE:1,LATCH:0,TORQ:1,CR:0.0,FX1:1.00,FY1:-151.10,FX2:-6.00,FY2:-149.60,IK1:1,IK2:1,MOVE:0
[2026-09-08 18:01:29.943] [RX] PITCH:5.66,PID_OUT:23.86,INT:0.0000,EL:-3373,ER:-2265,VEL:-133.4,MOT:1,TILT:25.0,TRIM:6.000,ATE:1,LATCH:0,TORQ:1,CR:0.0,FX1:1.00,FY1:-151.10,FX2:-6.00,FY2:-149.60,IK1:1,IK2:1,MOVE:0
[2026-09-08 18:01:30.040] [RX] PITCH:6.12,PID_OUT:-30.14,INT:0.0000,EL:-3385,ER:-2268,VEL:-71.5,MOT:1,TILT:25.0,TRIM:6.000,ATE:1,LATCH:0,TORQ:1,CR:0.0,FX1:1.00,FY1:-151.10,FX2:-6.00,FY2:-149.60,IK1:1,IK2:1,MOVE:0
[2026-09-08 18:01:30.143] [RX] PITCH:5.54,PID_OUT:-132.26,INT:0.0000,EL:-3394,ER:-2267,VEL:-41.0,MOT:1,TILT:25.0,TRIM:3.956,ATE:1,LATCH:0,TORQ:1,CR:0.0,FX1:1.00,FY1:-151.10,FX2:-6.00,FY2:-149.60,IK1:1,IK2:1,MOVE:0
[2026-09-08 18:01:30.243] [RX] PITCH:4.15,PID_OUT:-114.71,INT:0.0000,EL:-3402,ER:-2268,VEL:-25.0,MOT:1,TILT:25.0,TRIM:2.751,ATE:1,LATCH:0,TORQ:1,CR:0.0,FX1:1.00,FY1:-151.10,FX2:-6.00,FY2:-149.60,IK1:1,IK2:1,MOVE:0
[2026-09-08 18:01:30.252] [RX] AX12:MODE:0,TQ:1,TL:1023,CM:1,CS:4,MS:0,MT:800
[2026-09-08 18:01:30.344] [RX] PITCH:1.81,PID_OUT:132.03,INT:0.0000,EL:-3411,ER:-2272,VEL:-14.0,MOT:1,TILT:25.0,TRIM:1.920,ATE:1,LATCH:0,TORQ:1,CR:0.0,FX1:1.00,FY1:-151.10,FX2:-6.00,FY2:-149.60,IK1:1,IK2:1,MOVE:0
[2026-09-08 18:01:30.344] [RX] SRV:1,35,0.0,0,0
[2026-09-08 18:01:30.440] [RX] PITCH:1.07,PID_OUT:-51.10,INT:0.0000,EL:-3420,ER:-2282,VEL:4.0,MOT:1,TILT:25.0,TRIM:0.549,ATE:1,LATCH:0,TORQ:1,CR:0.0,FX1:1.00,FY1:-151.10,FX2:-6.00,FY2:-149.60,IK1:1,IK2:1,MOVE:0
[2026-09-08 18:01:30.540] [RX] PITCH:-0.28,PID_OUT:63.86,INT:0.0000,EL:-3423,ER:-2288,VEL:16.1,MOT:1,TILT:25.0,TRIM:-0.368,ATE:1,LATCH:0,TORQ:1,CR:0.0,FX1:1.00,FY1:-151.10,FX2:-6.00,FY2:-149.60,IK1:1,IK2:1,MOVE:0
[2026-09-08 18:01:30.642] [RX] PITCH:-0.84,PID_OUT:-194.58,INT:0.0000,EL:-3426,ER:-2301,VEL:47.8,MOT:1,TILT:25.0,TRIM:-2.787,ATE:1,LATCH:0,TORQ:1,CR:0.0,FX1:1.00,FY1:-151.10,FX2:-6.00,FY2:-149.60,IK1:1,IK2:1,MOVE:0
[2026-09-08 18:01:30.744] [RX] PITCH:-3.32,PID_OUT:461.36,INT:0.0000,EL:-3424,ER:-2307,VEL:25.6,MOT:1,TILT:25.0,TRIM:-1.105,ATE:1,LATCH:0,TORQ:1,CR:0.0,FX1:1.00,FY1:-151.10,FX2:-6.00,FY2:-149.60,IK1:1,IK2:1,MOVE:0
[2026-09-08 18:01:30.751] [RX] AX12:MODE:0,TQ:1,TL:1023,CM:1,CS:4,MS:0,MT:800
[2026-09-08 18:01:30.843] [RX] PITCH:-6.43,PID_OUT:159.19,INT:0.0000,EL:-3410,ER:-2326,VEL:141.4,MOT:1,TILT:25.0,TRIM:-6.000,ATE:1,LATCH:0,TORQ:1,CR:0.0,FX1:1.00,FY1:-151.10,FX2:-6.00,FY2:-149.60,IK1:1,IK2:1,MOVE:0
[2026-09-08 18:01:30.941] [RX] PITCH:-7.62,PID_OUT:115.21,INT:0.0000,EL:-3384,ER:-2354,VEL:275.5,MOT:1,TILT:25.0,TRIM:-6.000,ATE:1,LATCH:0,TORQ:1,CR:0.0,FX1:1.00,FY1:-151.10,FX2:-6.00,FY2:-149.60,IK1:1,IK2:1,MOVE:0
[2026-09-08 18:01:31.040] [RX] PITCH:-8.21,PID_OUT:142.16,INT:0.0000,EL:-3351,ER:-2393,VEL:350.2,MOT:1,TILT:25.0,TRIM:-6.000,ATE:1,LATCH:0,TORQ:1,CR:0.0,FX1:1.00,FY1:-151.10,FX2:-6.00,FY2:-149.60,IK1:1,IK2:1,MOVE:0
[2026-09-08 18:01:31.140] [RX] PITCH:-7.67,PID_OUT:81.12,INT:0.0000,EL:-3315,ER:-2432,VEL:363.0,MOT:1,TILT:25.0,TRIM:-6.000,ATE:1,LATCH:0,TORQ:1,CR:0.0,FX1:1.00,FY1:-151.10,FX2:-6.00,FY2:-149.60,IK1:1,IK2:1,MOVE:0
[2026-09-08 18:01:31.251] [RX] PITCH:-7.18,PID_OUT:21.70,INT:0.0000,EL:-3283,ER:-2467,VEL:331.3,MOT:1,TILT:25.0,TRIM:-6.000,ATE:1,LATCH:0,TORQ:1,CR:0.0,FX1:1.00,FY1:-151.10,FX2:-6.00,FY2:-149.60,IK1:1,IK2:1,MOVE:0
[2026-09-08 18:01:31.251] [RX] AX12:MODE:0,TQ:1,TL:1023,CM:1,CS:4,MS:0,MT:800
[2026-09-08 18:01:31.340] [RX] PITCH:-6.53,PID_OUT:-26.07,INT:0.0000,EL:-3264,ER:-2493,VEL:223.4,MOT:1,TILT:25.0,TRIM:-6.000,ATE:1,LATCH:0,TORQ:1,CR:0.0,FX1:1.00,FY1:-151.10,FX2:-6.00,FY2:-149.60,IK1:1,IK2:1,MOVE:0
[2026-09-08 18:01:31.342] [RX] SRV:6,37,0.0,0,0
[2026-09-08 18:01:31.438] [TX] P58.400000000000006
[2026-09-08 18:01:31.440] [RX] PITCH:-5.75,PID_OUT:-47.40,INT:0.0000,EL:-3264,ER:-2507,VEL:93.7,MOT:1,TILT:25.0,TRIM:-6.000,ATE:1,LATCH:0,TORQ:1,CR:0.0,FX1:1.00,FY1:-151.10,FX2:-6.00,FY2:-149.60,IK1:1,IK2:1,MOVE:0
[2026-09-08 18:01:31.490] [RX] Updated -> P:58.400 I:0.000 D:3.000 Offset:-1.7055 Target:0.000 Alpha:0.9600 Tilt:25.00 TrimGain:0.0015 Crouch:0.00 VP:0.0760
[2026-09-08 18:01:31.538] [RX] PITCH:-4.85,PID_OUT:-18.08,INT:0.0000,EL:-3262,ER:-2514,VEL:52.2,MOT:1,TILT:25.0,TRIM:-3.402,ATE:1,LATCH:0,TORQ:1,CR:0.0,FX1:1.00,FY1:-151.10,FX2:-6.00,FY2:-149.60,IK1:1,IK2:1,MOVE:0
[2026-09-08 18:01:31.638] [RX] PITCH:-2.51,PID_OUT:170.72,INT:0.0000,EL:-3269,ER:-2522,VEL:-0.6,MOT:1,TILT:25.0,TRIM:0.608,ATE:1,LATCH:0,TORQ:1,CR:0.0,FX1:1.00,FY1:-151.10,FX2:-6.00,FY2:-149.60,IK1:1,IK2:1,MOVE:0
[2026-09-08 18:01:31.740] [RX] PITCH:0.64,PID_OUT:-103.29,INT:0.0000,EL:-3271,ER:-2525,VEL:-3.0,MOT:1,TILT:25.0,TRIM:0.786,ATE:1,LATCH:0,TORQ:1,CR:0.0,FX1:1.00,FY1:-151.10,FX2:-6.00,FY2:-149.60,IK1:1,IK2:1,MOVE:0
[2026-09-08 18:01:31.748] [RX] AX12:MODE:0,TQ:1,TL:1023,CM:1,CS:4,MS:0,MT:800
[2026-09-08 18:01:31.829] [RX] PITCH:4.95,PID_OUT:7.34,INT:0.0000,EL:-3291,ER:-2525,VEL:-81.6,MOT:1,TILT:25.0,TRIM:6.000,ATE:1,LATCH:0,TORQ:1,CR:0.0,FX1:1.00,FY1:-151.10,FX2:-6.00,FY2:-149.60,IK1:1,IK2:1,MOVE:0
[2026-09-08 18:01:31.934] [RX] PITCH:7.70,PID_OUT:-193.60,INT:0.0000,EL:-3311,ER:-2517,VEL:-128.2,MOT:1,TILT:25.0,TRIM:6.000,ATE:1,LATCH:0,TORQ:1,CR:0.0,FX1:1.00,FY1:-151.10,FX2:-6.00,FY2:-149.60,IK1:1,IK2:1,MOVE:0
[2026-09-08 18:01:32.028] [RX] PITCH:8.64,PID_OUT:-151.88,INT:0.0000,EL:-3344,ER:-2492,VEL:-278.4,MOT:1,TILT:25.0,TRIM:6.000,ATE:1,LATCH:0,TORQ:1,CR:0.0,FX1:1.00,FY1:-151.10,FX2:-6.00,FY2:-149.60,IK1:1,IK2:1,MOVE:0
[2026-09-08 18:01:32.135] [RX] PITCH:9.03,PID_OUT:-138.17,INT:0.0000,EL:-3387,ER:-2457,VEL:-373.1,MOT:1,TILT:25.0,TRIM:6.000,ATE:1,LATCH:0,TORQ:1,CR:0.0,FX1:1.00,FY1:-151.10,FX2:-6.00,FY2:-149.60,IK1:1,IK2:1,MOVE:0
[2026-09-08 18:01:32.239] [RX] PITCH:8.79,PID_OUT:-75.53,INT:0.0000,EL:-3434,ER:-2418,VEL:-418.2,MOT:1,TILT:25.0,TRIM:6.000,ATE:1,LATCH:0,TORQ:1,CR:0.0,FX1:1.00,FY1:-151.10,FX2:-6.00,FY2:-149.60,IK1:1,IK2:1,MOVE:0
[2026-09-08 18:01:32.239] [RX] AX12:MODE:0,TQ:1,TL:1023,CM:1,CS:4,MS:0,MT:800
[2026-09-08 18:01:32.336] [RX] PITCH:6.96,PID_OUT:88.60,INT:0.0000,EL:-3478,ER:-2386,VEL:-374.2,MOT:1,TILT:25.0,TRIM:6.000,ATE:1,LATCH:0,TORQ:1,CR:0.0,FX1:1.00,FY1:-151.10,FX2:-6.00,FY2:-149.60,IK1:1,IK2:1,MOVE:0
[2026-09-08 18:01:32.341] [RX] SRV:0,35,0.0,0,0
[2026-09-08 18:01:32.425] [RX] PITCH:5.68,PID_OUT:83.40,INT:0.0000,EL:-3502,ER:-2372,VEL:-193.7,MOT:1,TILT:25.0,TRIM:6.000,ATE:1,LATCH:0,TORQ:1,CR:0.0,FX1:1.00,FY1:-151.10,FX2:-6.00,FY2:-149.60,IK1:1,IK2:1,MOVE:0
[2026-09-08 18:01:32.535] [RX] PITCH:4.86,PID_OUT:16.99,INT:0.0000,EL:-3506,ER:-2377,VEL:-33.8,MOT:1,TILT:25.0,TRIM:3.411,ATE:1,LATCH:0,TORQ:1,CR:0.0,FX1:1.00,FY1:-151.10,FX2:-6.00,FY2:-149.60,IK1:1,IK2:1,MOVE:0
[2026-09-08 18:01:32.632] [RX] PITCH:0.22,PID_OUT:138.44,INT:0.0000,EL:-3505,ER:-2378,VEL:6.1,MOT:1,TILT:25.0,TRIM:0.383,ATE:1,LATCH:0,TORQ:1,CR:0.0,FX1:1.00,FY1:-151.10,FX2:-6.00,FY2:-149.60,IK1:1,IK2:1,MOVE:0
[2026-09-08 18:01:32.735] [RX] PITCH:-5.77,PID_OUT:71.43,INT:0.0000,EL:-3498,ER:-2395,VEL:111.5,MOT:1,TILT:25.0,TRIM:-6.000,ATE:1,LATCH:0,TORQ:1,CR:0.0,FX1:1.00,FY1:-151.10,FX2:-6.00,FY2:-149.60,IK1:1,IK2:1,MOVE:0
[2026-09-08 18:01:32.745] [RX] AX12:MODE:0,TQ:1,TL:1023,CM:1,CS:4,MS:0,MT:800
[2026-09-08 18:01:32.837] [RX] PITCH:-8.67,PID_OUT:167.26,INT:0.0000,EL:-3467,ER:-2429,VEL:304.6,MOT:1,TILT:25.0,TRIM:-6.000,ATE:1,LATCH:0,TORQ:1,CR:0.0,FX1:1.00,FY1:-151.10,FX2:-6.00,FY2:-149.60,IK1:1,IK2:1,MOVE:0
[2026-09-08 18:01:32.937] [RX] PITCH:-10.23,PID_OUT:174.54,INT:0.0000,EL:-3413,ER:-2479,VEL:488.0,MOT:1,TILT:25.0,TRIM:-6.000,ATE:1,LATCH:0,TORQ:1,CR:0.0,FX1:1.00,FY1:-151.10,FX2:-6.00,FY2:-149.60,IK1:1,IK2:1,MOVE:0
[2026-09-08 18:01:33.034] [RX] PITCH:-9.41,PID_OUT:38.82,INT:0.0000,EL:-3354,ER:-2535,VEL:557.6,MOT:1,TILT:25.0,TRIM:-6.000,ATE:1,LATCH:0,TORQ:1,CR:0.0,FX1:1.00,FY1:-151.10,FX2:-6.00,FY2:-149.60,IK1:1,IK2:1,MOVE:0
[2026-09-08 18:01:33.139] [RX] PITCH:-6.41,PID_OUT:-121.74,INT:0.0000,EL:-3315,ER:-2584,VEL:426.2,MOT:1,TILT:25.0,TRIM:-6.000,ATE:1,LATCH:0,TORQ:1,CR:0.0,FX1:1.00,FY1:-151.10,FX2:-6.00,FY2:-149.60,IK1:1,IK2:1,MOVE:0
[2026-09-08 18:01:33.243] [RX] PITCH:-5.81,PID_OUT:-120.27,INT:0.0000,EL:-3314,ER:-2604,VEL:144.0,MOT:1,TILT:25.0,TRIM:-6.000,ATE:1,LATCH:0,TORQ:1,CR:0.0,FX1:1.00,FY1:-151.10,FX2:-6.00,FY2:-149.60,IK1:1,IK2:1,MOVE:0
[2026-09-08 18:01:33.243] [RX] AX12:MODE:0,TQ:1,TL:1023,CM:1,CS:4,MS:0,MT:800
[2026-09-08 18:01:33.338] [RX] PITCH:-1.26,PID_OUT:-296.57,INT:0.0000,EL:-3323,ER:-2610,VEL:28.0,MOT:1,TILT:25.0,TRIM:-1.588,ATE:1,LATCH:0,TORQ:1,CR:0.0,FX1:1.00,FY1:-151.10,FX2:-6.00,FY2:-149.60,IK1:1,IK2:1,MOVE:0
[2026-09-08 18:01:33.338] [RX] SRV:14,35,0.0,0,0
[2026-09-08 18:01:33.434] [RX] PITCH:4.90,PID_OUT:-26.51,INT:0.0000,EL:-3337,ER:-2606,VEL:-71.0,MOT:1,TILT:25.0,TRIM:5.939,ATE:1,LATCH:0,TORQ:1,CR:0.0,FX1:1.00,FY1:-151.10,FX2:-6.00,FY2:-149.60,IK1:1,IK2:1,MOVE:0
[2026-09-08 18:01:33.526] [RX] PITCH:7.26,PID_OUT:-208.38,INT:0.0000,EL:-3368,ER:-2588,VEL:-198.1,MOT:1,TILT:25.0,TRIM:6.000,ATE:1,LATCH:0,TORQ:1,CR:0.0,FX1:1.00,FY1:-151.10,FX2:-6.00,FY2:-149.60,IK1:1,IK2:1,MOVE:0
[2026-09-08 18:01:33.631] [RX] PITCH:9.35,PID_OUT:-143.81,INT:0.0000,EL:-3405,ER:-2560,VEL:-315.4,MOT:1,TILT:25.0,TRIM:6.000,ATE:1,LATCH:0,TORQ:1,CR:0.0,FX1:1.00,FY1:-151.10,FX2:-6.00,FY2:-149.60,IK1:1,IK2:1,MOVE:0
[2026-09-08 18:01:33.724] [RX] PITCH:8.42,PID_OUT:-56.25,INT:0.0000,EL:-3449,ER:-2522,VEL:-386.9,MOT:1,TILT:25.0,TRIM:6.000,ATE:1,LATCH:0,TORQ:1,CR:0.0,FX1:1.00,FY1:-151.10,FX2:-6.00,FY2:-149.60,IK1:1,IK2:1,MOVE:0
[2026-09-08 18:01:33.744] [RX] AX12:MODE:0,TQ:1,TL:1023,CM:1,CS:4,MS:0,MT:800
[2026-09-08 18:01:33.833] [RX] PITCH:6.45,PID_OUT:79.83,INT:0.0000,EL:-3485,ER:-2503,VEL:-276.0,MOT:1,TILT:25.0,TRIM:6.000,ATE:1,LATCH:0,TORQ:1,CR:0.0,FX1:1.00,FY1:-151.10,FX2:-6.00,FY2:-149.60,IK1:1,IK2:1,MOVE:0
[2026-09-08 18:01:33.936] [RX] PITCH:5.75,PID_OUT:69.94,INT:0.0000,EL:-3503,ER:-2497,VEL:-128.4,MOT:1,TILT:25.0,TRIM:6.000,ATE:1,LATCH:0,TORQ:1,CR:0.0,FX1:1.00,FY1:-151.10,FX2:-6.00,FY2:-149.60,IK1:1,IK2:1,MOVE:0
[2026-09-08 18:01:34.031] [RX] PITCH:4.93,PID_OUT:-16.16,INT:0.0000,EL:-3511,ER:-2502,VEL:-37.3,MOT:1,TILT:25.0,TRIM:3.585,ATE:1,LATCH:0,TORQ:1,CR:0.0,FX1:1.00,FY1:-151.10,FX2:-6.00,FY2:-149.60,IK1:1,IK2:1,MOVE:0
[2026-09-08 18:01:34.135] [RX] PITCH:1.92,PID_OUT:92.98,INT:0.0000,EL:-3511,ER:-2502,VEL:-7.3,MOT:1,TILT:25.0,TRIM:1.314,ATE:1,LATCH:0,TORQ:1,CR:0.0,FX1:1.00,FY1:-151.10,FX2:-6.00,FY2:-149.60,IK1:1,IK2:1,MOVE:0
[2026-09-08 18:01:34.239] [RX] PITCH:-3.15,PID_OUT:269.24,INT:0.0000,EL:-3513,ER:-2513,VEL:32.1,MOT:1,TILT:25.0,TRIM:-1.689,ATE:1,LATCH:0,TORQ:1,CR:0.0,FX1:1.00,FY1:-151.10,FX2:-6.00,FY2:-149.60,IK1:1,IK2:1,MOVE:0
[2026-09-08 18:01:34.243] [RX] AX12:MODE:0,TQ:1,TL:1023,CM:1,CS:4,MS:0,MT:800
[2026-09-08 18:01:34.324] [RX] PITCH:-6.97,PID_OUT:157.93,INT:0.0000,EL:-3505,ER:-2534,VEL:129.2,MOT:1,TILT:25.0,TRIM:-6.000,ATE:1,LATCH:0,TORQ:1,CR:0.0,FX1:1.00,FY1:-151.10,FX2:-6.00,FY2:-149.60,IK1:1,IK2:1,MOVE:0
[2026-09-08 18:01:34.324] [RX] SRV:1,36,0.0,0,0
[2026-09-08 18:01:34.433] [RX] PITCH:-9.01,PID_OUT:135.22,INT:0.0000,EL:-3471,ER:-2567,VEL:315.7,MOT:1,TILT:25.0,TRIM:-6.000,ATE:1,LATCH:0,TORQ:1,CR:0.0,FX1:1.00,FY1:-151.10,FX2:-6.00,FY2:-149.60,IK1:1,IK2:1,MOVE:0
[2026-09-08 18:01:34.532] [RX] PITCH:-9.03,PID_OUT:43.71,INT:0.0000,EL:-3428,ER:-2605,VEL:385.2,MOT:1,TILT:25.0,TRIM:-6.000,ATE:1,LATCH:0,TORQ:1,CR:0.0,FX1:1.00,FY1:-151.10,FX2:-6.00,FY2:-149.60,IK1:1,IK2:1,MOVE:0
[2026-09-08 18:01:34.630] [RX] PITCH:-6.62,PID_OUT:-115.52,INT:0.0000,EL:-3402,ER:-2636,VEL:272.6,MOT:1,TILT:25.0,TRIM:-6.000,ATE:1,LATCH:0,TORQ:1,CR:0.0,FX1:1.00,FY1:-151.10,FX2:-6.00,FY2:-149.60,IK1:1,IK2:1,MOVE:0
[2026-09-08 18:01:34.725] [RX] PITCH:-5.45,PID_OUT:-52.88,INT:0.0000,EL:-3405,ER:-2647,VEL:78.0,MOT:1,TILT:25.0,TRIM:-5.353,ATE:1,LATCH:0,TORQ:1,CR:0.0,FX1:1.00,FY1:-151.10,FX2:-6.00,FY2:-149.60,IK1:1,IK2:1,MOVE:0
[2026-09-08 18:01:34.741] [RX] AX12:MODE:0,TQ:1,TL:1023,CM:1,CS:4,MS:0,MT:800
[2026-09-08 18:01:34.831] [RX] PITCH:-2.35,PID_OUT:322.06,INT:0.0000,EL:-3416,ER:-2650,VEL:-28.8,MOT:1,TILT:25.0,TRIM:2.763,ATE:1,LATCH:0,TORQ:1,CR:0.0,FX1:1.00,FY1:-151.10,FX2:-6.00,FY2:-149.60,IK1:1,IK2:1,MOVE:0
[2026-09-08 18:01:34.923] [TX] P44.6
[2026-09-08 18:01:34.928] [RX] PITCH:1.41,PID_OUT:-98.58,INT:0.0000,EL:-3421,ER:-2649,VEL:-37.6,MOT:1,TILT:25.0,TRIM:3.430,ATE:1,LATCH:0,TORQ:1,CR:0.0,FX1:1.00,FY1:-151.10,FX2:-6.00,FY2:-149.60,IK1:1,IK2:1,MOVE:0
[2026-09-08 18:01:34.975] [RX] Updated -> P:44.600 I:0.000 D:3.000 Offset:-1.7055 Target:0.000 Alpha:0.9600 Tilt:25.00 TrimGain:0.0015 Crouch:0.00 VP:0.0760
[2026-09-08 18:01:35.029] [RX] PITCH:6.32,PID_OUT:-166.01,INT:0.0000,EL:-3442,ER:-2639,VEL:-144.7,MOT:1,TILT:25.0,TRIM:6.000,ATE:1,LATCH:0,TORQ:1,CR:0.0,FX1:1.00,FY1:-151.10,FX2:-6.00,FY2:-149.60,IK1:1,IK2:1,MOVE:0
[2026-09-08 18:01:35.122] [RX] PITCH:9.93,PID_OUT:-149.95,INT:0.0000,EL:-3474,ER:-2620,VEL:-246.2,MOT:1,TILT:25.0,TRIM:6.000,ATE:1,LATCH:0,TORQ:1,CR:0.0,FX1:1.00,FY1:-151.10,FX2:-6.00,FY2:-149.60,IK1:1,IK2:1,MOVE:0
[2026-09-08 18:01:35.233] [RX] PITCH:9.60,PID_OUT:-95.05,INT:0.0000,EL:-3516,ER:-2588,VEL:-349.1,MOT:1,TILT:25.0,TRIM:6.000,ATE:1,LATCH:0,TORQ:1,CR:0.0,FX1:1.00,FY1:-151.10,FX2:-6.00,FY2:-149.60,IK1:1,IK2:1,MOVE:0
[2026-09-08 18:01:35.233] [RX] AX12:MODE:0,TQ:1,TL:1023,CM:1,CS:4,MS:0,MT:800
[2026-09-08 18:01:35.320] [RX] PITCH:8.38,PID_OUT:-16.49,INT:0.0000,EL:-3554,ER:-2558,VEL:-337.8,MOT:1,TILT:25.0,TRIM:6.000,ATE:1,LATCH:0,TORQ:1,CR:0.0,FX1:1.00,FY1:-151.10,FX2:-6.00,FY2:-149.60,IK1:1,IK2:1,MOVE:0
[2026-09-08 18:01:35.320] [RX] SRV:6,37,0.8,0,0
[2026-09-08 18:01:35.417] [RX] PITCH:6.75,PID_OUT:75.59,INT:0.0000,EL:-3581,ER:-2540,VEL:-228.3,MOT:1,TILT:25.0,TRIM:6.000,ATE:1,LATCH:0,TORQ:1,CR:0.0,FX1:1.00,FY1:-151.10,FX2:-6.00,FY2:-149.60,IK1:1,IK2:1,MOVE:0
[2026-09-08 18:01:35.529] [RX] PITCH:5.58,PID_OUT:63.81,INT:0.0000,EL:-3594,ER:-2540,VEL:-78.9,MOT:1,TILT:25.0,TRIM:6.000,ATE:1,LATCH:0,TORQ:1,CR:0.0,FX1:1.00,FY1:-151.10,FX2:-6.00,FY2:-149.60,IK1:1,IK2:1,MOVE:0
[2026-09-08 18:01:35.630] [RX] PITCH:3.71,PID_OUT:105.95,INT:0.0000,EL:-3608,ER:-2552,VEL:-36.3,MOT:1,TILT:25.0,TRIM:3.549,ATE:1,LATCH:0,TORQ:1,CR:0.0,FX1:1.00,FY1:-151.10,FX2:-6.00,FY2:-149.60,IK1:1,IK2:1,MOVE:0
[2026-09-08 18:01:35.732] [RX] PITCH:-0.54,PID_OUT:121.13,INT:0.0000,EL:-3613,ER:-2567,VEL:29.0,MOT:1,TILT:25.0,TRIM:-1.415,ATE:1,LATCH:0,TORQ:1,CR:0.0,FX1:1.00,FY1:-151.10,FX2:-6.00,FY2:-149.60,IK1:1,IK2:1,MOVE:0
[2026-09-08 18:01:35.732] [RX] AX12:MODE:0,TQ:1,TL:1023,CM:1,CS:4,MS:0,MT:800
[2026-09-08 18:01:35.827] [RX] PITCH:-5.46,PID_OUT:101.68,INT:0.0000,EL:-3608,ER:-2581,VEL:90.0,MOT:1,TILT:25.0,TRIM:-6.000,ATE:1,LATCH:0,TORQ:1,CR:0.0,FX1:1.00,FY1:-151.10,FX2:-6.00,FY2:-149.60,IK1:1,IK2:1,MOVE:0
[2026-09-08 18:01:35.926] [RX] PITCH:-9.90,PID_OUT:141.31,INT:0.0000,EL:-3587,ER:-2611,VEL:247.4,MOT:1,TILT:25.0,TRIM:-6.000,ATE:1,LATCH:0,TORQ:1,CR:0.0,FX1:1.00,FY1:-151.10,FX2:-6.00,FY2:-149.60,IK1:1,IK2:1,MOVE:0
[2026-09-08 18:01:36.026] [RX] PITCH:-9.44,PID_OUT:42.57,INT:0.0000,EL:-3554,ER:-2651,VEL:336.9,MOT:1,TILT:25.0,TRIM:-6.000,ATE:1,LATCH:0,TORQ:1,CR:0.0,FX1:1.00,FY1:-151.10,FX2:-6.00,FY2:-149.60,IK1:1,IK2:1,MOVE:0
[2026-09-08 18:01:36.127] [RX] PITCH:-7.71,PID_OUT:-43.87,INT:0.0000,EL:-3533,ER:-2673,VEL:213.2,MOT:1,TILT:25.0,TRIM:-6.000,ATE:1,LATCH:0,TORQ:1,CR:0.0,FX1:1.00,FY1:-151.10,FX2:-6.00,FY2:-149.60,IK1:1,IK2:1,MOVE:0
[2026-09-08 18:01:36.217] [RX] PITCH:-5.70,PID_OUT:-13.21,INT:0.0000,EL:-3539,ER:-2687,VEL:69.5,MOT:1,TILT:25.0,TRIM:-4.638,ATE:1,LATCH:0,TORQ:1,CR:0.0,FX1:1.00,FY1:-151.10,FX2:-6.00,FY2:-149.60,IK1:1,IK2:1,MOVE:0
[2026-09-08 18:01:36.239] [RX] AX12:MODE:0,TQ:1,TL:1023,CM:1,CS:4,MS:0,MT:800
[2026-09-08 18:01:36.326] [RX] PITCH:-3.75,PID_OUT:166.12,INT:0.0000,EL:-3551,ER:-2697,VEL:-18.4,MOT:1,TILT:25.0,TRIM:2.039,ATE:1,LATCH:0,TORQ:1,CR:0.0,FX1:1.00,FY1:-151.10,FX2:-6.00,FY2:-149.60,IK1:1,IK2:1,MOVE:0
[2026-09-08 18:01:36.331] [RX] SRV:0,35,0.0,0,0
[2026-09-08 18:01:36.427] [RX] PITCH:1.31,PID_OUT:-149.58,INT:0.0000,EL:-3556,ER:-2702,VEL:-7.8,MOT:1,TILT:25.0,TRIM:1.229,ATE:1,LATCH:0,TORQ:1,CR:0.0,FX1:1.00,FY1:-151.10,FX2:-6.00,FY2:-149.60,IK1:1,IK2:1,MOVE:0
[2026-09-08 18:01:36.525] [RX] PITCH:5.65,PID_OUT:-158.06,INT:0.0000,EL:-3578,ER:-2700,VEL:-99.6,MOT:1,TILT:25.0,TRIM:6.000,ATE:1,LATCH:0,TORQ:1,CR:0.0,FX1:1.00,FY1:-151.10,FX2:-6.00,FY2:-149.60,IK1:1,IK2:1,MOVE:0
[2026-09-08 18:01:36.622] [RX] PITCH:9.32,PID_OUT:-167.86,INT:0.0000,EL:-3605,ER:-2686,VEL:-216.9,MOT:1,TILT:25.0,TRIM:6.000,ATE:1,LATCH:0,TORQ:1,CR:0.0,FX1:1.00,FY1:-151.10,FX2:-6.00,FY2:-149.60,IK1:1,IK2:1,MOVE:0
[2026-09-08 18:01:36.727] [RX] PITCH:9.65,PID_OUT:-137.63,INT:0.0000,EL:-3644,ER:-2657,VEL:-319.0,MOT:1,TILT:25.0,TRIM:6.000,ATE:1,LATCH:0,TORQ:1,CR:0.0,FX1:1.00,FY1:-151.10,FX2:-6.00,FY2:-149.60,IK1:1,IK2:1,MOVE:0
[2026-09-08 18:01:36.737] [RX] AX12:MODE:0,TQ:1,TL:1023,CM:1,CS:4,MS:0,MT:800
[2026-09-08 18:01:36.822] [RX] PITCH:9.18,PID_OUT:-79.23,INT:0.0000,EL:-3686,ER:-2625,VEL:-356.2,MOT:1,TILT:25.0,TRIM:6.000,ATE:1,LATCH:0,TORQ:1,CR:0.0,FX1:1.00,FY1:-151.10,FX2:-6.00,FY2:-149.60,IK1:1,IK2:1,MOVE:0
[2026-09-08 18:01:36.925] [RX] PITCH:8.54,PID_OUT:-23.11,INT:0.0000,EL:-3727,ER:-2597,VEL:-339.9,MOT:1,TILT:25.0,TRIM:6.000,ATE:1,LATCH:0,TORQ:1,CR:0.0,FX1:1.00,FY1:-151.10,FX2:-6.00,FY2:-149.60,IK1:1,IK2:1,MOVE:0
[2026-09-08 18:01:37.011] [RX] PITCH:6.43,PID_OUT:78.52,INT:0.0000,EL:-3761,ER:-2580,VEL:-263.5,MOT:1,TILT:25.0,TRIM:6.000,ATE:1,LATCH:0,TORQ:1,CR:0.0,FX1:1.00,FY1:-151.10,FX2:-6.00,FY2:-149.60,IK1:1,IK2:1,MOVE:0
[2026-09-08 18:01:37.123] [RX] PITCH:5.26,PID_OUT:80.37,INT:0.0000,EL:-3776,ER:-2577,VEL:-105.2,MOT:1,TILT:25.0,TRIM:6.000,ATE:1,LATCH:0,TORQ:1,CR:0.0,FX1:1.00,FY1:-151.10,FX2:-6.00,FY2:-149.60,IK1:1,IK2:1,MOVE:0
[2026-09-08 18:01:37.229] [RX] PITCH:3.75,PID_OUT:-22.58,INT:0.0000,EL:-3785,ER:-2585,VEL:-10.5,MOT:1,TILT:25.0,TRIM:1.694,ATE:1,LATCH:0,TORQ:1,CR:0.0,FX1:1.00,FY1:-151.10,FX2:-6.00,FY2:-149.60,IK1:1,IK2:1,MOVE:0
[2026-09-08 18:01:37.236] [RX] AX12:MODE:0,TQ:1,TL:1023,CM:1,CS:4,MS:0,MT:800
[2026-09-08 18:01:37.327] [RX] PITCH:-1.35,PID_OUT:212.94,INT:0.0000,EL:-3787,ER:-2594,VEL:16.1,MOT:1,TILT:25.0,TRIM:-0.329,ATE:1,LATCH:0,TORQ:1,CR:0.0,FX1:1.00,FY1:-151.10,FX2:-6.00,FY2:-149.60,IK1:1,IK2:1,MOVE:0
[2026-09-08 18:01:37.327] [RX] SRV:14,35,0.0,0,0
[2026-09-08 18:01:37.425] [RX] PITCH:-5.47,PID_OUT:104.57,INT:0.0000,EL:-3777,ER:-2610,VEL:113.6,MOT:1,TILT:25.0,TRIM:-6.000,ATE:1,LATCH:0,TORQ:1,CR:0.0,FX1:1.00,FY1:-151.10,FX2:-6.00,FY2:-149.60,IK1:1,IK2:1,MOVE:0
[2026-09-08 18:01:37.522] [RX] PITCH:-9.54,PID_OUT:187.82,INT:0.0000,EL:-3745,ER:-2642,VEL:307.6,MOT:1,TILT:25.0,TRIM:-6.000,ATE:1,LATCH:0,TORQ:1,CR:0.0,FX1:1.00,FY1:-151.10,FX2:-6.00,FY2:-149.60,IK1:1,IK2:1,MOVE:0
[2026-09-08 18:01:37.623] [RX] PITCH:-10.59,PID_OUT:111.26,INT:0.0000,EL:-3697,ER:-2680,VEL:406.3,MOT:1,TILT:25.0,TRIM:-6.000,ATE:1,LATCH:0,TORQ:1,CR:0.0,FX1:1.00,FY1:-151.10,FX2:-6.00,FY2:-149.60,IK1:1,IK2:1,MOVE:0
[2026-09-08 18:01:37.728] [RX] PITCH:-9.81,PID_OUT:27.57,INT:0.0000,EL:-3644,ER:-2716,VEL:431.3,MOT:1,TILT:25.0,TRIM:-6.000,ATE:1,LATCH:0,TORQ:1,CR:0.0,FX1:1.00,FY1:-151.10,FX2:-6.00,FY2:-149.60,IK1:1,IK2:1,MOVE:0
[2026-09-08 18:01:37.735] [RX] AX12:MODE:0,TQ:1,TL:1023,CM:1,CS:4,MS:0,MT:800
[2026-09-08 18:01:37.823] [RX] PITCH:-7.12,PID_OUT:-87.67,INT:0.0000,EL:-3616,ER:-2744,VEL:282.2,MOT:1,TILT:25.0,TRIM:-6.000,ATE:1,LATCH:0,TORQ:1,CR:0.0,FX1:1.00,FY1:-151.10,FX2:-6.00,FY2:-149.60,IK1:1,IK2:1,MOVE:0
[2026-09-08 18:01:37.922] [RX] PITCH:-5.14,PID_OUT:36.43,INT:0.0000,EL:-3619,ER:-2751,VEL:42.4,MOT:1,TILT:25.0,TRIM:-2.568,ATE:1,LATCH:0,TORQ:1,CR:0.0,FX1:1.00,FY1:-151.10,FX2:-6.00,FY2:-149.60,IK1:1,IK2:1,MOVE:0
[2026-09-08 18:01:38.020] [RX] PITCH:-1.76,PID_OUT:-137.24,INT:0.0000,EL:-3624,ER:-2760,VEL:30.7,MOT:1,TILT:25.0,TRIM:-1.683,ATE:1,LATCH:0,TORQ:1,CR:0.0,FX1:1.00,FY1:-151.10,FX2:-6.00,FY2:-149.60,IK1:1,IK2:1,MOVE:0
[2026-09-08 18:01:38.122] [RX] PITCH:2.50,PID_OUT:3.09,INT:0.0000,EL:-3646,ER:-2761,VEL:-111.6,MOT:1,TILT:25.0,TRIM:6.000,ATE:1,LATCH:0,TORQ:1,CR:0.0,FX1:1.00,FY1:-151.10,FX2:-6.00,FY2:-149.60,IK1:1,IK2:1,MOVE:0
[2026-09-08 18:01:38.231] [RX] PITCH:7.68,PID_OUT:-139.61,INT:0.0000,EL:-3658,ER:-2755,VEL:-124.6,MOT:1,TILT:25.0,TRIM:6.000,ATE:1,LATCH:0,TORQ:1,CR:0.0,FX1:1.00,FY1:-151.10,FX2:-6.00,FY2:-149.60,IK1:1,IK2:1,MOVE:0
[2026-09-08 18:01:38.231] [RX] AX12:MODE:0,TQ:1,TL:1023,CM:1,CS:4,MS:0,MT:800
[2026-09-08 18:01:38.320] [RX] PITCH:10.09,PID_OUT:-172.53,INT:0.0000,EL:-3696,ER:-2732,VEL:-279.2,MOT:1,TILT:25.0,TRIM:6.000,ATE:1,LATCH:0,TORQ:1,CR:0.0,FX1:1.00,FY1:-151.10,FX2:-6.00,FY2:-149.60,IK1:1,IK2:1,MOVE:0
[2026-09-08 18:01:38.323] [RX] SRV:1,36,0.0,0,0
[2026-09-08 18:01:38.417] [RX] PITCH:9.56,PID_OUT:-90.98,INT:0.0000,EL:-3738,ER:-2700,VEL:-356.0,MOT:1,TILT:25.0,TRIM:6.000,ATE:1,LATCH:0,TORQ:1,CR:0.0,FX1:1.00,FY1:-151.10,FX2:-6.00,FY2:-149.60,IK1:1,IK2:1,MOVE:0
[2026-09-08 18:01:38.520] [RX] PITCH:8.40,PID_OUT:-21.12,INT:0.0000,EL:-3780,ER:-2673,VEL:-338.2,MOT:1,TILT:25.0,TRIM:6.000,ATE:1,LATCH:0,TORQ:1,CR:0.0,FX1:1.00,FY1:-151.10,FX2:-6.00,FY2:-149.60,IK1:1,IK2:1,MOVE:0
[2026-09-08 18:01:38.612] [TX] D0.0
[2026-09-08 18:01:38.617] [RX] PITCH:6.30,PID_OUT:72.78,INT:0.0000,EL:-3815,ER:-2658,VEL:-254.3,MOT:1,TILT:25.0,TRIM:6.000,ATE:1,LATCH:0,TORQ:1,CR:0.0,FX1:1.00,FY1:-151.10,FX2:-6.00,FY2:-149.60,IK1:1,IK2:1,MOVE:0
[2026-09-08 18:01:38.668] [RX] Updated -> P:44.600 I:0.000 D:0.000 Offset:-1.7055 Target:0.000 Alpha:0.9600 Tilt:25.00 TrimGain:0.0015 Crouch:0.00 VP:0.0760
[2026-09-08 18:01:38.729] [RX] PITCH:5.22,PID_OUT:34.89,INT:0.0000,EL:-3833,ER:-2654,VEL:-121.4,MOT:1,TILT:25.0,TRIM:6.000,ATE:1,LATCH:0,TORQ:1,CR:0.0,FX1:1.00,FY1:-151.10,FX2:-6.00,FY2:-149.60,IK1:1,IK2:1,MOVE:0
[2026-09-08 18:01:38.729] [RX] AX12:MODE:0,TQ:1,TL:1023,CM:1,CS:4,MS:0,MT:800
[2026-09-08 18:01:38.814] [RX] PITCH:2.91,PID_OUT:50.86,INT:0.0000,EL:-3839,ER:-2654,VEL:-41.7,MOT:1,TILT:25.0,TRIM:4.052,ATE:1,LATCH:0,TORQ:1,CR:0.0,FX1:1.00,FY1:-151.10,FX2:-6.00,FY2:-149.60,IK1:1,IK2:1,MOVE:0
[2026-09-08 18:01:38.920] [RX] PITCH:-1.04,PID_OUT:113.62,INT:0.0000,EL:-3839,ER:-2654,VEL:-8.2,MOT:1,TILT:25.0,TRIM:1.511,ATE:1,LATCH:0,TORQ:1,CR:0.0,FX1:1.00,FY1:-151.10,FX2:-6.00,FY2:-149.60,IK1:1,IK2:1,MOVE:0
[2026-09-08 18:01:39.014] [RX] PITCH:-7.82,PID_OUT:219.46,INT:0.0000,EL:-3841,ER:-2672,VEL:49.7,MOT:1,TILT:25.0,TRIM:-2.900,ATE:1,LATCH:0,TORQ:1,CR:0.0,FX1:1.00,FY1:-151.10,FX2:-6.00,FY2:-149.60,IK1:1,IK2:1,MOVE:0
[2026-09-08 18:01:39.120] [RX] PITCH:-11.66,PID_OUT:252.25,INT:0.0000,EL:-3808,ER:-2698,VEL:270.5,MOT:1,TILT:25.0,TRIM:-6.000,ATE:1,LATCH:0,TORQ:1,CR:0.0,FX1:1.00,FY1:-151.10,FX2:-6.00,FY2:-149.60,IK1:1,IK2:1,MOVE:0
[2026-09-08 18:01:39.214] [RX] PITCH:-7.74,PID_OUT:77.44,INT:0.0000,EL:-3736,ER:-2754,VEL:582.3,MOT:1,TILT:25.0,TRIM:-6.000,ATE:1,LATCH:0,TORQ:1,CR:0.0,FX1:1.00,FY1:-151.10,FX2:-6.00,FY2:-149.60,IK1:1,IK2:1,MOVE:0
[2026-09-08 18:01:39.231] [RX] AX12:MODE:0,TQ:1,TL:1023,CM:1,CS:4,MS:0,MT:800
[2026-09-08 18:01:39.322] [RX] PITCH:-4.93,PID_OUT:-47.68,INT:0.0000,EL:-3670,ER:-2809,VEL:576.5,MOT:1,TILT:25.0,TRIM:-6.000,ATE:1,LATCH:0,TORQ:1,CR:0.0,FX1:1.00,FY1:-151.10,FX2:-6.00,FY2:-149.60,IK1:1,IK2:1,MOVE:0
[2026-09-08 18:01:39.322] [RX] SRV:6,37,7.0,0,0
[2026-09-08 18:01:39.413] [RX] PITCH:-0.95,PID_OUT:-225.42,INT:0.0000,EL:-3634,ER:-2843,VEL:340.4,MOT:1,TILT:25.0,TRIM:-6.000,ATE:1,LATCH:0,TORQ:1,CR:0.0,FX1:1.00,FY1:-151.10,FX2:-6.00,FY2:-149.60,IK1:1,IK2:1,MOVE:0
[2026-09-08 18:01:39.516] [RX] PITCH:-5.73,PID_OUT:88.02,INT:0.0000,EL:-3640,ER:-2832,VEL:57.5,MOT:1,TILT:25.0,TRIM:-3.756,ATE:1,LATCH:0,TORQ:1,CR:0.0,FX1:1.00,FY1:-151.10,FX2:-6.00,FY2:-149.60,IK1:1,IK2:1,MOVE:0
[2026-09-08 18:01:39.609] [RX] PITCH:2.88,PID_OUT:139.16,INT:0.0000,EL:-3647,ER:-2833,VEL:-75.8,MOT:1,TILT:25.0,TRIM:6.000,ATE:1,LATCH:0,TORQ:1,CR:0.0,FX1:1.00,FY1:-151.10,FX2:-6.00,FY2:-149.60,IK1:1,IK2:1,MOVE:0
[2026-09-08 18:01:39.719] [RX] PITCH:7.87,PID_OUT:-215.09,INT:0.0000,EL:-3650,ER:-2833,VEL:-32.1,MOT:1,TILT:25.0,TRIM:3.049,ATE:1,LATCH:0,TORQ:1,CR:0.0,FX1:1.00,FY1:-151.10,FX2:-6.00,FY2:-149.60,IK1:1,IK2:1,MOVE:0
[2026-09-08 18:01:39.729] [RX] AX12:MODE:0,TQ:1,TL:1023,CM:1,CS:4,MS:0,MT:800
[2026-09-08 18:01:39.813] [RX] PITCH:10.74,PID_OUT:-211.51,INT:0.0000,EL:-3678,ER:-2810,VEL:-238.6,MOT:1,TILT:25.0,TRIM:6.000,ATE:1,LATCH:0,TORQ:1,CR:0.0,FX1:1.00,FY1:-151.10,FX2:-6.00,FY2:-149.60,IK1:1,IK2:1,MOVE:0
[2026-09-08 18:01:39.918] [RX] PITCH:7.13,PID_OUT:-50.56,INT:0.0000,EL:-3733,ER:-2764,VEL:-462.5,MOT:1,TILT:25.0,TRIM:6.000,ATE:1,LATCH:0,TORQ:1,CR:0.0,FX1:1.00,FY1:-151.10,FX2:-6.00,FY2:-149.60,IK1:1,IK2:1,MOVE:0
[2026-09-08 18:01:40.010] [RX] PITCH:3.15,PID_OUT:127.02,INT:0.0000,EL:-3781,ER:-2731,VEL:-388.1,MOT:1,TILT:25.0,TRIM:6.000,ATE:1,LATCH:0,TORQ:1,CR:0.0,FX1:1.00,FY1:-151.10,FX2:-6.00,FY2:-149.60,IK1:1,IK2:1,MOVE:0
[2026-09-08 18:01:40.115] [RX] PITCH:4.92,PID_OUT:-110.80,INT:0.0000,EL:-3796,ER:-2744,VEL:-21.6,MOT:1,TILT:25.0,TRIM:2.431,ATE:1,LATCH:0,TORQ:1,CR:0.0,FX1:1.00,FY1:-151.10,FX2:-6.00,FY2:-149.60,IK1:1,IK2:1,MOVE:0
[2026-09-08 18:01:40.222] [RX] PITCH:5.50,PID_OUT:-16.23,INT:0.0000,EL:-3809,ER:-2743,VEL:-57.1,MOT:1,TILT:25.0,TRIM:5.132,ATE:1,LATCH:0,TORQ:1,CR:0.0,FX1:1.00,FY1:-151.10,FX2:-6.00,FY2:-149.60,IK1:1,IK2:1,MOVE:0
[2026-09-08 18:01:40.222] [RX] AX12:MODE:0,TQ:1,TL:1023,CM:1,CS:4,MS:0,MT:800
[2026-09-08 18:01:40.315] [RX] PITCH:5.23,PID_OUT:-65.34,INT:0.0000,EL:-3821,ER:-2749,VEL:-39.1,MOT:1,TILT:25.0,TRIM:3.769,ATE:1,LATCH:0,TORQ:1,CR:0.0,FX1:1.00,FY1:-151.10,FX2:-6.00,FY2:-149.60,IK1:1,IK2:1,MOVE:0
[2026-09-08 18:01:40.319] [RX] SRV:0,35,0.8,0,0
[2026-09-08 18:01:40.415] [RX] PITCH:4.28,PID_OUT:-20.09,INT:0.0000,EL:-3831,ER:-2750,VEL:-39.8,MOT:1,TILT:25.0,TRIM:3.829,ATE:1,LATCH:0,TORQ:1,CR:0.0,FX1:1.00,FY1:-151.10,FX2:-6.00,FY2:-149.60,IK1:1,IK2:1,MOVE:0
[2026-09-08 18:01:40.516] [RX] PITCH:3.59,PID_OUT:-62.72,INT:0.0000,EL:-3836,ER:-2750,VEL:-18.1,MOT:1,TILT:25.0,TRIM:2.189,ATE:1,LATCH:0,TORQ:1,CR:0.0,FX1:1.00,FY1:-151.10,FX2:-6.00,FY2:-149.60,IK1:1,IK2:1,MOVE:0
[2026-09-08 18:01:40.613] [RX] PITCH:2.70,PID_OUT:50.52,INT:0.0000,EL:-3850,ER:-2755,VEL:-39.7,MOT:1,TILT:25.0,TRIM:3.833,ATE:1,LATCH:0,TORQ:1,CR:0.0,FX1:1.00,FY1:-151.10,FX2:-6.00,FY2:-149.60,IK1:1,IK2:1,MOVE:0
[2026-09-08 18:01:40.715] [RX] PITCH:1.69,PID_OUT:-12.52,INT:0.0000,EL:-3850,ER:-2755,VEL:-7.8,MOT:1,TILT:25.0,TRIM:1.414,ATE:1,LATCH:0,TORQ:1,CR:0.0,FX1:1.00,FY1:-151.10,FX2:-6.00,FY2:-149.60,IK1:1,IK2:1,MOVE:0
[2026-09-08 18:01:40.727] [RX] AX12:MODE:0,TQ:1,TL:1023,CM:1,CS:4,MS:0,MT:800
[2026-09-08 18:01:40.806] [RX] PITCH:0.39,PID_OUT:24.66,INT:0.0000,EL:-3850,ER:-2755,VEL:-1.5,MOT:1,TILT:25.0,TRIM:0.938,ATE:1,LATCH:0,TORQ:1,CR:0.0,FX1:1.00,FY1:-151.10,FX2:-6.00,FY2:-149.60,IK1:1,IK2:1,MOVE:0
[2026-09-08 18:01:40.913] [RX] PITCH:-2.04,PID_OUT:103.26,INT:0.0000,EL:-3849,ER:-2755,VEL:7.2,MOT:1,TILT:25.0,TRIM:0.274,ATE:1,LATCH:0,TORQ:1,CR:0.0,FX1:1.00,FY1:-151.10,FX2:-6.00,FY2:-149.60,IK1:1,IK2:1,MOVE:0
[2026-09-08 18:01:41.014] [RX] PITCH:-6.14,PID_OUT:241.44,INT:0.0000,EL:-3851,ER:-2764,VEL:20.3,MOT:1,TILT:25.0,TRIM:-0.723,ATE:1,LATCH:0,TORQ:1,CR:0.0,FX1:1.00,FY1:-151.10,FX2:-6.00,FY2:-149.60,IK1:1,IK2:1,MOVE:0
[2026-09-08 18:01:41.115] [RX] PITCH:-8.91,PID_OUT:129.69,INT:0.0000,EL:-3830,ER:-2789,VEL:185.7,MOT:1,TILT:25.0,TRIM:-6.000,ATE:1,LATCH:0,TORQ:1,CR:0.0,FX1:1.00,FY1:-151.10,FX2:-6.00,FY2:-149.60,IK1:1,IK2:1,MOVE:0
[2026-09-08 18:01:41.218] [RX] PITCH:-8.81,PID_OUT:125.39,INT:0.0000,EL:-3787,ER:-2828,VEL:422.5,MOT:1,TILT:25.0,TRIM:-6.000,ATE:1,LATCH:0,TORQ:1,CR:0.0,FX1:1.00,FY1:-151.10,FX2:-6.00,FY2:-149.60,IK1:1,IK2:1,MOVE:0
[2026-09-08 18:01:41.225] [RX] AX12:MODE:0,TQ:1,TL:1023,CM:1,CS:4,MS:0,MT:800
[2026-09-08 18:01:41.307] [RX] PITCH:0.15,PID_OUT:-274.46,INT:0.0000,EL:-3743,ER:-2879,VEL:416.4,MOT:1,TILT:25.0,TRIM:-6.000,ATE:1,LATCH:0,TORQ:1,CR:0.0,FX1:1.00,FY1:-151.10,FX2:-6.00,FY2:-149.60,IK1:1,IK2:1,MOVE:0
[2026-09-08 18:01:41.307] [RX] SRV:14,35,0.0,0,0
[2026-09-08 18:01:41.409] [RX] PITCH:-8.28,PID_OUT:486.90,INT:0.0000,EL:-3761,ER:-2864,VEL:-25.9,MOT:1,TILT:25.0,TRIM:2.636,ATE:1,LATCH:0,TORQ:1,CR:0.0,FX1:1.00,FY1:-151.10,FX2:-6.00,FY2:-149.60,IK1:1,IK2:1,MOVE:0
[2026-09-08 18:01:41.505] [RX] PITCH:-1.28,PID_OUT:-210.38,INT:0.0000,EL:-3731,ER:-2895,VEL:210.6,MOT:1,TILT:25.0,TRIM:-6.000,ATE:1,LATCH:0,TORQ:1,CR:0.0,FX1:1.00,FY1:-151.10,FX2:-6.00,FY2:-149.60,IK1:1,IK2:1,MOVE:0
[2026-09-08 18:01:41.609] [RX] PITCH:-4.93,PID_OUT:249.51,INT:0.0000,EL:-3741,ER:-2888,VEL:-0.3,MOT:1,TILT:25.0,TRIM:0.666,ATE:1,LATCH:0,TORQ:1,CR:0.0,FX1:1.00,FY1:-151.10,FX2:-6.00,FY2:-149.60,IK1:1,IK2:1,MOVE:0
[2026-09-08 18:01:41.712] [RX] PITCH:-1.48,PID_OUT:-142.10,INT:0.0000,EL:-3730,ER:-2906,VEL:69.6,MOT:1,TILT:25.0,TRIM:-4.669,ATE:1,LATCH:0,TORQ:1,CR:0.0,FX1:1.00,FY1:-151.10,FX2:-6.00,FY2:-149.60,IK1:1,IK2:1,MOVE:0
[2026-09-08 18:01:41.730] [RX] AX12:MODE:0,TQ:1,TL:1023,CM:1,CS:4,MS:0,MT:800
[2026-09-08 18:01:41.805] [RX] PITCH:-3.78,PID_OUT:-60.13,INT:0.0000,EL:-3730,ER:-2913,VEL:75.6,MOT:1,TILT:25.0,TRIM:-5.130,ATE:1,LATCH:0,TORQ:1,CR:0.0,FX1:1.00,FY1:-151.10,FX2:-6.00,FY2:-149.60,IK1:1,IK2:1,MOVE:0
[2026-09-08 18:01:41.903] [RX] PITCH:-2.24,PID_OUT:-33.72,INT:0.0000,EL:-3737,ER:-2926,VEL:47.5,MOT:1,TILT:25.0,TRIM:-2.998,ATE:1,LATCH:0,TORQ:1,CR:0.0,FX1:1.00,FY1:-151.10,FX2:-6.00,FY2:-149.60,IK1:1,IK2:1,MOVE:0
[2026-09-08 18:01:42.009] [RX] PITCH:-3.52,PID_OUT:124.84,INT:0.0000,EL:-3737,ER:-2928,VEL:17.5,MOT:1,TILT:25.0,TRIM:-0.719,ATE:1,LATCH:0,TORQ:1,CR:0.0,FX1:1.00,FY1:-151.10,FX2:-6.00,FY2:-149.60,IK1:1,IK2:1,MOVE:0
[2026-09-08 18:01:42.106] [RX] PITCH:-3.66,PID_OUT:-82.57,INT:0.0000,EL:-3733,ER:-2941,VEL:80.4,MOT:1,TILT:25.0,TRIM:-5.510,ATE:1,LATCH:0,TORQ:1,CR:0.0,FX1:1.00,FY1:-151.10,FX2:-6.00,FY2:-149.60,IK1:1,IK2:1,MOVE:0
[2026-09-08 18:01:42.218] [RX] PITCH:-5.20,PID_OUT:-35.81,INT:0.0000,EL:-3739,ER:-2962,VEL:99.5,MOT:1,TILT:25.0,TRIM:-6.000,ATE:1,LATCH:0,TORQ:1,CR:0.0,FX1:1.00,FY1:-151.10,FX2:-6.00,FY2:-149.60,IK1:1,IK2:1,MOVE:0
[2026-09-08 18:01:42.218] [RX] AX12:MODE:0,TQ:1,TL:1023,CM:1,CS:4,MS:0,MT:800
[2026-09-08 18:01:42.313] [RX] PITCH:-6.20,PID_OUT:9.09,INT:0.0000,EL:-3731,ER:-2977,VEL:157.4,MOT:1,TILT:25.0,TRIM:-6.000,ATE:1,LATCH:0,TORQ:1,CR:0.0,FX1:1.00,FY1:-151.10,FX2:-6.00,FY2:-149.60,IK1:1,IK2:1,MOVE:0
[2026-09-08 18:01:42.313] [RX] SRV:1,36,0.0,0,0
[2026-09-08 18:01:42.411] [RX] PITCH:-11.32,PID_OUT:237.09,INT:0.0000,EL:-3717,ER:-3001,VEL:179.2,MOT:1,TILT:25.0,TRIM:-6.000,ATE:1,LATCH:0,TORQ:1,CR:0.0,FX1:1.00,FY1:-151.10,FX2:-6.00,FY2:-149.60,IK1:1,IK2:1,MOVE:0
[2026-09-08 18:01:42.512] [RX] PITCH:-9.20,PID_OUT:142.70,INT:0.0000,EL:-3655,ER:-3054,VEL:563.9,MOT:1,TILT:25.0,TRIM:-6.000,ATE:1,LATCH:0,TORQ:1,CR:0.0,FX1:1.00,FY1:-151.10,FX2:-6.00,FY2:-149.60,IK1:1,IK2:1,MOVE:0
[2026-09-08 18:01:42.607] [RX] PITCH:0.01,PID_OUT:-268.09,INT:0.0000,EL:-3595,ER:-3119,VEL:553.4,MOT:1,TILT:25.0,TRIM:-6.000,ATE:1,LATCH:0,TORQ:1,CR:0.0,FX1:1.00,FY1:-151.10,FX2:-6.00,FY2:-149.60,IK1:1,IK2:1,MOVE:0
[2026-09-08 18:01:42.710] [RX] PITCH:-8.14,PID_OUT:205.93,INT:0.0000,EL:-3610,ER:-3116,VEL:51.3,MOT:1,TILT:25.0,TRIM:-3.521,ATE:1,LATCH:0,TORQ:1,CR:0.0,FX1:1.00,FY1:-151.10,FX2:-6.00,FY2:-149.60,IK1:1,IK2:1,MOVE:0
[2026-09-08 18:01:42.720] [RX] AX12:MODE:0,TQ:1,TL:1023,CM:1,CS:4,MS:0,MT:800
[2026-09-08 18:01:42.807] [RX] PITCH:-1.03,PID_OUT:-221.88,INT:0.0000,EL:-3597,ER:-3135,VEL:109.6,MOT:1,TILT:25.0,TRIM:-6.000,ATE:1,LATCH:0,TORQ:1,CR:0.0,FX1:1.00,FY1:-151.10,FX2:-6.00,FY2:-149.60,IK1:1,IK2:1,MOVE:0
[2026-09-08 18:01:42.910] [RX] PITCH:-2.19,PID_OUT:-23.26,INT:0.0000,EL:-3604,ER:-3135,VEL:40.3,MOT:1,TILT:25.0,TRIM:-2.711,ATE:1,LATCH:0,TORQ:1,CR:0.0,FX1:1.00,FY1:-151.10,FX2:-6.00,FY2:-149.60,IK1:1,IK2:1,MOVE:0
[2026-09-08 18:01:43.006] [RX] PITCH:1.19,PID_OUT:184.54,INT:0.0000,EL:-3613,ER:-3134,VEL:-65.5,MOT:1,TILT:25.0,TRIM:5.330,ATE:1,LATCH:0,TORQ:1,CR:0.0,FX1:1.00,FY1:-151.10,FX2:-6.00,FY2:-149.60,IK1:1,IK2:1,MOVE:0
[2026-09-08 18:01:43.101] [RX] PITCH:3.39,PID_OUT:-112.98,INT:0.0000,EL:-3622,ER:-3144,VEL:-6.6,MOT:1,TILT:25.0,TRIM:0.858,ATE:1,LATCH:0,TORQ:1,CR:0.0,FX1:1.00,FY1:-151.10,FX2:-6.00,FY2:-149.60,IK1:1,IK2:1,MOVE:0
[2026-09-08 18:01:43.216] [RX] PITCH:5.91,PID_OUT:-123.11,INT:0.0000,EL:-3631,ER:-3143,VEL:-36.7,MOT:1,TILT:25.0,TRIM:3.151,ATE:1,LATCH:0,TORQ:1,CR:0.0,FX1:1.00,FY1:-151.10,FX2:-6.00,FY2:-149.60,IK1:1,IK2:1,MOVE:0
[2026-09-08 18:01:43.216] [RX] AX12:MODE:0,TQ:1,TL:1023,CM:1,CS:4,MS:0,MT:800
[2026-09-08 18:01:43.312] [RX] PITCH:10.24,PID_OUT:-189.25,INT:0.0000,EL:-3723,ER:-3143,VEL:-354.5,MOT:1,TILT:25.0,TRIM:6.000,ATE:1,LATCH:0,TORQ:1,CR:0.0,FX1:1.00,FY1:-151.10,FX2:-6.00,FY2:-149.60,IK1:1,IK2:1,MOVE:0
[2026-09-08 18:01:43.313] [RX] SRV:6,37,0.0,0,0
[2026-09-08 18:01:43.404] [RX] PITCH:13.55,PID_OUT:-336.57,INT:0.0000,EL:-3768,ER:-3109,VEL:-465.1,MOT:1,TILT:25.0,TRIM:6.000,ATE:1,LATCH:0,TORQ:1,CR:0.0,FX1:1.00,FY1:-151.10,FX2:-6.00,FY2:-149.60,IK1:1,IK2:1,MOVE:0
[2026-09-08 18:01:43.498] [RX] PITCH:7.93,PID_OUT:-86.11,INT:0.0000,EL:-3857,ER:-3030,VEL:-785.4,MOT:1,TILT:25.0,TRIM:6.000,ATE:1,LATCH:0,TORQ:1,CR:0.0,FX1:1.00,FY1:-151.10,FX2:-6.00,FY2:-149.60,IK1:1,IK2:1,MOVE:0
[2026-09-08 18:01:43.602] [RX] PITCH:12.91,PID_OUT:-308.40,INT:0.0000,EL:-3910,ER:-2983,VEL:-462.4,MOT:1,TILT:25.0,TRIM:6.000,ATE:1,LATCH:0,TORQ:1,CR:0.0,FX1:1.00,FY1:-151.10,FX2:-6.00,FY2:-149.60,IK1:1,IK2:1,MOVE:0
[2026-09-08 18:01:43.629] [RX] SAFETY:CUTOFF
--------------------------------------------------------------------------------
[2026-09-08 18:01:43.629] [SYS] Session Stopped: SAFETY CUTOFF
Total Duration: 61.86s | Total Lines Captured: 838
================================================================================
