================================================================================
SERIAL MONITOR BACKUP LOG
Port: COM13 | Baud: 115200
Session Started: 2026-09-08 13:35:26
Trigger Reason: Motors ENABLED
Last IMU Calibration: Offset: -1.2910° (calibrated at 2026-09-08 13:34:49)
Active FW Parameters: pitchOffset=-1.291
================================================================================
[Timestamp]                [Dir]  Payload
--------------------------------------------------------------------------------
[2026-09-08 13:35:26.081] [RX] Motors ENABLED
[2026-09-08 13:35:26.169] [RX] PITCH:-0.38,PID_OUT:45.83,INT:0.0295,EL:0,ER:0,VEL:0.0,MOT:1,TILT:25.0,TRIM:0.000,ATE:1,LATCH:0,TORQ:1,CR:0.0,FX1:1.00,FY1:-151.10,FX2:-6.00,FY2:-149.60,IK1:1,IK2:1,MOVE:0
[2026-09-08 13:35:26.270] [RX] PITCH:-0.53,PID_OUT:83.87,INT:0.0720,EL:0,ER:-2,VEL:15.0,MOT:1,TILT:25.0,TRIM:-0.045,ATE:1,LATCH:0,TORQ:1,CR:0.0,FX1:1.00,FY1:-151.10,FX2:-6.00,FY2:-149.60,IK1:1,IK2:1,MOVE:0
[2026-09-08 13:35:26.370] [RX] PITCH:-0.28,PID_OUT:40.31,INT:0.0985,EL:3,ER:-19,VEL:75.7,MOT:1,TILT:25.0,TRIM:-0.237,ATE:1,LATCH:0,TORQ:1,CR:0.0,FX1:1.00,FY1:-151.10,FX2:-6.00,FY2:-149.60,IK1:1,IK2:1,MOVE:0
[2026-09-08 13:35:26.477] [RX] PITCH:-0.17,PID_OUT:33.73,INT:0.0852,EL:3,ER:-39,VEL:88.2,MOT:1,TILT:25.0,TRIM:-0.289,ATE:1,LATCH:0,TORQ:1,CR:0.0,FX1:1.00,FY1:-151.10,FX2:-6.00,FY2:-149.60,IK1:1,IK2:1,MOVE:0
[2026-09-08 13:35:26.482] [RX] AX12:MODE:0,TQ:1,TL:1023,CM:1,CS:4,MS:0,MT:800
[2026-09-08 13:35:26.571] [RX] PITCH:-0.37,PID_OUT:46.86,INT:0.0802,EL:3,ER:-61,VEL:102.7,MOT:1,TILT:25.0,TRIM:-0.347,ATE:1,LATCH:0,TORQ:1,CR:0.0,FX1:1.00,FY1:-151.10,FX2:-6.00,FY2:-149.60,IK1:1,IK2:1,MOVE:0
[2026-09-08 13:35:26.672] [RX] PITCH:-0.54,PID_OUT:74.39,INT:0.0985,EL:3,ER:-61,VEL:20.2,MOT:1,TILT:25.0,TRIM:-0.107,ATE:1,LATCH:0,TORQ:1,CR:0.0,FX1:1.00,FY1:-151.10,FX2:-6.00,FY2:-149.60,IK1:1,IK2:1,MOVE:0
[2026-09-08 13:35:26.774] [RX] PITCH:-0.15,PID_OUT:23.52,INT:0.0955,EL:3,ER:-78,VEL:61.8,MOT:1,TILT:25.0,TRIM:-0.241,ATE:1,LATCH:0,TORQ:1,CR:0.0,FX1:1.00,FY1:-151.10,FX2:-6.00,FY2:-149.60,IK1:1,IK2:1,MOVE:0
[2026-09-08 13:35:26.870] [RX] PITCH:0.57,PID_OUT:-55.02,INT:0.0634,EL:3,ER:-78,VEL:12.2,MOT:1,TILT:25.0,TRIM:-0.096,ATE:1,LATCH:0,TORQ:1,CR:0.0,FX1:1.00,FY1:-151.10,FX2:-6.00,FY2:-149.60,IK1:1,IK2:1,MOVE:0
[2026-09-08 13:35:26.979] [RX] PITCH:1.32,PID_OUT:-83.03,INT:-0.0400,EL:-18,ER:-73,VEL:-112.2,MOT:1,TILT:25.0,TRIM:0.286,ATE:1,LATCH:0,TORQ:1,CR:0.0,FX1:1.00,FY1:-151.10,FX2:-6.00,FY2:-149.60,IK1:1,IK2:1,MOVE:0
[2026-09-08 13:35:26.980] [RX] AX12:MODE:0,TQ:1,TL:1023,CM:1,CS:4,MS:0,MT:800
[2026-09-08 13:35:27.074] [RX] PITCH:0.53,PID_OUT:-42.20,INT:-0.0874,EL:-50,ER:-67,VEL:-175.7,MOT:1,TILT:25.0,TRIM:0.499,ATE:1,LATCH:0,TORQ:1,CR:0.0,FX1:1.00,FY1:-151.10,FX2:-6.00,FY2:-149.60,IK1:1,IK2:1,MOVE:0
[2026-09-08 13:35:27.074] [RX] SRV:1,36,0.0,0,0
[2026-09-08 13:35:27.168] [RX] PITCH:0.17,PID_OUT:-22.01,INT:-0.0692,EL:-79,ER:-65,VEL:-158.8,MOT:1,TILT:25.0,TRIM:0.473,ATE:1,LATCH:0,TORQ:1,CR:0.0,FX1:1.00,FY1:-151.10,FX2:-6.00,FY2:-149.60,IK1:1,IK2:1,MOVE:0
[2026-09-08 13:35:27.270] [RX] PITCH:0.33,PID_OUT:-27.15,INT:-0.0471,EL:-108,ER:-65,VEL:-151.4,MOT:1,TILT:25.0,TRIM:0.474,ATE:1,LATCH:0,TORQ:1,CR:0.0,FX1:1.00,FY1:-151.10,FX2:-6.00,FY2:-149.60,IK1:1,IK2:1,MOVE:0
[2026-09-08 13:35:27.373] [RX] PITCH:0.53,PID_OUT:-25.69,INT:-0.0494,EL:-138,ER:-65,VEL:-176.3,MOT:1,TILT:25.0,TRIM:0.569,ATE:1,LATCH:0,TORQ:1,CR:0.0,FX1:1.00,FY1:-151.10,FX2:-6.00,FY2:-149.60,IK1:1,IK2:1,MOVE:0
[2026-09-08 13:35:27.477] [RX] PITCH:0.37,PID_OUT:-51.12,INT:-0.0623,EL:-140,ER:-65,VEL:-38.2,MOT:1,TILT:25.0,TRIM:0.168,ATE:1,LATCH:0,TORQ:1,CR:0.0,FX1:1.00,FY1:-151.10,FX2:-6.00,FY2:-149.60,IK1:1,IK2:1,MOVE:0
[2026-09-08 13:35:27.478] [RX] AX12:MODE:0,TQ:1,TL:1023,CM:1,CS:4,MS:0,MT:800
[2026-09-08 13:35:27.573] [RX] PITCH:-0.07,PID_OUT:-11.32,INT:-0.0675,EL:-140,ER:-64,VEL:-10.3,MOT:1,TILT:25.0,TRIM:0.087,ATE:1,LATCH:0,TORQ:1,CR:0.0,FX1:1.00,FY1:-151.10,FX2:-6.00,FY2:-149.60,IK1:1,IK2:1,MOVE:0
[2026-09-08 13:35:27.669] [RX] PITCH:-1.13,PID_OUT:106.67,INT:0.0014,EL:-140,ER:-69,VEL:35.5,MOT:1,TILT:25.0,TRIM:-0.050,ATE:1,LATCH:0,TORQ:1,CR:0.0,FX1:1.00,FY1:-151.10,FX2:-6.00,FY2:-149.60,IK1:1,IK2:1,MOVE:0
[2026-09-08 13:35:27.769] [RX] PITCH:-0.74,PID_OUT:43.34,INT:0.0985,EL:-132,ER:-90,VEL:128.0,MOT:1,TILT:25.0,TRIM:-0.342,ATE:1,LATCH:0,TORQ:1,CR:0.0,FX1:1.00,FY1:-151.10,FX2:-6.00,FY2:-149.60,IK1:1,IK2:1,MOVE:0
[2026-09-08 13:35:27.869] [RX] PITCH:-0.18,PID_OUT:21.34,INT:0.0891,EL:-127,ER:-112,VEL:129.4,MOT:1,TILT:25.0,TRIM:-0.366,ATE:1,LATCH:0,TORQ:1,CR:0.0,FX1:1.00,FY1:-151.10,FX2:-6.00,FY2:-149.60,IK1:1,IK2:1,MOVE:0
[2026-09-08 13:35:27.970] [RX] PITCH:-0.16,PID_OUT:20.41,INT:0.0839,EL:-127,ER:-127,VEL:85.3,MOT:1,TILT:25.0,TRIM:-0.249,ATE:1,LATCH:0,TORQ:1,CR:0.0,FX1:1.00,FY1:-151.10,FX2:-6.00,FY2:-149.60,IK1:1,IK2:1,MOVE:0
[2026-09-08 13:35:27.978] [RX] AX12:MODE:0,TQ:1,TL:1023,CM:1,CS:4,MS:0,MT:800
[2026-09-08 13:35:28.068] [RX] PITCH:0.46,PID_OUT:-46.30,INT:0.0421,EL:-127,ER:-138,VEL:36.2,MOT:1,TILT:25.0,TRIM:-0.114,ATE:1,LATCH:0,TORQ:1,CR:0.0,FX1:1.00,FY1:-151.10,FX2:-6.00,FY2:-149.60,IK1:1,IK2:1,MOVE:0
[2026-09-08 13:35:28.071] [RX] SRV:6,38,5.5,0,0
[2026-09-08 13:35:28.168] [RX] PITCH:1.21,PID_OUT:-96.45,INT:-0.0233,EL:-154,ER:-138,VEL:-83.5,MOT:1,TILT:25.0,TRIM:0.255,ATE:1,LATCH:0,TORQ:1,CR:0.0,FX1:1.00,FY1:-151.10,FX2:-6.00,FY2:-149.60,IK1:1,IK2:1,MOVE:0
[2026-09-08 13:35:28.267] [RX] PITCH:0.76,PID_OUT:-56.07,INT:-0.0843,EL:-183,ER:-134,VEL:-140.8,MOT:1,TILT:25.0,TRIM:0.447,ATE:1,LATCH:0,TORQ:1,CR:0.0,FX1:1.00,FY1:-151.10,FX2:-6.00,FY2:-149.60,IK1:1,IK2:1,MOVE:0
[2026-09-08 13:35:28.367] [RX] PITCH:0.31,PID_OUT:-38.33,INT:-0.0805,EL:-208,ER:-130,VEL:-141.9,MOT:1,TILT:25.0,TRIM:0.472,ATE:1,LATCH:0,TORQ:1,CR:0.0,FX1:1.00,FY1:-151.10,FX2:-6.00,FY2:-149.60,IK1:1,IK2:1,MOVE:0
[2026-09-08 13:35:28.467] [RX] PITCH:0.28,PID_OUT:-29.14,INT:-0.0601,EL:-232,ER:-130,VEL:-114.4,MOT:1,TILT:25.0,TRIM:0.410,ATE:1,LATCH:0,TORQ:1,CR:0.0,FX1:1.00,FY1:-151.10,FX2:-6.00,FY2:-149.60,IK1:1,IK2:1,MOVE:0
[2026-09-08 13:35:28.475] [RX] AX12:MODE:0,TQ:1,TL:1023,CM:1,CS:4,MS:0,MT:800
[2026-09-08 13:35:28.567] [RX] PITCH:0.33,PID_OUT:-31.39,INT:-0.0448,EL:-254,ER:-130,VEL:-90.2,MOT:1,TILT:25.0,TRIM:0.356,ATE:1,LATCH:0,TORQ:1,CR:0.0,FX1:1.00,FY1:-151.10,FX2:-6.00,FY2:-149.60,IK1:1,IK2:1,MOVE:0
[2026-09-08 13:35:28.666] [RX] PITCH:0.25,PID_OUT:-21.07,INT:-0.0293,EL:-278,ER:-130,VEL:-67.2,MOT:1,TILT:25.0,TRIM:0.307,ATE:1,LATCH:0,TORQ:1,CR:0.0,FX1:1.00,FY1:-151.10,FX2:-6.00,FY2:-149.60,IK1:1,IK2:1,MOVE:0
[2026-09-08 13:35:28.767] [RX] PITCH:-0.26,PID_OUT:-1.37,INT:0.0002,EL:-278,ER:-130,VEL:-13.2,MOT:1,TILT:25.0,TRIM:0.150,ATE:1,LATCH:0,TORQ:1,CR:0.0,FX1:1.00,FY1:-151.10,FX2:-6.00,FY2:-149.60,IK1:1,IK2:1,MOVE:0
[2026-09-08 13:35:28.865] [RX] PITCH:0.32,PID_OUT:-66.80,INT:0.0170,EL:-278,ER:-130,VEL:-2.6,MOT:1,TILT:25.0,TRIM:0.119,ATE:1,LATCH:0,TORQ:1,CR:0.0,FX1:1.00,FY1:-151.10,FX2:-6.00,FY2:-149.60,IK1:1,IK2:1,MOVE:0
[2026-09-08 13:35:28.973] [RX] PITCH:1.42,PID_OUT:-133.63,INT:-0.0521,EL:-302,ER:-128,VEL:-105.2,MOT:1,TILT:25.0,TRIM:0.437,ATE:1,LATCH:0,TORQ:1,CR:0.0,FX1:1.00,FY1:-151.10,FX2:-6.00,FY2:-149.60,IK1:1,IK2:1,MOVE:0
[2026-09-08 13:35:28.979] [RX] AX12:MODE:0,TQ:1,TL:1023,CM:1,CS:4,MS:0,MT:800
[2026-09-08 13:35:29.067] [RX] PITCH:0.87,PID_OUT:-48.88,INT:-0.0985,EL:-338,ER:-119,VEL:-202.1,MOT:1,TILT:25.0,TRIM:0.753,ATE:1,LATCH:0,TORQ:1,CR:0.0,FX1:1.00,FY1:-151.10,FX2:-6.00,FY2:-149.60,IK1:1,IK2:1,MOVE:0
[2026-09-08 13:35:29.069] [RX] SRV:0,35,0.0,0,0
[2026-09-08 13:35:29.163] [RX] PITCH:0.82,PID_OUT:-59.82,INT:-0.0895,EL:-372,ER:-110,VEL:-214.7,MOT:1,TILT:25.0,TRIM:0.822,ATE:1,LATCH:0,TORQ:1,CR:0.0,FX1:1.00,FY1:-151.10,FX2:-6.00,FY2:-149.60,IK1:1,IK2:1,MOVE:0
[2026-09-08 13:35:29.265] [RX] PITCH:0.81,PID_OUT:-42.41,INT:-0.0983,EL:-405,ER:-103,VEL:-206.1,MOT:1,TILT:25.0,TRIM:0.827,ATE:1,LATCH:0,TORQ:1,CR:0.0,FX1:1.00,FY1:-151.10,FX2:-6.00,FY2:-149.60,IK1:1,IK2:1,MOVE:0
[2026-09-08 13:35:29.362] [RX] PITCH:0.04,PID_OUT:0.65,INT:-0.0597,EL:-428,ER:-103,VEL:-114.8,MOT:1,TILT:25.0,TRIM:0.578,ATE:1,LATCH:0,TORQ:1,CR:0.0,FX1:1.00,FY1:-151.10,FX2:-6.00,FY2:-149.60,IK1:1,IK2:1,MOVE:0
[2026-09-08 13:35:29.465] [RX] PITCH:0.56,PID_OUT:-35.77,INT:-0.0257,EL:-456,ER:-104,VEL:-127.4,MOT:1,TILT:25.0,TRIM:0.635,ATE:1,LATCH:0,TORQ:1,CR:0.0,FX1:1.00,FY1:-151.10,FX2:-6.00,FY2:-149.60,IK1:1,IK2:1,MOVE:0
[2026-09-08 13:35:29.474] [RX] AX12:MODE:0,TQ:1,TL:1023,CM:1,CS:4,MS:0,MT:800
[2026-09-08 13:35:29.562] [RX] PITCH:1.17,PID_OUT:-78.80,INT:-0.0507,EL:-483,ER:-104,VEL:-123.3,MOT:1,TILT:25.0,TRIM:0.644,ATE:1,LATCH:0,TORQ:1,CR:0.0,FX1:1.00,FY1:-151.10,FX2:-6.00,FY2:-149.60,IK1:1,IK2:1,MOVE:0
[2026-09-08 13:35:29.662] [RX] PITCH:0.68,PID_OUT:-15.61,INT:-0.0840,EL:-511,ER:-100,VEL:-163.3,MOT:1,TILT:25.0,TRIM:0.784,ATE:1,LATCH:0,TORQ:1,CR:0.0,FX1:1.00,FY1:-151.10,FX2:-6.00,FY2:-149.60,IK1:1,IK2:1,MOVE:0
[2026-09-08 13:35:29.764] [RX] PITCH:0.06,PID_OUT:9.29,INT:-0.0448,EL:-525,ER:-100,VEL:-75.5,MOT:1,TILT:25.0,TRIM:0.539,ATE:1,LATCH:0,TORQ:1,CR:0.0,FX1:1.00,FY1:-151.10,FX2:-6.00,FY2:-149.60,IK1:1,IK2:1,MOVE:0
[2026-09-08 13:35:29.862] [RX] PITCH:-0.12,PID_OUT:45.94,INT:0.0044,EL:-529,ER:-100,VEL:-25.4,MOT:1,TILT:25.0,TRIM:0.396,ATE:1,LATCH:0,TORQ:1,CR:0.0,FX1:1.00,FY1:-151.10,FX2:-6.00,FY2:-149.60,IK1:1,IK2:1,MOVE:0
[2026-09-08 13:35:29.967] [RX] PITCH:-0.33,PID_OUT:93.06,INT:0.0584,EL:-529,ER:-105,VEL:19.7,MOT:1,TILT:25.0,TRIM:0.261,ATE:1,LATCH:0,TORQ:1,CR:0.0,FX1:1.00,FY1:-151.10,FX2:-6.00,FY2:-149.60,IK1:1,IK2:1,MOVE:0
[2026-09-08 13:35:29.973] [RX] AX12:MODE:0,TQ:1,TL:1023,CM:1,CS:4,MS:0,MT:800
[2026-09-08 13:35:30.064] [RX] PITCH:-0.45,PID_OUT:87.21,INT:0.0985,EL:-525,ER:-118,VEL:78.4,MOT:1,TILT:25.0,TRIM:0.077,ATE:1,LATCH:0,TORQ:1,CR:0.0,FX1:1.00,FY1:-151.10,FX2:-6.00,FY2:-149.60,IK1:1,IK2:1,MOVE:0
[2026-09-08 13:35:30.065] [RX] SRV:14,39,6.3,0,0
[2026-09-08 13:35:30.161] [RX] PITCH:-0.65,PID_OUT:87.41,INT:0.0985,EL:-518,ER:-139,VEL:118.7,MOT:1,TILT:25.0,TRIM:-0.062,ATE:1,LATCH:0,TORQ:1,CR:0.0,FX1:1.00,FY1:-151.10,FX2:-6.00,FY2:-149.60,IK1:1,IK2:1,MOVE:0
[2026-09-08 13:35:30.260] [RX] PITCH:-0.58,PID_OUT:56.54,INT:0.0985,EL:-510,ER:-162,VEL:142.8,MOT:1,TILT:25.0,TRIM:-0.155,ATE:1,LATCH:0,TORQ:1,CR:0.0,FX1:1.00,FY1:-151.10,FX2:-6.00,FY2:-149.60,IK1:1,IK2:1,MOVE:0
[2026-09-08 13:35:30.362] [RX] PITCH:-0.17,PID_OUT:34.33,INT:0.0985,EL:-504,ER:-183,VEL:133.9,MOT:1,TILT:25.0,TRIM:-0.150,ATE:1,LATCH:0,TORQ:1,CR:0.0,FX1:1.00,FY1:-151.10,FX2:-6.00,FY2:-149.60,IK1:1,IK2:1,MOVE:0
[2026-09-08 13:35:30.461] [RX] PITCH:-0.01,PID_OUT:30.58,INT:0.0982,EL:-504,ER:-199,VEL:80.9,MOT:1,TILT:25.0,TRIM:-0.007,ATE:1,LATCH:0,TORQ:1,CR:0.0,FX1:1.00,FY1:-151.10,FX2:-6.00,FY2:-149.60,IK1:1,IK2:1,MOVE:0
[2026-09-08 13:35:30.470] [RX] AX12:MODE:0,TQ:1,TL:1023,CM:1,CS:4,MS:0,MT:800
[2026-09-08 13:35:30.562] [RX] PITCH:0.75,PID_OUT:-60.12,INT:0.0525,EL:-504,ER:-216,VEL:49.3,MOT:1,TILT:25.0,TRIM:0.072,ATE:1,LATCH:0,TORQ:1,CR:0.0,FX1:1.00,FY1:-151.10,FX2:-6.00,FY2:-149.60,IK1:1,IK2:1,MOVE:0
[2026-09-08 13:35:30.659] [RX] PITCH:1.52,PID_OUT:-86.44,INT:-0.0454,EL:-526,ER:-211,VEL:-110.1,MOT:1,TILT:25.0,TRIM:0.557,ATE:1,LATCH:0,TORQ:1,CR:0.0,FX1:1.00,FY1:-151.10,FX2:-6.00,FY2:-149.60,IK1:1,IK2:1,MOVE:0
[2026-09-08 13:35:30.759] [RX] PITCH:0.67,PID_OUT:-22.19,INT:-0.0819,EL:-559,ER:-203,VEL:-192.5,MOT:1,TILT:25.0,TRIM:0.828,ATE:1,LATCH:0,TORQ:1,CR:0.0,FX1:1.00,FY1:-151.10,FX2:-6.00,FY2:-149.60,IK1:1,IK2:1,MOVE:0
[2026-09-08 13:35:30.859] [RX] PITCH:0.52,PID_OUT:-40.33,INT:-0.0507,EL:-587,ER:-199,VEL:-160.1,MOT:1,TILT:25.0,TRIM:0.758,ATE:1,LATCH:0,TORQ:1,CR:0.0,FX1:1.00,FY1:-151.10,FX2:-6.00,FY2:-149.60,IK1:1,IK2:1,MOVE:0
[2026-09-08 13:35:30.965] [RX] PITCH:1.20,PID_OUT:-88.86,INT:-0.0682,EL:-614,ER:-196,VEL:-151.8,MOT:1,TILT:25.0,TRIM:0.756,ATE:1,LATCH:0,TORQ:1,CR:0.0,FX1:1.00,FY1:-151.10,FX2:-6.00,FY2:-149.60,IK1:1,IK2:1,MOVE:0
[2026-09-08 13:35:30.971] [RX] AX12:MODE:0,TQ:1,TL:1023,CM:1,CS:4,MS:0,MT:800
[2026-09-08 13:35:31.061] [RX] PITCH:0.88,PID_OUT:-50.51,INT:-0.0962,EL:-645,ER:-190,VEL:-187.9,MOT:1,TILT:25.0,TRIM:0.889,ATE:1,LATCH:0,TORQ:1,CR:0.0,FX1:1.00,FY1:-151.10,FX2:-6.00,FY2:-149.60,IK1:1,IK2:1,MOVE:0
[2026-09-08 13:35:31.064] [RX] SRV:1,36,0.0,0,0
[2026-09-08 13:35:31.161] [RX] PITCH:0.52,PID_OUT:-36.35,INT:-0.0718,EL:-674,ER:-184,VEL:-169.5,MOT:1,TILT:25.0,TRIM:0.861,ATE:1,LATCH:0,TORQ:1,CR:0.0,FX1:1.00,FY1:-151.10,FX2:-6.00,FY2:-149.60,IK1:1,IK2:1,MOVE:0
[2026-09-08 13:35:31.261] [RX] PITCH:1.02,PID_OUT:-72.79,INT:-0.0624,EL:-706,ER:-182,VEL:-168.9,MOT:1,TILT:25.0,TRIM:0.885,ATE:1,LATCH:0,TORQ:1,CR:0.0,FX1:1.00,FY1:-151.10,FX2:-6.00,FY2:-149.60,IK1:1,IK2:1,MOVE:0
[2026-09-08 13:35:31.356] [RX] PITCH:1.13,PID_OUT:-74.37,INT:-0.0934,EL:-731,ER:-177,VEL:-157.0,MOT:1,TILT:25.0,TRIM:0.873,ATE:1,LATCH:0,TORQ:1,CR:0.0,FX1:1.00,FY1:-151.10,FX2:-6.00,FY2:-149.60,IK1:1,IK2:1,MOVE:0
[2026-09-08 13:35:31.460] [RX] PITCH:0.69,PID_OUT:-34.95,INT:-0.0775,EL:-764,ER:-172,VEL:-181.4,MOT:1,TILT:25.0,TRIM:0.973,ATE:1,LATCH:0,TORQ:1,CR:0.0,FX1:1.00,FY1:-151.10,FX2:-6.00,FY2:-149.60,IK1:1,IK2:1,MOVE:0
[2026-09-08 13:35:31.468] [RX] AX12:MODE:0,TQ:1,TL:1023,CM:1,CS:4,MS:0,MT:800
[2026-09-08 13:35:31.556] [RX] PITCH:1.07,PID_OUT:-76.39,INT:-0.0673,EL:-793,ER:-170,VEL:-161.2,MOT:1,TILT:25.0,TRIM:0.937,ATE:1,LATCH:0,TORQ:1,CR:0.0,FX1:1.00,FY1:-151.10,FX2:-6.00,FY2:-149.60,IK1:1,IK2:1,MOVE:0
[2026-09-08 13:35:31.656] [RX] PITCH:1.27,PID_OUT:-85.19,INT:-0.0985,EL:-813,ER:-169,VEL:-124.9,MOT:1,TILT:25.0,TRIM:0.847,ATE:1,LATCH:0,TORQ:1,CR:0.0,FX1:1.00,FY1:-151.10,FX2:-6.00,FY2:-149.60,IK1:1,IK2:1,MOVE:0
[2026-09-08 13:35:31.759] [RX] PITCH:0.63,PID_OUT:-28.17,INT:-0.0959,EL:-832,ER:-169,VEL:-118.0,MOT:1,TILT:25.0,TRIM:0.841,ATE:1,LATCH:0,TORQ:1,CR:0.0,FX1:1.00,FY1:-151.10,FX2:-6.00,FY2:-149.60,IK1:1,IK2:1,MOVE:0
[2026-09-08 13:35:31.853] [RX] PITCH:-0.05,PID_OUT:39.09,INT:-0.0397,EL:-847,ER:-169,VEL:-72.9,MOT:1,TILT:25.0,TRIM:0.721,ATE:1,LATCH:0,TORQ:1,CR:0.0,FX1:1.00,FY1:-151.10,FX2:-6.00,FY2:-149.60,IK1:1,IK2:1,MOVE:0
[2026-09-08 13:35:31.967] [RX] PITCH:-0.10,PID_OUT:68.01,INT:0.0335,EL:-848,ER:-171,VEL:-6.5,MOT:1,TILT:25.0,TRIM:0.527,ATE:1,LATCH:0,TORQ:1,CR:0.0,FX1:1.00,FY1:-151.10,FX2:-6.00,FY2:-149.60,IK1:1,IK2:1,MOVE:0
[2026-09-08 13:35:31.967] [RX] AX12:MODE:0,TQ:1,TL:1023,CM:1,CS:4,MS:0,MT:800
[2026-09-08 13:35:32.060] [RX] PITCH:-0.14,PID_OUT:77.31,INT:0.0945,EL:-847,ER:-181,VEL:66.0,MOT:1,TILT:25.0,TRIM:0.307,ATE:1,LATCH:0,TORQ:1,CR:0.0,FX1:1.00,FY1:-151.10,FX2:-6.00,FY2:-149.60,IK1:1,IK2:1,MOVE:0
[2026-09-08 13:35:32.060] [RX] SRV:6,38,0.0,0,0
[2026-09-08 13:35:32.156] [RX] PITCH:0.05,PID_OUT:74.89,INT:0.0985,EL:-844,ER:-198,VEL:98.2,MOT:1,TILT:25.0,TRIM:0.198,ATE:1,LATCH:0,TORQ:1,CR:0.0,FX1:1.00,FY1:-151.10,FX2:-6.00,FY2:-149.60,IK1:1,IK2:1,MOVE:0
[2026-09-08 13:35:32.259] [RX] PITCH:-0.24,PID_OUT:94.84,INT:0.0985,EL:-842,ER:-212,VEL:86.9,MOT:1,TILT:25.0,TRIM:0.219,ATE:1,LATCH:0,TORQ:1,CR:0.0,FX1:1.00,FY1:-151.10,FX2:-6.00,FY2:-149.60,IK1:1,IK2:1,MOVE:0
[2026-09-08 13:35:32.355] [RX] PITCH:-0.13,PID_OUT:85.45,INT:0.0985,EL:-838,ER:-225,VEL:78.2,MOT:1,TILT:25.0,TRIM:0.232,ATE:1,LATCH:0,TORQ:1,CR:0.0,FX1:1.00,FY1:-151.10,FX2:-6.00,FY2:-149.60,IK1:1,IK2:1,MOVE:0
[2026-09-08 13:35:32.463] [RX] PITCH:-0.06,PID_OUT:87.36,INT:0.0985,EL:-834,ER:-242,VEL:94.9,MOT:1,TILT:25.0,TRIM:0.167,ATE:1,LATCH:0,TORQ:1,CR:0.0,FX1:1.00,FY1:-151.10,FX2:-6.00,FY2:-149.60,IK1:1,IK2:1,MOVE:0
[2026-09-08 13:35:32.468] [RX] AX12:MODE:0,TQ:1,TL:1023,CM:1,CS:4,MS:0,MT:800
[2026-09-08 13:35:32.555] [RX] PITCH:-0.43,PID_OUT:99.25,INT:0.0985,EL:-828,ER:-259,VEL:109.7,MOT:1,TILT:25.0,TRIM:0.107,ATE:1,LATCH:0,TORQ:1,CR:0.0,FX1:1.00,FY1:-151.10,FX2:-6.00,FY2:-149.60,IK1:1,IK2:1,MOVE:0
[2026-09-08 13:35:32.656] [RX] PITCH:-0.64,PID_OUT:71.67,INT:0.0985,EL:-817,ER:-282,VEL:160.9,MOT:1,TILT:25.0,TRIM:-0.068,ATE:1,LATCH:0,TORQ:1,CR:0.0,FX1:1.00,FY1:-151.10,FX2:-6.00,FY2:-149.60,IK1:1,IK2:1,MOVE:0
[2026-09-08 13:35:32.754] [RX] PITCH:-0.38,PID_OUT:38.96,INT:0.0985,EL:-806,ER:-308,VEL:180.4,MOT:1,TILT:25.0,TRIM:-0.152,ATE:1,LATCH:0,TORQ:1,CR:0.0,FX1:1.00,FY1:-151.10,FX2:-6.00,FY2:-149.60,IK1:1,IK2:1,MOVE:0
[2026-09-08 13:35:32.856] [RX] PITCH:-0.01,PID_OUT:33.34,INT:0.0970,EL:-798,ER:-328,VEL:146.1,MOT:1,TILT:25.0,TRIM:-0.073,ATE:1,LATCH:0,TORQ:1,CR:0.0,FX1:1.00,FY1:-151.10,FX2:-6.00,FY2:-149.60,IK1:1,IK2:1,MOVE:0
[2026-09-08 13:35:32.964] [RX] PITCH:-0.07,PID_OUT:46.92,INT:0.0967,EL:-795,ER:-345,VEL:94.1,MOT:1,TILT:25.0,TRIM:0.063,ATE:1,LATCH:0,TORQ:1,CR:0.0,FX1:1.00,FY1:-151.10,FX2:-6.00,FY2:-149.60,IK1:1,IK2:1,MOVE:0
[2026-09-08 13:35:32.964] [RX] AX12:MODE:0,TQ:1,TL:1023,CM:1,CS:4,MS:0,MT:800
[2026-09-08 13:35:33.054] [RX] PITCH:0.33,PID_OUT:3.58,INT:0.0909,EL:-795,ER:-360,VEL:67.4,MOT:1,TILT:25.0,TRIM:0.130,ATE:1,LATCH:0,TORQ:1,CR:0.0,FX1:1.00,FY1:-151.10,FX2:-6.00,FY2:-149.60,IK1:1,IK2:1,MOVE:0
[2026-09-08 13:35:33.056] [RX] SRV:0,35,0.0,0,0
[2026-09-08 13:35:33.153] [RX] PITCH:1.43,PID_OUT:-109.02,INT:0.0344,EL:-808,ER:-359,VEL:-65.8,MOT:1,TILT:25.0,TRIM:0.528,ATE:1,LATCH:0,TORQ:1,CR:0.0,FX1:1.00,FY1:-151.10,FX2:-6.00,FY2:-149.60,IK1:1,IK2:1,MOVE:0
[2026-09-08 13:35:33.254] [RX] PITCH:1.75,PID_OUT:-86.59,INT:-0.0803,EL:-842,ER:-351,VEL:-191.1,MOT:1,TILT:25.0,TRIM:0.925,ATE:1,LATCH:0,TORQ:1,CR:0.0,FX1:1.00,FY1:-151.10,FX2:-6.00,FY2:-149.60,IK1:1,IK2:1,MOVE:0
[2026-09-08 13:35:33.351] [RX] PITCH:0.76,PID_OUT:-40.34,INT:-0.0910,EL:-874,ER:-339,VEL:-212.5,MOT:1,TILT:25.0,TRIM:1.021,ATE:1,LATCH:0,TORQ:1,CR:0.0,FX1:1.00,FY1:-151.10,FX2:-6.00,FY2:-149.60,IK1:1,IK2:1,MOVE:0
[2026-09-08 13:35:33.463] [RX] PITCH:1.10,PID_OUT:-82.79,INT:-0.0783,EL:-906,ER:-330,VEL:-197.2,MOT:1,TILT:25.0,TRIM:1.007,ATE:1,LATCH:0,TORQ:1,CR:0.0,FX1:1.00,FY1:-151.10,FX2:-6.00,FY2:-149.60,IK1:1,IK2:1,MOVE:0
[2026-09-08 13:35:33.463] [RX] AX12:MODE:0,TQ:1,TL:1023,CM:1,CS:4,MS:0,MT:800
[2026-09-08 13:35:33.550] [RX] PITCH:1.51,PID_OUT:-64.43,INT:-0.0985,EL:-939,ER:-318,VEL:-222.2,MOT:1,TILT:25.0,TRIM:1.113,ATE:1,LATCH:0,TORQ:1,CR:0.0,FX1:1.00,FY1:-151.10,FX2:-6.00,FY2:-149.60,IK1:1,IK2:1,MOVE:0
[2026-09-08 13:35:33.652] [RX] PITCH:0.84,PID_OUT:-18.92,INT:-0.0857,EL:-975,ER:-305,VEL:-232.1,MOT:1,TILT:25.0,TRIM:1.179,ATE:1,LATCH:0,TORQ:1,CR:0.0,FX1:1.00,FY1:-151.10,FX2:-6.00,FY2:-149.60,IK1:1,IK2:1,MOVE:0
[2026-09-08 13:35:33.754] [RX] PITCH:0.97,PID_OUT:-40.94,INT:-0.0596,EL:-1003,ER:-299,VEL:-175.8,MOT:1,TILT:25.0,TRIM:1.040,ATE:1,LATCH:0,TORQ:1,CR:0.0,FX1:1.00,FY1:-151.10,FX2:-6.00,FY2:-149.60,IK1:1,IK2:1,MOVE:0
[2026-09-08 13:35:33.851] [RX] PITCH:1.37,PID_OUT:-75.66,INT:-0.0884,EL:-1029,ER:-295,VEL:-147.3,MOT:1,TILT:25.0,TRIM:0.980,ATE:1,LATCH:0,TORQ:1,CR:0.0,FX1:1.00,FY1:-151.10,FX2:-6.00,FY2:-149.60,IK1:1,IK2:1,MOVE:0
[2026-09-08 13:35:33.956] [RX] PITCH:0.63,PID_OUT:-1.75,INT:-0.0888,EL:-1055,ER:-294,VEL:-127.7,MOT:1,TILT:25.0,TRIM:0.943,ATE:1,LATCH:0,TORQ:1,CR:0.0,FX1:1.00,FY1:-151.10,FX2:-6.00,FY2:-149.60,IK1:1,IK2:1,MOVE:0
[2026-09-08 13:35:33.963] [RX] AX12:MODE:0,TQ:1,TL:1023,CM:1,CS:4,MS:0,MT:800
[2026-09-08 13:35:34.054] [RX] PITCH:-0.21,PID_OUT:69.52,INT:-0.0223,EL:-1059,ER:-298,VEL:-5.7,MOT:1,TILT:25.0,TRIM:0.587,ATE:1,LATCH:0,TORQ:1,CR:0.0,FX1:1.00,FY1:-151.10,FX2:-6.00,FY2:-149.60,IK1:1,IK2:1,MOVE:0
[2026-09-08 13:35:34.054] [RX] SRV:14,40,6.3,0,0
[2026-09-08 13:35:34.149] [RX] PITCH:-0.76,PID_OUT:112.98,INT:0.0776,EL:-1055,ER:-314,VEL:83.4,MOT:1,TILT:25.0,TRIM:0.313,ATE:1,LATCH:0,TORQ:1,CR:0.0,FX1:1.00,FY1:-151.10,FX2:-6.00,FY2:-149.60,IK1:1,IK2:1,MOVE:0
[2026-09-08 13:35:34.249] [RX] PITCH:-0.25,PID_OUT:52.12,INT:0.0985,EL:-1045,ER:-337,VEL:155.4,MOT:1,TILT:25.0,TRIM:0.078,ATE:1,LATCH:0,TORQ:1,CR:0.0,FX1:1.00,FY1:-151.10,FX2:-6.00,FY2:-149.60,IK1:1,IK2:1,MOVE:0
[2026-09-08 13:35:34.349] [RX] PITCH:-0.51,PID_OUT:81.84,INT:0.0985,EL:-1036,ER:-362,VEL:157.4,MOT:1,TILT:25.0,TRIM:0.047,ATE:1,LATCH:0,TORQ:1,CR:0.0,FX1:1.00,FY1:-151.10,FX2:-6.00,FY2:-149.60,IK1:1,IK2:1,MOVE:0
[2026-09-08 13:35:34.455] [RX] PITCH:-0.22,PID_OUT:37.84,INT:0.0985,EL:-1026,ER:-388,VEL:172.8,MOT:1,TILT:25.0,TRIM:-0.025,ATE:1,LATCH:0,TORQ:1,CR:0.0,FX1:1.00,FY1:-151.10,FX2:-6.00,FY2:-149.60,IK1:1,IK2:1,MOVE:0
[2026-09-08 13:35:34.460] [RX] AX12:MODE:0,TQ:1,TL:1023,CM:1,CS:4,MS:0,MT:800
[2026-09-08 13:35:34.549] [RX] PITCH:0.08,PID_OUT:47.68,INT:0.0958,EL:-1019,ER:-406,VEL:123.3,MOT:1,TILT:25.0,TRIM:0.100,ATE:1,LATCH:0,TORQ:1,CR:0.0,FX1:1.00,FY1:-151.10,FX2:-6.00,FY2:-149.60,IK1:1,IK2:1,MOVE:0
[2026-09-08 13:35:34.649] [RX] PITCH:-0.22,PID_OUT:85.13,INT:0.0985,EL:-1017,ER:-419,VEL:57.7,MOT:1,TILT:25.0,TRIM:0.280,ATE:1,LATCH:0,TORQ:1,CR:0.0,FX1:1.00,FY1:-151.10,FX2:-6.00,FY2:-149.60,IK1:1,IK2:1,MOVE:0
[2026-09-08 13:35:34.748] [RX] PITCH:0.26,PID_OUT:50.97,INT:0.0985,EL:-1015,ER:-419,VEL:19.2,MOT:1,TILT:25.0,TRIM:0.391,ATE:1,LATCH:0,TORQ:1,CR:0.0,FX1:1.00,FY1:-151.10,FX2:-6.00,FY2:-149.60,IK1:1,IK2:1,MOVE:0
[2026-09-08 13:35:34.851] [RX] PITCH:0.81,PID_OUT:-7.56,INT:0.0834,EL:-1015,ER:-419,VEL:3.8,MOT:1,TILT:25.0,TRIM:0.436,ATE:1,LATCH:0,TORQ:1,CR:0.0,FX1:1.00,FY1:-151.10,FX2:-6.00,FY2:-149.60,IK1:1,IK2:1,MOVE:0
[2026-09-08 13:35:34.961] [RX] PITCH:1.64,PID_OUT:-100.72,INT:0.0143,EL:-1024,ER:-417,VEL:-66.1,MOT:1,TILT:25.0,TRIM:0.648,ATE:1,LATCH:0,TORQ:1,CR:0.0,FX1:1.00,FY1:-151.10,FX2:-6.00,FY2:-149.60,IK1:1,IK2:1,MOVE:0
[2026-09-08 13:35:34.961] [RX] AX12:MODE:0,TQ:1,TL:1023,CM:1,CS:4,MS:0,MT:800
[2026-09-08 13:35:35.049] [RX] PITCH:1.38,PID_OUT:-77.83,INT:-0.0580,EL:-1050,ER:-412,VEL:-134.3,MOT:1,TILT:25.0,TRIM:0.870,ATE:1,LATCH:0,TORQ:1,CR:0.0,FX1:1.00,FY1:-151.10,FX2:-6.00,FY2:-149.60,IK1:1,IK2:1,MOVE:0
[2026-09-08 13:35:35.051] [RX] SRV:1,36,0.0,0,0
[2026-09-08 13:35:35.148] [RX] PITCH:1.11,PID_OUT:-55.62,INT:-0.0829,EL:-1080,ER:-404,VEL:-181.1,MOT:1,TILT:25.0,TRIM:1.035,ATE:1,LATCH:0,TORQ:1,CR:0.0,FX1:1.00,FY1:-151.10,FX2:-6.00,FY2:-149.60,IK1:1,IK2:1,MOVE:0
[2026-09-08 13:35:35.248] [RX] PITCH:1.29,PID_OUT:-80.70,INT:-0.0942,EL:-1107,ER:-396,VEL:-174.1,MOT:1,TILT:25.0,TRIM:1.041,ATE:1,LATCH:0,TORQ:1,CR:0.0,FX1:1.00,FY1:-151.10,FX2:-6.00,FY2:-149.60,IK1:1,IK2:1,MOVE:0
[2026-09-08 13:35:35.346] [RX] PITCH:0.82,PID_OUT:-26.63,INT:-0.0893,EL:-1135,ER:-387,VEL:-178.1,MOT:1,TILT:25.0,TRIM:1.080,ATE:1,LATCH:0,TORQ:1,CR:0.0,FX1:1.00,FY1:-151.10,FX2:-6.00,FY2:-149.60,IK1:1,IK2:1,MOVE:0
[2026-09-08 13:35:35.446] [RX] PITCH:0.91,PID_OUT:-24.73,INT:-0.0576,EL:-1170,ER:-382,VEL:-220.2,MOT:1,TILT:25.0,TRIM:1.233,ATE:1,LATCH:0,TORQ:1,CR:0.0,FX1:1.00,FY1:-151.10,FX2:-6.00,FY2:-149.60,IK1:1,IK2:1,MOVE:0
[2026-09-08 13:35:35.456] [RX] AX12:MODE:0,TQ:1,TL:1023,CM:1,CS:4,MS:0,MT:800
[2026-09-08 13:35:35.546] [RX] PITCH:1.37,PID_OUT:-74.79,INT:-0.0873,EL:-1177,ER:-380,VEL:-102.5,MOT:1,TILT:25.0,TRIM:0.897,ATE:1,LATCH:0,TORQ:1,CR:0.0,FX1:1.00,FY1:-151.10,FX2:-6.00,FY2:-149.60,IK1:1,IK2:1,MOVE:0
[2026-09-08 13:35:35.646] [RX] PITCH:0.65,PID_OUT:-8.52,INT:-0.0882,EL:-1203,ER:-379,VEL:-131.5,MOT:1,TILT:25.0,TRIM:1.001,ATE:1,LATCH:0,TORQ:1,CR:0.0,FX1:1.00,FY1:-151.10,FX2:-6.00,FY2:-149.60,IK1:1,IK2:1,MOVE:0
[2026-09-08 13:35:35.744] [RX] PITCH:-0.09,PID_OUT:16.94,INT:-0.0501,EL:-1212,ER:-415,VEL:109.3,MOT:1,TILT:25.0,TRIM:0.279,ATE:1,LATCH:0,TORQ:1,CR:0.0,FX1:1.00,FY1:-151.10,FX2:-6.00,FY2:-149.60,IK1:1,IK2:1,MOVE:0
[2026-09-08 13:35:35.846] [RX] PITCH:-0.99,PID_OUT:50.89,INT:-0.0346,EL:-1212,ER:-514,VEL:421.3,MOT:1,TILT:25.0,TRIM:-0.705,ATE:1,LATCH:0,TORQ:1,CR:0.0,FX1:1.00,FY1:-151.10,FX2:-6.00,FY2:-149.60,IK1:1,IK2:1,MOVE:0
[2026-09-08 13:35:35.951] [RX] PITCH:-1.86,PID_OUT:33.29,INT:0.0985,EL:-1201,ER:-544,VEL:257.8,MOT:1,TILT:25.0,TRIM:-0.259,ATE:1,LATCH:0,TORQ:1,CR:0.0,FX1:1.00,FY1:-151.10,FX2:-6.00,FY2:-149.60,IK1:1,IK2:1,MOVE:0
[2026-09-08 13:35:35.957] [RX] AX12:MODE:0,TQ:1,TL:1023,CM:1,CS:4,MS:0,MT:800
[2026-09-08 13:35:36.048] [RX] PITCH:0.92,PID_OUT:-49.69,INT:0.0742,EL:-1197,ER:-561,VEL:107.4,MOT:1,TILT:25.0,TRIM:0.164,ATE:1,LATCH:0,TORQ:1,CR:0.0,FX1:1.00,FY1:-151.10,FX2:-6.00,FY2:-149.60,IK1:1,IK2:1,MOVE:0
[2026-09-08 13:35:36.049] [RX] SRV:6,38,0.0,0,0
[2026-09-08 13:35:36.144] [RX] PITCH:-0.22,PID_OUT:78.25,INT:0.0484,EL:-1197,ER:-570,VEL:67.6,MOT:1,TILT:25.0,TRIM:0.273,ATE:1,LATCH:0,TORQ:1,CR:0.0,FX1:1.00,FY1:-151.10,FX2:-6.00,FY2:-149.60,IK1:1,IK2:1,MOVE:0
[2026-09-08 13:35:36.244] [RX] PITCH:-0.40,PID_OUT:53.00,INT:0.0985,EL:-1189,ER:-592,VEL:138.3,MOT:1,TILT:25.0,TRIM:0.045,ATE:1,LATCH:0,TORQ:1,CR:0.0,FX1:1.00,FY1:-151.10,FX2:-6.00,FY2:-149.60,IK1:1,IK2:1,MOVE:0
[2026-09-08 13:35:36.343] [RX] PITCH:0.25,PID_OUT:34.29,INT:0.0865,EL:-1182,ER:-612,VEL:135.2,MOT:1,TILT:25.0,TRIM:0.033,ATE:1,LATCH:0,TORQ:1,CR:0.0,FX1:1.00,FY1:-151.10,FX2:-6.00,FY2:-149.60,IK1:1,IK2:1,MOVE:0
[2026-09-08 13:35:36.450] [RX] PITCH:-0.15,PID_OUT:66.54,INT:0.0985,EL:-1179,ER:-626,VEL:140.5,MOT:1,TILT:25.0,TRIM:0.005,ATE:1,LATCH:0,TORQ:1,CR:0.0,FX1:1.00,FY1:-151.10,FX2:-6.00,FY2:-149.60,IK1:1,IK2:1,MOVE:0
[2026-09-08 13:35:36.454] [RX] AX12:MODE:0,TQ:1,TL:1023,CM:1,CS:4,MS:0,MT:800
[2026-09-08 13:35:36.543] [RX] PITCH:-0.10,PID_OUT:76.57,INT:0.0985,EL:-1175,ER:-637,VEL:62.9,MOT:1,TILT:25.0,TRIM:0.220,ATE:1,LATCH:0,TORQ:1,CR:0.0,FX1:1.00,FY1:-151.10,FX2:-6.00,FY2:-149.60,IK1:1,IK2:1,MOVE:0
[2026-09-08 13:35:36.643] [RX] PITCH:0.25,PID_OUT:47.86,INT:0.0978,EL:-1170,ER:-644,VEL:66.0,MOT:1,TILT:25.0,TRIM:0.202,ATE:1,LATCH:0,TORQ:1,CR:0.0,FX1:1.00,FY1:-151.10,FX2:-6.00,FY2:-149.60,IK1:1,IK2:1,MOVE:0
[2026-09-08 13:35:36.740] [RX] PITCH:0.17,PID_OUT:79.19,INT:0.0985,EL:-1169,ER:-644,VEL:15.8,MOT:1,TILT:25.0,TRIM:0.348,ATE:1,LATCH:0,TORQ:1,CR:0.0,FX1:1.00,FY1:-151.10,FX2:-6.00,FY2:-149.60,IK1:1,IK2:1,MOVE:0
[2026-09-08 13:35:36.842] [RX] PITCH:0.03,PID_OUT:71.46,INT:0.0985,EL:-1169,ER:-652,VEL:38.6,MOT:1,TILT:25.0,TRIM:0.275,ATE:1,LATCH:0,TORQ:1,CR:0.0,FX1:1.00,FY1:-151.10,FX2:-6.00,FY2:-149.60,IK1:1,IK2:1,MOVE:0
[2026-09-08 13:35:36.949] [RX] PITCH:0.06,PID_OUT:61.40,INT:0.0985,EL:-1169,ER:-664,VEL:60.3,MOT:1,TILT:25.0,TRIM:0.203,ATE:1,LATCH:0,TORQ:1,CR:0.0,FX1:1.00,FY1:-151.10,FX2:-6.00,FY2:-149.60,IK1:1,IK2:1,MOVE:0
[2026-09-08 13:35:36.952] [RX] AX12:MODE:0,TQ:1,TL:1023,CM:1,CS:4,MS:0,MT:800
[2026-09-08 13:35:37.046] [RX] PITCH:0.18,PID_OUT:62.42,INT:0.0985,EL:-1169,ER:-664,VEL:11.9,MOT:1,TILT:25.0,TRIM:0.344,ATE:1,LATCH:0,TORQ:1,CR:0.0,FX1:1.00,FY1:-151.10,FX2:-6.00,FY2:-149.60,IK1:1,IK2:1,MOVE:0
[2026-09-08 13:35:37.046] [RX] SRV:0,35,0.0,0,0
[2026-09-08 13:35:37.142] [RX] PITCH:0.45,PID_OUT:41.03,INT:0.0970,EL:-1169,ER:-664,VEL:2.3,MOT:1,TILT:25.0,TRIM:0.372,ATE:1,LATCH:0,TORQ:1,CR:0.0,FX1:1.00,FY1:-151.10,FX2:-6.00,FY2:-149.60,IK1:1,IK2:1,MOVE:0
[2026-09-08 13:35:37.239] [RX] PITCH:0.73,PID_OUT:1.33,INT:0.0743,EL:-1169,ER:-664,VEL:0.5,MOT:1,TILT:25.0,TRIM:0.377,ATE:1,LATCH:0,TORQ:1,CR:0.0,FX1:1.00,FY1:-151.10,FX2:-6.00,FY2:-149.60,IK1:1,IK2:1,MOVE:0
[2026-09-08 13:35:37.343] [RX] PITCH:1.06,PID_OUT:-32.44,INT:0.0282,EL:-1185,ER:-664,VEL:-102.4,MOT:1,TILT:25.0,TRIM:0.689,ATE:1,LATCH:0,TORQ:1,CR:0.0,FX1:1.00,FY1:-151.10,FX2:-6.00,FY2:-149.60,IK1:1,IK2:1,MOVE:0
[2026-09-08 13:35:37.445] [RX] PITCH:1.42,PID_OUT:-93.04,INT:-0.0341,EL:-1198,ER:-662,VEL:-86.8,MOT:1,TILT:25.0,TRIM:0.655,ATE:1,LATCH:0,TORQ:1,CR:0.0,FX1:1.00,FY1:-151.10,FX2:-6.00,FY2:-149.60,IK1:1,IK2:1,MOVE:0
[2026-09-08 13:35:37.454] [RX] AX12:MODE:0,TQ:1,TL:1023,CM:1,CS:4,MS:0,MT:800
[2026-09-08 13:35:37.543] [RX] PITCH:0.90,PID_OUT:-40.66,INT:-0.0809,EL:-1223,ER:-656,VEL:-136.7,MOT:1,TILT:25.0,TRIM:0.824,ATE:1,LATCH:0,TORQ:1,CR:0.0,FX1:1.00,FY1:-151.10,FX2:-6.00,FY2:-149.60,IK1:1,IK2:1,MOVE:0
[2026-09-08 13:35:37.640] [RX] PITCH:0.54,PID_OUT:-30.10,INT:-0.0595,EL:-1245,ER:-652,VEL:-121.0,MOT:1,TILT:25.0,TRIM:0.797,ATE:1,LATCH:0,TORQ:1,CR:0.0,FX1:1.00,FY1:-151.10,FX2:-6.00,FY2:-149.60,IK1:1,IK2:1,MOVE:0
[2026-09-08 13:35:37.741] [RX] PITCH:0.94,PID_OUT:-85.31,INT:-0.0705,EL:-1245,ER:-649,VEL:-37.3,MOT:1,TILT:25.0,TRIM:0.556,ATE:1,LATCH:0,TORQ:1,CR:0.0,FX1:1.00,FY1:-151.10,FX2:-6.00,FY2:-149.60,IK1:1,IK2:1,MOVE:0
[2026-09-08 13:35:37.838] [RX] PITCH:0.67,PID_OUT:-43.76,INT:-0.0837,EL:-1267,ER:-645,VEL:-107.6,MOT:1,TILT:25.0,TRIM:0.780,ATE:1,LATCH:0,TORQ:1,CR:0.0,FX1:1.00,FY1:-151.10,FX2:-6.00,FY2:-149.60,IK1:1,IK2:1,MOVE:0
[2026-09-08 13:35:37.949] [RX] PITCH:0.59,PID_OUT:-48.86,INT:-0.0669,EL:-1276,ER:-640,VEL:-54.9,MOT:1,TILT:25.0,TRIM:0.637,ATE:1,LATCH:0,TORQ:1,CR:0.0,FX1:1.00,FY1:-151.10,FX2:-6.00,FY2:-149.60,IK1:1,IK2:1,MOVE:0
[2026-09-08 13:35:37.950] [RX] AX12:MODE:0,TQ:1,TL:1023,CM:1,CS:4,MS:0,MT:800
[2026-09-08 13:35:38.042] [RX] PITCH:0.66,PID_OUT:-55.93,INT:-0.0728,EL:-1276,ER:-636,VEL:-26.7,MOT:1,TILT:25.0,TRIM:0.558,ATE:1,LATCH:0,TORQ:1,CR:0.0,FX1:1.00,FY1:-151.10,FX2:-6.00,FY2:-149.60,IK1:1,IK2:1,MOVE:0
[2026-09-08 13:35:38.042] [RX] SRV:14,40,6.3,0,0
[2026-09-08 13:35:38.137] [RX] PITCH:0.60,PID_OUT:-55.96,INT:-0.0796,EL:-1276,ER:-632,VEL:-19.7,MOT:1,TILT:25.0,TRIM:0.540,ATE:1,LATCH:0,TORQ:1,CR:0.0,FX1:1.00,FY1:-151.10,FX2:-6.00,FY2:-149.60,IK1:1,IK2:1,MOVE:0
[2026-09-08 13:35:38.238] [RX] PITCH:0.43,PID_OUT:-43.11,INT:-0.0787,EL:-1276,ER:-630,VEL:-10.2,MOT:1,TILT:25.0,TRIM:0.514,ATE:1,LATCH:0,TORQ:1,CR:0.0,FX1:1.00,FY1:-151.10,FX2:-6.00,FY2:-149.60,IK1:1,IK2:1,MOVE:0
[2026-09-08 13:35:38.339] [RX] PITCH:0.24,PID_OUT:-13.04,INT:-0.0593,EL:-1276,ER:-629,VEL:-3.7,MOT:1,TILT:25.0,TRIM:0.496,ATE:1,LATCH:0,TORQ:1,CR:0.0,FX1:1.00,FY1:-151.10,FX2:-6.00,FY2:-149.60,IK1:1,IK2:1,MOVE:0
[2026-09-08 13:35:38.449] [RX] PITCH:-0.15,PID_OUT:59.05,INT:-0.0163,EL:-1276,ER:-629,VEL:-0.7,MOT:1,TILT:25.0,TRIM:0.487,ATE:1,LATCH:0,TORQ:1,CR:0.0,FX1:1.00,FY1:-151.10,FX2:-6.00,FY2:-149.60,IK1:1,IK2:1,MOVE:0
[2026-09-08 13:35:38.449] [RX] AX12:MODE:0,TQ:1,TL:1023,CM:1,CS:4,MS:0,MT:800
[2026-09-08 13:35:38.537] [RX] PITCH:-0.89,PID_OUT:100.13,INT:0.0704,EL:-1272,ER:-649,VEL:86.2,MOT:1,TILT:25.0,TRIM:0.216,ATE:1,LATCH:0,TORQ:1,CR:0.0,FX1:1.00,FY1:-151.10,FX2:-6.00,FY2:-149.60,IK1:1,IK2:1,MOVE:0
[2026-09-08 13:35:38.638] [RX] PITCH:-0.11,PID_OUT:38.49,INT:0.0985,EL:-1264,ER:-673,VEL:146.7,MOT:1,TILT:25.0,TRIM:0.015,ATE:1,LATCH:0,TORQ:1,CR:0.0,FX1:1.00,FY1:-151.10,FX2:-6.00,FY2:-149.60,IK1:1,IK2:1,MOVE:0
[2026-09-08 13:35:38.739] [RX] PITCH:-0.12,PID_OUT:76.91,INT:0.0985,EL:-1259,ER:-689,VEL:97.4,MOT:1,TILT:25.0,TRIM:0.144,ATE:1,LATCH:0,TORQ:1,CR:0.0,FX1:1.00,FY1:-151.10,FX2:-6.00,FY2:-149.60,IK1:1,IK2:1,MOVE:0
[2026-09-08 13:35:38.839] [RX] PITCH:-0.10,PID_OUT:51.00,INT:0.0985,EL:-1254,ER:-710,VEL:125.8,MOT:1,TILT:25.0,TRIM:0.041,ATE:1,LATCH:0,TORQ:1,CR:0.0,FX1:1.00,FY1:-151.10,FX2:-6.00,FY2:-149.60,IK1:1,IK2:1,MOVE:0
[2026-09-08 13:35:38.943] [RX] PITCH:-0.10,PID_OUT:79.34,INT:0.0985,EL:-1250,ER:-724,VEL:84.0,MOT:1,TILT:25.0,TRIM:0.150,ATE:1,LATCH:0,TORQ:1,CR:0.0,FX1:1.00,FY1:-151.10,FX2:-6.00,FY2:-149.60,IK1:1,IK2:1,MOVE:0
[2026-09-08 13:35:38.946] [RX] AX12:MODE:0,TQ:1,TL:1023,CM:1,CS:4,MS:0,MT:800
[2026-09-08 13:35:39.041] [RX] PITCH:-0.11,PID_OUT:61.20,INT:0.0985,EL:-1247,ER:-737,VEL:93.6,MOT:1,TILT:25.0,TRIM:0.110,ATE:1,LATCH:0,TORQ:1,CR:0.0,FX1:1.00,FY1:-151.10,FX2:-6.00,FY2:-149.60,IK1:1,IK2:1,MOVE:0
[2026-09-08 13:35:39.041] [RX] SRV:1,36,0.0,0,0
[2026-09-08 13:35:39.136] [RX] PITCH:-0.05,PID_OUT:71.99,INT:0.0985,EL:-1246,ER:-748,VEL:61.9,MOT:1,TILT:25.0,TRIM:0.193,ATE:1,LATCH:0,TORQ:1,CR:0.0,FX1:1.00,FY1:-151.10,FX2:-6.00,FY2:-149.60,IK1:1,IK2:1,MOVE:0
[2026-09-08 13:35:39.234] [RX] PITCH:-0.01,PID_OUT:64.30,INT:0.0985,EL:-1246,ER:-761,VEL:69.6,MOT:1,TILT:25.0,TRIM:0.161,ATE:1,LATCH:0,TORQ:1,CR:0.0,FX1:1.00,FY1:-151.10,FX2:-6.00,FY2:-149.60,IK1:1,IK2:1,MOVE:0
[2026-09-08 13:35:39.335] [RX] PITCH:0.06,PID_OUT:8.99,INT:0.0665,EL:-1246,ER:-816,VEL:184.5,MOT:1,TILT:25.0,TRIM:-0.215,ATE:1,LATCH:0,TORQ:1,CR:0.0,FX1:1.00,FY1:-151.10,FX2:-6.00,FY2:-149.60,IK1:1,IK2:1,MOVE:0
[2026-09-08 13:35:39.440] [RX] PITCH:0.22,PID_OUT:-3.66,INT:0.0418,EL:-1246,ER:-836,VEL:104.4,MOT:1,TILT:25.0,TRIM:0.003,ATE:1,LATCH:0,TORQ:1,CR:0.0,FX1:1.00,FY1:-151.10,FX2:-6.00,FY2:-149.60,IK1:1,IK2:1,MOVE:0
[2026-09-08 13:35:39.446] [RX] AX12:MODE:0,TQ:1,TL:1023,CM:1,CS:4,MS:0,MT:800
[2026-09-08 13:35:39.535] [RX] PITCH:0.42,PID_OUT:-28.98,INT:0.0212,EL:-1246,ER:-846,VEL:77.3,MOT:1,TILT:25.0,TRIM:0.075,ATE:1,LATCH:0,TORQ:1,CR:0.0,FX1:1.00,FY1:-151.10,FX2:-6.00,FY2:-149.60,IK1:1,IK2:1,MOVE:0
[2026-09-08 13:35:39.635] [RX] PITCH:0.61,PID_OUT:-14.93,INT:-0.0053,EL:-1266,ER:-846,VEL:-123.5,MOT:1,TILT:25.0,TRIM:0.675,ATE:1,LATCH:0,TORQ:1,CR:0.0,FX1:1.00,FY1:-151.10,FX2:-6.00,FY2:-149.60,IK1:1,IK2:1,MOVE:0
[2026-09-08 13:35:39.733] [RX] PITCH:0.88,PID_OUT:-80.06,INT:-0.0304,EL:-1267,ER:-845,VEL:-32.4,MOT:1,TILT:25.0,TRIM:0.411,ATE:1,LATCH:0,TORQ:1,CR:0.0,FX1:1.00,FY1:-151.10,FX2:-6.00,FY2:-149.60,IK1:1,IK2:1,MOVE:0
[2026-09-08 13:35:39.833] [RX] PITCH:0.74,PID_OUT:-32.31,INT:-0.0635,EL:-1292,ER:-841,VEL:-122.6,MOT:1,TILT:25.0,TRIM:0.696,ATE:1,LATCH:0,TORQ:1,CR:0.0,FX1:1.00,FY1:-151.10,FX2:-6.00,FY2:-149.60,IK1:1,IK2:1,MOVE:0
[2026-09-08 13:35:39.935] [RX] PITCH:0.72,PID_OUT:-47.94,INT:-0.0571,EL:-1320,ER:-839,VEL:-170.4,MOT:1,TILT:25.0,TRIM:0.857,ATE:1,LATCH:0,TORQ:1,CR:0.0,FX1:1.00,FY1:-151.10,FX2:-6.00,FY2:-149.60,IK1:1,IK2:1,MOVE:0
[2026-09-08 13:35:39.944] [RX] AX12:MODE:0,TQ:1,TL:1023,CM:1,CS:4,MS:0,MT:800
[2026-09-08 13:35:40.037] [RX] PITCH:1.15,PID_OUT:-16.08,INT:-0.0220,EL:-1401,ER:-839,VEL:-327.7,MOT:1,TILT:25.0,TRIM:1.377,ATE:1,LATCH:0,TORQ:1,CR:0.0,FX1:1.00,FY1:-151.10,FX2:-6.00,FY2:-149.60,IK1:1,IK2:1,MOVE:0
[2026-09-08 13:35:40.038] [RX] SRV:6,38,0.8,0,0
[2026-09-08 13:35:40.136] [RX] PITCH:1.46,PID_OUT:-11.61,INT:-0.0033,EL:-1480,ER:-839,VEL:-380.4,MOT:1,TILT:25.0,TRIM:1.590,ATE:1,LATCH:0,TORQ:1,CR:0.0,FX1:1.00,FY1:-151.10,FX2:-6.00,FY2:-149.60,IK1:1,IK2:1,MOVE:0
[2026-09-08 13:35:40.234] [RX] PITCH:1.74,PID_OUT:-11.36,INT:0.0058,EL:-1570,ER:-839,VEL:-451.9,MOT:1,TILT:25.0,TRIM:1.866,ATE:1,LATCH:0,TORQ:1,CR:0.0,FX1:1.00,FY1:-151.10,FX2:-6.00,FY2:-149.60,IK1:1,IK2:1,MOVE:0
[2026-09-08 13:35:40.333] [RX] PITCH:2.14,PID_OUT:-33.91,INT:0.0099,EL:-1670,ER:-839,VEL:-490.5,MOT:1,TILT:25.0,TRIM:2.053,ATE:1,LATCH:0,TORQ:1,CR:0.0,FX1:1.00,FY1:-151.10,FX2:-6.00,FY2:-149.60,IK1:1,IK2:1,MOVE:0
[2026-09-08 13:35:40.446] [RX] PITCH:2.80,PID_OUT:-108.70,INT:-0.0224,EL:-1770,ER:-839,VEL:-498.1,MOT:1,TILT:25.0,TRIM:2.150,ATE:1,LATCH:0,TORQ:1,CR:0.0,FX1:1.00,FY1:-151.10,FX2:-6.00,FY2:-149.60,IK1:1,IK2:1,MOVE:0
[2026-09-08 13:35:40.447] [RX] AX12:MODE:0,TQ:1,TL:1023,CM:1,CS:4,MS:0,MT:800
[2026-09-08 13:35:40.531] [RX] PITCH:2.15,PID_OUT:-37.31,INT:-0.0985,EL:-1803,ER:-829,VEL:-274.6,MOT:1,TILT:25.0,TRIM:1.531,ATE:1,LATCH:0,TORQ:1,CR:0.0,FX1:1.00,FY1:-151.10,FX2:-6.00,FY2:-149.60,IK1:1,IK2:1,MOVE:0
[2026-09-08 13:35:40.631] [RX] PITCH:0.58,PID_OUT:13.75,INT:-0.0693,EL:-1818,ER:-823,VEL:-116.7,MOT:1,TILT:25.0,TRIM:1.086,ATE:1,LATCH:0,TORQ:1,CR:0.0,FX1:1.00,FY1:-151.10,FX2:-6.00,FY2:-149.60,IK1:1,IK2:1,MOVE:0
[2026-09-08 13:35:40.732] [RX] PITCH:0.80,PID_OUT:-10.73,INT:-0.0361,EL:-1835,ER:-822,VEL:-124.6,MOT:1,TILT:25.0,TRIM:1.123,ATE:1,LATCH:0,TORQ:1,CR:0.0,FX1:1.00,FY1:-151.10,FX2:-6.00,FY2:-149.60,IK1:1,IK2:1,MOVE:0
[2026-09-08 13:35:40.831] [RX] PITCH:1.26,PID_OUT:-69.50,INT:-0.0443,EL:-1843,ER:-821,VEL:-77.6,MOT:1,TILT:25.0,TRIM:0.993,ATE:1,LATCH:0,TORQ:1,CR:0.0,FX1:1.00,FY1:-151.10,FX2:-6.00,FY2:-149.60,IK1:1,IK2:1,MOVE:0
[2026-09-08 13:35:40.940] [RX] PITCH:1.02,PID_OUT:-33.70,INT:-0.0564,EL:-1865,ER:-819,VEL:-108.0,MOT:1,TILT:25.0,TRIM:1.099,ATE:1,LATCH:0,TORQ:1,CR:0.0,FX1:1.00,FY1:-151.10,FX2:-6.00,FY2:-149.60,IK1:1,IK2:1,MOVE:0
[2026-09-08 13:35:40.943] [RX] AX12:MODE:0,TQ:1,TL:1023,CM:1,CS:4,MS:0,MT:800
[2026-09-08 13:35:41.034] [RX] PITCH:0.99,PID_OUT:-49.70,INT:-0.0505,EL:-1874,ER:-819,VEL:-36.9,MOT:1,TILT:25.0,TRIM:0.899,ATE:1,LATCH:0,TORQ:1,CR:0.0,FX1:1.00,FY1:-151.10,FX2:-6.00,FY2:-149.60,IK1:1,IK2:1,MOVE:0
[2026-09-08 13:35:41.034] [RX] SRV:0,36,0.0,0,0
[2026-09-08 13:35:41.130] [RX] PITCH:1.04,PID_OUT:-72.11,INT:-0.0682,EL:-1874,ER:-819,VEL:-7.3,MOT:1,TILT:25.0,TRIM:0.812,ATE:1,LATCH:0,TORQ:1,CR:0.0,FX1:1.00,FY1:-151.10,FX2:-6.00,FY2:-149.60,IK1:1,IK2:1,MOVE:0
[2026-09-08 13:35:41.232] [RX] PITCH:0.86,PID_OUT:-25.05,INT:-0.0739,EL:-1896,ER:-818,VEL:-130.4,MOT:1,TILT:25.0,TRIM:1.189,ATE:1,LATCH:0,TORQ:1,CR:0.0,FX1:1.00,FY1:-151.10,FX2:-6.00,FY2:-149.60,IK1:1,IK2:1,MOVE:0
[2026-09-08 13:35:41.331] [RX] PITCH:0.79,PID_OUT:-32.09,INT:-0.0594,EL:-1896,ER:-818,VEL:-25.7,MOT:1,TILT:25.0,TRIM:0.883,ATE:1,LATCH:0,TORQ:1,CR:0.0,FX1:1.00,FY1:-151.10,FX2:-6.00,FY2:-149.60,IK1:1,IK2:1,MOVE:0
[2026-09-08 13:35:41.431] [RX] PITCH:0.59,PID_OUT:-8.17,INT:-0.0449,EL:-1896,ER:-818,VEL:-5.1,MOT:1,TILT:25.0,TRIM:0.823,ATE:1,LATCH:0,TORQ:1,CR:0.0,FX1:1.00,FY1:-151.10,FX2:-6.00,FY2:-149.60,IK1:1,IK2:1,MOVE:0
[2026-09-08 13:35:41.440] [RX] AX12:MODE:0,TQ:1,TL:1023,CM:1,CS:4,MS:0,MT:800
[2026-09-08 13:35:41.532] [RX] PITCH:0.26,PID_OUT:2.23,INT:-0.0218,EL:-1896,ER:-847,VEL:156.2,MOT:1,TILT:25.0,TRIM:0.331,ATE:1,LATCH:0,TORQ:1,CR:0.0,FX1:1.00,FY1:-151.10,FX2:-6.00,FY2:-149.60,IK1:1,IK2:1,MOVE:0
[2026-09-08 13:35:41.629] [RX] PITCH:-0.30,PID_OUT:18.82,INT:-0.0120,EL:-1896,ER:-917,VEL:350.3,MOT:1,TILT:25.0,TRIM:-0.287,ATE:1,LATCH:0,TORQ:1,CR:0.0,FX1:1.00,FY1:-151.10,FX2:-6.00,FY2:-149.60,IK1:1,IK2:1,MOVE:0
[2026-09-08 13:35:41.729] [RX] PITCH:-1.22,PID_OUT:136.07,INT:0.0120,EL:-1895,ER:-998,VEL:345.6,MOT:1,TILT:25.0,TRIM:-0.335,ATE:1,LATCH:0,TORQ:1,CR:0.0,FX1:1.00,FY1:-151.10,FX2:-6.00,FY2:-149.60,IK1:1,IK2:1,MOVE:0
[2026-09-08 13:35:41.829] [RX] PITCH:-0.70,PID_OUT:45.52,INT:0.0985,EL:-1881,ER:-1021,VEL:232.7,MOT:1,TILT:25.0,TRIM:-0.033,ATE:1,LATCH:0,TORQ:1,CR:0.0,FX1:1.00,FY1:-151.10,FX2:-6.00,FY2:-149.60,IK1:1,IK2:1,MOVE:0
[2026-09-08 13:35:41.937] [RX] PITCH:-0.30,PID_OUT:64.92,INT:0.0985,EL:-1867,ER:-1049,VEL:206.8,MOT:1,TILT:25.0,TRIM:0.011,ATE:1,LATCH:0,TORQ:1,CR:0.0,FX1:1.00,FY1:-151.10,FX2:-6.00,FY2:-149.60,IK1:1,IK2:1,MOVE:0
[2026-09-08 13:35:41.937] [RX] AX12:MODE:0,TQ:1,TL:1023,CM:1,CS:4,MS:0,MT:800
[2026-09-08 13:35:42.033] [RX] PITCH:-0.43,PID_OUT:64.16,INT:0.0985,EL:-1854,ER:-1071,VEL:179.0,MOT:1,TILT:25.0,TRIM:0.066,ATE:1,LATCH:0,TORQ:1,CR:0.0,FX1:1.00,FY1:-151.10,FX2:-6.00,FY2:-149.60,IK1:1,IK2:1,MOVE:0
[2026-09-08 13:35:42.033] [RX] SRV:14,41,6.3,0,0
[2026-09-08 13:35:42.127] [RX] PITCH:0.03,PID_OUT:25.14,INT:0.0985,EL:-1843,ER:-1096,VEL:179.9,MOT:1,TILT:25.0,TRIM:0.036,ATE:1,LATCH:0,TORQ:1,CR:0.0,FX1:1.00,FY1:-151.10,FX2:-6.00,FY2:-149.60,IK1:1,IK2:1,MOVE:0
[2026-09-08 13:35:42.226] [RX] PITCH:0.28,PID_OUT:8.41,INT:0.0887,EL:-1837,ER:-1120,VEL:176.6,MOT:1,TILT:25.0,TRIM:0.023,ATE:1,LATCH:0,TORQ:1,CR:0.0,FX1:1.00,FY1:-151.10,FX2:-6.00,FY2:-149.60,IK1:1,IK2:1,MOVE:0
[2026-09-08 13:35:42.326] [RX] PITCH:0.69,PID_OUT:-6.25,INT:0.0645,EL:-1836,ER:-1120,VEL:36.8,MOT:1,TILT:25.0,TRIM:0.430,ATE:1,LATCH:0,TORQ:1,CR:0.0,FX1:1.00,FY1:-151.10,FX2:-6.00,FY2:-149.60,IK1:1,IK2:1,MOVE:0
[2026-09-08 13:35:42.429] [RX] PITCH:1.37,PID_OUT:-102.14,INT:0.0088,EL:-1836,ER:-1120,VEL:7.2,MOT:1,TILT:25.0,TRIM:0.516,ATE:1,LATCH:0,TORQ:1,CR:0.0,FX1:1.00,FY1:-151.10,FX2:-6.00,FY2:-149.60,IK1:1,IK2:1,MOVE:0
[2026-09-08 13:35:42.439] [RX] AX12:MODE:0,TQ:1,TL:1023,CM:1,CS:4,MS:0,MT:800
[2026-09-08 13:35:42.528] [RX] PITCH:1.37,PID_OUT:-62.57,INT:-0.0652,EL:-1864,ER:-1112,VEL:-133.6,MOT:1,TILT:25.0,TRIM:0.953,ATE:1,LATCH:0,TORQ:1,CR:0.0,FX1:1.00,FY1:-151.10,FX2:-6.00,FY2:-149.60,IK1:1,IK2:1,MOVE:0
[2026-09-08 13:35:42.626] [RX] PITCH:1.12,PID_OUT:-68.67,INT:-0.0788,EL:-1892,ER:-1105,VEL:-157.8,MOT:1,TILT:25.0,TRIM:1.050,ATE:1,LATCH:0,TORQ:1,CR:0.0,FX1:1.00,FY1:-151.10,FX2:-6.00,FY2:-149.60,IK1:1,IK2:1,MOVE:0
[2026-09-08 13:35:42.726] [RX] PITCH:1.20,PID_OUT:-66.61,INT:-0.0888,EL:-1922,ER:-1097,VEL:-186.5,MOT:1,TILT:25.0,TRIM:1.162,ATE:1,LATCH:0,TORQ:1,CR:0.0,FX1:1.00,FY1:-151.10,FX2:-6.00,FY2:-149.60,IK1:1,IK2:1,MOVE:0
[2026-09-08 13:35:42.826] [RX] PITCH:1.29,PID_OUT:-80.80,INT:-0.0935,EL:-1951,ER:-1088,VEL:-189.2,MOT:1,TILT:25.0,TRIM:1.199,ATE:1,LATCH:0,TORQ:1,CR:0.0,FX1:1.00,FY1:-151.10,FX2:-6.00,FY2:-149.60,IK1:1,IK2:1,MOVE:0
[2026-09-08 13:35:42.935] [RX] PITCH:1.31,PID_OUT:-77.03,INT:-0.0985,EL:-1981,ER:-1078,VEL:-195.3,MOT:1,TILT:25.0,TRIM:1.246,ATE:1,LATCH:0,TORQ:1,CR:0.0,FX1:1.00,FY1:-151.10,FX2:-6.00,FY2:-149.60,IK1:1,IK2:1,MOVE:0
[2026-09-08 13:35:42.937] [RX] AX12:MODE:0,TQ:1,TL:1023,CM:1,CS:4,MS:0,MT:800
[2026-09-08 13:35:43.028] [RX] PITCH:1.39,PID_OUT:-84.98,INT:-0.0985,EL:-2012,ER:-1069,VEL:-196.1,MOT:1,TILT:25.0,TRIM:1.279,ATE:1,LATCH:0,TORQ:1,CR:0.0,FX1:1.00,FY1:-151.10,FX2:-6.00,FY2:-149.60,IK1:1,IK2:1,MOVE:0
[2026-09-08 13:35:43.028] [RX] SRV:1,37,0.0,0,0
[2026-09-08 13:35:43.125] [RX] PITCH:1.62,PID_OUT:-48.72,INT:-0.0985,EL:-2049,ER:-1060,VEL:-229.7,MOT:1,TILT:25.0,TRIM:1.411,ATE:1,LATCH:0,TORQ:1,CR:0.0,FX1:1.00,FY1:-151.10,FX2:-6.00,FY2:-149.60,IK1:1,IK2:1,MOVE:0
[2026-09-08 13:35:43.225] [RX] PITCH:0.77,PID_OUT:1.52,INT:-0.0776,EL:-2070,ER:-1052,VEL:-142.4,MOT:1,TILT:25.0,TRIM:1.179,ATE:1,LATCH:0,TORQ:1,CR:0.0,FX1:1.00,FY1:-151.10,FX2:-6.00,FY2:-149.60,IK1:1,IK2:1,MOVE:0
[2026-09-08 13:35:43.324] [RX] PITCH:0.87,PID_OUT:-13.25,INT:-0.0396,EL:-2091,ER:-1048,VEL:-139.4,MOT:1,TILT:25.0,TRIM:1.189,ATE:1,LATCH:0,TORQ:1,CR:0.0,FX1:1.00,FY1:-151.10,FX2:-6.00,FY2:-149.60,IK1:1,IK2:1,MOVE:0
[2026-09-08 13:35:43.434] [RX] PITCH:1.25,PID_OUT:-48.41,INT:-0.0389,EL:-2111,ER:-1048,VEL:-93.2,MOT:1,TILT:25.0,TRIM:1.069,ATE:1,LATCH:0,TORQ:1,CR:0.0,FX1:1.00,FY1:-151.10,FX2:-6.00,FY2:-149.60,IK1:1,IK2:1,MOVE:0
[2026-09-08 13:35:43.435] [RX] AX12:MODE:0,TQ:1,TL:1023,CM:1,CS:4,MS:0,MT:800
[2026-09-08 13:35:43.523] [RX] PITCH:1.12,PID_OUT:-51.12,INT:-0.0479,EL:-2125,ER:-1048,VEL:-49.1,MOT:1,TILT:25.0,TRIM:0.951,ATE:1,LATCH:0,TORQ:1,CR:0.0,FX1:1.00,FY1:-151.10,FX2:-6.00,FY2:-149.60,IK1:1,IK2:1,MOVE:0
[2026-09-08 13:35:43.624] [RX] PITCH:0.88,PID_OUT:-45.17,INT:-0.0600,EL:-2125,ER:-1048,VEL:-9.7,MOT:1,TILT:25.0,TRIM:0.836,ATE:1,LATCH:0,TORQ:1,CR:0.0,FX1:1.00,FY1:-151.10,FX2:-6.00,FY2:-149.60,IK1:1,IK2:1,MOVE:0
[2026-09-08 13:35:43.721] [RX] PITCH:0.51,PID_OUT:2.61,INT:-0.0472,EL:-2125,ER:-1048,VEL:-1.9,MOT:1,TILT:25.0,TRIM:0.813,ATE:1,LATCH:0,TORQ:1,CR:0.0,FX1:1.00,FY1:-151.10,FX2:-6.00,FY2:-149.60,IK1:1,IK2:1,MOVE:0
[2026-09-08 13:35:43.823] [RX] PITCH:-0.04,PID_OUT:91.60,INT:0.0097,EL:-2125,ER:-1048,VEL:-0.4,MOT:1,TILT:25.0,TRIM:0.809,ATE:1,LATCH:0,TORQ:1,CR:0.0,FX1:1.00,FY1:-151.10,FX2:-6.00,FY2:-149.60,IK1:1,IK2:1,MOVE:0
[2026-09-08 13:35:43.932] [RX] PITCH:-0.25,PID_OUT:96.96,INT:0.0903,EL:-2120,ER:-1070,VEL:103.2,MOT:1,TILT:25.0,TRIM:0.487,ATE:1,LATCH:0,TORQ:1,CR:0.0,FX1:1.00,FY1:-151.10,FX2:-6.00,FY2:-149.60,IK1:1,IK2:1,MOVE:0
[2026-09-08 13:35:43.933] [RX] AX12:MODE:0,TQ:1,TL:1023,CM:1,CS:4,MS:0,MT:800
[2026-09-08 13:35:44.026] [RX] PITCH:0.13,PID_OUT:78.15,INT:0.0985,EL:-2111,ER:-1092,VEL:148.9,MOT:1,TILT:25.0,TRIM:0.330,ATE:1,LATCH:0,TORQ:1,CR:0.0,FX1:1.00,FY1:-151.10,FX2:-6.00,FY2:-149.60,IK1:1,IK2:1,MOVE:0
[2026-09-08 13:35:44.027] [RX] SRV:6,39,6.3,0,0
[2026-09-08 13:35:44.121] [RX] PITCH:-0.23,PID_OUT:104.20,INT:0.0985,EL:-2102,ER:-1111,VEL:152.4,MOT:1,TILT:25.0,TRIM:0.299,ATE:1,LATCH:0,TORQ:1,CR:0.0,FX1:1.00,FY1:-151.10,FX2:-6.00,FY2:-149.60,IK1:1,IK2:1,MOVE:0
[2026-09-08 13:35:44.221] [RX] PITCH:-0.14,PID_OUT:74.32,INT:0.0985,EL:-2088,ER:-1134,VEL:187.9,MOT:1,TILT:25.0,TRIM:0.168,ATE:1,LATCH:0,TORQ:1,CR:0.0,FX1:1.00,FY1:-151.10,FX2:-6.00,FY2:-149.60,IK1:1,IK2:1,MOVE:0
[2026-09-08 13:35:44.322] [RX] PITCH:-0.48,PID_OUT:82.30,INT:0.0985,EL:-2073,ER:-1161,VEL:213.8,MOT:1,TILT:25.0,TRIM:0.061,ATE:1,LATCH:0,TORQ:1,CR:0.0,FX1:1.00,FY1:-151.10,FX2:-6.00,FY2:-149.60,IK1:1,IK2:1,MOVE:0
[2026-09-08 13:35:44.428] [RX] PITCH:-0.20,PID_OUT:39.04,INT:0.0985,EL:-2057,ER:-1184,VEL:194.9,MOT:1,TILT:25.0,TRIM:0.087,ATE:1,LATCH:0,TORQ:1,CR:0.0,FX1:1.00,FY1:-151.10,FX2:-6.00,FY2:-149.60,IK1:1,IK2:1,MOVE:0
[2026-09-08 13:35:44.431] [RX] AX12:MODE:0,TQ:1,TL:1023,CM:1,CS:4,MS:0,MT:800
[2026-09-08 13:35:44.522] [RX] PITCH:0.16,PID_OUT:17.81,INT:0.0965,EL:-2045,ER:-1211,VEL:190.9,MOT:1,TILT:25.0,TRIM:0.069,ATE:1,LATCH:0,TORQ:1,CR:0.0,FX1:1.00,FY1:-151.10,FX2:-6.00,FY2:-149.60,IK1:1,IK2:1,MOVE:0
[2026-09-08 13:35:44.619] [RX] PITCH:0.24,PID_OUT:43.86,INT:0.0903,EL:-2039,ER:-1226,VEL:108.9,MOT:1,TILT:25.0,TRIM:0.292,ATE:1,LATCH:0,TORQ:1,CR:0.0,FX1:1.00,FY1:-151.10,FX2:-6.00,FY2:-149.60,IK1:1,IK2:1,MOVE:0
[2026-09-08 13:35:44.720] [RX] PITCH:0.52,PID_OUT:33.42,INT:0.0846,EL:-2037,ER:-1235,VEL:42.4,MOT:1,TILT:25.0,TRIM:0.478,ATE:1,LATCH:0,TORQ:1,CR:0.0,FX1:1.00,FY1:-151.10,FX2:-6.00,FY2:-149.60,IK1:1,IK2:1,MOVE:0
[2026-09-08 13:35:44.822] [RX] PITCH:0.97,PID_OUT:-16.23,INT:0.0623,EL:-2036,ER:-1235,VEL:10.1,MOT:1,TILT:25.0,TRIM:0.571,ATE:1,LATCH:0,TORQ:1,CR:0.0,FX1:1.00,FY1:-151.10,FX2:-6.00,FY2:-149.60,IK1:1,IK2:1,MOVE:0
[2026-09-08 13:35:44.922] [RX] PITCH:1.60,PID_OUT:-14.31,INT:0.0440,EL:-2105,ER:-1235,VEL:-301.4,MOT:1,TILT:25.0,TRIM:1.531,ATE:1,LATCH:0,TORQ:1,CR:0.0,FX1:1.00,FY1:-151.10,FX2:-6.00,FY2:-149.60,IK1:1,IK2:1,MOVE:0
[2026-09-08 13:35:44.930] [RX] AX12:MODE:0,TQ:1,TL:1023,CM:1,CS:4,MS:0,MT:800
[2026-09-08 13:35:45.021] [RX] PITCH:2.44,PID_OUT:-68.27,INT:0.0298,EL:-2205,ER:-1235,VEL:-460.9,MOT:1,TILT:25.0,TRIM:2.071,ATE:1,LATCH:0,TORQ:1,CR:0.0,FX1:1.00,FY1:-151.10,FX2:-6.00,FY2:-149.60,IK1:1,IK2:1,MOVE:0
[2026-09-08 13:35:45.027] [RX] SRV:0,36,0.0,0,0
[2026-09-08 13:35:45.124] [RX] PITCH:3.26,PID_OUT:-104.33,INT:-0.0985,EL:-2241,ER:-1225,VEL:-264.4,MOT:1,TILT:25.0,TRIM:1.533,ATE:1,LATCH:0,TORQ:1,CR:0.0,FX1:1.00,FY1:-151.10,FX2:-6.00,FY2:-149.60,IK1:1,IK2:1,MOVE:0
[2026-09-08 13:35:45.218] [RX] PITCH:0.51,PID_OUT:52.09,INT:-0.0739,EL:-2269,ER:-1214,VEL:-176.5,MOT:1,TILT:25.0,TRIM:1.306,ATE:1,LATCH:0,TORQ:1,CR:0.0,FX1:1.00,FY1:-151.10,FX2:-6.00,FY2:-149.60,IK1:1,IK2:1,MOVE:0
[2026-09-08 13:35:45.268] [TX] VP0.007
[2026-09-08 13:35:45.320] [RX] PITCH:1.40,PID_OUT:-72.21,INT:-0.0191,EL:-2289,ER:-1214,VEL:-134.6,MOT:1,TILT:25.0,TRIM:1.199,ATE:1,LATCH:0,TORQ:1,CR:0.0,FX1:1.00,FY1:-151.10,FX2:-6.00,FY2:-149.60,IK1:1,IK2:1,MOVE:0
[2026-09-08 13:35:45.428] [RX] PITCH:2.76,PID_OUT:-100.14,INT:-0.0748,EL:-2317,ER:-1210,VEL:-152.1,MOT:1,TILT:25.0,TRIM:1.882,ATE:1,LATCH:0,TORQ:1,CR:0.0,FX1:1.00,FY1:-151.10,FX2:-6.00,FY2:-149.60,IK1:1,IK2:1,MOVE:0
[2026-09-08 13:35:45.429] [RX] AX12:MODE:0,TQ:1,TL:1023,CM:1,CS:4,MS:0,MT:800
[2026-09-08 13:35:45.517] [RX] PITCH:1.70,PID_OUT:1.73,INT:-0.0841,EL:-2348,ER:-1201,VEL:-179.3,MOT:1,TILT:25.0,TRIM:2.100,ATE:1,LATCH:0,TORQ:1,CR:0.0,FX1:1.00,FY1:-151.10,FX2:-6.00,FY2:-149.60,IK1:1,IK2:1,MOVE:0
[2026-09-08 13:35:45.617] [RX] PITCH:1.66,PID_OUT:-30.28,INT:-0.0597,EL:-2370,ER:-1201,VEL:-131.5,MOT:1,TILT:25.0,TRIM:1.786,ATE:1,LATCH:0,TORQ:1,CR:0.0,FX1:1.00,FY1:-151.10,FX2:-6.00,FY2:-149.60,IK1:1,IK2:1,MOVE:0
[2026-09-08 13:35:45.718] [RX] PITCH:1.85,PID_OUT:-44.57,INT:-0.0547,EL:-2395,ER:-1199,VEL:-128.7,MOT:1,TILT:25.0,TRIM:1.787,ATE:1,LATCH:0,TORQ:1,CR:0.0,FX1:1.00,FY1:-151.10,FX2:-6.00,FY2:-149.60,IK1:1,IK2:1,MOVE:0
[2026-09-08 13:35:45.818] [RX] PITCH:1.64,PID_OUT:-61.26,INT:-0.0634,EL:-2409,ER:-1199,VEL:-61.6,MOT:1,TILT:25.0,TRIM:1.333,ATE:1,LATCH:0,TORQ:1,CR:0.0,FX1:1.00,FY1:-151.10,FX2:-6.00,FY2:-149.60,IK1:1,IK2:1,MOVE:0
[2026-09-08 13:35:45.923] [RX] PITCH:1.09,PID_OUT:7.43,INT:-0.0457,EL:-2449,ER:-1219,VEL:-87.3,MOT:1,TILT:25.0,TRIM:1.526,ATE:1,LATCH:0,TORQ:1,CR:0.0,FX1:1.00,FY1:-151.10,FX2:-6.00,FY2:-149.60,IK1:1,IK2:1,MOVE:0
[2026-09-08 13:35:45.923] [RX] AX12:MODE:0,TQ:1,TL:1023,CM:1,CS:4,MS:0,MT:800
[2026-09-08 13:35:46.018] [RX] PITCH:0.56,PID_OUT:-5.30,INT:-0.0238,EL:-2483,ER:-1266,VEL:53.9,MOT:1,TILT:25.0,TRIM:0.540,ATE:1,LATCH:0,TORQ:1,CR:0.0,FX1:1.00,FY1:-151.10,FX2:-6.00,FY2:-149.60,IK1:1,IK2:1,MOVE:0
[2026-09-08 13:35:46.020] [RX] SRV:14,41,6.3,0,0
[2026-09-08 13:35:46.116] [RX] PITCH:-0.14,PID_OUT:109.52,INT:0.0329,EL:-2490,ER:-1274,VEL:29.4,MOT:1,TILT:25.0,TRIM:0.709,ATE:1,LATCH:0,TORQ:1,CR:0.0,FX1:1.00,FY1:-151.10,FX2:-6.00,FY2:-149.60,IK1:1,IK2:1,MOVE:0
[2026-09-08 13:35:46.216] [RX] PITCH:-0.14,PID_OUT:72.40,INT:0.0814,EL:-2484,ER:-1296,VEL:123.3,MOT:1,TILT:25.0,TRIM:0.038,ATE:1,LATCH:0,TORQ:1,CR:0.0,FX1:1.00,FY1:-151.10,FX2:-6.00,FY2:-149.60,IK1:1,IK2:1,MOVE:0
[2026-09-08 13:35:46.319] [RX] PITCH:-0.49,PID_OUT:97.18,INT:0.0985,EL:-2477,ER:-1313,VEL:126.8,MOT:1,TILT:25.0,TRIM:-0.004,ATE:1,LATCH:0,TORQ:1,CR:0.0,FX1:1.00,FY1:-151.10,FX2:-6.00,FY2:-149.60,IK1:1,IK2:1,MOVE:0
[2026-09-08 13:35:46.427] [RX] PITCH:-0.63,PID_OUT:104.07,INT:0.0985,EL:-2465,ER:-1333,VEL:155.0,MOT:1,TILT:25.0,TRIM:-0.222,ATE:1,LATCH:0,TORQ:1,CR:0.0,FX1:1.00,FY1:-151.10,FX2:-6.00,FY2:-149.60,IK1:1,IK2:1,MOVE:0
[2026-09-08 13:35:46.427] [RX] AX12:MODE:0,TQ:1,TL:1023,CM:1,CS:4,MS:0,MT:800
[2026-09-08 13:35:46.515] [RX] PITCH:-0.91,PID_OUT:78.01,INT:0.0985,EL:-2451,ER:-1359,VEL:197.4,MOT:1,TILT:25.0,TRIM:-0.546,ATE:1,LATCH:0,TORQ:1,CR:0.0,FX1:1.00,FY1:-151.10,FX2:-6.00,FY2:-149.60,IK1:1,IK2:1,MOVE:0
[2026-09-08 13:35:46.614] [RX] PITCH:-1.01,PID_OUT:84.81,INT:0.0985,EL:-2436,ER:-1387,VEL:210.9,MOT:1,TILT:25.0,TRIM:-0.672,ATE:1,LATCH:0,TORQ:1,CR:0.0,FX1:1.00,FY1:-151.10,FX2:-6.00,FY2:-149.60,IK1:1,IK2:1,MOVE:0
[2026-09-08 13:35:46.661] [TX] VP0.01
[2026-09-08 13:35:46.722] [RX] PITCH:-1.12,PID_OUT:61.86,INT:0.0985,EL:-2421,ER:-1413,VEL:211.3,MOT:1,TILT:25.0,TRIM:-0.705,ATE:1,LATCH:0,TORQ:1,CR:0.0,FX1:1.00,FY1:-151.10,FX2:-6.00,FY2:-149.60,IK1:1,IK2:1,MOVE:0
[2026-09-08 13:35:46.749] [RX] Updated -> P:78.000 I:650.000 D:3.520 Offset:-1.2910 Target:0.000 Alpha:0.9600 Tilt:25.00 TrimGain:0.0015 Crouch:0.00 VP:0.0100
[2026-09-08 13:35:46.814] [RX] PITCH:-1.17,PID_OUT:61.22,INT:0.0808,EL:-2407,ER:-1438,VEL:189.3,MOT:1,TILT:25.0,TRIM:-1.150,ATE:1,LATCH:0,TORQ:1,CR:0.0,FX1:1.00,FY1:-151.10,FX2:-6.00,FY2:-149.60,IK1:1,IK2:1,MOVE:0
[2026-09-08 13:35:46.923] [RX] PITCH:-1.61,PID_OUT:85.96,INT:0.0985,EL:-2395,ER:-1461,VEL:178.2,MOT:1,TILT:25.0,TRIM:-1.067,ATE:1,LATCH:0,TORQ:1,CR:0.0,FX1:1.00,FY1:-151.10,FX2:-6.00,FY2:-149.60,IK1:1,IK2:1,MOVE:0
[2026-09-08 13:35:46.925] [RX] AX12:MODE:0,TQ:1,TL:1023,CM:1,CS:4,MS:0,MT:800
[2026-09-08 13:35:47.017] [RX] PITCH:-1.21,PID_OUT:75.85,INT:0.0985,EL:-2382,ER:-1483,VEL:161.8,MOT:1,TILT:25.0,TRIM:-0.930,ATE:1,LATCH:0,TORQ:1,CR:0.0,FX1:1.00,FY1:-151.10,FX2:-6.00,FY2:-149.60,IK1:1,IK2:1,MOVE:0
[2026-09-08 13:35:47.017] [RX] SRV:1,37,0.0,0,0
[2026-09-08 13:35:47.112] [RX] PITCH:-1.18,PID_OUT:62.65,INT:0.0985,EL:-2372,ER:-1505,VEL:161.0,MOT:1,TILT:25.0,TRIM:-0.946,ATE:1,LATCH:0,TORQ:1,CR:0.0,FX1:1.00,FY1:-151.10,FX2:-6.00,FY2:-149.60,IK1:1,IK2:1,MOVE:0
[2026-09-08 13:35:47.212] [RX] PITCH:-0.86,PID_OUT:61.57,INT:0.0971,EL:-2362,ER:-1525,VEL:148.1,MOT:1,TILT:25.0,TRIM:-0.841,ATE:1,LATCH:0,TORQ:1,CR:0.0,FX1:1.00,FY1:-151.10,FX2:-6.00,FY2:-149.60,IK1:1,IK2:1,MOVE:0
[2026-09-08 13:35:47.313] [RX] PITCH:-0.96,PID_OUT:92.71,INT:0.0985,EL:-2355,ER:-1541,VEL:114.1,MOT:1,TILT:25.0,TRIM:-0.521,ATE:1,LATCH:0,TORQ:1,CR:0.0,FX1:1.00,FY1:-151.10,FX2:-6.00,FY2:-149.60,IK1:1,IK2:1,MOVE:0
[2026-09-08 13:35:47.418] [RX] PITCH:-0.91,PID_OUT:83.09,INT:0.0985,EL:-2347,ER:-1560,VEL:120.3,MOT:1,TILT:25.0,TRIM:-0.603,ATE:1,LATCH:0,TORQ:1,CR:0.0,FX1:1.00,FY1:-151.10,FX2:-6.00,FY2:-149.60,IK1:1,IK2:1,MOVE:0
[2026-09-08 13:35:47.424] [RX] AX12:MODE:0,TQ:1,TL:1023,CM:1,CS:4,MS:0,MT:800
[2026-09-08 13:35:47.512] [RX] PITCH:-1.00,PID_OUT:64.80,INT:0.0985,EL:-2341,ER:-1582,VEL:134.8,MOT:1,TILT:25.0,TRIM:-0.767,ATE:1,LATCH:0,TORQ:1,CR:0.0,FX1:1.00,FY1:-151.10,FX2:-6.00,FY2:-149.60,IK1:1,IK2:1,MOVE:0
[2026-09-08 13:35:47.613] [RX] PITCH:-1.00,PID_OUT:61.77,INT:0.0985,EL:-2335,ER:-1603,VEL:139.7,MOT:1,TILT:25.0,TRIM:-0.836,ATE:1,LATCH:0,TORQ:1,CR:0.0,FX1:1.00,FY1:-151.10,FX2:-6.00,FY2:-149.60,IK1:1,IK2:1,MOVE:0
[2026-09-08 13:35:47.712] [RX] PITCH:-0.63,PID_OUT:39.26,INT:0.0966,EL:-2330,ER:-1621,VEL:129.4,MOT:1,TILT:25.0,TRIM:-0.751,ATE:1,LATCH:0,TORQ:1,CR:0.0,FX1:1.00,FY1:-151.10,FX2:-6.00,FY2:-149.60,IK1:1,IK2:1,MOVE:0
[2026-09-08 13:35:47.813] [RX] PITCH:-0.68,PID_OUT:49.40,INT:0.0985,EL:-2326,ER:-1637,VEL:110.9,MOT:1,TILT:25.0,TRIM:-0.583,ATE:1,LATCH:0,TORQ:1,CR:0.0,FX1:1.00,FY1:-151.10,FX2:-6.00,FY2:-149.60,IK1:1,IK2:1,MOVE:0
[2026-09-08 13:35:47.915] [RX] PITCH:-0.59,PID_OUT:92.03,INT:0.0985,EL:-2324,ER:-1650,VEL:69.1,MOT:1,TILT:25.0,TRIM:-0.180,ATE:1,LATCH:0,TORQ:1,CR:0.0,FX1:1.00,FY1:-151.10,FX2:-6.00,FY2:-149.60,IK1:1,IK2:1,MOVE:0
[2026-09-08 13:35:47.921] [RX] AX12:MODE:0,TQ:1,TL:1023,CM:1,CS:4,MS:0,MT:800
[2026-09-08 13:35:48.014] [RX] PITCH:-0.29,PID_OUT:33.36,INT:0.0970,EL:-2323,ER:-1665,VEL:93.0,MOT:1,TILT:25.0,TRIM:-0.429,ATE:1,LATCH:0,TORQ:1,CR:0.0,FX1:1.00,FY1:-151.10,FX2:-6.00,FY2:-149.60,IK1:1,IK2:1,MOVE:0
[2026-09-08 13:35:48.015] [RX] SRV:6,39,0.0,0,0
[2026-09-08 13:35:48.097] [TX] VP0.017
[2026-09-08 13:35:48.109] [RX] PITCH:0.02,PID_OUT:64.43,INT:0.0965,EL:-2323,ER:-1669,VEL:25.3,MOT:1,TILT:25.0,TRIM:0.240,ATE:1,LATCH:0,TORQ:1,CR:0.0,FX1:1.00,FY1:-151.10,FX2:-6.00,FY2:-149.60,IK1:1,IK2:1,MOVE:0
[2026-09-08 13:35:48.156] [RX] Updated -> P:78.000 I:650.000 D:3.520 Offset:-1.2910 Target:0.000 Alpha:0.9600 Tilt:25.00 TrimGain:0.0015 Crouch:0.00 VP:0.0170
[2026-09-08 13:35:48.208] [RX] PITCH:0.39,PID_OUT:46.71,INT:0.0985,EL:-2323,ER:-1669,VEL:5.0,MOT:1,TILT:25.0,TRIM:0.406,ATE:1,LATCH:0,TORQ:1,CR:0.0,FX1:1.00,FY1:-151.10,FX2:-6.00,FY2:-149.60,IK1:1,IK2:1,MOVE:0
[2026-09-08 13:35:48.308] [RX] PITCH:0.79,PID_OUT:7.60,INT:0.0839,EL:-2323,ER:-1669,VEL:1.0,MOT:1,TILT:25.0,TRIM:0.474,ATE:1,LATCH:0,TORQ:1,CR:0.0,FX1:1.00,FY1:-151.10,FX2:-6.00,FY2:-149.60,IK1:1,IK2:1,MOVE:0
[2026-09-08 13:35:48.412] [RX] PITCH:1.20,PID_OUT:-61.42,INT:0.0306,EL:-2323,ER:-1669,VEL:0.2,MOT:1,TILT:25.0,TRIM:0.487,ATE:1,LATCH:0,TORQ:1,CR:0.0,FX1:1.00,FY1:-151.10,FX2:-6.00,FY2:-149.60,IK1:1,IK2:1,MOVE:0
[2026-09-08 13:35:48.419] [RX] AX12:MODE:0,TQ:1,TL:1023,CM:1,CS:4,MS:0,MT:800
[2026-09-08 13:35:48.508] [RX] PITCH:1.68,PID_OUT:61.38,INT:0.0335,EL:-2347,ER:-1667,VEL:-124.6,MOT:1,TILT:25.0,TRIM:2.618,ATE:1,LATCH:0,TORQ:1,CR:0.0,FX1:1.00,FY1:-151.10,FX2:-6.00,FY2:-149.60,IK1:1,IK2:1,MOVE:0
[2026-09-08 13:35:48.609] [RX] PITCH:2.37,PID_OUT:-42.89,INT:0.0449,EL:-2362,ER:-1666,VEL:-94.5,MOT:1,TILT:25.0,TRIM:2.120,ATE:1,LATCH:0,TORQ:1,CR:0.0,FX1:1.00,FY1:-151.10,FX2:-6.00,FY2:-149.60,IK1:1,IK2:1,MOVE:0
[2026-09-08 13:35:48.709] [RX] PITCH:2.69,PID_OUT:7.86,INT:-0.0296,EL:-2382,ER:-1661,VEL:-155.9,MOT:1,TILT:25.0,TRIM:3.178,ATE:1,LATCH:0,TORQ:1,CR:0.0,FX1:1.00,FY1:-151.10,FX2:-6.00,FY2:-149.60,IK1:1,IK2:1,MOVE:0
[2026-09-08 13:35:48.809] [RX] PITCH:3.50,PID_OUT:-125.31,INT:-0.0250,EL:-2405,ER:-1657,VEL:-145.6,MOT:1,TILT:25.0,TRIM:3.024,ATE:1,LATCH:0,TORQ:1,CR:0.0,FX1:1.00,FY1:-151.10,FX2:-6.00,FY2:-149.60,IK1:1,IK2:1,MOVE:0
[2026-09-08 13:35:48.918] [RX] PITCH:4.03,PID_OUT:-37.81,INT:-0.0848,EL:-2438,ER:-1648,VEL:-209.1,MOT:1,TILT:25.0,TRIM:4.130,ATE:1,LATCH:0,TORQ:1,CR:0.0,FX1:1.00,FY1:-151.10,FX2:-6.00,FY2:-149.60,IK1:1,IK2:1,MOVE:0
[2026-09-08 13:35:48.919] [RX] AX12:MODE:0,TQ:1,TL:1023,CM:1,CS:4,MS:0,MT:800
[2026-09-08 13:35:49.013] [RX] PITCH:4.21,PID_OUT:-98.74,INT:-0.0714,EL:-2471,ER:-1640,VEL:-202.7,MOT:1,TILT:25.0,TRIM:4.051,ATE:1,LATCH:0,TORQ:1,CR:0.0,FX1:1.00,FY1:-151.10,FX2:-6.00,FY2:-149.60,IK1:1,IK2:1,MOVE:0
[2026-09-08 13:35:49.013] [RX] SRV:0,36,0.0,0,0
[2026-09-08 13:35:49.108] [RX] PITCH:4.60,PID_OUT:-65.64,INT:-0.0985,EL:-2507,ER:-1630,VEL:-229.0,MOT:1,TILT:25.0,TRIM:4.532,ATE:1,LATCH:0,TORQ:1,CR:0.0,FX1:1.00,FY1:-151.10,FX2:-6.00,FY2:-149.60,IK1:1,IK2:1,MOVE:0
[2026-09-08 13:35:49.206] [RX] PITCH:4.52,PID_OUT:-64.14,INT:-0.0902,EL:-2543,ER:-1620,VEL:-230.6,MOT:1,TILT:25.0,TRIM:4.594,ATE:1,LATCH:0,TORQ:1,CR:0.0,FX1:1.00,FY1:-151.10,FX2:-6.00,FY2:-149.60,IK1:1,IK2:1,MOVE:0
[2026-09-08 13:35:49.307] [RX] PITCH:4.81,PID_OUT:-77.97,INT:-0.0985,EL:-2578,ER:-1611,VEL:-224.9,MOT:1,TILT:25.0,TRIM:4.529,ATE:1,LATCH:0,TORQ:1,CR:0.0,FX1:1.00,FY1:-151.10,FX2:-6.00,FY2:-149.60,IK1:1,IK2:1,MOVE:0
[2026-09-08 13:35:49.413] [RX] PITCH:4.52,PID_OUT:-77.20,INT:-0.0959,EL:-2611,ER:-1601,VEL:-210.0,MOT:1,TILT:25.0,TRIM:4.310,ATE:1,LATCH:0,TORQ:1,CR:0.0,FX1:1.00,FY1:-151.10,FX2:-6.00,FY2:-149.60,IK1:1,IK2:1,MOVE:0
[2026-09-08 13:35:49.417] [RX] AX12:MODE:0,TQ:1,TL:1023,CM:1,CS:4,MS:0,MT:800
[2026-09-08 13:35:49.417] [TX] VP0.02
[2026-09-08 13:35:49.477] [RX] Updated -> P:78.000 I:650.000 D:3.520 Offset:-1.2910 Target:0.000 Alpha:0.9600 Tilt:25.00 TrimGain:0.0015 Crouch:0.00 VP:0.0200
[2026-09-08 13:35:49.515] [RX] PITCH:4.16,PID_OUT:-19.79,INT:-0.0885,EL:-2642,ER:-1593,VEL:-188.6,MOT:1,TILT:25.0,TRIM:4.542,ATE:1,LATCH:0,TORQ:1,CR:0.0,FX1:1.00,FY1:-151.10,FX2:-6.00,FY2:-149.60,IK1:1,IK2:1,MOVE:0
[2026-09-08 13:35:49.606] [RX] PITCH:4.20,PID_OUT:-64.88,INT:-0.0810,EL:-2670,ER:-1589,VEL:-170.0,MOT:1,TILT:25.0,TRIM:4.196,ATE:1,LATCH:0,TORQ:1,CR:0.0,FX1:1.00,FY1:-151.10,FX2:-6.00,FY2:-149.60,IK1:1,IK2:1,MOVE:0
[2026-09-08 13:35:49.706] [RX] PITCH:4.20,PID_OUT:-85.37,INT:-0.0977,EL:-2699,ER:-1587,VEL:-159.9,MOT:1,TILT:25.0,TRIM:4.019,ATE:1,LATCH:0,TORQ:1,CR:0.0,FX1:1.00,FY1:-151.10,FX2:-6.00,FY2:-149.60,IK1:1,IK2:1,MOVE:0
[2026-09-08 13:35:49.804] [RX] PITCH:4.11,PID_OUT:-111.64,INT:-0.0985,EL:-2727,ER:-1586,VEL:-141.4,MOT:1,TILT:25.0,TRIM:3.672,ATE:1,LATCH:0,TORQ:1,CR:0.0,FX1:1.00,FY1:-151.10,FX2:-6.00,FY2:-149.60,IK1:1,IK2:1,MOVE:0
[2026-09-08 13:35:49.907] [RX] PITCH:3.53,PID_OUT:-94.50,INT:-0.0985,EL:-2747,ER:-1585,VEL:-106.5,MOT:1,TILT:25.0,TRIM:2.993,ATE:1,LATCH:0,TORQ:1,CR:0.0,FX1:1.00,FY1:-151.10,FX2:-6.00,FY2:-149.60,IK1:1,IK2:1,MOVE:0
[2026-09-08 13:35:49.915] [RX] AX12:MODE:0,TQ:1,TL:1023,CM:1,CS:4,MS:0,MT:800
[2026-09-08 13:35:50.007] [RX] PITCH:3.08,PID_OUT:-81.36,INT:-0.0985,EL:-2765,ER:-1584,VEL:-94.1,MOT:1,TILT:25.0,TRIM:2.760,ATE:1,LATCH:0,TORQ:1,CR:0.0,FX1:1.00,FY1:-151.10,FX2:-6.00,FY2:-149.60,IK1:1,IK2:1,MOVE:0
[2026-09-08 13:35:50.008] [RX] SRV:14,42,6.3,0,0
[2026-09-08 13:35:50.105] [RX] PITCH:2.89,PID_OUT:-64.59,INT:-0.0985,EL:-2784,ER:-1584,VEL:-94.9,MOT:1,TILT:25.0,TRIM:2.790,ATE:1,LATCH:0,TORQ:1,CR:0.0,FX1:1.00,FY1:-151.10,FX2:-6.00,FY2:-149.60,IK1:1,IK2:1,MOVE:0
[2026-09-08 13:35:50.206] [RX] PITCH:2.59,PID_OUT:-77.00,INT:-0.0948,EL:-2800,ER:-1584,VEL:-83.6,MOT:1,TILT:25.0,TRIM:2.577,ATE:1,LATCH:0,TORQ:1,CR:0.0,FX1:1.00,FY1:-151.10,FX2:-6.00,FY2:-149.60,IK1:1,IK2:1,MOVE:0
[2026-09-08 13:35:50.300] [RX] PITCH:3.06,PID_OUT:-67.31,INT:-0.0530,EL:-2826,ER:-1584,VEL:-113.3,MOT:1,TILT:25.0,TRIM:3.187,ATE:1,LATCH:0,TORQ:1,CR:0.0,FX1:1.00,FY1:-151.10,FX2:-6.00,FY2:-149.60,IK1:1,IK2:1,MOVE:0
[2026-09-08 13:35:50.414] [RX] PITCH:3.62,PID_OUT:40.59,INT:-0.0965,EL:-2845,ER:-1578,VEL:-143.6,MOT:1,TILT:25.0,TRIM:3.809,ATE:1,LATCH:0,TORQ:1,CR:0.0,FX1:1.00,FY1:-151.10,FX2:-6.00,FY2:-149.60,IK1:1,IK2:1,MOVE:0
[2026-09-08 13:35:50.416] [RX] AX12:MODE:0,TQ:1,TL:1023,CM:1,CS:4,MS:0,MT:800
[2026-09-08 13:35:50.503] [RX] PITCH:2.30,PID_OUT:-42.67,INT:-0.0495,EL:-2857,ER:-1576,VEL:-85.1,MOT:1,TILT:25.0,TRIM:2.655,ATE:1,LATCH:0,TORQ:1,CR:0.0,FX1:1.00,FY1:-151.10,FX2:-6.00,FY2:-149.60,IK1:1,IK2:1,MOVE:0
[2026-09-08 13:35:50.605] [RX] PITCH:3.51,PID_OUT:-116.39,INT:-0.0466,EL:-2871,ER:-1570,VEL:-100.0,MOT:1,TILT:25.0,TRIM:2.968,ATE:1,LATCH:0,TORQ:1,CR:0.0,FX1:1.00,FY1:-151.10,FX2:-6.00,FY2:-149.60,IK1:1,IK2:1,MOVE:0
[2026-09-08 13:35:50.702] [RX] PITCH:4.29,PID_OUT:-115.90,INT:-0.0320,EL:-2896,ER:-1562,VEL:-142.4,MOT:1,TILT:25.0,TRIM:3.836,ATE:1,LATCH:0,TORQ:1,CR:0.0,FX1:1.00,FY1:-151.10,FX2:-6.00,FY2:-149.60,IK1:1,IK2:1,MOVE:0
[2026-09-08 13:35:50.803] [RX] PITCH:4.95,PID_OUT:-82.29,INT:-0.0662,EL:-2927,ER:-1552,VEL:-197.4,MOT:1,TILT:25.0,TRIM:4.962,ATE:1,LATCH:0,TORQ:1,CR:0.0,FX1:1.00,FY1:-151.10,FX2:-6.00,FY2:-149.60,IK1:1,IK2:1,MOVE:0
[2026-09-08 13:35:50.908] [RX] PITCH:6.07,PID_OUT:-166.72,INT:-0.0985,EL:-2956,ER:-1541,VEL:-194.9,MOT:1,TILT:25.0,TRIM:4.942,ATE:1,LATCH:0,TORQ:1,CR:0.0,FX1:1.00,FY1:-151.10,FX2:-6.00,FY2:-149.60,IK1:1,IK2:1,MOVE:0
[2026-09-08 13:35:50.914] [RX] AX12:MODE:0,TQ:1,TL:1023,CM:1,CS:4,MS:0,MT:800
[2026-09-08 13:35:51.006] [RX] PITCH:5.93,PID_OUT:-61.29,INT:-0.0847,EL:-2993,ER:-1524,VEL:-254.0,MOT:1,TILT:25.0,TRIM:6.000,ATE:1,LATCH:0,TORQ:1,CR:0.0,FX1:1.00,FY1:-151.10,FX2:-6.00,FY2:-149.60,IK1:1,IK2:1,MOVE:0
[2026-09-08 13:35:51.006] [RX] SRV:1,37,0.0,0,0
[2026-09-08 13:35:51.101] [RX] PITCH:6.56,PID_OUT:-68.85,INT:-0.0985,EL:-3034,ER:-1508,VEL:-274.6,MOT:1,TILT:25.0,TRIM:6.000,ATE:1,LATCH:0,TORQ:1,CR:0.0,FX1:1.00,FY1:-151.10,FX2:-6.00,FY2:-149.60,IK1:1,IK2:1,MOVE:0
[2026-09-08 13:35:51.203] [RX] PITCH:5.87,PID_OUT:-31.36,INT:-0.0969,EL:-3069,ER:-1495,VEL:-248.0,MOT:1,TILT:25.0,TRIM:6.000,ATE:1,LATCH:0,TORQ:1,CR:0.0,FX1:1.00,FY1:-151.10,FX2:-6.00,FY2:-149.60,IK1:1,IK2:1,MOVE:0
[2026-09-08 13:35:51.305] [RX] PITCH:5.66,PID_OUT:-89.40,INT:-0.0965,EL:-3104,ER:-1489,VEL:-209.1,MOT:1,TILT:25.0,TRIM:5.375,ATE:1,LATCH:0,TORQ:1,CR:0.0,FX1:1.00,FY1:-151.10,FX2:-6.00,FY2:-149.60,IK1:1,IK2:1,MOVE:0
[2026-09-08 13:35:51.408] [RX] PITCH:4.76,PID_OUT:-44.66,INT:-0.0985,EL:-3127,ER:-1483,VEL:-160.3,MOT:1,TILT:25.0,TRIM:4.425,ATE:1,LATCH:0,TORQ:1,CR:0.0,FX1:1.00,FY1:-151.10,FX2:-6.00,FY2:-149.60,IK1:1,IK2:1,MOVE:0
[2026-09-08 13:35:51.413] [RX] AX12:MODE:0,TQ:1,TL:1023,CM:1,CS:4,MS:0,MT:800
[2026-09-08 13:35:51.500] [RX] PITCH:3.67,PID_OUT:-9.31,INT:-0.0764,EL:-3152,ER:-1480,VEL:-141.5,MOT:1,TILT:25.0,TRIM:4.073,ATE:1,LATCH:0,TORQ:1,CR:0.0,FX1:1.00,FY1:-151.10,FX2:-6.00,FY2:-149.60,IK1:1,IK2:1,MOVE:0
[2026-09-08 13:35:51.601] [RX] PITCH:3.37,PID_OUT:-16.67,INT:-0.0537,EL:-3174,ER:-1480,VEL:-114.0,MOT:1,TILT:25.0,TRIM:3.541,ATE:1,LATCH:0,TORQ:1,CR:0.0,FX1:1.00,FY1:-151.10,FX2:-6.00,FY2:-149.60,IK1:1,IK2:1,MOVE:0
[2026-09-08 13:35:51.699] [RX] PITCH:3.00,PID_OUT:53.10,INT:-0.0016,EL:-3199,ER:-1480,VEL:-124.8,MOT:1,TILT:25.0,TRIM:3.774,ATE:1,LATCH:0,TORQ:1,CR:0.0,FX1:1.00,FY1:-151.10,FX2:-6.00,FY2:-149.60,IK1:1,IK2:1,MOVE:0
[2026-09-08 13:35:51.800] [RX] PITCH:2.44,PID_OUT:-69.11,INT:-0.0344,EL:-3198,ER:-1479,VEL:-28.1,MOT:1,TILT:25.0,TRIM:1.849,ATE:1,LATCH:0,TORQ:1,CR:0.0,FX1:1.00,FY1:-151.10,FX2:-6.00,FY2:-149.60,IK1:1,IK2:1,MOVE:0
[2026-09-08 13:35:51.911] [RX] PITCH:2.22,PID_OUT:47.86,INT:-0.0358,EL:-3216,ER:-1479,VEL:-99.1,MOT:1,TILT:25.0,TRIM:3.276,ATE:1,LATCH:0,TORQ:1,CR:0.0,FX1:1.00,FY1:-151.10,FX2:-6.00,FY2:-149.60,IK1:1,IK2:1,MOVE:0
[2026-09-08 13:35:51.911] [RX] AX12:MODE:0,TQ:1,TL:1023,CM:1,CS:4,MS:0,MT:800
[2026-09-08 13:35:52.000] [RX] PITCH:2.46,PID_OUT:-116.67,INT:-0.0444,EL:-3236,ER:-1499,VEL:-25.5,MOT:1,TILT:25.0,TRIM:1.811,ATE:1,LATCH:0,TORQ:1,CR:0.0,FX1:1.00,FY1:-151.10,FX2:-6.00,FY2:-149.60,IK1:1,IK2:1,MOVE:0
[2026-09-08 13:35:52.002] [RX] SRV:6,39,0.0,0,0
[2026-09-08 13:35:52.099] [RX] PITCH:2.75,PID_OUT:-124.40,INT:-0.0505,EL:-3249,ER:-1498,VEL:-49.6,MOT:1,TILT:25.0,TRIM:2.301,ATE:1,LATCH:0,TORQ:1,CR:0.0,FX1:1.00,FY1:-151.10,FX2:-6.00,FY2:-149.60,IK1:1,IK2:1,MOVE:0
[2026-09-08 13:35:52.200] [RX] PITCH:3.33,PID_OUT:-35.35,INT:-0.0701,EL:-3270,ER:-1495,VEL:-113.8,MOT:1,TILT:25.0,TRIM:3.598,ATE:1,LATCH:0,TORQ:1,CR:0.0,FX1:1.00,FY1:-151.10,FX2:-6.00,FY2:-149.60,IK1:1,IK2:1,MOVE:0
[2026-09-08 13:35:52.295] [RX] PITCH:4.50,PID_OUT:-198.53,INT:-0.0474,EL:-3291,ER:-1491,VEL:-110.0,MOT:1,TILT:25.0,TRIM:3.541,ATE:1,LATCH:0,TORQ:1,CR:0.0,FX1:1.00,FY1:-151.10,FX2:-6.00,FY2:-149.60,IK1:1,IK2:1,MOVE:0
[2026-09-08 13:35:52.407] [RX] PITCH:4.43,PID_OUT:-18.43,INT:-0.0713,EL:-3317,ER:-1477,VEL:-192.0,MOT:1,TILT:25.0,TRIM:5.205,ATE:1,LATCH:0,TORQ:1,CR:0.0,FX1:1.00,FY1:-151.10,FX2:-6.00,FY2:-149.60,IK1:1,IK2:1,MOVE:0
[2026-09-08 13:35:52.411] [RX] AX12:MODE:0,TQ:1,TL:1023,CM:1,CS:4,MS:0,MT:800
[2026-09-08 13:35:52.500] [RX] PITCH:6.54,PID_OUT:-181.52,INT:-0.0612,EL:-3347,ER:-1466,VEL:-201.8,MOT:1,TILT:25.0,TRIM:5.430,ATE:1,LATCH:0,TORQ:1,CR:0.0,FX1:1.00,FY1:-151.10,FX2:-6.00,FY2:-149.60,IK1:1,IK2:1,MOVE:0
[2026-09-08 13:35:52.599] [RX] PITCH:6.33,PID_OUT:-42.69,INT:-0.0985,EL:-3380,ER:-1445,VEL:-263.8,MOT:1,TILT:25.0,TRIM:6.000,ATE:1,LATCH:0,TORQ:1,CR:0.0,FX1:1.00,FY1:-151.10,FX2:-6.00,FY2:-149.60,IK1:1,IK2:1,MOVE:0
[2026-09-08 13:35:52.702] [RX] PITCH:6.28,PID_OUT:-44.68,INT:-0.0985,EL:-3418,ER:-1428,VEL:-271.2,MOT:1,TILT:25.0,TRIM:6.000,ATE:1,LATCH:0,TORQ:1,CR:0.0,FX1:1.00,FY1:-151.10,FX2:-6.00,FY2:-149.60,IK1:1,IK2:1,MOVE:0
[2026-09-08 13:35:52.796] [RX] PITCH:5.93,PID_OUT:-37.77,INT:-0.0985,EL:-3451,ER:-1422,VEL:-198.5,MOT:1,TILT:25.0,TRIM:5.476,ATE:1,LATCH:0,TORQ:1,CR:0.0,FX1:1.00,FY1:-151.10,FX2:-6.00,FY2:-149.60,IK1:1,IK2:1,MOVE:0
[2026-09-08 13:35:52.902] [RX] PITCH:3.88,PID_OUT:21.18,INT:-0.0985,EL:-3473,ER:-1422,VEL:-108.8,MOT:1,TILT:25.0,TRIM:3.705,ATE:1,LATCH:0,TORQ:1,CR:0.0,FX1:1.00,FY1:-151.10,FX2:-6.00,FY2:-149.60,IK1:1,IK2:1,MOVE:0
[2026-09-08 13:35:52.909] [RX] AX12:MODE:0,TQ:1,TL:1023,CM:1,CS:4,MS:0,MT:800
[2026-09-08 13:35:52.999] [RX] PITCH:0.70,PID_OUT:92.71,INT:-0.0421,EL:-3476,ER:-1428,VEL:7.1,MOT:1,TILT:25.0,TRIM:1.394,ATE:1,LATCH:0,TORQ:1,CR:0.0,FX1:1.00,FY1:-151.10,FX2:-6.00,FY2:-149.60,IK1:1,IK2:1,MOVE:0
[2026-09-08 13:35:52.999] [RX] SRV:0,36,0.0,0,0
[2026-09-08 13:35:53.096] [RX] PITCH:-1.32,PID_OUT:152.58,INT:0.0198,EL:-3472,ER:-1447,VEL:90.3,MOT:1,TILT:25.0,TRIM:-0.280,ATE:1,LATCH:0,TORQ:1,CR:0.0,FX1:1.00,FY1:-151.10,FX2:-6.00,FY2:-149.60,IK1:1,IK2:1,MOVE:0
[2026-09-08 13:35:53.195] [RX] PITCH:-1.81,PID_OUT:61.80,INT:0.0637,EL:-3458,ER:-1472,VEL:185.3,MOT:1,TILT:25.0,TRIM:-2.201,ATE:1,LATCH:0,TORQ:1,CR:0.0,FX1:1.00,FY1:-151.10,FX2:-6.00,FY2:-149.60,IK1:1,IK2:1,MOVE:0
[2026-09-08 13:35:53.296] [RX] PITCH:-3.64,PID_OUT:80.55,INT:0.0985,EL:-3439,ER:-1496,VEL:228.3,MOT:1,TILT:25.0,TRIM:-3.089,ATE:1,LATCH:0,TORQ:1,CR:0.0,FX1:1.00,FY1:-151.10,FX2:-6.00,FY2:-149.60,IK1:1,IK2:1,MOVE:0
[2026-09-08 13:35:53.401] [RX] PITCH:-3.79,PID_OUT:136.43,INT:0.0415,EL:-3413,ER:-1530,VEL:287.3,MOT:1,TILT:25.0,TRIM:-4.309,ATE:1,LATCH:0,TORQ:1,CR:0.0,FX1:1.00,FY1:-151.10,FX2:-6.00,FY2:-149.60,IK1:1,IK2:1,MOVE:0
[2026-09-08 13:35:53.406] [RX] AX12:MODE:0,TQ:1,TL:1023,CM:1,CS:4,MS:0,MT:800
[2026-09-08 13:35:53.495] [RX] PITCH:-5.49,PID_OUT:75.42,INT:0.0671,EL:-3374,ER:-1567,VEL:381.7,MOT:1,TILT:25.0,TRIM:-6.000,ATE:1,LATCH:0,TORQ:1,CR:0.0,FX1:1.00,FY1:-151.10,FX2:-6.00,FY2:-149.60,IK1:1,IK2:1,MOVE:0
[2026-09-08 13:35:53.596] [RX] PITCH:-8.11,PID_OUT:157.41,INT:0.0985,EL:-3316,ER:-1614,VEL:537.8,MOT:1,TILT:25.0,TRIM:-6.000,ATE:1,LATCH:0,TORQ:1,CR:0.0,FX1:1.00,FY1:-151.10,FX2:-6.00,FY2:-149.60,IK1:1,IK2:1,MOVE:0
[2026-09-08 13:35:53.698] [RX] PITCH:-8.26,PID_OUT:58.88,INT:0.0985,EL:-3243,ER:-1686,VEL:702.2,MOT:1,TILT:25.0,TRIM:-6.000,ATE:1,LATCH:0,TORQ:1,CR:0.0,FX1:1.00,FY1:-151.10,FX2:-6.00,FY2:-149.60,IK1:1,IK2:1,MOVE:0
[2026-09-08 13:35:53.795] [RX] PITCH:-6.34,PID_OUT:-52.93,INT:0.0985,EL:-3187,ER:-1751,VEL:593.7,MOT:1,TILT:25.0,TRIM:-6.000,ATE:1,LATCH:0,TORQ:1,CR:0.0,FX1:1.00,FY1:-151.10,FX2:-6.00,FY2:-149.60,IK1:1,IK2:1,MOVE:0
[2026-09-08 13:35:53.905] [RX] PITCH:-6.13,PID_OUT:-112.76,INT:0.0985,EL:-3148,ER:-1801,VEL:469.6,MOT:1,TILT:25.0,TRIM:-6.000,ATE:1,LATCH:0,TORQ:1,CR:0.0,FX1:1.00,FY1:-151.10,FX2:-6.00,FY2:-149.60,IK1:1,IK2:1,MOVE:0
[2026-09-08 13:35:53.906] [RX] AX12:MODE:0,TQ:1,TL:1023,CM:1,CS:4,MS:0,MT:800
[2026-09-08 13:35:53.994] [RX] PITCH:-5.29,PID_OUT:21.13,INT:0.0877,EL:-3128,ER:-1828,VEL:271.8,MOT:1,TILT:25.0,TRIM:-4.438,ATE:1,LATCH:0,TORQ:1,CR:0.0,FX1:1.00,FY1:-151.10,FX2:-6.00,FY2:-149.60,IK1:1,IK2:1,MOVE:0
[2026-09-08 13:35:53.997] [RX] SRV:14,42,6.3,0,0
[2026-09-08 13:35:54.093] [RX] PITCH:-1.73,PID_OUT:-87.58,INT:0.0983,EL:-3123,ER:-1847,VEL:135.7,MOT:1,TILT:25.0,TRIM:-1.746,ATE:1,LATCH:0,TORQ:1,CR:0.0,FX1:1.00,FY1:-151.10,FX2:-6.00,FY2:-149.60,IK1:1,IK2:1,MOVE:0
[2026-09-08 13:35:54.194] [RX] PITCH:1.82,PID_OUT:-67.90,INT:0.0663,EL:-3138,ER:-1851,VEL:-24.3,MOT:1,TILT:25.0,TRIM:1.448,ATE:1,LATCH:0,TORQ:1,CR:0.0,FX1:1.00,FY1:-151.10,FX2:-6.00,FY2:-149.60,IK1:1,IK2:1,MOVE:0
[2026-09-08 13:35:54.292] [RX] PITCH:3.77,PID_OUT:-107.57,INT:-0.0127,EL:-3159,ER:-1848,VEL:-124.9,MOT:1,TILT:25.0,TRIM:3.470,ATE:1,LATCH:0,TORQ:1,CR:0.0,FX1:1.00,FY1:-151.10,FX2:-6.00,FY2:-149.60,IK1:1,IK2:1,MOVE:0
[2026-09-08 13:35:54.392] [RX] PITCH:5.26,PID_OUT:-77.84,INT:-0.0811,EL:-3188,ER:-1837,VEL:-203.8,MOT:1,TILT:25.0,TRIM:5.072,ATE:1,LATCH:0,TORQ:1,CR:0.0,FX1:1.00,FY1:-151.10,FX2:-6.00,FY2:-149.60,IK1:1,IK2:1,MOVE:0
[2026-09-08 13:35:54.402] [RX] AX12:MODE:0,TQ:1,TL:1023,CM:1,CS:4,MS:0,MT:800
[2026-09-08 13:35:54.494] [RX] PITCH:6.96,PID_OUT:-252.92,INT:-0.0576,EL:-3224,ER:-1820,VEL:-244.4,MOT:1,TILT:25.0,TRIM:5.921,ATE:1,LATCH:0,TORQ:1,CR:0.0,FX1:1.00,FY1:-151.10,FX2:-6.00,FY2:-149.60,IK1:1,IK2:1,MOVE:0
[2026-09-08 13:35:54.594] [RX] PITCH:6.71,PID_OUT:-120.81,INT:-0.0985,EL:-3284,ER:-1778,VEL:-465.9,MOT:1,TILT:25.0,TRIM:6.000,ATE:1,LATCH:0,TORQ:1,CR:0.0,FX1:1.00,FY1:-151.10,FX2:-6.00,FY2:-149.60,IK1:1,IK2:1,MOVE:0
[2026-09-08 13:35:54.691] [RX] PITCH:7.71,PID_OUT:-224.21,INT:-0.0985,EL:-3342,ER:-1729,VEL:-533.9,MOT:1,TILT:25.0,TRIM:6.000,ATE:1,LATCH:0,TORQ:1,CR:0.0,FX1:1.00,FY1:-151.10,FX2:-6.00,FY2:-149.60,IK1:1,IK2:1,MOVE:0
[2026-09-08 13:35:54.792] [RX] PITCH:8.63,PID_OUT:-126.53,INT:-0.0985,EL:-3415,ER:-1662,VEL:-674.7,MOT:1,TILT:25.0,TRIM:6.000,ATE:1,LATCH:0,TORQ:1,CR:0.0,FX1:1.00,FY1:-151.10,FX2:-6.00,FY2:-149.60,IK1:1,IK2:1,MOVE:0
[2026-09-08 13:35:54.899] [RX] PITCH:6.89,PID_OUT:88.05,INT:-0.0985,EL:-3488,ER:-1602,VEL:-639.1,MOT:1,TILT:25.0,TRIM:6.000,ATE:1,LATCH:0,TORQ:1,CR:0.0,FX1:1.00,FY1:-151.10,FX2:-6.00,FY2:-149.60,IK1:1,IK2:1,MOVE:0
[2026-09-08 13:35:54.903] [RX] AX12:MODE:0,TQ:1,TL:1023,CM:1,CS:4,MS:0,MT:800
[2026-09-08 13:35:54.996] [RX] PITCH:5.78,PID_OUT:-7.74,INT:-0.0342,EL:-3521,ER:-1572,VEL:-325.8,MOT:1,TILT:25.0,TRIM:6.000,ATE:1,LATCH:0,TORQ:1,CR:0.0,FX1:1.00,FY1:-151.10,FX2:-6.00,FY2:-149.60,IK1:1,IK2:1,MOVE:0
[2026-09-08 13:35:54.996] [RX] SRV:1,37,0.0,0,0
[2026-09-08 13:35:55.092] [RX] PITCH:6.65,PID_OUT:-36.41,INT:-0.0854,EL:-3557,ER:-1549,VEL:-308.4,MOT:1,TILT:25.0,TRIM:6.000,ATE:1,LATCH:0,TORQ:1,CR:0.0,FX1:1.00,FY1:-151.10,FX2:-6.00,FY2:-149.60,IK1:1,IK2:1,MOVE:0
[2026-09-08 13:35:55.189] [RX] PITCH:4.44,PID_OUT:8.32,INT:-0.0731,EL:-3576,ER:-1539,VEL:-154.1,MOT:1,TILT:25.0,TRIM:4.596,ATE:1,LATCH:0,TORQ:1,CR:0.0,FX1:1.00,FY1:-151.10,FX2:-6.00,FY2:-149.60,IK1:1,IK2:1,MOVE:0
[2026-09-08 13:35:55.290] [RX] PITCH:2.47,PID_OUT:57.99,INT:-0.0771,EL:-3588,ER:-1542,VEL:-59.2,MOT:1,TILT:25.0,TRIM:2.713,ATE:1,LATCH:0,TORQ:1,CR:0.0,FX1:1.00,FY1:-151.10,FX2:-6.00,FY2:-149.60,IK1:1,IK2:1,MOVE:0
[2026-09-08 13:35:55.396] [RX] PITCH:-0.53,PID_OUT:193.18,INT:0.0104,EL:-3588,ER:-1547,VEL:9.7,MOT:1,TILT:25.0,TRIM:1.337,ATE:1,LATCH:0,TORQ:1,CR:0.0,FX1:1.00,FY1:-151.10,FX2:-6.00,FY2:-149.60,IK1:1,IK2:1,MOVE:0
[2026-09-08 13:35:55.401] [RX] AX12:MODE:0,TQ:1,TL:1023,CM:1,CS:4,MS:0,MT:800
[2026-09-08 13:35:55.490] [RX] PITCH:-1.19,PID_OUT:75.12,INT:0.0406,EL:-3576,ER:-1571,VEL:146.0,MOT:1,TILT:25.0,TRIM:-1.403,ATE:1,LATCH:0,TORQ:1,CR:0.0,FX1:1.00,FY1:-151.10,FX2:-6.00,FY2:-149.60,IK1:1,IK2:1,MOVE:0
[2026-09-08 13:35:55.590] [RX] PITCH:-3.73,PID_OUT:143.71,INT:0.0985,EL:-3558,ER:-1596,VEL:212.7,MOT:1,TILT:25.0,TRIM:-2.765,ATE:1,LATCH:0,TORQ:1,CR:0.0,FX1:1.00,FY1:-151.10,FX2:-6.00,FY2:-149.60,IK1:1,IK2:1,MOVE:0
[2026-09-08 13:35:55.691] [RX] PITCH:-4.46,PID_OUT:186.49,INT:0.0600,EL:-3532,ER:-1632,VEL:277.1,MOT:1,TILT:25.0,TRIM:-4.093,ATE:1,LATCH:0,TORQ:1,CR:0.0,FX1:1.00,FY1:-151.10,FX2:-6.00,FY2:-149.60,IK1:1,IK2:1,MOVE:0
[2026-09-08 13:35:55.787] [RX] PITCH:-5.87,PID_OUT:150.63,INT:0.0872,EL:-3487,ER:-1672,VEL:413.6,MOT:1,TILT:25.0,TRIM:-6.000,ATE:1,LATCH:0,TORQ:1,CR:0.0,FX1:1.00,FY1:-151.10,FX2:-6.00,FY2:-149.60,IK1:1,IK2:1,MOVE:0
[2026-09-08 13:35:55.890] [RX] PITCH:-8.99,PID_OUT:221.90,INT:0.0985,EL:-3424,ER:-1728,VEL:611.7,MOT:1,TILT:25.0,TRIM:-6.000,ATE:1,LATCH:0,TORQ:1,CR:0.0,FX1:1.00,FY1:-151.10,FX2:-6.00,FY2:-149.60,IK1:1,IK2:1,MOVE:0
[2026-09-08 13:35:55.899] [RX] AX12:MODE:0,TQ:1,TL:1023,CM:1,CS:4,MS:0,MT:800
[2026-09-08 13:35:55.988] [RX] PITCH:-7.81,PID_OUT:102.45,INT:0.0985,EL:-3344,ER:-1800,VEL:717.3,MOT:1,TILT:25.0,TRIM:-6.000,ATE:1,LATCH:0,TORQ:1,CR:0.0,FX1:1.00,FY1:-151.10,FX2:-6.00,FY2:-149.60,IK1:1,IK2:1,MOVE:0
[2026-09-08 13:35:55.991] [RX] SRV:6,39,6.3,0,0
[2026-09-08 13:35:56.087] [RX] PITCH:-7.82,PID_OUT:20.21,INT:0.0985,EL:-3271,ER:-1863,VEL:684.5,MOT:1,TILT:25.0,TRIM:-6.000,ATE:1,LATCH:0,TORQ:1,CR:0.0,FX1:1.00,FY1:-151.10,FX2:-6.00,FY2:-149.60,IK1:1,IK2:1,MOVE:0
[2026-09-08 13:35:56.191] [RX] PITCH:-4.84,PID_OUT:-57.99,INT:0.0621,EL:-3225,ER:-1908,VEL:445.4,MOT:1,TILT:25.0,TRIM:-6.000,ATE:1,LATCH:0,TORQ:1,CR:0.0,FX1:1.00,FY1:-151.10,FX2:-6.00,FY2:-149.60,IK1:1,IK2:1,MOVE:0
[2026-09-08 13:35:56.287] [RX] PITCH:-5.87,PID_OUT:30.23,INT:0.0985,EL:-3207,ER:-1941,VEL:324.2,MOT:1,TILT:25.0,TRIM:-5.506,ATE:1,LATCH:0,TORQ:1,CR:0.0,FX1:1.00,FY1:-151.10,FX2:-6.00,FY2:-149.60,IK1:1,IK2:1,MOVE:0
[2026-09-08 13:35:56.399] [RX] PITCH:-4.04,PID_OUT:11.11,INT:0.0985,EL:-3183,ER:-1963,VEL:241.8,MOT:1,TILT:25.0,TRIM:-3.900,ATE:1,LATCH:0,TORQ:1,CR:0.0,FX1:1.00,FY1:-151.10,FX2:-6.00,FY2:-149.60,IK1:1,IK2:1,MOVE:0
[2026-09-08 13:35:56.399] [RX] AX12:MODE:0,TQ:1,TL:1023,CM:1,CS:4,MS:0,MT:800
[2026-09-08 13:35:56.486] [RX] PITCH:-1.43,PID_OUT:-20.65,INT:0.0708,EL:-3172,ER:-1978,VEL:152.9,MOT:1,TILT:25.0,TRIM:-2.150,ATE:1,LATCH:0,TORQ:1,CR:0.0,FX1:1.00,FY1:-151.10,FX2:-6.00,FY2:-149.60,IK1:1,IK2:1,MOVE:0
[2026-09-08 13:35:56.586] [RX] PITCH:-1.25,PID_OUT:46.99,INT:0.0341,EL:-3167,ER:-1994,VEL:119.3,MOT:1,TILT:25.0,TRIM:-1.497,ATE:1,LATCH:0,TORQ:1,CR:0.0,FX1:1.00,FY1:-151.10,FX2:-6.00,FY2:-149.60,IK1:1,IK2:1,MOVE:0
[2026-09-08 13:35:56.684] [RX] PITCH:-2.07,PID_OUT:76.34,INT:0.0509,EL:-3161,ER:-2015,VEL:138.7,MOT:1,TILT:25.0,TRIM:-1.902,ATE:1,LATCH:0,TORQ:1,CR:0.0,FX1:1.00,FY1:-151.10,FX2:-6.00,FY2:-149.60,IK1:1,IK2:1,MOVE:0
[2026-09-08 13:35:56.786] [RX] PITCH:-2.47,PID_OUT:105.10,INT:0.0570,EL:-3152,ER:-2038,VEL:157.0,MOT:1,TILT:25.0,TRIM:-2.291,ATE:1,LATCH:0,TORQ:1,CR:0.0,FX1:1.00,FY1:-151.10,FX2:-6.00,FY2:-149.60,IK1:1,IK2:1,MOVE:0
[2026-09-08 13:35:56.890] [RX] PITCH:-2.90,PID_OUT:66.66,INT:0.0905,EL:-3139,ER:-2064,VEL:201.4,MOT:1,TILT:25.0,TRIM:-3.204,ATE:1,LATCH:0,TORQ:1,CR:0.0,FX1:1.00,FY1:-151.10,FX2:-6.00,FY2:-149.60,IK1:1,IK2:1,MOVE:0
[2026-09-08 13:35:56.898] [RX] AX12:MODE:0,TQ:1,TL:1023,CM:1,CS:4,MS:0,MT:800
[2026-09-08 13:35:56.989] [RX] PITCH:-4.32,PID_OUT:201.61,INT:0.0941,EL:-3123,ER:-2090,VEL:201.9,MOT:1,TILT:25.0,TRIM:-3.246,ATE:1,LATCH:0,TORQ:1,CR:0.0,FX1:1.00,FY1:-151.10,FX2:-6.00,FY2:-149.60,IK1:1,IK2:1,MOVE:0
[2026-09-08 13:35:56.989] [RX] SRV:0,36,0.0,0,0
[2026-09-08 13:35:57.084] [RX] PITCH:-6.17,PID_OUT:86.38,INT:0.0985,EL:-3092,ER:-2124,VEL:305.8,MOT:1,TILT:25.0,TRIM:-5.365,ATE:1,LATCH:0,TORQ:1,CR:0.0,FX1:1.00,FY1:-151.10,FX2:-6.00,FY2:-149.60,IK1:1,IK2:1,MOVE:0
[2026-09-08 13:35:57.184] [RX] PITCH:-6.23,PID_OUT:-1.59,INT:0.0985,EL:-3066,ER:-2159,VEL:291.3,MOT:1,TILT:25.0,TRIM:-5.121,ATE:1,LATCH:0,TORQ:1,CR:0.0,FX1:1.00,FY1:-151.10,FX2:-6.00,FY2:-149.60,IK1:1,IK2:1,MOVE:0
[2026-09-08 13:35:57.286] [RX] PITCH:-2.15,PID_OUT:-48.14,INT:0.0985,EL:-3065,ER:-2180,VEL:123.5,MOT:1,TILT:25.0,TRIM:-1.795,ATE:1,LATCH:0,TORQ:1,CR:0.0,FX1:1.00,FY1:-151.10,FX2:-6.00,FY2:-149.60,IK1:1,IK2:1,MOVE:0
[2026-09-08 13:35:57.391] [RX] PITCH:1.04,PID_OUT:-100.94,INT:0.0538,EL:-3072,ER:-2189,VEL:30.8,MOT:1,TILT:25.0,TRIM:0.050,ATE:1,LATCH:0,TORQ:1,CR:0.0,FX1:1.00,FY1:-151.10,FX2:-6.00,FY2:-149.60,IK1:1,IK2:1,MOVE:0
[2026-09-08 13:35:57.391] [RX] AX12:MODE:0,TQ:1,TL:1023,CM:1,CS:4,MS:0,MT:800
[2026-09-08 13:35:57.483] [RX] PITCH:2.51,PID_OUT:-161.37,INT:0.0032,EL:-3085,ER:-2188,VEL:-38.6,MOT:1,TILT:25.0,TRIM:1.441,ATE:1,LATCH:0,TORQ:1,CR:0.0,FX1:1.00,FY1:-151.10,FX2:-6.00,FY2:-149.60,IK1:1,IK2:1,MOVE:0
[2026-09-08 13:35:57.586] [RX] PITCH:3.78,PID_OUT:-131.69,INT:-0.0352,EL:-3114,ER:-2184,VEL:-133.5,MOT:1,TILT:25.0,TRIM:3.357,ATE:1,LATCH:0,TORQ:1,CR:0.0,FX1:1.00,FY1:-151.10,FX2:-6.00,FY2:-149.60,IK1:1,IK2:1,MOVE:0
[2026-09-08 13:35:57.685] [RX] PITCH:4.88,PID_OUT:-123.08,INT:-0.0849,EL:-3145,ER:-2175,VEL:-192.8,MOT:1,TILT:25.0,TRIM:4.566,ATE:1,LATCH:0,TORQ:1,CR:0.0,FX1:1.00,FY1:-151.10,FX2:-6.00,FY2:-149.60,IK1:1,IK2:1,MOVE:0
[2026-09-08 13:35:57.782] [RX] PITCH:5.34,PID_OUT:-99.41,INT:-0.0954,EL:-3177,ER:-2159,VEL:-243.8,MOT:1,TILT:25.0,TRIM:5.619,ATE:1,LATCH:0,TORQ:1,CR:0.0,FX1:1.00,FY1:-151.10,FX2:-6.00,FY2:-149.60,IK1:1,IK2:1,MOVE:0
[2026-09-08 13:35:57.885] [RX] PITCH:6.95,PID_OUT:-202.76,INT:-0.0985,EL:-3215,ER:-2137,VEL:-298.6,MOT:1,TILT:25.0,TRIM:6.000,ATE:1,LATCH:0,TORQ:1,CR:0.0,FX1:1.00,FY1:-151.10,FX2:-6.00,FY2:-149.60,IK1:1,IK2:1,MOVE:0
[2026-09-08 13:35:57.893] [RX] AX12:MODE:0,TQ:1,TL:1023,CM:1,CS:4,MS:0,MT:800
[2026-09-08 13:35:57.983] [RX] PITCH:7.11,PID_OUT:-221.78,INT:-0.0985,EL:-3268,ER:-2099,VEL:-438.3,MOT:1,TILT:25.0,TRIM:6.000,ATE:1,LATCH:0,TORQ:1,CR:0.0,FX1:1.00,FY1:-151.10,FX2:-6.00,FY2:-149.60,IK1:1,IK2:1,MOVE:0
[2026-09-08 13:35:57.986] [RX] SRV:14,43,6.3,0,0
[2026-09-08 13:35:58.081] [RX] PITCH:6.91,PID_OUT:-132.08,INT:-0.0985,EL:-3341,ER:-2043,VEL:-608.1,MOT:1,TILT:25.0,TRIM:6.000,ATE:1,LATCH:0,TORQ:1,CR:0.0,FX1:1.00,FY1:-151.10,FX2:-6.00,FY2:-149.60,IK1:1,IK2:1,MOVE:0
[2026-09-08 13:35:58.182] [RX] PITCH:8.62,PID_OUT:-202.38,INT:-0.0985,EL:-3417,ER:-1981,VEL:-686.0,MOT:1,TILT:25.0,TRIM:6.000,ATE:1,LATCH:0,TORQ:1,CR:0.0,FX1:1.00,FY1:-151.10,FX2:-6.00,FY2:-149.60,IK1:1,IK2:1,MOVE:0
[2026-09-08 13:35:58.283] [RX] PITCH:8.08,PID_OUT:-77.60,INT:-0.0985,EL:-3499,ER:-1908,VEL:-764.3,MOT:1,TILT:25.0,TRIM:6.000,ATE:1,LATCH:0,TORQ:1,CR:0.0,FX1:1.00,FY1:-151.10,FX2:-6.00,FY2:-149.60,IK1:1,IK2:1,MOVE:0
[2026-09-08 13:35:58.383] [RX] PITCH:4.83,PID_OUT:123.13,INT:-0.0758,EL:-3574,ER:-1848,VEL:-665.1,MOT:1,TILT:25.0,TRIM:6.000,ATE:1,LATCH:0,TORQ:1,CR:0.0,FX1:1.00,FY1:-151.10,FX2:-6.00,FY2:-149.60,IK1:1,IK2:1,MOVE:0
[2026-09-08 13:35:58.392] [RX] AX12:MODE:0,TQ:1,TL:1023,CM:1,CS:4,MS:0,MT:800
[2026-09-08 13:35:58.484] [RX] PITCH:6.40,PID_OUT:-28.07,INT:-0.0711,EL:-3623,ER:-1800,VEL:-519.9,MOT:1,TILT:25.0,TRIM:6.000,ATE:1,LATCH:0,TORQ:1,CR:0.0,FX1:1.00,FY1:-151.10,FX2:-6.00,FY2:-149.60,IK1:1,IK2:1,MOVE:0
[2026-09-08 13:35:58.584] [RX] PITCH:5.13,PID_OUT:87.27,INT:-0.0743,EL:-3665,ER:-1766,VEL:-392.5,MOT:1,TILT:25.0,TRIM:6.000,ATE:1,LATCH:0,TORQ:1,CR:0.0,FX1:1.00,FY1:-151.10,FX2:-6.00,FY2:-149.60,IK1:1,IK2:1,MOVE:0
[2026-09-08 13:35:58.684] [RX] PITCH:5.27,PID_OUT:-3.87,INT:0.0189,EL:-3687,ER:-1754,VEL:-190.1,MOT:1,TILT:25.0,TRIM:5.235,ATE:1,LATCH:0,TORQ:1,CR:0.0,FX1:1.00,FY1:-151.10,FX2:-6.00,FY2:-149.60,IK1:1,IK2:1,MOVE:0
[2026-09-08 13:35:58.783] [RX] PITCH:4.77,PID_OUT:-22.74,INT:-0.0055,EL:-3705,ER:-1743,VEL:-142.3,MOT:1,TILT:25.0,TRIM:4.305,ATE:1,LATCH:0,TORQ:1,CR:0.0,FX1:1.00,FY1:-151.10,FX2:-6.00,FY2:-149.60,IK1:1,IK2:1,MOVE:0
[2026-09-08 13:35:58.893] [RX] PITCH:3.41,PID_OUT:-14.43,INT:-0.0260,EL:-3717,ER:-1738,VEL:-80.6,MOT:1,TILT:25.0,TRIM:3.090,ATE:1,LATCH:0,TORQ:1,CR:0.0,FX1:1.00,FY1:-151.10,FX2:-6.00,FY2:-149.60,IK1:1,IK2:1,MOVE:0
[2026-09-08 13:35:58.895] [RX] AX12:MODE:0,TQ:1,TL:1023,CM:1,CS:4,MS:0,MT:800
[2026-09-08 13:35:58.982] [RX] PITCH:1.59,PID_OUT:-7.79,INT:-0.0413,EL:-3717,ER:-1740,VEL:11.0,MOT:1,TILT:25.0,TRIM:1.263,ATE:1,LATCH:0,TORQ:1,CR:0.0,FX1:1.00,FY1:-151.10,FX2:-6.00,FY2:-149.60,IK1:1,IK2:1,MOVE:0
[2026-09-08 13:35:58.983] [RX] SRV:1,37,0.0,0,0
[2026-09-08 13:35:59.081] [RX] PITCH:-0.63,PID_OUT:162.60,INT:0.0034,EL:-3716,ER:-1748,VEL:35.2,MOT:1,TILT:25.0,TRIM:0.775,ATE:1,LATCH:0,TORQ:1,CR:0.0,FX1:1.00,FY1:-151.10,FX2:-6.00,FY2:-149.60,IK1:1,IK2:1,MOVE:0
[2026-09-08 13:35:59.178] [RX] PITCH:-1.39,PID_OUT:123.36,INT:0.0810,EL:-3708,ER:-1767,VEL:115.6,MOT:1,TILT:25.0,TRIM:-0.847,ATE:1,LATCH:0,TORQ:1,CR:0.0,FX1:1.00,FY1:-151.10,FX2:-6.00,FY2:-149.60,IK1:1,IK2:1,MOVE:0
[2026-09-08 13:35:59.280] [RX] PITCH:-2.60,PID_OUT:86.23,INT:0.0985,EL:-3694,ER:-1793,VEL:190.6,MOT:1,TILT:25.0,TRIM:-2.370,ATE:1,LATCH:0,TORQ:1,CR:0.0,FX1:1.00,FY1:-151.10,FX2:-6.00,FY2:-149.60,IK1:1,IK2:1,MOVE:0
[2026-09-08 13:35:59.385] [RX] PITCH:-3.04,PID_OUT:99.72,INT:0.0985,EL:-3679,ER:-1823,VEL:219.9,MOT:1,TILT:25.0,TRIM:-2.988,ATE:1,LATCH:0,TORQ:1,CR:0.0,FX1:1.00,FY1:-151.10,FX2:-6.00,FY2:-149.60,IK1:1,IK2:1,MOVE:0
[2026-09-08 13:35:59.385] [RX] AX12:MODE:0,TQ:1,TL:1023,CM:1,CS:4,MS:0,MT:800
[2026-09-08 13:35:59.478] [RX] PITCH:-4.26,PID_OUT:149.14,INT:0.0985,EL:-3660,ER:-1853,VEL:242.8,MOT:1,TILT:25.0,TRIM:-3.480,ATE:1,LATCH:0,TORQ:1,CR:0.0,FX1:1.00,FY1:-151.10,FX2:-6.00,FY2:-149.60,IK1:1,IK2:1,MOVE:0
[2026-09-08 13:35:59.579] [RX] PITCH:-5.36,PID_OUT:112.74,INT:0.0985,EL:-3634,ER:-1894,VEL:323.7,MOT:1,TILT:25.0,TRIM:-5.141,ATE:1,LATCH:0,TORQ:1,CR:0.0,FX1:1.00,FY1:-151.10,FX2:-6.00,FY2:-149.60,IK1:1,IK2:1,MOVE:0
[2026-09-08 13:35:59.679] [RX] PITCH:-6.57,PID_OUT:95.18,INT:0.0985,EL:-3604,ER:-1933,VEL:350.5,MOT:1,TILT:25.0,TRIM:-5.727,ATE:1,LATCH:0,TORQ:1,CR:0.0,FX1:1.00,FY1:-151.10,FX2:-6.00,FY2:-149.60,IK1:1,IK2:1,MOVE:0
[2026-09-08 13:35:59.777] [RX] PITCH:-7.19,PID_OUT:121.08,INT:0.0985,EL:-3568,ER:-1972,VEL:366.2,MOT:1,TILT:25.0,TRIM:-6.000,ATE:1,LATCH:0,TORQ:1,CR:0.0,FX1:1.00,FY1:-151.10,FX2:-6.00,FY2:-149.60,IK1:1,IK2:1,MOVE:0
[2026-09-08 13:35:59.877] [RX] PITCH:-7.03,PID_OUT:42.60,INT:0.0985,EL:-3531,ER:-2009,VEL:372.4,MOT:1,TILT:25.0,TRIM:-6.000,ATE:1,LATCH:0,TORQ:1,CR:0.0,FX1:1.00,FY1:-151.10,FX2:-6.00,FY2:-149.60,IK1:1,IK2:1,MOVE:0
[2026-09-08 13:35:59.887] [RX] AX12:MODE:0,TQ:1,TL:1023,CM:1,CS:4,MS:0,MT:800
[2026-09-08 13:35:59.977] [RX] PITCH:-5.68,PID_OUT:18.95,INT:0.0985,EL:-3499,ER:-2036,VEL:302.0,MOT:1,TILT:25.0,TRIM:-4.916,ATE:1,LATCH:0,TORQ:1,CR:0.0,FX1:1.00,FY1:-151.10,FX2:-6.00,FY2:-149.60,IK1:1,IK2:1,MOVE:0
[2026-09-08 13:35:59.981] [RX] SRV:6,39,0.0,0,0
[2026-09-08 13:36:00.076] [RX] PITCH:-3.53,PID_OUT:5.63,INT:0.0985,EL:-3480,ER:-2054,VEL:190.5,MOT:1,TILT:25.0,TRIM:-2.724,ATE:1,LATCH:0,TORQ:1,CR:0.0,FX1:1.00,FY1:-151.10,FX2:-6.00,FY2:-149.60,IK1:1,IK2:1,MOVE:0
[2026-09-08 13:36:00.176] [RX] PITCH:-0.04,PID_OUT:-47.94,INT:0.0985,EL:-3478,ER:-2059,VEL:49.5,MOT:1,TILT:25.0,TRIM:0.079,ATE:1,LATCH:0,TORQ:1,CR:0.0,FX1:1.00,FY1:-151.10,FX2:-6.00,FY2:-149.60,IK1:1,IK2:1,MOVE:0
[2026-09-08 13:36:00.279] [RX] PITCH:2.65,PID_OUT:-103.49,INT:0.0659,EL:-3490,ER:-2058,VEL:-49.8,MOT:1,TILT:25.0,TRIM:2.066,ATE:1,LATCH:0,TORQ:1,CR:0.0,FX1:1.00,FY1:-151.10,FX2:-6.00,FY2:-149.60,IK1:1,IK2:1,MOVE:0
[2026-09-08 13:36:00.381] [RX] PITCH:4.16,PID_OUT:-87.02,INT:-0.0070,EL:-3514,ER:-2052,VEL:-148.6,MOT:1,TILT:25.0,TRIM:4.056,ATE:1,LATCH:0,TORQ:1,CR:0.0,FX1:1.00,FY1:-151.10,FX2:-6.00,FY2:-149.60,IK1:1,IK2:1,MOVE:0
[2026-09-08 13:36:00.390] [RX] AX12:MODE:0,TQ:1,TL:1023,CM:1,CS:4,MS:0,MT:800
[2026-09-08 13:36:00.475] [RX] PITCH:5.58,PID_OUT:-134.41,INT:-0.0495,EL:-3544,ER:-2040,VEL:-210.2,MOT:1,TILT:25.0,TRIM:5.313,ATE:1,LATCH:0,TORQ:1,CR:0.0,FX1:1.00,FY1:-151.10,FX2:-6.00,FY2:-149.60,IK1:1,IK2:1,MOVE:0
[2026-09-08 13:36:00.576] [RX] PITCH:7.74,PID_OUT:-189.02,INT:-0.0985,EL:-3581,ER:-2017,VEL:-294.6,MOT:1,TILT:25.0,TRIM:6.000,ATE:1,LATCH:0,TORQ:1,CR:0.0,FX1:1.00,FY1:-151.10,FX2:-6.00,FY2:-149.60,IK1:1,IK2:1,MOVE:0
[2026-09-08 13:36:00.672] [RX] PITCH:6.67,PID_OUT:-100.05,INT:-0.0985,EL:-3626,ER:-1980,VEL:-381.0,MOT:1,TILT:25.0,TRIM:6.000,ATE:1,LATCH:0,TORQ:1,CR:0.0,FX1:1.00,FY1:-151.10,FX2:-6.00,FY2:-149.60,IK1:1,IK2:1,MOVE:0
[2026-09-08 13:36:00.776] [RX] PITCH:7.32,PID_OUT:-125.71,INT:-0.0985,EL:-3670,ER:-1947,VEL:-386.3,MOT:1,TILT:25.0,TRIM:6.000,ATE:1,LATCH:0,TORQ:1,CR:0.0,FX1:1.00,FY1:-151.10,FX2:-6.00,FY2:-149.60,IK1:1,IK2:1,MOVE:0
[2026-09-08 13:36:00.875] [RX] PITCH:6.58,PID_OUT:-21.42,INT:-0.0985,EL:-3715,ER:-1913,VEL:-389.1,MOT:1,TILT:25.0,TRIM:6.000,ATE:1,LATCH:0,TORQ:1,CR:0.0,FX1:1.00,FY1:-151.10,FX2:-6.00,FY2:-149.60,IK1:1,IK2:1,MOVE:0
[2026-09-08 13:36:00.883] [RX] AX12:MODE:0,TQ:1,TL:1023,CM:1,CS:4,MS:0,MT:800
[2026-09-08 13:36:00.978] [RX] PITCH:5.43,PID_OUT:83.75,INT:-0.0841,EL:-3752,ER:-1893,VEL:-292.2,MOT:1,TILT:25.0,TRIM:6.000,ATE:1,LATCH:0,TORQ:1,CR:0.0,FX1:1.00,FY1:-151.10,FX2:-6.00,FY2:-149.60,IK1:1,IK2:1,MOVE:0
[2026-09-08 13:36:00.978] [RX] SRV:0,36,0.0,0,0
[2026-09-08 13:36:01.074] [RX] PITCH:5.52,PID_OUT:-12.13,INT:-0.0550,EL:-3776,ER:-1886,VEL:-181.8,MOT:1,TILT:25.0,TRIM:5.037,ATE:1,LATCH:0,TORQ:1,CR:0.0,FX1:1.00,FY1:-151.10,FX2:-6.00,FY2:-149.60,IK1:1,IK2:1,MOVE:0
[2026-09-08 13:36:01.173] [RX] PITCH:3.56,PID_OUT:-17.80,INT:-0.0985,EL:-3791,ER:-1888,VEL:-59.1,MOT:1,TILT:25.0,TRIM:2.603,ATE:1,LATCH:0,TORQ:1,CR:0.0,FX1:1.00,FY1:-151.10,FX2:-6.00,FY2:-149.60,IK1:1,IK2:1,MOVE:0
[2026-09-08 13:36:01.273] [RX] PITCH:-0.08,PID_OUT:166.32,INT:-0.0180,EL:-3794,ER:-1890,VEL:8.2,MOT:1,TILT:25.0,TRIM:1.264,ATE:1,LATCH:0,TORQ:1,CR:0.0,FX1:1.00,FY1:-151.10,FX2:-6.00,FY2:-149.60,IK1:1,IK2:1,MOVE:0
[2026-09-08 13:36:01.384] [RX] PITCH:-1.97,PID_OUT:96.39,INT:0.0184,EL:-3780,ER:-1917,VEL:177.6,MOT:1,TILT:25.0,TRIM:-2.140,ATE:1,LATCH:0,TORQ:1,CR:0.0,FX1:1.00,FY1:-151.10,FX2:-6.00,FY2:-149.60,IK1:1,IK2:1,MOVE:0
[2026-09-08 13:36:01.384] [RX] AX12:MODE:0,TQ:1,TL:1023,CM:1,CS:4,MS:0,MT:800
[2026-09-08 13:36:01.472] [RX] PITCH:-4.47,PID_OUT:63.05,INT:0.0985,EL:-3755,ER:-1945,VEL:269.0,MOT:1,TILT:25.0,TRIM:-3.999,ATE:1,LATCH:0,TORQ:1,CR:0.0,FX1:1.00,FY1:-151.10,FX2:-6.00,FY2:-149.60,IK1:1,IK2:1,MOVE:0
[2026-09-08 13:36:01.500] [TX] VP0.0
[2026-09-08 13:36:01.550] [RX] Updated -> P:78.000 I:650.000 D:3.520 Offset:-1.2910 Target:0.000 Alpha:0.9600 Tilt:25.00 TrimGain:0.0015 Crouch:0.00 VP:0.0000
[2026-09-08 13:36:01.671] [RX] PITCH:-2.77,PID_OUT:-51.59,INT:0.0985,EL:-3649,ER:-2045,VEL:681.2,MOT:1,TILT:25.0,TRIM:1.261,ATE:1,LATCH:0,TORQ:1,CR:0.0,FX1:1.00,FY1:-151.10,FX2:-6.00,FY2:-149.60,IK1:1,IK2:1,MOVE:0
[2026-09-08 13:36:01.771] [RX] PITCH:0.05,PID_OUT:343.33,INT:0.0165,EL:-3628,ER:-2077,VEL:258.8,MOT:1,TILT:25.0,TRIM:1.185,ATE:1,LATCH:0,TORQ:1,CR:0.0,FX1:1.00,FY1:-151.10,FX2:-6.00,FY2:-149.60,IK1:1,IK2:1,MOVE:0
[2026-09-08 13:36:01.874] [RX] PITCH:0.35,PID_OUT:-239.46,INT:0.0985,EL:-3570,ER:-2120,VEL:462.5,MOT:1,TILT:25.0,TRIM:1.127,ATE:1,LATCH:0,TORQ:1,CR:0.0,FX1:1.00,FY1:-151.10,FX2:-6.00,FY2:-149.60,IK1:1,IK2:1,MOVE:0
[2026-09-08 13:36:01.882] [RX] AX12:MODE:0,TQ:1,TL:1023,CM:1,CS:4,MS:0,MT:800
[2026-09-08 13:36:01.972] [RX] PITCH:1.23,PID_OUT:64.80,INT:-0.0483,EL:-3580,ER:-2120,VEL:27.5,MOT:1,TILT:25.0,TRIM:1.097,ATE:1,LATCH:0,TORQ:1,CR:0.0,FX1:1.00,FY1:-151.10,FX2:-6.00,FY2:-149.60,IK1:1,IK2:1,MOVE:0
[2026-09-08 13:36:01.974] [RX] SRV:14,43,6.3,0,0
[2026-09-08 13:36:02.070] [RX] PITCH:0.65,PID_OUT:-106.07,INT:0.0985,EL:-3566,ER:-2133,VEL:132.9,MOT:1,TILT:25.0,TRIM:1.086,ATE:1,LATCH:0,TORQ:1,CR:0.0,FX1:1.00,FY1:-151.10,FX2:-6.00,FY2:-149.60,IK1:1,IK2:1,MOVE:0
[2026-09-08 13:36:02.170] [RX] PITCH:1.54,PID_OUT:54.20,INT:-0.0896,EL:-3580,ER:-2124,VEL:-95.7,MOT:1,TILT:25.0,TRIM:1.084,ATE:1,LATCH:0,TORQ:1,CR:0.0,FX1:1.00,FY1:-151.10,FX2:-6.00,FY2:-149.60,IK1:1,IK2:1,MOVE:0
[2026-09-08 13:36:02.271] [RX] PITCH:0.84,PID_OUT:-13.65,INT:-0.0178,EL:-3585,ER:-2131,VEL:12.4,MOT:1,TILT:25.0,TRIM:1.092,ATE:1,LATCH:0,TORQ:1,CR:0.0,FX1:1.00,FY1:-151.10,FX2:-6.00,FY2:-149.60,IK1:1,IK2:1,MOVE:0
[2026-09-08 13:36:02.371] [RX] PITCH:1.46,PID_OUT:-57.00,INT:-0.0365,EL:-3684,ER:-2131,VEL:-397.3,MOT:1,TILT:25.0,TRIM:1.131,ATE:1,LATCH:0,TORQ:1,CR:0.0,FX1:1.00,FY1:-151.10,FX2:-6.00,FY2:-149.60,IK1:1,IK2:1,MOVE:0
[2026-09-08 13:36:02.379] [RX] AX12:MODE:0,TQ:1,TL:1023,CM:1,CS:4,MS:0,MT:800
[2026-09-08 13:36:02.471] [RX] PITCH:1.51,PID_OUT:-64.21,INT:-0.0778,EL:-3712,ER:-2127,VEL:-184.3,MOT:1,TILT:25.0,TRIM:1.173,ATE:1,LATCH:0,TORQ:1,CR:0.0,FX1:1.00,FY1:-151.10,FX2:-6.00,FY2:-149.60,IK1:1,IK2:1,MOVE:0
[2026-09-08 13:36:02.575] [RX] PITCH:1.23,PID_OUT:-69.25,INT:-0.0906,EL:-3739,ER:-2126,VEL:-149.5,MOT:1,TILT:25.0,TRIM:1.197,ATE:1,LATCH:0,TORQ:1,CR:0.0,FX1:1.00,FY1:-151.10,FX2:-6.00,FY2:-149.60,IK1:1,IK2:1,MOVE:0
[2026-09-08 13:36:02.670] [RX] PITCH:1.43,PID_OUT:-92.27,INT:-0.0985,EL:-3761,ER:-2125,VEL:-126.6,MOT:1,TILT:25.0,TRIM:1.216,ATE:1,LATCH:0,TORQ:1,CR:0.0,FX1:1.00,FY1:-151.10,FX2:-6.00,FY2:-149.60,IK1:1,IK2:1,MOVE:0
[2026-09-08 13:36:02.771] [RX] PITCH:1.38,PID_OUT:-75.73,INT:-0.0985,EL:-3782,ER:-2124,VEL:-106.6,MOT:1,TILT:25.0,TRIM:1.234,ATE:1,LATCH:0,TORQ:1,CR:0.0,FX1:1.00,FY1:-151.10,FX2:-6.00,FY2:-149.60,IK1:1,IK2:1,MOVE:0
[2026-09-08 13:36:02.879] [RX] PITCH:1.16,PID_OUT:-66.54,INT:-0.0944,EL:-3812,ER:-2120,VEL:-161.8,MOT:1,TILT:25.0,TRIM:1.255,ATE:1,LATCH:0,TORQ:1,CR:0.0,FX1:1.00,FY1:-151.10,FX2:-6.00,FY2:-149.60,IK1:1,IK2:1,MOVE:0
[2026-09-08 13:36:02.879] [RX] AX12:MODE:0,TQ:1,TL:1023,CM:1,CS:4,MS:0,MT:800
[2026-09-08 13:36:02.973] [RX] PITCH:1.35,PID_OUT:-77.59,INT:-0.0949,EL:-3843,ER:-2115,VEL:-176.7,MOT:1,TILT:25.0,TRIM:1.281,ATE:1,LATCH:0,TORQ:1,CR:0.0,FX1:1.00,FY1:-151.10,FX2:-6.00,FY2:-149.60,IK1:1,IK2:1,MOVE:0
[2026-09-08 13:36:02.973] [RX] SRV:1,37,0.0,0,0
[2026-09-08 13:36:03.067] [RX] PITCH:1.39,PID_OUT:-74.44,INT:-0.0985,EL:-3873,ER:-2106,VEL:-191.6,MOT:1,TILT:25.0,TRIM:1.309,ATE:1,LATCH:0,TORQ:1,CR:0.0,FX1:1.00,FY1:-151.10,FX2:-6.00,FY2:-149.60,IK1:1,IK2:1,MOVE:0
[2026-09-08 13:36:03.167] [RX] PITCH:2.45,PID_OUT:9.12,INT:-0.0985,EL:-3904,ER:-2093,VEL:-224.0,MOT:1,TILT:25.0,TRIM:1.339,ATE:1,LATCH:0,TORQ:1,CR:0.0,FX1:1.00,FY1:-151.10,FX2:-6.00,FY2:-149.60,IK1:1,IK2:1,MOVE:0
[2026-09-08 13:36:03.268] [RX] PITCH:-0.74,PID_OUT:53.17,INT:0.0570,EL:-3898,ER:-2101,VEL:73.7,MOT:1,TILT:25.0,TRIM:1.354,ATE:1,LATCH:0,TORQ:1,CR:0.0,FX1:1.00,FY1:-151.10,FX2:-6.00,FY2:-149.60,IK1:1,IK2:1,MOVE:0
[2026-09-08 13:36:03.373] [RX] PITCH:1.72,PID_OUT:-18.47,INT:0.0904,EL:-3885,ER:-2122,VEL:124.4,MOT:1,TILT:25.0,TRIM:1.333,ATE:1,LATCH:0,TORQ:1,CR:0.0,FX1:1.00,FY1:-151.10,FX2:-6.00,FY2:-149.60,IK1:1,IK2:1,MOVE:0
[2026-09-08 13:36:03.378] [RX] AX12:MODE:0,TQ:1,TL:1023,CM:1,CS:4,MS:0,MT:800
[2026-09-08 13:36:03.468] [RX] PITCH:1.25,PID_OUT:83.84,INT:0.0642,EL:-3882,ER:-2140,VEL:137.9,MOT:1,TILT:25.0,TRIM:1.318,ATE:1,LATCH:0,TORQ:1,CR:0.0,FX1:1.00,FY1:-151.10,FX2:-6.00,FY2:-149.60,IK1:1,IK2:1,MOVE:0
[2026-09-08 13:36:03.566] [RX] PITCH:0.50,PID_OUT:82.38,INT:0.0985,EL:-3871,ER:-2157,VEL:162.6,MOT:1,TILT:25.0,TRIM:1.299,ATE:1,LATCH:0,TORQ:1,CR:0.0,FX1:1.00,FY1:-151.10,FX2:-6.00,FY2:-149.60,IK1:1,IK2:1,MOVE:0
[2026-09-08 13:36:03.668] [RX] PITCH:1.03,PID_OUT:48.88,INT:0.0985,EL:-3854,ER:-2179,VEL:190.4,MOT:1,TILT:25.0,TRIM:1.272,ATE:1,LATCH:0,TORQ:1,CR:0.0,FX1:1.00,FY1:-151.10,FX2:-6.00,FY2:-149.60,IK1:1,IK2:1,MOVE:0
[2026-09-08 13:36:03.764] [RX] PITCH:0.72,PID_OUT:-132.85,INT:0.0985,EL:-3840,ER:-2203,VEL:185.6,MOT:1,TILT:25.0,TRIM:1.244,ATE:1,LATCH:0,TORQ:1,CR:0.0,FX1:1.00,FY1:-151.10,FX2:-6.00,FY2:-149.60,IK1:1,IK2:1,MOVE:0
[2026-09-08 13:36:03.875] [RX] PITCH:0.53,PID_OUT:-256.94,INT:0.0985,EL:-3824,ER:-2231,VEL:215.7,MOT:1,TILT:25.0,TRIM:1.213,ATE:1,LATCH:0,TORQ:1,CR:0.0,FX1:1.00,FY1:-151.10,FX2:-6.00,FY2:-149.60,IK1:1,IK2:1,MOVE:0
[2026-09-08 13:36:03.878] [RX] AX12:MODE:0,TQ:1,TL:1023,CM:1,CS:4,MS:0,MT:800
[2026-09-08 13:36:03.973] [RX] PITCH:5.51,PID_OUT:-190.88,INT:-0.0985,EL:-3877,ER:-2201,VEL:-380.4,MOT:1,TILT:25.0,TRIM:1.225,ATE:1,LATCH:0,TORQ:1,CR:0.0,FX1:1.00,FY1:-151.10,FX2:-6.00,FY2:-149.60,IK1:1,IK2:1,MOVE:0
[2026-09-08 13:36:03.973] [RX] SRV:6,39,0.8,0,0
[2026-09-08 13:36:04.068] [RX] PITCH:-1.46,PID_OUT:15.41,INT:0.0051,EL:-3924,ER:-2163,VEL:-304.8,MOT:1,TILT:25.0,TRIM:1.295,ATE:1,LATCH:0,TORQ:1,CR:0.0,FX1:1.00,FY1:-151.10,FX2:-6.00,FY2:-149.60,IK1:1,IK2:1,MOVE:0
[2026-09-08 13:36:04.166] [RX] PITCH:4.52,PID_OUT:-184.34,INT:-0.0985,EL:-3969,ER:-2136,VEL:-434.8,MOT:1,TILT:25.0,TRIM:1.338,ATE:1,LATCH:0,TORQ:1,CR:0.0,FX1:1.00,FY1:-151.10,FX2:-6.00,FY2:-149.60,IK1:1,IK2:1,MOVE:0
[2026-09-08 13:36:04.265] [RX] PITCH:-0.11,PID_OUT:128.11,INT:-0.0591,EL:-4029,ER:-2091,VEL:-437.2,MOT:1,TILT:25.0,TRIM:1.416,ATE:1,LATCH:0,TORQ:1,CR:0.0,FX1:1.00,FY1:-151.10,FX2:-6.00,FY2:-149.60,IK1:1,IK2:1,MOVE:0
[2026-09-08 13:36:04.370] [RX] PITCH:4.05,PID_OUT:0.05,INT:-0.0985,EL:-4071,ER:-2059,VEL:-459.9,MOT:1,TILT:25.0,TRIM:1.470,ATE:1,LATCH:0,TORQ:1,CR:0.0,FX1:1.00,FY1:-151.10,FX2:-6.00,FY2:-149.60,IK1:1,IK2:1,MOVE:0
[2026-09-08 13:36:04.375] [RX] AX12:MODE:0,TQ:1,TL:1023,CM:1,CS:4,MS:0,MT:800
[2026-09-08 13:36:04.463] [RX] PITCH:0.24,PID_OUT:-84.61,INT:0.0707,EL:-4077,ER:-2049,VEL:-27.8,MOT:1,TILT:25.0,TRIM:1.519,ATE:1,LATCH:0,TORQ:1,CR:0.0,FX1:1.00,FY1:-151.10,FX2:-6.00,FY2:-149.60,IK1:1,IK2:1,MOVE:0
[2026-09-08 13:36:04.565] [RX] PITCH:3.60,PID_OUT:-6.62,INT:-0.0985,EL:-4107,ER:-2035,VEL:-256.4,MOT:1,TILT:25.0,TRIM:1.532,ATE:1,LATCH:0,TORQ:1,CR:0.0,FX1:1.00,FY1:-151.10,FX2:-6.00,FY2:-149.60,IK1:1,IK2:1,MOVE:0
[2026-09-08 13:36:04.663] [RX] PITCH:-0.94,PID_OUT:61.03,INT:0.0935,EL:-4106,ER:-2031,VEL:50.5,MOT:1,TILT:25.0,TRIM:1.561,ATE:1,LATCH:0,TORQ:1,CR:0.0,FX1:1.00,FY1:-151.10,FX2:-6.00,FY2:-149.60,IK1:1,IK2:1,MOVE:0
[2026-09-08 13:36:04.763] [RX] PITCH:4.93,PID_OUT:-165.18,INT:-0.0131,EL:-4107,ER:-2043,VEL:-19.7,MOT:1,TILT:25.0,TRIM:1.546,ATE:1,LATCH:0,TORQ:1,CR:0.0,FX1:1.00,FY1:-151.10,FX2:-6.00,FY2:-149.60,IK1:1,IK2:1,MOVE:0
[2026-09-08 13:36:04.864] [RX] PITCH:-1.13,PID_OUT:124.05,INT:0.0465,EL:-4116,ER:-2039,VEL:28.6,MOT:1,TILT:25.0,TRIM:1.560,ATE:1,LATCH:0,TORQ:1,CR:0.0,FX1:1.00,FY1:-151.10,FX2:-6.00,FY2:-149.60,IK1:1,IK2:1,MOVE:0
[2026-09-08 13:36:04.873] [RX] AX12:MODE:0,TQ:1,TL:1023,CM:1,CS:4,MS:0,MT:800
[2026-09-08 13:36:04.962] [RX] PITCH:2.96,PID_OUT:-140.59,INT:0.0609,EL:-4112,ER:-2062,VEL:72.3,MOT:1,TILT:25.0,TRIM:1.544,ATE:1,LATCH:0,TORQ:1,CR:0.0,FX1:1.00,FY1:-151.10,FX2:-6.00,FY2:-149.60,IK1:1,IK2:1,MOVE:0
[2026-09-08 13:36:04.966] [RX] SRV:0,37,0.0,0,0
[2026-09-08 13:36:05.064] [RX] PITCH:1.63,PID_OUT:27.04,INT:-0.0538,EL:-4129,ER:-2059,VEL:-74.2,MOT:1,TILT:25.0,TRIM:1.546,ATE:1,LATCH:0,TORQ:1,CR:0.0,FX1:1.00,FY1:-151.10,FX2:-6.00,FY2:-149.60,IK1:1,IK2:1,MOVE:0
[2026-09-08 13:36:05.164] [RX] PITCH:-0.31,PID_OUT:157.91,INT:0.0689,EL:-4127,ER:-2063,VEL:25.5,MOT:1,TILT:25.0,TRIM:1.550,ATE:1,LATCH:0,TORQ:1,CR:0.0,FX1:1.00,FY1:-151.10,FX2:-6.00,FY2:-149.60,IK1:1,IK2:1,MOVE:0
[2026-09-08 13:36:05.263] [RX] PITCH:1.40,PID_OUT:18.98,INT:0.0985,EL:-4112,ER:-2092,VEL:178.3,MOT:1,TILT:25.0,TRIM:1.530,ATE:1,LATCH:0,TORQ:1,CR:0.0,FX1:1.00,FY1:-151.10,FX2:-6.00,FY2:-149.60,IK1:1,IK2:1,MOVE:0
[2026-09-08 13:36:05.366] [RX] PITCH:1.54,PID_OUT:51.48,INT:0.0910,EL:-4102,ER:-2116,VEL:167.2,MOT:1,TILT:25.0,TRIM:1.504,ATE:1,LATCH:0,TORQ:1,CR:0.0,FX1:1.00,FY1:-151.10,FX2:-6.00,FY2:-149.60,IK1:1,IK2:1,MOVE:0
[2026-09-08 13:36:05.372] [RX] AX12:MODE:0,TQ:1,TL:1023,CM:1,CS:4,MS:0,MT:800
[2026-09-08 13:36:05.459] [RX] PITCH:1.00,PID_OUT:84.10,INT:0.0985,EL:-4094,ER:-2139,VEL:162.4,MOT:1,TILT:25.0,TRIM:1.480,ATE:1,LATCH:0,TORQ:1,CR:0.0,FX1:1.00,FY1:-151.10,FX2:-6.00,FY2:-149.60,IK1:1,IK2:1,MOVE:0
[2026-09-08 13:36:05.559] [RX] PITCH:1.18,PID_OUT:71.24,INT:0.0985,EL:-4082,ER:-2163,VEL:178.7,MOT:1,TILT:25.0,TRIM:1.454,ATE:1,LATCH:0,TORQ:1,CR:0.0,FX1:1.00,FY1:-151.10,FX2:-6.00,FY2:-149.60,IK1:1,IK2:1,MOVE:0
[2026-09-08 13:36:05.661] [RX] PITCH:1.18,PID_OUT:68.87,INT:0.0985,EL:-4071,ER:-2186,VEL:165.1,MOT:1,TILT:25.0,TRIM:1.428,ATE:1,LATCH:0,TORQ:1,CR:0.0,FX1:1.00,FY1:-151.10,FX2:-6.00,FY2:-149.60,IK1:1,IK2:1,MOVE:0
[2026-09-08 13:36:05.759] [RX] PITCH:1.03,PID_OUT:66.32,INT:0.0985,EL:-4059,ER:-2209,VEL:176.6,MOT:1,TILT:25.0,TRIM:1.403,ATE:1,LATCH:0,TORQ:1,CR:0.0,FX1:1.00,FY1:-151.10,FX2:-6.00,FY2:-149.60,IK1:1,IK2:1,MOVE:0
[2026-09-08 13:36:05.865] [RX] PITCH:1.26,PID_OUT:53.91,INT:0.0985,EL:-4048,ER:-2238,VEL:184.7,MOT:1,TILT:25.0,TRIM:1.373,ATE:1,LATCH:0,TORQ:1,CR:0.0,FX1:1.00,FY1:-151.10,FX2:-6.00,FY2:-149.60,IK1:1,IK2:1,MOVE:0
[2026-09-08 13:36:05.872] [RX] AX12:MODE:0,TQ:1,TL:1023,CM:1,CS:4,MS:0,MT:800
[2026-09-08 13:36:05.964] [RX] PITCH:1.03,PID_OUT:81.66,INT:0.0985,EL:-4038,ER:-2263,VEL:176.8,MOT:1,TILT:25.0,TRIM:1.346,ATE:1,LATCH:0,TORQ:1,CR:0.0,FX1:1.00,FY1:-151.10,FX2:-6.00,FY2:-149.60,IK1:1,IK2:1,MOVE:0
[2026-09-08 13:36:05.964] [RX] SRV:14,43,6.3,0,0
[2026-09-08 13:36:06.058] [RX] PITCH:1.12,PID_OUT:56.58,INT:0.0985,EL:-4028,ER:-2289,VEL:185.7,MOT:1,TILT:25.0,TRIM:1.320,ATE:1,LATCH:0,TORQ:1,CR:0.0,FX1:1.00,FY1:-151.10,FX2:-6.00,FY2:-149.60,IK1:1,IK2:1,MOVE:0
[2026-09-08 13:36:06.158] [RX] PITCH:1.26,PID_OUT:54.54,INT:0.0985,EL:-4019,ER:-2312,VEL:168.1,MOT:1,TILT:25.0,TRIM:1.295,ATE:1,LATCH:0,TORQ:1,CR:0.0,FX1:1.00,FY1:-151.10,FX2:-6.00,FY2:-149.60,IK1:1,IK2:1,MOVE:0
[2026-09-08 13:36:06.258] [RX] PITCH:1.13,PID_OUT:86.81,INT:0.0939,EL:-4012,ER:-2331,VEL:144.0,MOT:1,TILT:25.0,TRIM:1.273,ATE:1,LATCH:0,TORQ:1,CR:0.0,FX1:1.00,FY1:-151.10,FX2:-6.00,FY2:-149.60,IK1:1,IK2:1,MOVE:0
[2026-09-08 13:36:06.364] [RX] PITCH:0.83,PID_OUT:78.20,INT:0.0985,EL:-4003,ER:-2349,VEL:148.6,MOT:1,TILT:25.0,TRIM:1.253,ATE:1,LATCH:0,TORQ:1,CR:0.0,FX1:1.00,FY1:-151.10,FX2:-6.00,FY2:-149.60,IK1:1,IK2:1,MOVE:0
[2026-09-08 13:36:06.370] [RX] AX12:MODE:0,TQ:1,TL:1023,CM:1,CS:4,MS:0,MT:800
[2026-09-08 13:36:06.458] [RX] PITCH:1.26,PID_OUT:45.06,INT:0.0976,EL:-3993,ER:-2371,VEL:153.9,MOT:1,TILT:25.0,TRIM:1.230,ATE:1,LATCH:0,TORQ:1,CR:0.0,FX1:1.00,FY1:-151.10,FX2:-6.00,FY2:-149.60,IK1:1,IK2:1,MOVE:0
[2026-09-08 13:36:06.558] [RX] PITCH:1.23,PID_OUT:51.36,INT:0.0960,EL:-3986,ER:-2394,VEL:149.2,MOT:1,TILT:25.0,TRIM:1.207,ATE:1,LATCH:0,TORQ:1,CR:0.0,FX1:1.00,FY1:-151.10,FX2:-6.00,FY2:-149.60,IK1:1,IK2:1,MOVE:0
[2026-09-08 13:36:06.662] [RX] PITCH:1.11,PID_OUT:55.80,INT:0.0985,EL:-3980,ER:-2413,VEL:127.0,MOT:1,TILT:25.0,TRIM:1.186,ATE:1,LATCH:0,TORQ:1,CR:0.0,FX1:1.00,FY1:-151.10,FX2:-6.00,FY2:-149.60,IK1:1,IK2:1,MOVE:0
[2026-09-08 13:36:06.761] [RX] PITCH:1.18,PID_OUT:46.99,INT:0.0984,EL:-3975,ER:-2430,VEL:105.5,MOT:1,TILT:25.0,TRIM:1.168,ATE:1,LATCH:0,TORQ:1,CR:0.0,FX1:1.00,FY1:-151.10,FX2:-6.00,FY2:-149.60,IK1:1,IK2:1,MOVE:0
[2026-09-08 13:36:06.869] [RX] PITCH:1.10,PID_OUT:51.60,INT:0.0985,EL:-3971,ER:-2437,VEL:47.8,MOT:1,TILT:25.0,TRIM:1.155,ATE:1,LATCH:0,TORQ:1,CR:0.0,FX1:1.00,FY1:-151.10,FX2:-6.00,FY2:-149.60,IK1:1,IK2:1,MOVE:0
[2026-09-08 13:36:06.870] [RX] AX12:MODE:0,TQ:1,TL:1023,CM:1,CS:4,MS:0,MT:800
[2026-09-08 13:36:06.957] [RX] PITCH:1.39,PID_OUT:11.37,INT:0.0905,EL:-3968,ER:-2437,VEL:20.2,MOT:1,TILT:25.0,TRIM:1.150,ATE:1,LATCH:0,TORQ:1,CR:0.0,FX1:1.00,FY1:-151.10,FX2:-6.00,FY2:-149.60,IK1:1,IK2:1,MOVE:0
[2026-09-08 13:36:06.959] [RX] SRV:1,37,0.0,0,0
[2026-09-08 13:36:07.056] [RX] PITCH:1.90,PID_OUT:-72.78,INT:0.0384,EL:-3968,ER:-2437,VEL:4.0,MOT:1,TILT:25.0,TRIM:1.149,ATE:1,LATCH:0,TORQ:1,CR:0.0,FX1:1.00,FY1:-151.10,FX2:-6.00,FY2:-149.60,IK1:1,IK2:1,MOVE:0
[2026-09-08 13:36:07.158] [RX] PITCH:2.38,PID_OUT:-96.07,INT:-0.0764,EL:-4002,ER:-2430,VEL:-151.3,MOT:1,TILT:25.0,TRIM:1.166,ATE:1,LATCH:0,TORQ:1,CR:0.0,FX1:1.00,FY1:-151.10,FX2:-6.00,FY2:-149.60,IK1:1,IK2:1,MOVE:0
[2026-09-08 13:36:07.255] [RX] PITCH:1.00,PID_OUT:-27.09,INT:-0.0952,EL:-4033,ER:-2418,VEL:-198.7,MOT:1,TILT:25.0,TRIM:1.194,ATE:1,LATCH:0,TORQ:1,CR:0.0,FX1:1.00,FY1:-151.10,FX2:-6.00,FY2:-149.60,IK1:1,IK2:1,MOVE:0
[2026-09-08 13:36:07.348] [TX] TG0.0
[2026-09-08 13:36:07.358] [RX] PITCH:1.45,PID_OUT:-82.02,INT:-0.0869,EL:-4060,ER:-2411,VEL:-162.4,MOT:1,TILT:25.0,TRIM:1.223,ATE:1,LATCH:0,TORQ:1,CR:0.0,FX1:1.00,FY1:-151.10,FX2:-6.00,FY2:-149.60,IK1:1,IK2:1,MOVE:0
[2026-09-08 13:36:07.369] [RX] AX12:MODE:0,TQ:1,TL:1023,CM:1,CS:4,MS:0,MT:800
[2026-09-08 13:36:07.403] [RX] Updated -> P:78.000 I:650.000 D:3.520 Offset:-1.2910 Target:0.000 Alpha:0.9600 Tilt:25.00 TrimGain:0.0000 Crouch:0.00 VP:0.0000
[2026-09-08 13:36:07.457] [RX] PITCH:1.28,PID_OUT:-44.60,INT:-0.0985,EL:-4090,ER:-2403,VEL:-181.2,MOT:1,TILT:25.0,TRIM:1.239,ATE:1,LATCH:0,TORQ:1,CR:0.0,FX1:1.00,FY1:-151.10,FX2:-6.00,FY2:-149.60,IK1:1,IK2:1,MOVE:0
[2026-09-08 13:36:07.554] [RX] PITCH:0.66,PID_OUT:4.89,INT:-0.0619,EL:-4107,ER:-2397,VEL:-110.2,MOT:1,TILT:25.0,TRIM:1.239,ATE:1,LATCH:0,TORQ:1,CR:0.0,FX1:1.00,FY1:-151.10,FX2:-6.00,FY2:-149.60,IK1:1,IK2:1,MOVE:0
[2026-09-08 13:36:07.659] [RX] PITCH:1.08,PID_OUT:-39.81,INT:-0.0146,EL:-4110,ER:-2401,VEL:-15.0,MOT:1,TILT:25.0,TRIM:1.239,ATE:1,LATCH:0,TORQ:1,CR:0.0,FX1:1.00,FY1:-151.10,FX2:-6.00,FY2:-149.60,IK1:1,IK2:1,MOVE:0
[2026-09-08 13:36:07.759] [RX] PITCH:2.10,PID_OUT:-115.25,INT:-0.0478,EL:-4123,ER:-2399,VEL:-84.6,MOT:1,TILT:25.0,TRIM:1.239,ATE:1,LATCH:0,TORQ:1,CR:0.0,FX1:1.00,FY1:-151.10,FX2:-6.00,FY2:-149.60,IK1:1,IK2:1,MOVE:0
[2026-09-08 13:36:07.864] [RX] PITCH:0.98,PID_OUT:-30.46,INT:-0.0838,EL:-4154,ER:-2392,VEL:-166.0,MOT:1,TILT:25.0,TRIM:1.239,ATE:1,LATCH:0,TORQ:1,CR:0.0,FX1:1.00,FY1:-151.10,FX2:-6.00,FY2:-149.60,IK1:1,IK2:1,MOVE:0
[2026-09-08 13:36:07.867] [RX] AX12:MODE:0,TQ:1,TL:1023,CM:1,CS:4,MS:0,MT:800
[2026-09-08 13:36:07.959] [RX] PITCH:1.11,PID_OUT:-65.92,INT:-0.0457,EL:-4181,ER:-2387,VEL:-151.2,MOT:1,TILT:25.0,TRIM:1.239,ATE:1,LATCH:0,TORQ:1,CR:0.0,FX1:1.00,FY1:-151.10,FX2:-6.00,FY2:-149.60,IK1:1,IK2:1,MOVE:0
[2026-09-08 13:36:07.959] [RX] SRV:6,39,0.8,0,0
[2026-09-08 13:36:08.053] [RX] PITCH:3.00,PID_OUT:-113.62,INT:-0.0985,EL:-4207,ER:-2380,VEL:-159.6,MOT:1,TILT:25.0,TRIM:1.239,ATE:1,LATCH:0,TORQ:1,CR:0.0,FX1:1.00,FY1:-151.10,FX2:-6.00,FY2:-149.60,IK1:1,IK2:1,MOVE:0
[2026-09-08 13:36:08.153] [RX] PITCH:0.24,PID_OUT:262.73,INT:-0.0878,EL:-4230,ER:-2370,VEL:-128.5,MOT:1,TILT:25.0,TRIM:1.239,ATE:1,LATCH:0,TORQ:1,CR:0.0,FX1:1.00,FY1:-151.10,FX2:-6.00,FY2:-149.60,IK1:1,IK2:1,MOVE:0
[2026-09-08 13:36:08.253] [RX] PITCH:-1.29,PID_OUT:77.05,INT:0.0985,EL:-4207,ER:-2396,VEL:194.5,MOT:1,TILT:25.0,TRIM:1.239,ATE:1,LATCH:0,TORQ:1,CR:0.0,FX1:1.00,FY1:-151.10,FX2:-6.00,FY2:-149.60,IK1:1,IK2:1,MOVE:0
[2026-09-08 13:36:08.359] [RX] PITCH:1.53,PID_OUT:-275.22,INT:0.0955,EL:-4172,ER:-2438,VEL:327.2,MOT:1,TILT:25.0,TRIM:1.239,ATE:1,LATCH:0,TORQ:1,CR:0.0,FX1:1.00,FY1:-151.10,FX2:-6.00,FY2:-149.60,IK1:1,IK2:1,MOVE:0
[2026-09-08 13:36:08.365] [RX] AX12:MODE:0,TQ:1,TL:1023,CM:1,CS:4,MS:0,MT:800
[2026-09-08 13:36:08.452] [RX] PITCH:0.01,PID_OUT:178.36,INT:-0.0626,EL:-4196,ER:-2427,VEL:-77.3,MOT:1,TILT:25.0,TRIM:1.239,ATE:1,LATCH:0,TORQ:1,CR:0.0,FX1:1.00,FY1:-151.10,FX2:-6.00,FY2:-149.60,IK1:1,IK2:1,MOVE:0
[2026-09-08 13:36:08.553] [RX] PITCH:1.01,PID_OUT:-20.48,INT:0.0669,EL:-4193,ER:-2439,VEL:57.3,MOT:1,TILT:25.0,TRIM:1.239,ATE:1,LATCH:0,TORQ:1,CR:0.0,FX1:1.00,FY1:-151.10,FX2:-6.00,FY2:-149.60,IK1:1,IK2:1,MOVE:0
[2026-09-08 13:36:08.651] [RX] PITCH:2.09,PID_OUT:-93.67,INT:0.0080,EL:-4199,ER:-2440,VEL:-22.2,MOT:1,TILT:25.0,TRIM:1.239,ATE:1,LATCH:0,TORQ:1,CR:0.0,FX1:1.00,FY1:-151.10,FX2:-6.00,FY2:-149.60,IK1:1,IK2:1,MOVE:0
[2026-09-08 13:36:08.752] [RX] PITCH:2.06,PID_OUT:-84.80,INT:-0.0985,EL:-4230,ER:-2435,VEL:-145.8,MOT:1,TILT:25.0,TRIM:1.239,ATE:1,LATCH:0,TORQ:1,CR:0.0,FX1:1.00,FY1:-151.10,FX2:-6.00,FY2:-149.60,IK1:1,IK2:1,MOVE:0
[2026-09-08 13:36:08.862] [RX] PITCH:0.66,PID_OUT:-24.65,INT:-0.0806,EL:-4261,ER:-2426,VEL:-188.8,MOT:1,TILT:25.0,TRIM:1.239,ATE:1,LATCH:0,TORQ:1,CR:0.0,FX1:1.00,FY1:-151.10,FX2:-6.00,FY2:-149.60,IK1:1,IK2:1,MOVE:0
[2026-09-08 13:36:08.862] [RX] AX12:MODE:0,TQ:1,TL:1023,CM:1,CS:4,MS:0,MT:800
[2026-09-08 13:36:08.956] [RX] PITCH:1.14,PID_OUT:-142.48,INT:-0.0079,EL:-4292,ER:-2424,VEL:-166.9,MOT:1,TILT:25.0,TRIM:1.239,ATE:1,LATCH:0,TORQ:1,CR:0.0,FX1:1.00,FY1:-151.10,FX2:-6.00,FY2:-149.60,IK1:1,IK2:1,MOVE:0
[2026-09-08 13:36:08.957] [RX] SRV:0,37,5.5,0,0
[2026-09-08 13:36:09.055] [RX] PITCH:1.98,PID_OUT:-76.89,INT:-0.0985,EL:-4322,ER:-2404,VEL:-268.9,MOT:1,TILT:25.0,TRIM:1.239,ATE:1,LATCH:0,TORQ:1,CR:0.0,FX1:1.00,FY1:-151.10,FX2:-6.00,FY2:-149.60,IK1:1,IK2:1,MOVE:0
[2026-09-08 13:36:09.152] [RX] PITCH:3.61,PID_OUT:126.93,INT:-0.0985,EL:-4364,ER:-2376,VEL:-326.1,MOT:1,TILT:25.0,TRIM:1.239,ATE:1,LATCH:0,TORQ:1,CR:0.0,FX1:1.00,FY1:-151.10,FX2:-6.00,FY2:-149.60,IK1:1,IK2:1,MOVE:0
[2026-09-08 13:36:09.249] [RX] PITCH:-1.73,PID_OUT:162.36,INT:0.0894,EL:-4346,ER:-2385,VEL:130.0,MOT:1,TILT:25.0,TRIM:1.239,ATE:1,LATCH:0,TORQ:1,CR:0.0,FX1:1.00,FY1:-151.10,FX2:-6.00,FY2:-149.60,IK1:1,IK2:1,MOVE:0
[2026-09-08 13:36:09.350] [RX] PITCH:1.27,PID_OUT:-52.79,INT:0.0982,EL:-4328,ER:-2426,VEL:237.2,MOT:1,TILT:25.0,TRIM:1.239,ATE:1,LATCH:0,TORQ:1,CR:0.0,FX1:1.00,FY1:-151.10,FX2:-6.00,FY2:-149.60,IK1:1,IK2:1,MOVE:0
[2026-09-08 13:36:09.360] [RX] AX12:MODE:0,TQ:1,TL:1023,CM:1,CS:4,MS:0,MT:800
[2026-09-08 13:36:09.450] [RX] PITCH:0.87,PID_OUT:8.16,INT:0.0985,EL:-4309,ER:-2454,VEL:240.0,MOT:1,TILT:25.0,TRIM:1.239,ATE:1,LATCH:0,TORQ:1,CR:0.0,FX1:1.00,FY1:-151.10,FX2:-6.00,FY2:-149.60,IK1:1,IK2:1,MOVE:0
[2026-09-08 13:36:09.549] [RX] PITCH:2.04,PID_OUT:-51.84,INT:0.0630,EL:-4312,ER:-2475,VEL:99.0,MOT:1,TILT:25.0,TRIM:1.239,ATE:1,LATCH:0,TORQ:1,CR:0.0,FX1:1.00,FY1:-151.10,FX2:-6.00,FY2:-149.60,IK1:1,IK2:1,MOVE:0
[2026-09-08 13:36:09.648] [RX] PITCH:1.48,PID_OUT:36.89,INT:-0.0085,EL:-4326,ER:-2482,VEL:-10.4,MOT:1,TILT:25.0,TRIM:1.239,ATE:1,LATCH:0,TORQ:1,CR:0.0,FX1:1.00,FY1:-151.10,FX2:-6.00,FY2:-149.60,IK1:1,IK2:1,MOVE:0
[2026-09-08 13:36:09.749] [RX] PITCH:-0.07,PID_OUT:125.32,INT:0.0751,EL:-4320,ER:-2500,VEL:107.3,MOT:1,TILT:25.0,TRIM:1.239,ATE:1,LATCH:0,TORQ:1,CR:0.0,FX1:1.00,FY1:-151.10,FX2:-6.00,FY2:-149.60,IK1:1,IK2:1,MOVE:0
[2026-09-08 13:36:09.849] [RX] PITCH:0.64,PID_OUT:12.10,INT:0.0985,EL:-4306,ER:-2525,VEL:185.0,MOT:1,TILT:25.0,TRIM:1.239,ATE:1,LATCH:0,TORQ:1,CR:0.0,FX1:1.00,FY1:-151.10,FX2:-6.00,FY2:-149.60,IK1:1,IK2:1,MOVE:0
[2026-09-08 13:36:09.857] [RX] AX12:MODE:0,TQ:1,TL:1023,CM:1,CS:4,MS:0,MT:800
[2026-09-08 13:36:09.953] [RX] PITCH:2.56,PID_OUT:-85.94,INT:0.0253,EL:-4306,ER:-2532,VEL:48.2,MOT:1,TILT:25.0,TRIM:1.239,ATE:1,LATCH:0,TORQ:1,CR:0.0,FX1:1.00,FY1:-151.10,FX2:-6.00,FY2:-149.60,IK1:1,IK2:1,MOVE:0
[2026-09-08 13:36:09.953] [RX] SRV:14,43,6.3,0,0
[2026-09-08 13:36:10.049] [RX] PITCH:1.99,PID_OUT:-81.25,INT:-0.0834,EL:-4333,ER:-2528,VEL:-124.4,MOT:1,TILT:25.0,TRIM:1.239,ATE:1,LATCH:0,TORQ:1,CR:0.0,FX1:1.00,FY1:-151.10,FX2:-6.00,FY2:-149.60,IK1:1,IK2:1,MOVE:0
[2026-09-08 13:36:10.149] [RX] PITCH:1.26,PID_OUT:-61.98,INT:-0.0985,EL:-4365,ER:-2521,VEL:-180.0,MOT:1,TILT:25.0,TRIM:1.239,ATE:1,LATCH:0,TORQ:1,CR:0.0,FX1:1.00,FY1:-151.10,FX2:-6.00,FY2:-149.60,IK1:1,IK2:1,MOVE:0
[2026-09-08 13:36:10.249] [RX] PITCH:1.37,PID_OUT:-94.01,INT:-0.0957,EL:-4395,ER:-2514,VEL:-190.1,MOT:1,TILT:25.0,TRIM:1.239,ATE:1,LATCH:0,TORQ:1,CR:0.0,FX1:1.00,FY1:-151.10,FX2:-6.00,FY2:-149.60,IK1:1,IK2:1,MOVE:0
[2026-09-08 13:36:10.350] [RX] PITCH:1.47,PID_OUT:-84.49,INT:-0.0985,EL:-4423,ER:-2505,VEL:-188.6,MOT:1,TILT:25.0,TRIM:1.239,ATE:1,LATCH:0,TORQ:1,CR:0.0,FX1:1.00,FY1:-151.10,FX2:-6.00,FY2:-149.60,IK1:1,IK2:1,MOVE:0
[2026-09-08 13:36:10.357] [RX] AX12:MODE:0,TQ:1,TL:1023,CM:1,CS:4,MS:0,MT:800
[2026-09-08 13:36:10.448] [RX] PITCH:1.33,PID_OUT:-79.61,INT:-0.0985,EL:-4454,ER:-2492,VEL:-213.0,MOT:1,TILT:25.0,TRIM:1.239,ATE:1,LATCH:0,TORQ:1,CR:0.0,FX1:1.00,FY1:-151.10,FX2:-6.00,FY2:-149.60,IK1:1,IK2:1,MOVE:0
[2026-09-08 13:36:10.546] [RX] PITCH:2.70,PID_OUT:-94.11,INT:-0.0985,EL:-4490,ER:-2477,VEL:-247.3,MOT:1,TILT:25.0,TRIM:1.239,ATE:1,LATCH:0,TORQ:1,CR:0.0,FX1:1.00,FY1:-151.10,FX2:-6.00,FY2:-149.60,IK1:1,IK2:1,MOVE:0
[2026-09-08 13:36:10.646] [RX] PITCH:-0.57,PID_OUT:258.65,INT:-0.0692,EL:-4517,ER:-2466,VEL:-168.1,MOT:1,TILT:25.0,TRIM:1.239,ATE:1,LATCH:0,TORQ:1,CR:0.0,FX1:1.00,FY1:-151.10,FX2:-6.00,FY2:-149.60,IK1:1,IK2:1,MOVE:0
[2026-09-08 13:36:10.748] [RX] PITCH:0.03,PID_OUT:89.75,INT:0.0985,EL:-4499,ER:-2491,VEL:153.2,MOT:1,TILT:25.0,TRIM:1.239,ATE:1,LATCH:0,TORQ:1,CR:0.0,FX1:1.00,FY1:-151.10,FX2:-6.00,FY2:-149.60,IK1:1,IK2:1,MOVE:0
[2026-09-08 13:36:10.847] [RX] PITCH:0.69,PID_OUT:82.93,INT:0.0985,EL:-4478,ER:-2522,VEL:238.4,MOT:1,TILT:25.0,TRIM:1.239,ATE:1,LATCH:0,TORQ:1,CR:0.0,FX1:1.00,FY1:-151.10,FX2:-6.00,FY2:-149.60,IK1:1,IK2:1,MOVE:0
[2026-09-08 13:36:10.856] [RX] AX12:MODE:0,TQ:1,TL:1023,CM:1,CS:4,MS:0,MT:800
[2026-09-08 13:36:10.945] [RX] PITCH:0.38,PID_OUT:131.63,INT:0.0985,EL:-4457,ER:-2554,VEL:264.9,MOT:1,TILT:25.0,TRIM:1.239,ATE:1,LATCH:0,TORQ:1,CR:0.0,FX1:1.00,FY1:-151.10,FX2:-6.00,FY2:-149.60,IK1:1,IK2:1,MOVE:0
[2026-09-08 13:36:10.948] [RX] SRV:1,37,0.0,0,0
[2026-09-08 13:36:11.045] [RX] PITCH:0.67,PID_OUT:63.98,INT:0.0985,EL:-4430,ER:-2591,VEL:317.1,MOT:1,TILT:25.0,TRIM:1.239,ATE:1,LATCH:0,TORQ:1,CR:0.0,FX1:1.00,FY1:-151.10,FX2:-6.00,FY2:-149.60,IK1:1,IK2:1,MOVE:0
[2026-09-08 13:36:11.146] [RX] PITCH:0.21,PID_OUT:95.45,INT:0.0985,EL:-4403,ER:-2627,VEL:319.1,MOT:1,TILT:25.0,TRIM:1.239,ATE:1,LATCH:0,TORQ:1,CR:0.0,FX1:1.00,FY1:-151.10,FX2:-6.00,FY2:-149.60,IK1:1,IK2:1,MOVE:0
[2026-09-08 13:36:11.246] [RX] PITCH:0.22,PID_OUT:13.84,INT:0.0985,EL:-4373,ER:-2662,VEL:321.0,MOT:1,TILT:25.0,TRIM:1.239,ATE:1,LATCH:0,TORQ:1,CR:0.0,FX1:1.00,FY1:-151.10,FX2:-6.00,FY2:-149.60,IK1:1,IK2:1,MOVE:0
[2026-09-08 13:36:11.355] [RX] PITCH:3.10,PID_OUT:-132.11,INT:0.0287,EL:-4366,ER:-2675,VEL:111.1,MOT:1,TILT:25.0,TRIM:1.239,ATE:1,LATCH:0,TORQ:1,CR:0.0,FX1:1.00,FY1:-151.10,FX2:-6.00,FY2:-149.60,IK1:1,IK2:1,MOVE:0
[2026-09-08 13:36:11.355] [RX] AX12:MODE:0,TQ:1,TL:1023,CM:1,CS:4,MS:0,MT:800
[2026-09-08 13:36:11.444] [RX] PITCH:1.38,PID_OUT:-23.41,INT:-0.0637,EL:-4397,ER:-2674,VEL:-61.0,MOT:1,TILT:25.0,TRIM:1.239,ATE:1,LATCH:0,TORQ:1,CR:0.0,FX1:1.00,FY1:-151.10,FX2:-6.00,FY2:-149.60,IK1:1,IK2:1,MOVE:0
[2026-09-08 13:36:11.544] [RX] PITCH:0.78,PID_OUT:16.26,INT:-0.0372,EL:-4397,ER:-2683,VEL:52.6,MOT:1,TILT:25.0,TRIM:1.239,ATE:1,LATCH:0,TORQ:1,CR:0.0,FX1:1.00,FY1:-151.10,FX2:-6.00,FY2:-149.60,IK1:1,IK2:1,MOVE:0
[2026-09-08 13:36:11.645] [RX] PITCH:0.73,PID_OUT:39.42,INT:0.0158,EL:-4397,ER:-2783,VEL:411.9,MOT:1,TILT:25.0,TRIM:1.239,ATE:1,LATCH:0,TORQ:1,CR:0.0,FX1:1.00,FY1:-151.10,FX2:-6.00,FY2:-149.60,IK1:1,IK2:1,MOVE:0
[2026-09-08 13:36:11.743] [RX] PITCH:1.01,PID_OUT:29.00,INT:0.0530,EL:-4397,ER:-2883,VEL:482.6,MOT:1,TILT:25.0,TRIM:1.239,ATE:1,LATCH:0,TORQ:1,CR:0.0,FX1:1.00,FY1:-151.10,FX2:-6.00,FY2:-149.60,IK1:1,IK2:1,MOVE:0
[2026-09-08 13:36:11.848] [RX] PITCH:1.61,PID_OUT:-38.44,INT:0.0460,EL:-4397,ER:-2935,VEL:226.2,MOT:1,TILT:25.0,TRIM:1.239,ATE:1,LATCH:0,TORQ:1,CR:0.0,FX1:1.00,FY1:-151.10,FX2:-6.00,FY2:-149.60,IK1:1,IK2:1,MOVE:0
[2026-09-08 13:36:11.856] [RX] AX12:MODE:0,TQ:1,TL:1023,CM:1,CS:4,MS:0,MT:800
[2026-09-08 13:36:11.946] [RX] PITCH:2.45,PID_OUT:-135.75,INT:-0.0398,EL:-4410,ER:-2933,VEL:-40.5,MOT:1,TILT:25.0,TRIM:1.239,ATE:1,LATCH:0,TORQ:1,CR:0.0,FX1:1.00,FY1:-151.10,FX2:-6.00,FY2:-149.60,IK1:1,IK2:1,MOVE:0
[2026-09-08 13:36:11.947] [RX] SRV:6,39,0.0,0,0
[2026-09-08 13:36:12.043] [RX] PITCH:1.49,PID_OUT:-50.65,INT:-0.0985,EL:-4443,ER:-2923,VEL:-182.5,MOT:1,TILT:25.0,TRIM:1.239,ATE:1,LATCH:0,TORQ:1,CR:0.0,FX1:1.00,FY1:-151.10,FX2:-6.00,FY2:-149.60,IK1:1,IK2:1,MOVE:0
[2026-09-08 13:36:12.142] [RX] PITCH:0.79,PID_OUT:-30.77,INT:-0.0712,EL:-4477,ER:-2912,VEL:-204.5,MOT:1,TILT:25.0,TRIM:1.239,ATE:1,LATCH:0,TORQ:1,CR:0.0,FX1:1.00,FY1:-151.10,FX2:-6.00,FY2:-149.60,IK1:1,IK2:1,MOVE:0
[2026-09-08 13:36:12.243] [RX] PITCH:1.76,PID_OUT:-114.89,INT:-0.0746,EL:-4504,ER:-2902,VEL:-194.3,MOT:1,TILT:25.0,TRIM:1.239,ATE:1,LATCH:0,TORQ:1,CR:0.0,FX1:1.00,FY1:-151.10,FX2:-6.00,FY2:-149.60,IK1:1,IK2:1,MOVE:0
[2026-09-08 13:36:12.347] [RX] PITCH:1.54,PID_OUT:-73.77,INT:-0.0985,EL:-4536,ER:-2888,VEL:-227.8,MOT:1,TILT:25.0,TRIM:1.239,ATE:1,LATCH:0,TORQ:1,CR:0.0,FX1:1.00,FY1:-151.10,FX2:-6.00,FY2:-149.60,IK1:1,IK2:1,MOVE:0
[2026-09-08 13:36:12.354] [RX] AX12:MODE:0,TQ:1,TL:1023,CM:1,CS:4,MS:0,MT:800
[2026-09-08 13:36:12.441] [RX] PITCH:1.25,PID_OUT:-69.54,INT:-0.0985,EL:-4570,ER:-2871,VEL:-243.7,MOT:1,TILT:25.0,TRIM:1.239,ATE:1,LATCH:0,TORQ:1,CR:0.0,FX1:1.00,FY1:-151.10,FX2:-6.00,FY2:-149.60,IK1:1,IK2:1,MOVE:0
[2026-09-08 13:36:12.542] [RX] PITCH:1.33,PID_OUT:-82.75,INT:-0.0985,EL:-4610,ER:-2853,VEL:-279.7,MOT:1,TILT:25.0,TRIM:1.239,ATE:1,LATCH:0,TORQ:1,CR:0.0,FX1:1.00,FY1:-151.10,FX2:-6.00,FY2:-149.60,IK1:1,IK2:1,MOVE:0
[2026-09-08 13:36:12.642] [RX] PITCH:1.21,PID_OUT:-76.17,INT:-0.0978,EL:-4646,ER:-2835,VEL:-274.8,MOT:1,TILT:25.0,TRIM:1.239,ATE:1,LATCH:0,TORQ:1,CR:0.0,FX1:1.00,FY1:-151.10,FX2:-6.00,FY2:-149.60,IK1:1,IK2:1,MOVE:0
[2026-09-08 13:36:12.743] [RX] PITCH:1.60,PID_OUT:-93.71,INT:-0.0985,EL:-4685,ER:-2815,VEL:-294.3,MOT:1,TILT:25.0,TRIM:1.239,ATE:1,LATCH:0,TORQ:1,CR:0.0,FX1:1.00,FY1:-151.10,FX2:-6.00,FY2:-149.60,IK1:1,IK2:1,MOVE:0
[2026-09-08 13:36:12.853] [RX] PITCH:1.19,PID_OUT:-71.51,INT:-0.0979,EL:-4725,ER:-2792,VEL:-304.6,MOT:1,TILT:25.0,TRIM:1.239,ATE:1,LATCH:0,TORQ:1,CR:0.0,FX1:1.00,FY1:-151.10,FX2:-6.00,FY2:-149.60,IK1:1,IK2:1,MOVE:0
[2026-09-08 13:36:12.853] [RX] AX12:MODE:0,TQ:1,TL:1023,CM:1,CS:4,MS:0,MT:800
[2026-09-08 13:36:12.940] [RX] PITCH:1.41,PID_OUT:-89.32,INT:-0.0985,EL:-4766,ER:-2770,VEL:-318.6,MOT:1,TILT:25.0,TRIM:1.239,ATE:1,LATCH:0,TORQ:1,CR:0.0,FX1:1.00,FY1:-151.10,FX2:-6.00,FY2:-149.60,IK1:1,IK2:1,MOVE:0
[2026-09-08 13:36:12.943] [RX] SRV:0,37,0.8,0,0
[2026-09-08 13:36:13.041] [RX] PITCH:1.39,PID_OUT:-85.02,INT:-0.0985,EL:-4806,ER:-2746,VEL:-338.0,MOT:1,TILT:25.0,TRIM:1.239,ATE:1,LATCH:0,TORQ:1,CR:0.0,FX1:1.00,FY1:-151.10,FX2:-6.00,FY2:-149.60,IK1:1,IK2:1,MOVE:0
[2026-09-08 13:36:13.140] [RX] PITCH:1.28,PID_OUT:-71.75,INT:-0.0985,EL:-4844,ER:-2722,VEL:-327.5,MOT:1,TILT:25.0,TRIM:1.239,ATE:1,LATCH:0,TORQ:1,CR:0.0,FX1:1.00,FY1:-151.10,FX2:-6.00,FY2:-149.60,IK1:1,IK2:1,MOVE:0
[2026-09-08 13:36:13.239] [RX] PITCH:1.53,PID_OUT:-91.08,INT:-0.0985,EL:-4882,ER:-2697,VEL:-319.6,MOT:1,TILT:25.0,TRIM:1.239,ATE:1,LATCH:0,TORQ:1,CR:0.0,FX1:1.00,FY1:-151.10,FX2:-6.00,FY2:-149.60,IK1:1,IK2:1,MOVE:0
[2026-09-08 13:36:13.338] [RX] PITCH:1.50,PID_OUT:-81.88,INT:-0.0985,EL:-4920,ER:-2670,VEL:-323.5,MOT:1,TILT:25.0,TRIM:1.239,ATE:1,LATCH:0,TORQ:1,CR:0.0,FX1:1.00,FY1:-151.10,FX2:-6.00,FY2:-149.60,IK1:1,IK2:1,MOVE:0
[2026-09-08 13:36:13.349] [RX] AX12:MODE:0,TQ:1,TL:1023,CM:1,CS:4,MS:0,MT:800
[2026-09-08 13:36:13.437] [RX] PITCH:1.50,PID_OUT:-65.23,INT:-0.0985,EL:-4959,ER:-2642,VEL:-330.3,MOT:1,TILT:25.0,TRIM:1.239,ATE:1,LATCH:0,TORQ:1,CR:0.0,FX1:1.00,FY1:-151.10,FX2:-6.00,FY2:-149.60,IK1:1,IK2:1,MOVE:0
[2026-09-08 13:36:13.538] [RX] PITCH:1.08,PID_OUT:-41.51,INT:-0.0950,EL:-4995,ER:-2618,VEL:-300.4,MOT:1,TILT:25.0,TRIM:1.239,ATE:1,LATCH:0,TORQ:1,CR:0.0,FX1:1.00,FY1:-151.10,FX2:-6.00,FY2:-149.60,IK1:1,IK2:1,MOVE:0
[2026-09-08 13:36:13.640] [RX] PITCH:1.07,PID_OUT:-57.91,INT:-0.0730,EL:-5028,ER:-2597,VEL:-279.5,MOT:1,TILT:25.0,TRIM:1.239,ATE:1,LATCH:0,TORQ:1,CR:0.0,FX1:1.00,FY1:-151.10,FX2:-6.00,FY2:-149.60,IK1:1,IK2:1,MOVE:0
[2026-09-08 13:36:13.741] [RX] PITCH:1.45,PID_OUT:-81.37,INT:-0.0748,EL:-5065,ER:-2578,VEL:-273.9,MOT:1,TILT:25.0,TRIM:1.239,ATE:1,LATCH:0,TORQ:1,CR:0.0,FX1:1.00,FY1:-151.10,FX2:-6.00,FY2:-149.60,IK1:1,IK2:1,MOVE:0
[2026-09-08 13:36:13.845] [RX] PITCH:1.31,PID_OUT:-78.92,INT:-0.0925,EL:-5106,ER:-2558,VEL:-297.3,MOT:1,TILT:25.0,TRIM:1.239,ATE:1,LATCH:0,TORQ:1,CR:0.0,FX1:1.00,FY1:-151.10,FX2:-6.00,FY2:-149.60,IK1:1,IK2:1,MOVE:0
[2026-09-08 13:36:13.850] [RX] AX12:MODE:0,TQ:1,TL:1023,CM:1,CS:4,MS:0,MT:800
[2026-09-08 13:36:13.945] [RX] PITCH:1.36,PID_OUT:-65.77,INT:-0.0985,EL:-5140,ER:-2537,VEL:-276.6,MOT:1,TILT:25.0,TRIM:1.239,ATE:1,LATCH:0,TORQ:1,CR:0.0,FX1:1.00,FY1:-151.10,FX2:-6.00,FY2:-149.60,IK1:1,IK2:1,MOVE:0
[2026-09-08 13:36:13.945] [RX] SRV:14,44,6.3,0,2
[2026-09-08 13:36:14.041] [RX] PITCH:1.19,PID_OUT:-61.00,INT:-0.0955,EL:-5180,ER:-2516,VEL:-305.2,MOT:1,TILT:25.0,TRIM:1.239,ATE:1,LATCH:0,TORQ:1,CR:0.0,FX1:1.00,FY1:-151.10,FX2:-6.00,FY2:-149.60,IK1:1,IK2:1,MOVE:0
[2026-09-08 13:36:14.136] [RX] PITCH:1.29,PID_OUT:-83.67,INT:-0.0985,EL:-5214,ER:-2495,VEL:-283.5,MOT:1,TILT:25.0,TRIM:1.239,ATE:1,LATCH:0,TORQ:1,CR:0.0,FX1:1.00,FY1:-151.10,FX2:-6.00,FY2:-149.60,IK1:1,IK2:1,MOVE:0
[2026-09-08 13:36:14.237] [RX] PITCH:1.19,PID_OUT:-58.95,INT:-0.0980,EL:-5249,ER:-2475,VEL:-276.0,MOT:1,TILT:25.0,TRIM:1.239,ATE:1,LATCH:0,TORQ:1,CR:0.0,FX1:1.00,FY1:-151.10,FX2:-6.00,FY2:-149.60,IK1:1,IK2:1,MOVE:0
[2026-09-08 13:36:14.342] [RX] PITCH:1.91,PID_OUT:-52.27,INT:-0.0985,EL:-5290,ER:-2465,VEL:-262.7,MOT:1,TILT:25.0,TRIM:1.239,ATE:1,LATCH:0,TORQ:1,CR:0.0,FX1:1.00,FY1:-151.10,FX2:-6.00,FY2:-149.60,IK1:1,IK2:1,MOVE:0
[2026-09-08 13:36:14.347] [RX] AX12:MODE:0,TQ:1,TL:1023,CM:1,CS:4,MS:0,MT:800
[2026-09-08 13:36:14.436] [RX] PITCH:-0.22,PID_OUT:94.74,INT:-0.0245,EL:-5335,ER:-2467,VEL:-209.0,MOT:1,TILT:25.0,TRIM:1.239,ATE:1,LATCH:0,TORQ:1,CR:0.0,FX1:1.00,FY1:-151.10,FX2:-6.00,FY2:-149.60,IK1:1,IK2:1,MOVE:0
[2026-09-08 13:36:14.536] [RX] PITCH:0.75,PID_OUT:14.59,INT:0.0815,EL:-5358,ER:-2472,VEL:-105.0,MOT:1,TILT:25.0,TRIM:1.239,ATE:1,LATCH:0,TORQ:1,CR:0.0,FX1:1.00,FY1:-151.10,FX2:-6.00,FY2:-149.60,IK1:1,IK2:1,MOVE:0
[2026-09-08 13:36:14.634] [RX] PITCH:2.28,PID_OUT:-95.34,INT:0.0381,EL:-5378,ER:-2476,VEL:-93.7,MOT:1,TILT:25.0,TRIM:1.239,ATE:1,LATCH:0,TORQ:1,CR:0.0,FX1:1.00,FY1:-151.10,FX2:-6.00,FY2:-149.60,IK1:1,IK2:1,MOVE:0
[2026-09-08 13:36:14.735] [RX] PITCH:2.04,PID_OUT:-84.74,INT:-0.0735,EL:-5399,ER:-2469,VEL:-138.6,MOT:1,TILT:25.0,TRIM:1.239,ATE:1,LATCH:0,TORQ:1,CR:0.0,FX1:1.00,FY1:-151.10,FX2:-6.00,FY2:-149.60,IK1:1,IK2:1,MOVE:0
[2026-09-08 13:36:14.846] [RX] PITCH:2.03,PID_OUT:-82.50,INT:-0.0985,EL:-5429,ER:-2463,VEL:-157.1,MOT:1,TILT:25.0,TRIM:1.239,ATE:1,LATCH:0,TORQ:1,CR:0.0,FX1:1.00,FY1:-151.10,FX2:-6.00,FY2:-149.60,IK1:1,IK2:1,MOVE:0
[2026-09-08 13:36:14.846] [RX] AX12:MODE:0,TQ:1,TL:1023,CM:1,CS:4,MS:0,MT:800
[2026-09-08 13:36:14.938] [RX] PITCH:3.84,PID_OUT:-157.23,INT:-0.0985,EL:-5459,ER:-2448,VEL:-247.8,MOT:1,TILT:25.0,TRIM:1.239,ATE:1,LATCH:0,TORQ:1,CR:0.0,FX1:1.00,FY1:-151.10,FX2:-6.00,FY2:-149.60,IK1:1,IK2:1,MOVE:0
[2026-09-08 13:36:14.938] [RX] SRV:1,37,0.0,0,1
[2026-09-08 13:36:15.035] [RX] PITCH:0.93,PID_OUT:103.93,INT:-0.0953,EL:-5474,ER:-2442,VEL:-92.0,MOT:1,TILT:25.0,TRIM:1.239,ATE:1,LATCH:0,TORQ:1,CR:0.0,FX1:1.00,FY1:-151.10,FX2:-6.00,FY2:-149.60,IK1:1,IK2:1,MOVE:0
[2026-09-08 13:36:15.134] [RX] PITCH:0.33,PID_OUT:35.26,INT:0.0985,EL:-5449,ER:-2468,VEL:224.3,MOT:1,TILT:25.0,TRIM:1.239,ATE:1,LATCH:0,TORQ:1,CR:0.0,FX1:1.00,FY1:-151.10,FX2:-6.00,FY2:-149.60,IK1:1,IK2:1,MOVE:0
[2026-09-08 13:36:15.233] [RX] PITCH:1.19,PID_OUT:69.69,INT:0.0985,EL:-5415,ER:-2499,VEL:296.9,MOT:1,TILT:25.0,TRIM:1.239,ATE:1,LATCH:0,TORQ:1,CR:0.0,FX1:1.00,FY1:-151.10,FX2:-6.00,FY2:-149.60,IK1:1,IK2:1,MOVE:0
[2026-09-08 13:36:15.333] [RX] PITCH:0.13,PID_OUT:128.33,INT:0.0985,EL:-5385,ER:-2534,VEL:338.4,MOT:1,TILT:25.0,TRIM:1.239,ATE:1,LATCH:0,TORQ:1,CR:0.0,FX1:1.00,FY1:-151.10,FX2:-6.00,FY2:-149.60,IK1:1,IK2:1,MOVE:0
[2026-09-08 13:36:15.344] [RX] AX12:MODE:0,TQ:1,TL:1023,CM:1,CS:4,MS:0,MT:800
[2026-09-08 13:36:15.434] [RX] PITCH:0.18,PID_OUT:142.20,INT:0.0985,EL:-5345,ER:-2574,VEL:398.1,MOT:1,TILT:25.0,TRIM:1.239,ATE:1,LATCH:0,TORQ:1,CR:0.0,FX1:1.00,FY1:-151.10,FX2:-6.00,FY2:-149.60,IK1:1,IK2:1,MOVE:0
[2026-09-08 13:36:15.534] [RX] PITCH:0.21,PID_OUT:116.49,INT:0.0985,EL:-5301,ER:-2614,VEL:421.4,MOT:1,TILT:25.0,TRIM:1.239,ATE:1,LATCH:0,TORQ:1,CR:0.0,FX1:1.00,FY1:-151.10,FX2:-6.00,FY2:-149.60,IK1:1,IK2:1,MOVE:0
[2026-09-08 13:36:15.631] [RX] PITCH:0.10,PID_OUT:123.56,INT:0.0985,EL:-5254,ER:-2658,VEL:451.2,MOT:1,TILT:25.0,TRIM:1.239,ATE:1,LATCH:0,TORQ:1,CR:0.0,FX1:1.00,FY1:-151.10,FX2:-6.00,FY2:-149.60,IK1:1,IK2:1,MOVE:0
[2026-09-08 13:36:15.732] [RX] PITCH:0.30,PID_OUT:139.05,INT:0.0985,EL:-5204,ER:-2703,VEL:471.9,MOT:1,TILT:25.0,TRIM:1.239,ATE:1,LATCH:0,TORQ:1,CR:0.0,FX1:1.00,FY1:-151.10,FX2:-6.00,FY2:-149.60,IK1:1,IK2:1,MOVE:0
[2026-09-08 13:36:15.837] [RX] PITCH:0.27,PID_OUT:123.78,INT:0.0985,EL:-5151,ER:-2753,VEL:510.1,MOT:1,TILT:25.0,TRIM:1.239,ATE:1,LATCH:0,TORQ:1,CR:0.0,FX1:1.00,FY1:-151.10,FX2:-6.00,FY2:-149.60,IK1:1,IK2:1,MOVE:0
[2026-09-08 13:36:15.844] [RX] AX12:MODE:0,TQ:1,TL:1023,CM:1,CS:4,MS:0,MT:800
[2026-09-08 13:36:15.935] [RX] PITCH:-0.86,PID_OUT:131.84,INT:0.0985,EL:-5094,ER:-2806,VEL:546.4,MOT:1,TILT:25.0,TRIM:1.239,ATE:1,LATCH:0,TORQ:1,CR:0.0,FX1:1.00,FY1:-151.10,FX2:-6.00,FY2:-149.60,IK1:1,IK2:1,MOVE:0
[2026-09-08 13:36:15.935] [RX] SRV:6,39,0.0,0,0
[2026-09-08 13:36:16.034] [RX] PITCH:1.04,PID_OUT:-134.02,INT:0.0985,EL:-5041,ER:-2865,VEL:534.2,MOT:1,TILT:25.0,TRIM:1.239,ATE:1,LATCH:0,TORQ:1,CR:0.0,FX1:1.00,FY1:-151.10,FX2:-6.00,FY2:-149.60,IK1:1,IK2:1,MOVE:0
[2026-09-08 13:36:16.130] [RX] PITCH:1.60,PID_OUT:-9.71,INT:0.0232,EL:-5020,ER:-2900,VEL:287.8,MOT:1,TILT:25.0,TRIM:1.239,ATE:1,LATCH:0,TORQ:1,CR:0.0,FX1:1.00,FY1:-151.10,FX2:-6.00,FY2:-149.60,IK1:1,IK2:1,MOVE:0
[2026-09-08 13:36:16.231] [RX] PITCH:1.39,PID_OUT:3.01,INT:-0.0037,EL:-5020,ER:-2923,VEL:143.7,MOT:1,TILT:25.0,TRIM:1.239,ATE:1,LATCH:0,TORQ:1,CR:0.0,FX1:1.00,FY1:-151.10,FX2:-6.00,FY2:-149.60,IK1:1,IK2:1,MOVE:0
[2026-09-08 13:36:16.338] [RX] PITCH:0.60,PID_OUT:76.70,INT:0.0228,EL:-5005,ER:-2951,VEL:202.1,MOT:1,TILT:25.0,TRIM:1.239,ATE:1,LATCH:0,TORQ:1,CR:0.0,FX1:1.00,FY1:-151.10,FX2:-6.00,FY2:-149.60,IK1:1,IK2:1,MOVE:0
[2026-09-08 13:36:16.346] [RX] AX12:MODE:0,TQ:1,TL:1023,CM:1,CS:4,MS:0,MT:800
[2026-09-08 13:36:16.430] [RX] PITCH:0.72,PID_OUT:68.48,INT:0.0863,EL:-4990,ER:-2981,VEL:219.5,MOT:1,TILT:25.0,TRIM:1.239,ATE:1,LATCH:0,TORQ:1,CR:0.0,FX1:1.00,FY1:-151.10,FX2:-6.00,FY2:-149.60,IK1:1,IK2:1,MOVE:0
[2026-09-08 13:36:16.530] [RX] PITCH:1.51,PID_OUT:6.16,INT:0.0905,EL:-4974,ER:-3013,VEL:235.6,MOT:1,TILT:25.0,TRIM:1.239,ATE:1,LATCH:0,TORQ:1,CR:0.0,FX1:1.00,FY1:-151.10,FX2:-6.00,FY2:-149.60,IK1:1,IK2:1,MOVE:0
[2026-09-08 13:36:16.628] [RX] PITCH:2.11,PID_OUT:-40.64,INT:0.0275,EL:-4984,ER:-3023,VEL:28.4,MOT:1,TILT:25.0,TRIM:1.239,ATE:1,LATCH:0,TORQ:1,CR:0.0,FX1:1.00,FY1:-151.10,FX2:-6.00,FY2:-149.60,IK1:1,IK2:1,MOVE:0
[2026-09-08 13:36:16.728] [RX] PITCH:1.35,PID_OUT:9.08,INT:-0.0244,EL:-5002,ER:-3025,VEL:-46.0,MOT:1,TILT:25.0,TRIM:1.239,ATE:1,LATCH:0,TORQ:1,CR:0.0,FX1:1.00,FY1:-151.10,FX2:-6.00,FY2:-149.60,IK1:1,IK2:1,MOVE:0
[2026-09-08 13:36:16.828] [RX] PITCH:0.65,PID_OUT:64.58,INT:0.0080,EL:-5002,ER:-3025,VEL:-9.0,MOT:1,TILT:25.0,TRIM:1.239,ATE:1,LATCH:0,TORQ:1,CR:0.0,FX1:1.00,FY1:-151.10,FX2:-6.00,FY2:-149.60,IK1:1,IK2:1,MOVE:0
[2026-09-08 13:36:16.839] [RX] AX12:MODE:0,TQ:1,TL:1023,CM:1,CS:4,MS:0,MT:800
[2026-09-08 13:36:16.929] [RX] PITCH:0.85,PID_OUT:49.74,INT:0.0707,EL:-4999,ER:-3049,VEL:103.2,MOT:1,TILT:25.0,TRIM:1.239,ATE:1,LATCH:0,TORQ:1,CR:0.0,FX1:1.00,FY1:-151.10,FX2:-6.00,FY2:-149.60,IK1:1,IK2:1,MOVE:0
[2026-09-08 13:36:16.931] [RX] SRV:0,37,6.3,0,0
[2026-09-08 13:36:17.029] [RX] PITCH:1.38,PID_OUT:15.72,INT:0.0785,EL:-4997,ER:-3069,VEL:123.0,MOT:1,TILT:25.0,TRIM:1.239,ATE:1,LATCH:0,TORQ:1,CR:0.0,FX1:1.00,FY1:-151.10,FX2:-6.00,FY2:-149.60,IK1:1,IK2:1,MOVE:0
[2026-09-08 13:36:17.129] [RX] PITCH:1.82,PID_OUT:-60.09,INT:0.0433,EL:-4997,ER:-3073,VEL:31.2,MOT:1,TILT:25.0,TRIM:1.239,ATE:1,LATCH:0,TORQ:1,CR:0.0,FX1:1.00,FY1:-151.10,FX2:-6.00,FY2:-149.60,IK1:1,IK2:1,MOVE:0
[2026-09-08 13:36:17.225] [RX] PITCH:2.41,PID_OUT:-113.03,INT:-0.0640,EL:-5018,ER:-3068,VEL:-124.9,MOT:1,TILT:25.0,TRIM:1.239,ATE:1,LATCH:0,TORQ:1,CR:0.0,FX1:1.00,FY1:-151.10,FX2:-6.00,FY2:-149.60,IK1:1,IK2:1,MOVE:0
[2026-09-08 13:36:17.338] [RX] PITCH:1.58,PID_OUT:-67.09,INT:-0.0985,EL:-5055,ER:-3057,VEL:-220.8,MOT:1,TILT:25.0,TRIM:1.239,ATE:1,LATCH:0,TORQ:1,CR:0.0,FX1:1.00,FY1:-151.10,FX2:-6.00,FY2:-149.60,IK1:1,IK2:1,MOVE:0
[2026-09-08 13:36:17.341] [RX] AX12:MODE:0,TQ:1,TL:1023,CM:1,CS:4,MS:0,MT:800
[2026-09-08 13:36:17.428] [RX] PITCH:1.12,PID_OUT:-72.47,INT:-0.0943,EL:-5087,ER:-3047,VEL:-205.3,MOT:1,TILT:25.0,TRIM:1.239,ATE:1,LATCH:0,TORQ:1,CR:0.0,FX1:1.00,FY1:-151.10,FX2:-6.00,FY2:-149.60,IK1:1,IK2:1,MOVE:0
[2026-09-08 13:36:17.527] [RX] PITCH:1.33,PID_OUT:-79.68,INT:-0.0985,EL:-5118,ER:-3037,VEL:-201.9,MOT:1,TILT:25.0,TRIM:1.239,ATE:1,LATCH:0,TORQ:1,CR:0.0,FX1:1.00,FY1:-151.10,FX2:-6.00,FY2:-149.60,IK1:1,IK2:1,MOVE:0
[2026-09-08 13:36:17.626] [RX] PITCH:1.33,PID_OUT:-80.65,INT:-0.0985,EL:-5154,ER:-3023,VEL:-241.6,MOT:1,TILT:25.0,TRIM:1.239,ATE:1,LATCH:0,TORQ:1,CR:0.0,FX1:1.00,FY1:-151.10,FX2:-6.00,FY2:-149.60,IK1:1,IK2:1,MOVE:0
[2026-09-08 13:36:17.727] [RX] PITCH:1.36,PID_OUT:-86.90,INT:-0.0985,EL:-5189,ER:-3007,VEL:-259.0,MOT:1,TILT:25.0,TRIM:1.239,ATE:1,LATCH:0,TORQ:1,CR:0.0,FX1:1.00,FY1:-151.10,FX2:-6.00,FY2:-149.60,IK1:1,IK2:1,MOVE:0
[2026-09-08 13:36:17.832] [RX] PITCH:1.67,PID_OUT:-102.17,INT:-0.0985,EL:-5226,ER:-2988,VEL:-274.9,MOT:1,TILT:25.0,TRIM:1.239,ATE:1,LATCH:0,TORQ:1,CR:0.0,FX1:1.00,FY1:-151.10,FX2:-6.00,FY2:-149.60,IK1:1,IK2:1,MOVE:0
[2026-09-08 13:36:17.838] [RX] AX12:MODE:0,TQ:1,TL:1023,CM:1,CS:4,MS:0,MT:800
[2026-09-08 13:36:17.930] [RX] PITCH:1.48,PID_OUT:-85.27,INT:-0.0985,EL:-5262,ER:-2966,VEL:-283.2,MOT:1,TILT:25.0,TRIM:1.239,ATE:1,LATCH:0,TORQ:1,CR:0.0,FX1:1.00,FY1:-151.10,FX2:-6.00,FY2:-149.60,IK1:1,IK2:1,MOVE:0
[2026-09-08 13:36:17.930] [RX] SRV:14,44,6.3,0,0
[2026-09-08 13:36:18.024] [RX] PITCH:1.35,PID_OUT:-85.42,INT:-0.0985,EL:-5300,ER:-2943,VEL:-299.2,MOT:1,TILT:25.0,TRIM:1.239,ATE:1,LATCH:0,TORQ:1,CR:0.0,FX1:1.00,FY1:-151.10,FX2:-6.00,FY2:-149.60,IK1:1,IK2:1,MOVE:0
[2026-09-08 13:36:18.125] [RX] PITCH:1.46,PID_OUT:-76.30,INT:-0.0985,EL:-5345,ER:-2917,VEL:-344.9,MOT:1,TILT:25.0,TRIM:1.239,ATE:1,LATCH:0,TORQ:1,CR:0.0,FX1:1.00,FY1:-151.10,FX2:-6.00,FY2:-149.60,IK1:1,IK2:1,MOVE:0
[2026-09-08 13:36:18.225] [RX] PITCH:1.52,PID_OUT:-104.80,INT:-0.0985,EL:-5384,ER:-2891,VEL:-328.0,MOT:1,TILT:25.0,TRIM:1.239,ATE:1,LATCH:0,TORQ:1,CR:0.0,FX1:1.00,FY1:-151.10,FX2:-6.00,FY2:-149.60,IK1:1,IK2:1,MOVE:0
[2026-09-08 13:36:18.331] [RX] PITCH:1.41,PID_OUT:-79.05,INT:-0.0985,EL:-5426,ER:-2863,VEL:-347.9,MOT:1,TILT:25.0,TRIM:1.239,ATE:1,LATCH:0,TORQ:1,CR:0.0,FX1:1.00,FY1:-151.10,FX2:-6.00,FY2:-149.60,IK1:1,IK2:1,MOVE:0
[2026-09-08 13:36:18.335] [RX] AX12:MODE:0,TQ:1,TL:1023,CM:1,CS:4,MS:0,MT:800
[2026-09-08 13:36:18.425] [RX] PITCH:1.48,PID_OUT:-88.93,INT:-0.0985,EL:-5463,ER:-2834,VEL:-339.4,MOT:1,TILT:25.0,TRIM:1.239,ATE:1,LATCH:0,TORQ:1,CR:0.0,FX1:1.00,FY1:-151.10,FX2:-6.00,FY2:-149.60,IK1:1,IK2:1,MOVE:0
[2026-09-08 13:36:18.527] [RX] PITCH:1.53,PID_OUT:-91.50,INT:-0.0985,EL:-5503,ER:-2805,VEL:-356.6,MOT:1,TILT:25.0,TRIM:1.239,ATE:1,LATCH:0,TORQ:1,CR:0.0,FX1:1.00,FY1:-151.10,FX2:-6.00,FY2:-149.60,IK1:1,IK2:1,MOVE:0
[2026-09-08 13:36:18.625] [RX] PITCH:1.70,PID_OUT:-101.01,INT:-0.0985,EL:-5544,ER:-2774,VEL:-362.7,MOT:1,TILT:25.0,TRIM:1.239,ATE:1,LATCH:0,TORQ:1,CR:0.0,FX1:1.00,FY1:-151.10,FX2:-6.00,FY2:-149.60,IK1:1,IK2:1,MOVE:0
[2026-09-08 13:36:18.723] [RX] PITCH:1.58,PID_OUT:-96.43,INT:-0.0985,EL:-5584,ER:-2742,VEL:-361.2,MOT:1,TILT:25.0,TRIM:1.239,ATE:1,LATCH:0,TORQ:1,CR:0.0,FX1:1.00,FY1:-151.10,FX2:-6.00,FY2:-149.60,IK1:1,IK2:1,MOVE:0
[2026-09-08 13:36:18.825] [RX] PITCH:1.41,PID_OUT:-86.38,INT:-0.0985,EL:-5627,ER:-2709,VEL:-384.0,MOT:1,TILT:25.0,TRIM:1.239,ATE:1,LATCH:0,TORQ:1,CR:0.0,FX1:1.00,FY1:-151.10,FX2:-6.00,FY2:-149.60,IK1:1,IK2:1,MOVE:0
[2026-09-08 13:36:18.834] [RX] AX12:MODE:0,TQ:1,TL:1023,CM:1,CS:4,MS:0,MT:800
[2026-09-08 13:36:18.924] [RX] PITCH:1.57,PID_OUT:-99.05,INT:-0.0985,EL:-5671,ER:-2674,VEL:-402.2,MOT:1,TILT:25.0,TRIM:1.239,ATE:1,LATCH:0,TORQ:1,CR:0.0,FX1:1.00,FY1:-151.10,FX2:-6.00,FY2:-149.60,IK1:1,IK2:1,MOVE:0
[2026-09-08 13:36:18.926] [RX] SRV:1,37,0.0,0,0
[2026-09-08 13:36:19.022] [RX] PITCH:1.37,PID_OUT:-98.05,INT:-0.0985,EL:-5712,ER:-2638,VEL:-385.7,MOT:1,TILT:25.0,TRIM:1.239,ATE:1,LATCH:0,TORQ:1,CR:0.0,FX1:1.00,FY1:-151.10,FX2:-6.00,FY2:-149.60,IK1:1,IK2:1,MOVE:0
[2026-09-08 13:36:19.124] [RX] PITCH:5.27,PID_OUT:-401.96,INT:-0.0985,EL:-5757,ER:-2595,VEL:-451.8,MOT:1,TILT:25.0,TRIM:1.239,ATE:1,LATCH:0,TORQ:1,CR:0.0,FX1:1.00,FY1:-151.10,FX2:-6.00,FY2:-149.60,IK1:1,IK2:1,MOVE:0
[2026-09-08 13:36:19.223] [RX] PITCH:2.90,PID_OUT:16.57,INT:-0.0985,EL:-5832,ER:-2510,VEL:-734.7,MOT:1,TILT:25.0,TRIM:1.239,ATE:1,LATCH:0,TORQ:1,CR:0.0,FX1:1.00,FY1:-151.10,FX2:-6.00,FY2:-149.60,IK1:1,IK2:1,MOVE:0
[2026-09-08 13:36:19.326] [RX] PITCH:4.42,PID_OUT:-185.11,INT:-0.0985,EL:-5879,ER:-2438,VEL:-638.2,MOT:1,TILT:25.0,TRIM:1.239,ATE:1,LATCH:0,TORQ:1,CR:0.0,FX1:1.00,FY1:-151.10,FX2:-6.00,FY2:-149.60,IK1:1,IK2:1,MOVE:0
[2026-09-08 13:36:19.334] [RX] AX12:MODE:0,TQ:1,TL:1023,CM:1,CS:4,MS:0,MT:800
[2026-09-08 13:36:19.421] [RX] PITCH:2.48,PID_OUT:177.27,INT:-0.0985,EL:-5933,ER:-2383,VEL:-523.0,MOT:1,TILT:25.0,TRIM:1.239,ATE:1,LATCH:0,TORQ:1,CR:0.0,FX1:1.00,FY1:-151.10,FX2:-6.00,FY2:-149.60,IK1:1,IK2:1,MOVE:0
[2026-09-08 13:36:19.523] [RX] PITCH:-0.42,PID_OUT:34.89,INT:0.0985,EL:-5907,ER:-2401,VEL:141.5,MOT:1,TILT:25.0,TRIM:1.239,ATE:1,LATCH:0,TORQ:1,CR:0.0,FX1:1.00,FY1:-151.10,FX2:-6.00,FY2:-149.60,IK1:1,IK2:1,MOVE:0
[2026-09-08 13:36:19.620] [RX] PITCH:2.08,PID_OUT:117.71,INT:0.0503,EL:-5880,ER:-2440,VEL:266.4,MOT:1,TILT:25.0,TRIM:1.239,ATE:1,LATCH:0,TORQ:1,CR:0.0,FX1:1.00,FY1:-151.10,FX2:-6.00,FY2:-149.60,IK1:1,IK2:1,MOVE:0
[2026-09-08 13:36:19.721] [RX] PITCH:-1.15,PID_OUT:71.53,INT:0.0985,EL:-5846,ER:-2485,VEL:405.8,MOT:1,TILT:25.0,TRIM:1.239,ATE:1,LATCH:0,TORQ:1,CR:0.0,FX1:1.00,FY1:-151.10,FX2:-6.00,FY2:-149.60,IK1:1,IK2:1,MOVE:0
[2026-09-08 13:36:19.821] [RX] PITCH:-1.04,PID_OUT:212.63,INT:0.0985,EL:-5788,ER:-2546,VEL:572.3,MOT:1,TILT:25.0,TRIM:1.239,ATE:1,LATCH:0,TORQ:1,CR:0.0,FX1:1.00,FY1:-151.10,FX2:-6.00,FY2:-149.60,IK1:1,IK2:1,MOVE:0
[2026-09-08 13:36:19.830] [RX] AX12:MODE:0,TQ:1,TL:1023,CM:1,CS:4,MS:0,MT:800
[2026-09-08 13:36:19.924] [RX] PITCH:-0.85,PID_OUT:217.89,INT:0.0985,EL:-5720,ER:-2617,VEL:676.2,MOT:1,TILT:25.0,TRIM:1.239,ATE:1,LATCH:0,TORQ:1,CR:0.0,FX1:1.00,FY1:-151.10,FX2:-6.00,FY2:-149.60,IK1:1,IK2:1,MOVE:0
[2026-09-08 13:36:19.924] [RX] SRV:6,39,0.0,0,0
[2026-09-08 13:36:20.021] [RX] PITCH:-1.54,PID_OUT:237.22,INT:0.0985,EL:-5643,ER:-2696,VEL:769.6,MOT:1,TILT:25.0,TRIM:1.239,ATE:1,LATCH:0,TORQ:1,CR:0.0,FX1:1.00,FY1:-151.10,FX2:-6.00,FY2:-149.60,IK1:1,IK2:1,MOVE:0
[2026-09-08 13:36:20.119] [RX] PITCH:-0.91,PID_OUT:239.32,INT:0.0985,EL:-5553,ER:-2786,VEL:876.3,MOT:1,TILT:25.0,TRIM:1.239,ATE:1,LATCH:0,TORQ:1,CR:0.0,FX1:1.00,FY1:-151.10,FX2:-6.00,FY2:-149.60,IK1:1,IK2:1,MOVE:0
[2026-09-08 13:36:20.219] [RX] PITCH:-1.85,PID_OUT:81.05,INT:0.0985,EL:-5455,ER:-2884,VEL:967.2,MOT:1,TILT:25.0,TRIM:1.239,ATE:1,LATCH:0,TORQ:1,CR:0.0,FX1:1.00,FY1:-151.10,FX2:-6.00,FY2:-149.60,IK1:1,IK2:1,MOVE:0
[2026-09-08 13:36:20.330] [RX] PITCH:2.57,PID_OUT:-70.02,INT:0.0723,EL:-5376,ER:-2973,VEL:837.9,MOT:1,TILT:25.0,TRIM:1.239,ATE:1,LATCH:0,TORQ:1,CR:0.0,FX1:1.00,FY1:-151.10,FX2:-6.00,FY2:-149.60,IK1:1,IK2:1,MOVE:0
[2026-09-08 13:36:20.330] [RX] AX12:MODE:0,TQ:1,TL:1023,CM:1,CS:4,MS:0,MT:800
[2026-09-08 13:36:20.417] [RX] PITCH:0.22,PID_OUT:45.72,INT:0.0724,EL:-5323,ER:-3040,VEL:649.8,MOT:1,TILT:25.0,TRIM:1.239,ATE:1,LATCH:0,TORQ:1,CR:0.0,FX1:1.00,FY1:-151.10,FX2:-6.00,FY2:-149.60,IK1:1,IK2:1,MOVE:0
[2026-09-08 13:36:20.517] [RX] PITCH:1.29,PID_OUT:-117.92,INT:0.0979,EL:-5274,ER:-3103,VEL:560.0,MOT:1,TILT:25.0,TRIM:1.239,ATE:1,LATCH:0,TORQ:1,CR:0.0,FX1:1.00,FY1:-151.10,FX2:-6.00,FY2:-149.60,IK1:1,IK2:1,MOVE:0
[2026-09-08 13:36:20.619] [RX] PITCH:2.62,PID_OUT:-129.55,INT:-0.0076,EL:-5259,ER:-3139,VEL:265.1,MOT:1,TILT:25.0,TRIM:1.239,ATE:1,LATCH:0,TORQ:1,CR:0.0,FX1:1.00,FY1:-151.10,FX2:-6.00,FY2:-149.60,IK1:1,IK2:1,MOVE:0
[2026-09-08 13:36:20.718] [RX] PITCH:1.08,PID_OUT:-38.36,INT:-0.0861,EL:-5261,ER:-3151,VEL:85.4,MOT:1,TILT:25.0,TRIM:1.239,ATE:1,LATCH:0,TORQ:1,CR:0.0,FX1:1.00,FY1:-151.10,FX2:-6.00,FY2:-149.60,IK1:1,IK2:1,MOVE:0
[2026-09-08 13:36:20.828] [RX] PITCH:1.77,PID_OUT:-113.64,INT:-0.0985,EL:-5261,ER:-3153,VEL:17.9,MOT:1,TILT:25.0,TRIM:1.239,ATE:1,LATCH:0,TORQ:1,CR:0.0,FX1:1.00,FY1:-151.10,FX2:-6.00,FY2:-149.60,IK1:1,IK2:1,MOVE:0
[2026-09-08 13:36:20.831] [RX] AX12:MODE:0,TQ:1,TL:1023,CM:1,CS:4,MS:0,MT:800
[2026-09-08 13:36:20.922] [RX] PITCH:2.31,PID_OUT:-144.17,INT:-0.0985,EL:-5292,ER:-3147,VEL:-148.1,MOT:1,TILT:25.0,TRIM:1.239,ATE:1,LATCH:0,TORQ:1,CR:0.0,FX1:1.00,FY1:-151.10,FX2:-6.00,FY2:-149.60,IK1:1,IK2:1,MOVE:0
[2026-09-08 13:36:20.922] [RX] SRV:0,38,0.8,0,0
[2026-09-08 13:36:21.017] [RX] PITCH:2.12,PID_OUT:-123.39,INT:-0.0985,EL:-5328,ER:-3132,VEL:-241.6,MOT:1,TILT:25.0,TRIM:1.239,ATE:1,LATCH:0,TORQ:1,CR:0.0,FX1:1.00,FY1:-151.10,FX2:-6.00,FY2:-149.60,IK1:1,IK2:1,MOVE:0
[2026-09-08 13:36:21.118] [RX] PITCH:2.30,PID_OUT:-122.05,INT:-0.0985,EL:-5367,ER:-3114,VEL:-283.6,MOT:1,TILT:25.0,TRIM:1.239,ATE:1,LATCH:0,TORQ:1,CR:0.0,FX1:1.00,FY1:-151.10,FX2:-6.00,FY2:-149.60,IK1:1,IK2:1,MOVE:0
[2026-09-08 13:36:21.217] [RX] PITCH:1.91,PID_OUT:-117.95,INT:-0.0985,EL:-5406,ER:-3089,VEL:-309.4,MOT:1,TILT:25.0,TRIM:1.239,ATE:1,LATCH:0,TORQ:1,CR:0.0,FX1:1.00,FY1:-151.10,FX2:-6.00,FY2:-149.60,IK1:1,IK2:1,MOVE:0
[2026-09-08 13:36:21.321] [RX] PITCH:2.48,PID_OUT:-149.05,INT:-0.0985,EL:-5447,ER:-3061,VEL:-341.6,MOT:1,TILT:25.0,TRIM:1.239,ATE:1,LATCH:0,TORQ:1,CR:0.0,FX1:1.00,FY1:-151.10,FX2:-6.00,FY2:-149.60,IK1:1,IK2:1,MOVE:0
[2026-09-08 13:36:21.329] [RX] AX12:MODE:0,TQ:1,TL:1023,CM:1,CS:4,MS:0,MT:800
[2026-09-08 13:36:21.416] [RX] PITCH:1.77,PID_OUT:-122.29,INT:-0.0985,EL:-5494,ER:-3028,VEL:-387.5,MOT:1,TILT:25.0,TRIM:1.239,ATE:1,LATCH:0,TORQ:1,CR:0.0,FX1:1.00,FY1:-151.10,FX2:-6.00,FY2:-149.60,IK1:1,IK2:1,MOVE:0
[2026-09-08 13:36:21.517] [RX] PITCH:2.36,PID_OUT:-155.98,INT:-0.0985,EL:-5546,ER:-2991,VEL:-444.8,MOT:1,TILT:25.0,TRIM:1.239,ATE:1,LATCH:0,TORQ:1,CR:0.0,FX1:1.00,FY1:-151.10,FX2:-6.00,FY2:-149.60,IK1:1,IK2:1,MOVE:0
[2026-09-08 13:36:21.615] [RX] PITCH:1.92,PID_OUT:-118.58,INT:-0.0985,EL:-5603,ER:-2947,VEL:-499.1,MOT:1,TILT:25.0,TRIM:1.239,ATE:1,LATCH:0,TORQ:1,CR:0.0,FX1:1.00,FY1:-151.10,FX2:-6.00,FY2:-149.60,IK1:1,IK2:1,MOVE:0
[2026-09-08 13:36:21.715] [RX] PITCH:2.15,PID_OUT:-150.93,INT:-0.0985,EL:-5663,ER:-2901,VEL:-532.8,MOT:1,TILT:25.0,TRIM:1.239,ATE:1,LATCH:0,TORQ:1,CR:0.0,FX1:1.00,FY1:-151.10,FX2:-6.00,FY2:-149.60,IK1:1,IK2:1,MOVE:0
[2026-09-08 13:36:21.823] [RX] PITCH:2.38,PID_OUT:-163.40,INT:-0.0985,EL:-5727,ER:-2850,VEL:-571.7,MOT:1,TILT:25.0,TRIM:1.239,ATE:1,LATCH:0,TORQ:1,CR:0.0,FX1:1.00,FY1:-151.10,FX2:-6.00,FY2:-149.60,IK1:1,IK2:1,MOVE:0
[2026-09-08 13:36:21.827] [RX] AX12:MODE:0,TQ:1,TL:1023,CM:1,CS:4,MS:0,MT:800
[2026-09-08 13:36:21.916] [RX] PITCH:3.13,PID_OUT:-135.62,INT:-0.0985,EL:-5799,ER:-2791,VEL:-642.2,MOT:1,TILT:25.0,TRIM:1.239,ATE:1,LATCH:0,TORQ:1,CR:0.0,FX1:1.00,FY1:-151.10,FX2:-6.00,FY2:-149.60,IK1:1,IK2:1,MOVE:0
[2026-09-08 13:36:21.919] [RX] SRV:14,44,0.8,0,1
[2026-09-08 13:36:22.019] [RX] PITCH:1.13,PID_OUT:21.02,INT:-0.0969,EL:-5872,ER:-2735,VEL:-620.9,MOT:1,TILT:25.0,TRIM:1.239,ATE:1,LATCH:0,TORQ:1,CR:0.0,FX1:1.00,FY1:-151.10,FX2:-6.00,FY2:-149.60,IK1:1,IK2:1,MOVE:0
[2026-09-08 13:36:22.119] [RX] PITCH:0.94,PID_OUT:23.59,INT:-0.0405,EL:-5930,ER:-2692,VEL:-505.3,MOT:1,TILT:25.0,TRIM:1.239,ATE:1,LATCH:0,TORQ:1,CR:0.0,FX1:1.00,FY1:-151.10,FX2:-6.00,FY2:-149.60,IK1:1,IK2:1,MOVE:0
[2026-09-08 13:36:22.212] [RX] PITCH:1.51,PID_OUT:109.44,INT:-0.0985,EL:-5979,ER:-2653,VEL:-442.2,MOT:1,TILT:25.0,TRIM:1.239,ATE:1,LATCH:0,TORQ:1,CR:0.0,FX1:1.00,FY1:-151.10,FX2:-6.00,FY2:-149.60,IK1:1,IK2:1,MOVE:0
[2026-09-08 13:36:22.314] [RX] PITCH:1.31,PID_OUT:8.07,INT:-0.0096,EL:-6004,ER:-2635,VEL:-230.1,MOT:1,TILT:25.0,TRIM:1.239,ATE:1,LATCH:0,TORQ:1,CR:0.0,FX1:1.00,FY1:-151.10,FX2:-6.00,FY2:-149.60,IK1:1,IK2:1,MOVE:0
[2026-09-08 13:36:22.323] [RX] AX12:MODE:0,TQ:1,TL:1023,CM:1,CS:4,MS:0,MT:800
[2026-09-08 13:36:22.411] [RX] PITCH:-0.56,PID_OUT:163.58,INT:0.0911,EL:-6000,ER:-2647,VEL:44.2,MOT:1,TILT:25.0,TRIM:1.239,ATE:1,LATCH:0,TORQ:1,CR:0.0,FX1:1.00,FY1:-151.10,FX2:-6.00,FY2:-149.60,IK1:1,IK2:1,MOVE:0
[2026-09-08 13:36:22.512] [RX] PITCH:0.09,PID_OUT:134.31,INT:0.0985,EL:-5977,ER:-2668,VEL:191.6,MOT:1,TILT:25.0,TRIM:1.239,ATE:1,LATCH:0,TORQ:1,CR:0.0,FX1:1.00,FY1:-151.10,FX2:-6.00,FY2:-149.60,IK1:1,IK2:1,MOVE:0
[2026-09-08 13:36:22.612] [RX] PITCH:-0.42,PID_OUT:93.26,INT:0.0985,EL:-5937,ER:-2693,VEL:314.8,MOT:1,TILT:25.0,TRIM:1.239,ATE:1,LATCH:0,TORQ:1,CR:0.0,FX1:1.00,FY1:-151.10,FX2:-6.00,FY2:-149.60,IK1:1,IK2:1,MOVE:0
[2026-09-08 13:36:22.713] [RX] PITCH:0.50,PID_OUT:86.97,INT:0.0985,EL:-5886,ER:-2720,VEL:379.4,MOT:1,TILT:25.0,TRIM:1.239,ATE:1,LATCH:0,TORQ:1,CR:0.0,FX1:1.00,FY1:-151.10,FX2:-6.00,FY2:-149.60,IK1:1,IK2:1,MOVE:0
[2026-09-08 13:36:22.822] [RX] PITCH:0.55,PID_OUT:118.89,INT:0.0985,EL:-5829,ER:-2728,VEL:326.6,MOT:1,TILT:25.0,TRIM:1.239,ATE:1,LATCH:0,TORQ:1,CR:0.0,FX1:1.00,FY1:-151.10,FX2:-6.00,FY2:-149.60,IK1:1,IK2:1,MOVE:0
[2026-09-08 13:36:22.824] [RX] AX12:MODE:0,TQ:1,TL:1023,CM:1,CS:4,MS:0,MT:800
[2026-09-08 13:36:22.915] [RX] PITCH:0.07,PID_OUT:141.69,INT:0.0985,EL:-5767,ER:-2739,VEL:369.8,MOT:1,TILT:25.0,TRIM:1.239,ATE:1,LATCH:0,TORQ:1,CR:0.0,FX1:1.00,FY1:-151.10,FX2:-6.00,FY2:-149.60,IK1:1,IK2:1,MOVE:0
[2026-09-08 13:36:22.915] [RX] SRV:1,37,9.4,0,0
[2026-09-08 13:36:23.012] [RX] PITCH:-0.06,PID_OUT:92.76,INT:0.0985,EL:-5701,ER:-2769,VEL:464.7,MOT:1,TILT:25.0,TRIM:1.239,ATE:1,LATCH:0,TORQ:1,CR:0.0,FX1:1.00,FY1:-151.10,FX2:-6.00,FY2:-149.60,IK1:1,IK2:1,MOVE:0
[2026-09-08 13:36:23.114] [RX] PITCH:0.09,PID_OUT:29.62,INT:0.0985,EL:-5639,ER:-2800,VEL:460.9,MOT:1,TILT:25.0,TRIM:1.239,ATE:1,LATCH:0,TORQ:1,CR:0.0,FX1:1.00,FY1:-151.10,FX2:-6.00,FY2:-149.60,IK1:1,IK2:1,MOVE:0
[2026-09-08 13:36:23.211] [RX] PITCH:2.27,PID_OUT:-137.52,INT:0.0759,EL:-5600,ER:-2815,VEL:271.6,MOT:1,TILT:25.0,TRIM:1.239,ATE:1,LATCH:0,TORQ:1,CR:0.0,FX1:1.00,FY1:-151.10,FX2:-6.00,FY2:-149.60,IK1:1,IK2:1,MOVE:0
[2026-09-08 13:36:23.320] [RX] PITCH:2.07,PID_OUT:-78.32,INT:-0.0353,EL:-5601,ER:-2811,VEL:16.6,MOT:1,TILT:25.0,TRIM:1.239,ATE:1,LATCH:0,TORQ:1,CR:0.0,FX1:1.00,FY1:-151.10,FX2:-6.00,FY2:-149.60,IK1:1,IK2:1,MOVE:0
[2026-09-08 13:36:23.321] [RX] AX12:MODE:0,TQ:1,TL:1023,CM:1,CS:4,MS:0,MT:800
[2026-09-08 13:36:23.410] [RX] PITCH:0.76,PID_OUT:-74.55,INT:-0.0309,EL:-5678,ER:-2804,VEL:-373.6,MOT:1,TILT:25.0,TRIM:1.239,ATE:1,LATCH:0,TORQ:1,CR:0.0,FX1:1.00,FY1:-151.10,FX2:-6.00,FY2:-149.60,IK1:1,IK2:1,MOVE:0
[2026-09-08 13:36:23.511] [RX] PITCH:2.92,PID_OUT:-184.29,INT:-0.0985,EL:-5728,ER:-2792,VEL:-307.6,MOT:1,TILT:25.0,TRIM:1.239,ATE:1,LATCH:0,TORQ:1,CR:0.0,FX1:1.00,FY1:-151.10,FX2:-6.00,FY2:-149.60,IK1:1,IK2:1,MOVE:0
[2026-09-08 13:36:23.621] [RX] PITCH:1.55,PID_OUT:-46.67,INT:-0.0985,EL:-5772,ER:-2758,VEL:-365.1,MOT:1,TILT:25.0,TRIM:1.239,ATE:1,LATCH:0,TORQ:1,CR:0.0,FX1:1.00,FY1:-151.10,FX2:-6.00,FY2:-149.60,IK1:1,IK2:1,MOVE:0
[2026-09-08 13:36:23.710] [RX] PITCH:2.45,PID_OUT:-139.94,INT:-0.0985,EL:-5812,ER:-2728,VEL:-352.1,MOT:1,TILT:25.0,TRIM:1.239,ATE:1,LATCH:0,TORQ:1,CR:0.0,FX1:1.00,FY1:-151.10,FX2:-6.00,FY2:-149.60,IK1:1,IK2:1,MOVE:0
[2026-09-08 13:36:23.818] [RX] PITCH:2.42,PID_OUT:-85.43,INT:-0.0985,EL:-5857,ER:-2695,VEL:-379.0,MOT:1,TILT:25.0,TRIM:1.239,ATE:1,LATCH:0,TORQ:1,CR:0.0,FX1:1.00,FY1:-151.10,FX2:-6.00,FY2:-149.60,IK1:1,IK2:1,MOVE:0
[2026-09-08 13:36:23.818] [RX] AX12:MODE:0,TQ:1,TL:1023,CM:1,CS:4,MS:0,MT:800
[2026-09-08 13:36:23.913] [RX] PITCH:1.10,PID_OUT:67.32,INT:-0.0970,EL:-5899,ER:-2668,VEL:-338.2,MOT:1,TILT:25.0,TRIM:1.239,ATE:1,LATCH:0,TORQ:1,CR:0.0,FX1:1.00,FY1:-151.10,FX2:-6.00,FY2:-149.60,IK1:1,IK2:1,MOVE:0
[2026-09-08 13:36:23.913] [RX] SRV:6,39,0.0,0,0
[2026-09-08 13:36:24.008] [RX] PITCH:0.83,PID_OUT:70.23,INT:-0.0470,EL:-5928,ER:-2652,VEL:-231.2,MOT:1,TILT:25.0,TRIM:1.239,ATE:1,LATCH:0,TORQ:1,CR:0.0,FX1:1.00,FY1:-151.10,FX2:-6.00,FY2:-149.60,IK1:1,IK2:1,MOVE:0
[2026-09-08 13:36:24.108] [RX] PITCH:0.73,PID_OUT:83.27,INT:0.0074,EL:-5940,ER:-2651,VEL:-79.2,MOT:1,TILT:25.0,TRIM:1.239,ATE:1,LATCH:0,TORQ:1,CR:0.0,FX1:1.00,FY1:-151.10,FX2:-6.00,FY2:-149.60,IK1:1,IK2:1,MOVE:0
[2026-09-08 13:36:24.210] [RX] PITCH:-0.38,PID_OUT:166.20,INT:0.0985,EL:-5937,ER:-2671,VEL:72.4,MOT:1,TILT:25.0,TRIM:1.239,ATE:1,LATCH:0,TORQ:1,CR:0.0,FX1:1.00,FY1:-151.10,FX2:-6.00,FY2:-149.60,IK1:1,IK2:1,MOVE:0
[2026-09-08 13:36:24.314] [RX] PITCH:0.29,PID_OUT:88.34,INT:0.0985,EL:-5916,ER:-2703,VEL:231.8,MOT:1,TILT:25.0,TRIM:1.239,ATE:1,LATCH:0,TORQ:1,CR:0.0,FX1:1.00,FY1:-151.10,FX2:-6.00,FY2:-149.60,IK1:1,IK2:1,MOVE:0
[2026-09-08 13:36:24.319] [RX] AX12:MODE:0,TQ:1,TL:1023,CM:1,CS:4,MS:0,MT:800
[2026-09-08 13:36:24.409] [RX] PITCH:0.13,PID_OUT:97.28,INT:0.0985,EL:-5892,ER:-2740,VEL:291.8,MOT:1,TILT:25.0,TRIM:1.239,ATE:1,LATCH:0,TORQ:1,CR:0.0,FX1:1.00,FY1:-151.10,FX2:-6.00,FY2:-149.60,IK1:1,IK2:1,MOVE:0
[2026-09-08 13:36:24.510] [RX] PITCH:0.49,PID_OUT:35.53,INT:0.0985,EL:-5867,ER:-2778,VEL:303.6,MOT:1,TILT:25.0,TRIM:1.239,ATE:1,LATCH:0,TORQ:1,CR:0.0,FX1:1.00,FY1:-151.10,FX2:-6.00,FY2:-149.60,IK1:1,IK2:1,MOVE:0
[2026-09-08 13:36:24.607] [RX] PITCH:1.00,PID_OUT:-35.73,INT:0.0985,EL:-5852,ER:-2805,VEL:201.9,MOT:1,TILT:25.0,TRIM:1.239,ATE:1,LATCH:0,TORQ:1,CR:0.0,FX1:1.00,FY1:-151.10,FX2:-6.00,FY2:-149.60,IK1:1,IK2:1,MOVE:0
[2026-09-08 13:36:24.703] [RX] PITCH:2.16,PID_OUT:-78.38,INT:0.0448,EL:-5858,ER:-2816,VEL:50.0,MOT:1,TILT:25.0,TRIM:1.239,ATE:1,LATCH:0,TORQ:1,CR:0.0,FX1:1.00,FY1:-151.10,FX2:-6.00,FY2:-149.60,IK1:1,IK2:1,MOVE:0
[2026-09-08 13:36:24.816] [RX] PITCH:2.43,PID_OUT:-165.48,INT:-0.0496,EL:-5877,ER:-2814,VEL:-95.8,MOT:1,TILT:25.0,TRIM:1.239,ATE:1,LATCH:0,TORQ:1,CR:0.0,FX1:1.00,FY1:-151.10,FX2:-6.00,FY2:-149.60,IK1:1,IK2:1,MOVE:0
[2026-09-08 13:36:24.819] [RX] AX12:MODE:0,TQ:1,TL:1023,CM:1,CS:4,MS:0,MT:800
[2026-09-08 13:36:24.909] [RX] PITCH:1.77,PID_OUT:-82.63,INT:-0.0985,EL:-5907,ER:-2800,VEL:-212.0,MOT:1,TILT:25.0,TRIM:1.239,ATE:1,LATCH:0,TORQ:1,CR:0.0,FX1:1.00,FY1:-151.10,FX2:-6.00,FY2:-149.60,IK1:1,IK2:1,MOVE:0
[2026-09-08 13:36:24.910] [RX] SRV:0,38,6.3,0,0
[2026-09-08 13:36:25.006] [RX] PITCH:2.02,PID_OUT:-115.22,INT:-0.0985,EL:-5944,ER:-2781,VEL:-263.4,MOT:1,TILT:25.0,TRIM:1.239,ATE:1,LATCH:0,TORQ:1,CR:0.0,FX1:1.00,FY1:-151.10,FX2:-6.00,FY2:-149.60,IK1:1,IK2:1,MOVE:0
[2026-09-08 13:36:25.106] [RX] PITCH:2.01,PID_OUT:-77.57,INT:-0.0985,EL:-5981,ER:-2761,VEL:-280.1,MOT:1,TILT:25.0,TRIM:1.239,ATE:1,LATCH:0,TORQ:1,CR:0.0,FX1:1.00,FY1:-151.10,FX2:-6.00,FY2:-149.60,IK1:1,IK2:1,MOVE:0
[2026-09-08 13:36:25.203] [RX] PITCH:1.04,PID_OUT:-9.29,INT:-0.0936,EL:-6011,ER:-2743,VEL:-243.7,MOT:1,TILT:25.0,TRIM:1.239,ATE:1,LATCH:0,TORQ:1,CR:0.0,FX1:1.00,FY1:-151.10,FX2:-6.00,FY2:-149.60,IK1:1,IK2:1,MOVE:0
[2026-09-08 13:36:25.315] [RX] PITCH:0.97,PID_OUT:2.94,INT:-0.0717,EL:-6033,ER:-2730,VEL:-183.3,MOT:1,TILT:25.0,TRIM:1.239,ATE:1,LATCH:0,TORQ:1,CR:0.0,FX1:1.00,FY1:-151.10,FX2:-6.00,FY2:-149.60,IK1:1,IK2:1,MOVE:0
[2026-09-08 13:36:25.315] [RX] AX12:MODE:0,TQ:1,TL:1023,CM:1,CS:4,MS:0,MT:800
[2026-09-08 13:36:25.404] [RX] PITCH:0.78,PID_OUT:42.07,INT:-0.0408,EL:-6052,ER:-2730,VEL:-96.6,MOT:1,TILT:25.0,TRIM:1.239,ATE:1,LATCH:0,TORQ:1,CR:0.0,FX1:1.00,FY1:-151.10,FX2:-6.00,FY2:-149.60,IK1:1,IK2:1,MOVE:0
[2026-09-08 13:36:25.504] [RX] PITCH:0.68,PID_OUT:65.39,INT:0.0186,EL:-6058,ER:-2731,VEL:-34.2,MOT:1,TILT:25.0,TRIM:1.239,ATE:1,LATCH:0,TORQ:1,CR:0.0,FX1:1.00,FY1:-151.10,FX2:-6.00,FY2:-149.60,IK1:1,IK2:1,MOVE:0
[2026-09-08 13:36:25.602] [RX] PITCH:0.22,PID_OUT:148.29,INT:0.0903,EL:-6055,ER:-2751,VEL:96.0,MOT:1,TILT:25.0,TRIM:1.239,ATE:1,LATCH:0,TORQ:1,CR:0.0,FX1:1.00,FY1:-151.10,FX2:-6.00,FY2:-149.60,IK1:1,IK2:1,MOVE:0
[2026-09-08 13:36:25.705] [RX] PITCH:0.61,PID_OUT:87.68,INT:0.0985,EL:-6042,ER:-2776,VEL:172.0,MOT:1,TILT:25.0,TRIM:1.239,ATE:1,LATCH:0,TORQ:1,CR:0.0,FX1:1.00,FY1:-151.10,FX2:-6.00,FY2:-149.60,IK1:1,IK2:1,MOVE:0
[2026-09-08 13:36:25.811] [RX] PITCH:0.43,PID_OUT:100.98,INT:0.0985,EL:-6023,ER:-2806,VEL:234.4,MOT:1,TILT:25.0,TRIM:1.239,ATE:1,LATCH:0,TORQ:1,CR:0.0,FX1:1.00,FY1:-151.10,FX2:-6.00,FY2:-149.60,IK1:1,IK2:1,MOVE:0
[2026-09-08 13:36:25.811] [RX] AX12:MODE:0,TQ:1,TL:1023,CM:1,CS:4,MS:0,MT:800
[2026-09-08 13:36:25.905] [RX] PITCH:0.56,PID_OUT:78.75,INT:0.0985,EL:-6000,ER:-2835,VEL:254.9,MOT:1,TILT:25.0,TRIM:1.239,ATE:1,LATCH:0,TORQ:1,CR:0.0,FX1:1.00,FY1:-151.10,FX2:-6.00,FY2:-149.60,IK1:1,IK2:1,MOVE:0
[2026-09-08 13:36:25.908] [RX] SRV:14,43,0.0,0,0
[2026-09-08 13:36:26.003] [RX] PITCH:0.56,PID_OUT:60.85,INT:0.0985,EL:-5975,ER:-2868,VEL:284.7,MOT:1,TILT:25.0,TRIM:1.239,ATE:1,LATCH:0,TORQ:1,CR:0.0,FX1:1.00,FY1:-151.10,FX2:-6.00,FY2:-149.60,IK1:1,IK2:1,MOVE:0
[2026-09-08 13:36:26.102] [RX] PITCH:1.18,PID_OUT:-5.72,INT:0.0985,EL:-5952,ER:-2896,VEL:246.0,MOT:1,TILT:25.0,TRIM:1.239,ATE:1,LATCH:0,TORQ:1,CR:0.0,FX1:1.00,FY1:-151.10,FX2:-6.00,FY2:-149.60,IK1:1,IK2:1,MOVE:0
[2026-09-08 13:36:26.200] [RX] PITCH:1.90,PID_OUT:-94.71,INT:0.0680,EL:-5950,ER:-2902,VEL:63.8,MOT:1,TILT:25.0,TRIM:1.239,ATE:1,LATCH:0,TORQ:1,CR:0.0,FX1:1.00,FY1:-151.10,FX2:-6.00,FY2:-149.60,IK1:1,IK2:1,MOVE:0
[2026-09-08 13:36:26.303] [RX] PITCH:2.04,PID_OUT:-94.63,INT:-0.0160,EL:-5960,ER:-2897,VEL:-50.0,MOT:1,TILT:25.0,TRIM:1.239,ATE:1,LATCH:0,TORQ:1,CR:0.0,FX1:1.00,FY1:-151.10,FX2:-6.00,FY2:-149.60,IK1:1,IK2:1,MOVE:0
[2026-09-08 13:36:26.315] [RX] AX12:MODE:0,TQ:1,TL:1023,CM:1,CS:4,MS:0,MT:800
[2026-09-08 13:36:26.401] [RX] PITCH:2.16,PID_OUT:-142.50,INT:-0.0985,EL:-5985,ER:-2882,VEL:-178.6,MOT:1,TILT:25.0,TRIM:1.239,ATE:1,LATCH:0,TORQ:1,CR:0.0,FX1:1.00,FY1:-151.10,FX2:-6.00,FY2:-149.60,IK1:1,IK2:1,MOVE:0
[2026-09-08 13:36:26.501] [RX] PITCH:2.00,PID_OUT:-100.64,INT:-0.0985,EL:-6019,ER:-2856,VEL:-279.0,MOT:1,TILT:25.0,TRIM:1.239,ATE:1,LATCH:0,TORQ:1,CR:0.0,FX1:1.00,FY1:-151.10,FX2:-6.00,FY2:-149.60,IK1:1,IK2:1,MOVE:0
[2026-09-08 13:36:26.603] [RX] PITCH:1.85,PID_OUT:-65.21,INT:-0.0985,EL:-6058,ER:-2826,VEL:-330.4,MOT:1,TILT:25.0,TRIM:1.239,ATE:1,LATCH:0,TORQ:1,CR:0.0,FX1:1.00,FY1:-151.10,FX2:-6.00,FY2:-149.60,IK1:1,IK2:1,MOVE:0
[2026-09-08 13:36:26.703] [RX] PITCH:1.35,PID_OUT:-35.44,INT:-0.0985,EL:-6091,ER:-2800,VEL:-303.0,MOT:1,TILT:25.0,TRIM:1.239,ATE:1,LATCH:0,TORQ:1,CR:0.0,FX1:1.00,FY1:-151.10,FX2:-6.00,FY2:-149.60,IK1:1,IK2:1,MOVE:0
[2026-09-08 13:36:26.803] [RX] PITCH:0.91,PID_OUT:15.45,INT:-0.0925,EL:-6118,ER:-2781,VEL:-227.2,MOT:1,TILT:25.0,TRIM:1.239,ATE:1,LATCH:0,TORQ:1,CR:0.0,FX1:1.00,FY1:-151.10,FX2:-6.00,FY2:-149.60,IK1:1,IK2:1,MOVE:0
[2026-09-08 13:36:26.811] [RX] AX12:MODE:0,TQ:1,TL:1023,CM:1,CS:4,MS:0,MT:800
[2026-09-08 13:36:26.901] [RX] PITCH:0.44,PID_OUT:56.72,INT:-0.0232,EL:-6125,ER:-2783,VEL:-58.0,MOT:1,TILT:25.0,TRIM:1.239,ATE:1,LATCH:0,TORQ:1,CR:0.0,FX1:1.00,FY1:-151.10,FX2:-6.00,FY2:-149.60,IK1:1,IK2:1,MOVE:0
[2026-09-08 13:36:26.904] [RX] SRV:1,38,9.4,0,1
[2026-09-08 13:36:27.000] [RX] PITCH:0.85,PID_OUT:39.54,INT:0.0375,EL:-6125,ER:-2790,VEL:4.8,MOT:1,TILT:25.0,TRIM:1.239,ATE:1,LATCH:0,TORQ:1,CR:0.0,FX1:1.00,FY1:-151.10,FX2:-6.00,FY2:-149.60,IK1:1,IK2:1,MOVE:0
[2026-09-08 13:36:27.098] [RX] PITCH:0.71,PID_OUT:95.12,INT:0.0726,EL:-6124,ER:-2790,VEL:8.4,MOT:1,TILT:25.0,TRIM:1.239,ATE:1,LATCH:0,TORQ:1,CR:0.0,FX1:1.00,FY1:-151.10,FX2:-6.00,FY2:-149.60,IK1:1,IK2:1,MOVE:0
[2026-09-08 13:36:27.101] [TX] VP0.02
[2026-09-08 13:36:27.157] [RX] Updated -> P:78.000 I:650.000 D:3.520 Offset:-1.2910 Target:0.000 Alpha:0.9600 Tilt:25.00 TrimGain:0.0000 Crouch:0.00 VP:0.0200
[2026-09-08 13:36:27.201] [RX] PITCH:0.72,PID_OUT:-20.64,INT:0.0758,EL:-6123,ER:-2806,VEL:60.6,MOT:1,TILT:25.0,TRIM:0.028,ATE:1,LATCH:0,TORQ:1,CR:0.0,FX1:1.00,FY1:-151.10,FX2:-6.00,FY2:-149.60,IK1:1,IK2:1,MOVE:0
[2026-09-08 13:36:27.310] [RX] PITCH:-0.07,PID_OUT:101.06,INT:0.0693,EL:-6126,ER:-2816,VEL:46.3,MOT:1,TILT:25.0,TRIM:0.313,ATE:1,LATCH:0,TORQ:1,CR:0.0,FX1:1.00,FY1:-151.10,FX2:-6.00,FY2:-149.60,IK1:1,IK2:1,MOVE:0
[2026-09-08 13:36:27.310] [RX] AX12:MODE:0,TQ:1,TL:1023,CM:1,CS:4,MS:0,MT:800
[2026-09-08 13:36:27.399] [RX] PITCH:-0.58,PID_OUT:27.04,INT:0.0883,EL:-6123,ER:-2836,VEL:116.5,MOT:1,TILT:25.0,TRIM:-1.090,ATE:1,LATCH:0,TORQ:1,CR:0.0,FX1:1.00,FY1:-151.10,FX2:-6.00,FY2:-149.60,IK1:1,IK2:1,MOVE:0
[2026-09-08 13:36:27.500] [RX] PITCH:-1.74,PID_OUT:130.61,INT:0.0985,EL:-6119,ER:-2851,VEL:99.6,MOT:1,TILT:25.0,TRIM:-0.753,ATE:1,LATCH:0,TORQ:1,CR:0.0,FX1:1.00,FY1:-151.10,FX2:-6.00,FY2:-149.60,IK1:1,IK2:1,MOVE:0
[2026-09-08 13:36:27.600] [RX] PITCH:-1.54,PID_OUT:67.91,INT:0.0822,EL:-6111,ER:-2874,VEL:143.0,MOT:1,TILT:25.0,TRIM:-1.621,ATE:1,LATCH:0,TORQ:1,CR:0.0,FX1:1.00,FY1:-151.10,FX2:-6.00,FY2:-149.60,IK1:1,IK2:1,MOVE:0
[2026-09-08 13:36:27.698] [RX] PITCH:-2.68,PID_OUT:78.47,INT:0.0985,EL:-6102,ER:-2895,VEL:152.8,MOT:1,TILT:25.0,TRIM:-1.817,ATE:1,LATCH:0,TORQ:1,CR:0.0,FX1:1.00,FY1:-151.10,FX2:-6.00,FY2:-149.60,IK1:1,IK2:1,MOVE:0
[2026-09-08 13:36:27.804] [RX] PITCH:-2.21,PID_OUT:38.16,INT:0.0943,EL:-6092,ER:-2922,VEL:166.8,MOT:1,TILT:25.0,TRIM:-2.097,ATE:1,LATCH:0,TORQ:1,CR:0.0,FX1:1.00,FY1:-151.10,FX2:-6.00,FY2:-149.60,IK1:1,IK2:1,MOVE:0
[2026-09-08 13:36:27.809] [RX] AX12:MODE:0,TQ:1,TL:1023,CM:1,CS:4,MS:0,MT:800
[2026-09-08 13:36:27.900] [RX] PITCH:-2.15,PID_OUT:63.42,INT:0.0985,EL:-6085,ER:-2941,VEL:133.5,MOT:1,TILT:25.0,TRIM:-1.432,ATE:1,LATCH:0,TORQ:1,CR:0.0,FX1:1.00,FY1:-151.10,FX2:-6.00,FY2:-149.60,IK1:1,IK2:1,MOVE:0
[2026-09-08 13:36:27.902] [RX] SRV:6,39,0.0,0,0
[2026-09-08 13:36:27.996] [RX] PITCH:-1.38,PID_OUT:56.56,INT:0.0939,EL:-6081,ER:-2964,VEL:125.6,MOT:1,TILT:25.0,TRIM:-1.274,ATE:1,LATCH:0,TORQ:1,CR:0.0,FX1:1.00,FY1:-151.10,FX2:-6.00,FY2:-149.60,IK1:1,IK2:1,MOVE:0
[2026-09-08 13:36:28.096] [RX] PITCH:-0.59,PID_OUT:22.37,INT:0.0985,EL:-6078,ER:-2973,VEL:79.4,MOT:1,TILT:25.0,TRIM:-0.350,ATE:1,LATCH:0,TORQ:1,CR:0.0,FX1:1.00,FY1:-151.10,FX2:-6.00,FY2:-149.60,IK1:1,IK2:1,MOVE:0
[2026-09-08 13:36:28.195] [RX] PITCH:0.77,PID_OUT:37.82,INT:0.0985,EL:-6090,ER:-2986,VEL:18.4,MOT:1,TILT:25.0,TRIM:0.871,ATE:1,LATCH:0,TORQ:1,CR:0.0,FX1:1.00,FY1:-151.10,FX2:-6.00,FY2:-149.60,IK1:1,IK2:1,MOVE:0
[2026-09-08 13:36:28.298] [RX] PITCH:1.29,PID_OUT:31.95,INT:0.0985,EL:-6106,ER:-3000,VEL:-10.0,MOT:1,TILT:25.0,TRIM:1.438,ATE:1,LATCH:0,TORQ:1,CR:0.0,FX1:1.00,FY1:-151.10,FX2:-6.00,FY2:-149.60,IK1:1,IK2:1,MOVE:0
[2026-09-08 13:36:28.307] [RX] AX12:MODE:0,TQ:1,TL:1023,CM:1,CS:4,MS:0,MT:800
[2026-09-08 13:36:28.395] [RX] PITCH:2.71,PID_OUT:62.11,INT:0.0711,EL:-6126,ER:-3008,VEL:-61.2,MOT:1,TILT:25.0,TRIM:2.463,ATE:1,LATCH:0,TORQ:1,CR:0.0,FX1:1.00,FY1:-151.10,FX2:-6.00,FY2:-149.60,IK1:1,IK2:1,MOVE:0
[2026-09-08 13:36:28.496] [RX] PITCH:2.26,PID_OUT:83.39,INT:0.0148,EL:-6136,ER:-3014,VEL:-22.4,MOT:1,TILT:25.0,TRIM:1.687,ATE:1,LATCH:0,TORQ:1,CR:0.0,FX1:1.00,FY1:-151.10,FX2:-6.00,FY2:-149.60,IK1:1,IK2:1,MOVE:0
[2026-09-08 13:36:28.597] [RX] PITCH:-0.74,PID_OUT:125.53,INT:0.0349,EL:-6131,ER:-3025,VEL:83.0,MOT:1,TILT:25.0,TRIM:-0.421,ATE:1,LATCH:0,TORQ:1,CR:0.0,FX1:1.00,FY1:-151.10,FX2:-6.00,FY2:-149.60,IK1:1,IK2:1,MOVE:0
[2026-09-08 13:36:28.701] [RX] PITCH:-3.40,PID_OUT:138.96,INT:0.0707,EL:-6115,ER:-3053,VEL:200.1,MOT:1,TILT:25.0,TRIM:-2.763,ATE:1,LATCH:0,TORQ:1,CR:0.0,FX1:1.00,FY1:-151.10,FX2:-6.00,FY2:-149.60,IK1:1,IK2:1,MOVE:0
[2026-09-08 13:36:28.800] [RX] PITCH:-5.12,PID_OUT:66.15,INT:0.0985,EL:-6091,ER:-3089,VEL:281.2,MOT:1,TILT:25.0,TRIM:-4.384,ATE:1,LATCH:0,TORQ:1,CR:0.0,FX1:1.00,FY1:-151.10,FX2:-6.00,FY2:-149.60,IK1:1,IK2:1,MOVE:0
[2026-09-08 13:36:28.807] [RX] AX12:MODE:0,TQ:1,TL:1023,CM:1,CS:4,MS:0,MT:800
[2026-09-08 13:36:28.899] [RX] PITCH:-5.20,PID_OUT:51.25,INT:0.0985,EL:-6067,ER:-3126,VEL:292.6,MOT:1,TILT:25.0,TRIM:-4.614,ATE:1,LATCH:0,TORQ:1,CR:0.0,FX1:1.00,FY1:-151.10,FX2:-6.00,FY2:-149.60,IK1:1,IK2:1,MOVE:0
[2026-09-08 13:36:28.899] [RX] SRV:0,39,7.0,0,0
[2026-09-08 13:36:28.993] [RX] PITCH:-4.15,PID_OUT:117.26,INT:0.0985,EL:-6049,ER:-3157,VEL:244.0,MOT:1,TILT:25.0,TRIM:-3.641,ATE:1,LATCH:0,TORQ:1,CR:0.0,FX1:1.00,FY1:-151.10,FX2:-6.00,FY2:-149.60,IK1:1,IK2:1,MOVE:0
[2026-09-08 13:36:29.093] [RX] PITCH:-4.20,PID_OUT:85.15,INT:0.0985,EL:-6030,ER:-3189,VEL:251.3,MOT:1,TILT:25.0,TRIM:-3.788,ATE:1,LATCH:0,TORQ:1,CR:0.0,FX1:1.00,FY1:-151.10,FX2:-6.00,FY2:-149.60,IK1:1,IK2:1,MOVE:0
[2026-09-08 13:36:29.193] [RX] PITCH:-4.97,PID_OUT:-4.23,INT:0.0985,EL:-6008,ER:-3220,VEL:269.6,MOT:1,TILT:25.0,TRIM:-4.154,ATE:1,LATCH:0,TORQ:1,CR:0.0,FX1:1.00,FY1:-151.10,FX2:-6.00,FY2:-149.60,IK1:1,IK2:1,MOVE:0
[2026-09-08 13:36:29.299] [RX] PITCH:-2.50,PID_OUT:-6.80,INT:0.0985,EL:-5992,ER:-3231,VEL:157.1,MOT:1,TILT:25.0,TRIM:-1.904,ATE:1,LATCH:0,TORQ:1,CR:0.0,FX1:1.00,FY1:-151.10,FX2:-6.00,FY2:-149.60,IK1:1,IK2:1,MOVE:0
[2026-09-08 13:36:29.305] [RX] AX12:MODE:0,TQ:1,TL:1023,CM:1,CS:4,MS:0,MT:800
[2026-09-08 13:36:29.392] [RX] PITCH:-0.42,PID_OUT:-57.08,INT:0.0985,EL:-5990,ER:-3239,VEL:57.5,MOT:1,TILT:25.0,TRIM:0.089,ATE:1,LATCH:0,TORQ:1,CR:0.0,FX1:1.00,FY1:-151.10,FX2:-6.00,FY2:-149.60,IK1:1,IK2:1,MOVE:0
[2026-09-08 13:36:29.493] [RX] PITCH:3.59,PID_OUT:-214.47,INT:0.0650,EL:-6003,ER:-3235,VEL:-64.4,MOT:1,TILT:25.0,TRIM:2.526,ATE:1,LATCH:0,TORQ:1,CR:0.0,FX1:1.00,FY1:-151.10,FX2:-6.00,FY2:-149.60,IK1:1,IK2:1,MOVE:0
[2026-09-08 13:36:29.592] [RX] PITCH:5.98,PID_OUT:-119.23,INT:0.0693,EL:-6037,ER:-3213,VEL:-240.8,MOT:1,TILT:25.0,TRIM:6.000,ATE:1,LATCH:0,TORQ:1,CR:0.0,FX1:1.00,FY1:-151.10,FX2:-6.00,FY2:-149.60,IK1:1,IK2:1,MOVE:0
[2026-09-08 13:36:29.694] [RX] PITCH:8.73,PID_OUT:-241.28,INT:-0.0985,EL:-6095,ER:-3173,VEL:-510.5,MOT:1,TILT:25.0,TRIM:6.000,ATE:1,LATCH:0,TORQ:1,CR:0.0,FX1:1.00,FY1:-151.10,FX2:-6.00,FY2:-149.60,IK1:1,IK2:1,MOVE:0
[2026-09-08 13:36:29.804] [RX] PITCH:6.98,PID_OUT:-139.63,INT:-0.0985,EL:-6173,ER:-3105,VEL:-670.3,MOT:1,TILT:25.0,TRIM:6.000,ATE:1,LATCH:0,TORQ:1,CR:0.0,FX1:1.00,FY1:-151.10,FX2:-6.00,FY2:-149.60,IK1:1,IK2:1,MOVE:0
[2026-09-08 13:36:29.804] [RX] AX12:MODE:0,TQ:1,TL:1023,CM:1,CS:4,MS:0,MT:800
[2026-09-08 13:36:29.892] [RX] PITCH:8.48,PID_OUT:-76.43,INT:-0.0985,EL:-6254,ER:-3035,VEL:-764.0,MOT:1,TILT:25.0,TRIM:6.000,ATE:1,LATCH:0,TORQ:1,CR:0.0,FX1:1.00,FY1:-151.10,FX2:-6.00,FY2:-149.60,IK1:1,IK2:1,MOVE:0
[2026-09-08 13:36:29.894] [RX] SRV:14,43,0.0,0,0
[2026-09-08 13:36:29.992] [RX] PITCH:7.69,PID_OUT:70.88,INT:-0.0985,EL:-6340,ER:-2968,VEL:-748.5,MOT:1,TILT:25.0,TRIM:6.000,ATE:1,LATCH:0,TORQ:1,CR:0.0,FX1:1.00,FY1:-151.10,FX2:-6.00,FY2:-149.60,IK1:1,IK2:1,MOVE:0
[2026-09-08 13:36:30.092] [RX] PITCH:6.63,PID_OUT:-2.42,INT:-0.0985,EL:-6391,ER:-2925,VEL:-482.6,MOT:1,TILT:25.0,TRIM:6.000,ATE:1,LATCH:0,TORQ:1,CR:0.0,FX1:1.00,FY1:-151.10,FX2:-6.00,FY2:-149.60,IK1:1,IK2:1,MOVE:0
[2026-09-08 13:36:30.187] [RX] PITCH:4.30,PID_OUT:-10.52,INT:-0.0131,EL:-6411,ER:-2911,VEL:-179.0,MOT:1,TILT:25.0,TRIM:4.820,ATE:1,LATCH:0,TORQ:1,CR:0.0,FX1:1.00,FY1:-151.10,FX2:-6.00,FY2:-149.60,IK1:1,IK2:1,MOVE:0
[2026-09-08 13:36:30.300] [RX] PITCH:2.61,PID_OUT:44.30,INT:-0.0981,EL:-6421,ER:-2917,VEL:-26.6,MOT:1,TILT:25.0,TRIM:1.770,ATE:1,LATCH:0,TORQ:1,CR:0.0,FX1:1.00,FY1:-151.10,FX2:-6.00,FY2:-149.60,IK1:1,IK2:1,MOVE:0
[2026-09-08 13:36:30.303] [RX] AX12:MODE:0,TQ:1,TL:1023,CM:1,CS:4,MS:0,MT:800
[2026-09-08 13:36:30.389] [RX] PITCH:-1.26,PID_OUT:-34.06,INT:-0.0215,EL:-6416,ER:-2937,VEL:129.7,MOT:1,TILT:25.0,TRIM:-1.356,ATE:1,LATCH:0,TORQ:1,CR:0.0,FX1:1.00,FY1:-151.10,FX2:-6.00,FY2:-149.60,IK1:1,IK2:1,MOVE:0
[2026-09-08 13:36:30.491] [RX] PITCH:-4.89,PID_OUT:274.12,INT:0.0177,EL:-6399,ER:-2963,VEL:204.2,MOT:1,TILT:25.0,TRIM:-2.846,ATE:1,LATCH:0,TORQ:1,CR:0.0,FX1:1.00,FY1:-151.10,FX2:-6.00,FY2:-149.60,IK1:1,IK2:1,MOVE:0
[2026-09-08 13:36:30.589] [RX] PITCH:-6.33,PID_OUT:175.11,INT:0.0554,EL:-6360,ER:-3002,VEL:341.3,MOT:1,TILT:25.0,TRIM:-5.588,ATE:1,LATCH:0,TORQ:1,CR:0.0,FX1:1.00,FY1:-151.10,FX2:-6.00,FY2:-149.60,IK1:1,IK2:1,MOVE:0
[2026-09-08 13:36:30.689] [RX] PITCH:-8.20,PID_OUT:142.47,INT:0.0985,EL:-6303,ER:-3057,VEL:543.8,MOT:1,TILT:25.0,TRIM:-6.000,ATE:1,LATCH:0,TORQ:1,CR:0.0,FX1:1.00,FY1:-151.10,FX2:-6.00,FY2:-149.60,IK1:1,IK2:1,MOVE:0
[2026-09-08 13:36:30.797] [RX] PITCH:-8.20,PID_OUT:118.63,INT:0.0985,EL:-6242,ER:-3119,VEL:597.2,MOT:1,TILT:25.0,TRIM:-6.000,ATE:1,LATCH:0,TORQ:1,CR:0.0,FX1:1.00,FY1:-151.10,FX2:-6.00,FY2:-149.60,IK1:1,IK2:1,MOVE:0
[2026-09-08 13:36:30.801] [RX] AX12:MODE:0,TQ:1,TL:1023,CM:1,CS:4,MS:0,MT:800
[2026-09-08 13:36:30.895] [RX] PITCH:-6.95,PID_OUT:-14.87,INT:0.0985,EL:-6185,ER:-3176,VEL:565.1,MOT:1,TILT:25.0,TRIM:-6.000,ATE:1,LATCH:0,TORQ:1,CR:0.0,FX1:1.00,FY1:-151.10,FX2:-6.00,FY2:-149.60,IK1:1,IK2:1,MOVE:0
[2026-09-08 13:36:30.895] [RX] SRV:1,39,9.4,0,3
[2026-09-08 13:36:30.988] [RX] PITCH:-5.92,PID_OUT:-49.05,INT:0.0928,EL:-6161,ER:-3220,VEL:369.1,MOT:1,TILT:25.0,TRIM:-6.000,ATE:1,LATCH:0,TORQ:1,CR:0.0,FX1:1.00,FY1:-151.10,FX2:-6.00,FY2:-149.60,IK1:1,IK2:1,MOVE:0
[2026-09-08 13:36:31.088] [RX] PITCH:-4.47,PID_OUT:-37.90,INT:0.0985,EL:-6145,ER:-3253,VEL:254.7,MOT:1,TILT:25.0,TRIM:-3.856,ATE:1,LATCH:0,TORQ:1,CR:0.0,FX1:1.00,FY1:-151.10,FX2:-6.00,FY2:-149.60,IK1:1,IK2:1,MOVE:0
[2026-09-08 13:36:31.190] [RX] PITCH:-0.96,PID_OUT:-78.96,INT:0.0917,EL:-6145,ER:-3274,VEL:127.5,MOT:1,TILT:25.0,TRIM:-1.311,ATE:1,LATCH:0,TORQ:1,CR:0.0,FX1:1.00,FY1:-151.10,FX2:-6.00,FY2:-149.60,IK1:1,IK2:1,MOVE:0
[2026-09-08 13:36:31.294] [RX] PITCH:0.92,PID_OUT:18.92,INT:0.0685,EL:-6157,ER:-3283,VEL:3.1,MOT:1,TILT:25.0,TRIM:1.177,ATE:1,LATCH:0,TORQ:1,CR:0.0,FX1:1.00,FY1:-151.10,FX2:-6.00,FY2:-149.60,IK1:1,IK2:1,MOVE:0
[2026-09-08 13:36:31.294] [RX] AX12:MODE:0,TQ:1,TL:1023,CM:1,CS:4,MS:0,MT:800
[2026-09-08 13:36:31.387] [RX] PITCH:2.50,PID_OUT:-107.01,INT:0.0711,EL:-6164,ER:-3282,VEL:-23.3,MOT:1,TILT:25.0,TRIM:1.705,ATE:1,LATCH:0,TORQ:1,CR:0.0,FX1:1.00,FY1:-151.10,FX2:-6.00,FY2:-149.60,IK1:1,IK2:1,MOVE:0
[2026-09-08 13:36:31.487] [RX] PITCH:4.95,PID_OUT:-158.21,INT:-0.0101,EL:-6189,ER:-3278,VEL:-115.7,MOT:1,TILT:25.0,TRIM:3.552,ATE:1,LATCH:0,TORQ:1,CR:0.0,FX1:1.00,FY1:-151.10,FX2:-6.00,FY2:-149.60,IK1:1,IK2:1,MOVE:0
[2026-09-08 13:36:31.586] [RX] PITCH:5.27,PID_OUT:-76.64,INT:-0.0443,EL:-6221,ER:-3264,VEL:-210.6,MOT:1,TILT:25.0,TRIM:5.450,ATE:1,LATCH:0,TORQ:1,CR:0.0,FX1:1.00,FY1:-151.10,FX2:-6.00,FY2:-149.60,IK1:1,IK2:1,MOVE:0
[2026-09-08 13:36:31.687] [RX] PITCH:6.95,PID_OUT:-143.27,INT:-0.0985,EL:-6256,ER:-3248,VEL:-255.9,MOT:1,TILT:25.0,TRIM:6.000,ATE:1,LATCH:0,TORQ:1,CR:0.0,FX1:1.00,FY1:-151.10,FX2:-6.00,FY2:-149.60,IK1:1,IK2:1,MOVE:0
[2026-09-08 13:36:31.798] [RX] PITCH:7.07,PID_OUT:-134.33,INT:-0.0985,EL:-6297,ER:-3222,VEL:-318.9,MOT:1,TILT:25.0,TRIM:6.000,ATE:1,LATCH:0,TORQ:1,CR:0.0,FX1:1.00,FY1:-151.10,FX2:-6.00,FY2:-149.60,IK1:1,IK2:1,MOVE:0
[2026-09-08 13:36:31.798] [RX] AX12:MODE:0,TQ:1,TL:1023,CM:1,CS:4,MS:0,MT:800
[2026-09-08 13:36:31.886] [RX] PITCH:6.78,PID_OUT:-119.27,INT:-0.0985,EL:-6337,ER:-3191,VEL:-354.6,MOT:1,TILT:25.0,TRIM:6.000,ATE:1,LATCH:0,TORQ:1,CR:0.0,FX1:1.00,FY1:-151.10,FX2:-6.00,FY2:-149.60,IK1:1,IK2:1,MOVE:0
[2026-09-08 13:36:31.888] [RX] SRV:6,39,0.0,0,0
[2026-09-08 13:36:31.989] [RX] PITCH:6.81,PID_OUT:-69.80,INT:-0.0985,EL:-6377,ER:-3161,VEL:-349.6,MOT:1,TILT:25.0,TRIM:6.000,ATE:1,LATCH:0,TORQ:1,CR:0.0,FX1:1.00,FY1:-151.10,FX2:-6.00,FY2:-149.60,IK1:1,IK2:1,MOVE:0
[2026-09-08 13:36:32.086] [RX] PITCH:6.59,PID_OUT:-40.52,INT:-0.0985,EL:-6413,ER:-3132,VEL:-323.1,MOT:1,TILT:25.0,TRIM:6.000,ATE:1,LATCH:0,TORQ:1,CR:0.0,FX1:1.00,FY1:-151.10,FX2:-6.00,FY2:-149.60,IK1:1,IK2:1,MOVE:0
[2026-09-08 13:36:32.185] [RX] PITCH:4.96,PID_OUT:107.49,INT:-0.0824,EL:-6441,ER:-3117,VEL:-218.9,MOT:1,TILT:25.0,TRIM:5.617,ATE:1,LATCH:0,TORQ:1,CR:0.0,FX1:1.00,FY1:-151.10,FX2:-6.00,FY2:-149.60,IK1:1,IK2:1,MOVE:0
[2026-09-08 13:36:32.299] [RX] PITCH:4.52,PID_OUT:10.42,INT:-0.0955,EL:-6464,ER:-3113,VEL:-149.4,MOT:1,TILT:25.0,TRIM:4.227,ATE:1,LATCH:0,TORQ:1,CR:0.0,FX1:1.00,FY1:-151.10,FX2:-6.00,FY2:-149.60,IK1:1,IK2:1,MOVE:0
[2026-09-08 13:36:32.299] [RX] AX12:MODE:0,TQ:1,TL:1023,CM:1,CS:4,MS:0,MT:800
[2026-09-08 13:36:32.385] [RX] PITCH:1.47,PID_OUT:66.77,INT:-0.0975,EL:-6472,ER:-3123,VEL:-3.2,MOT:1,TILT:25.0,TRIM:1.302,ATE:1,LATCH:0,TORQ:1,CR:0.0,FX1:1.00,FY1:-151.10,FX2:-6.00,FY2:-149.60,IK1:1,IK2:1,MOVE:0
[2026-09-08 13:36:32.487] [RX] PITCH:-1.05,PID_OUT:-1.31,INT:-0.0063,EL:-6463,ER:-3134,VEL:112.3,MOT:1,TILT:25.0,TRIM:-1.007,ATE:1,LATCH:0,TORQ:1,CR:0.0,FX1:1.00,FY1:-151.10,FX2:-6.00,FY2:-149.60,IK1:1,IK2:1,MOVE:0
[2026-09-08 13:36:32.583] [RX] PITCH:-4.76,PID_OUT:215.77,INT:0.0471,EL:-6445,ER:-3160,VEL:200.0,MOT:1,TILT:25.0,TRIM:-2.762,ATE:1,LATCH:0,TORQ:1,CR:0.0,FX1:1.00,FY1:-151.10,FX2:-6.00,FY2:-149.60,IK1:1,IK2:1,MOVE:0
[2026-09-08 13:36:32.683] [RX] PITCH:-4.49,PID_OUT:48.03,INT:0.0586,EL:-6414,ER:-3195,VEL:299.7,MOT:1,TILT:25.0,TRIM:-4.755,ATE:1,LATCH:0,TORQ:1,CR:0.0,FX1:1.00,FY1:-151.10,FX2:-6.00,FY2:-149.60,IK1:1,IK2:1,MOVE:0
[2026-09-08 13:36:32.789] [RX] PITCH:-6.92,PID_OUT:75.78,INT:0.0985,EL:-6382,ER:-3235,VEL:371.4,MOT:1,TILT:25.0,TRIM:-6.000,ATE:1,LATCH:0,TORQ:1,CR:0.0,FX1:1.00,FY1:-151.10,FX2:-6.00,FY2:-149.60,IK1:1,IK2:1,MOVE:0
[2026-09-08 13:36:32.796] [RX] AX12:MODE:0,TQ:1,TL:1023,CM:1,CS:4,MS:0,MT:800
[2026-09-08 13:36:32.886] [RX] PITCH:-7.01,PID_OUT:69.37,INT:0.0985,EL:-6346,ER:-3267,VEL:345.7,MOT:1,TILT:25.0,TRIM:-5.674,ATE:1,LATCH:0,TORQ:1,CR:0.0,FX1:1.00,FY1:-151.10,FX2:-6.00,FY2:-149.60,IK1:1,IK2:1,MOVE:0
[2026-09-08 13:36:32.886] [RX] SRV:0,39,7.0,0,0
[2026-09-08 13:36:32.981] [RX] PITCH:-5.16,PID_OUT:-14.06,INT:0.0985,EL:-6317,ER:-3295,VEL:282.3,MOT:1,TILT:25.0,TRIM:-4.407,ATE:1,LATCH:0,TORQ:1,CR:0.0,FX1:1.00,FY1:-151.10,FX2:-6.00,FY2:-149.60,IK1:1,IK2:1,MOVE:0
[2026-09-08 13:36:33.082] [RX] PITCH:-2.80,PID_OUT:-28.49,INT:0.0985,EL:-6307,ER:-3315,VEL:162.0,MOT:1,TILT:25.0,TRIM:-2.002,ATE:1,LATCH:0,TORQ:1,CR:0.0,FX1:1.00,FY1:-151.10,FX2:-6.00,FY2:-149.60,IK1:1,IK2:1,MOVE:0
[2026-09-08 13:36:33.182] [RX] PITCH:0.34,PID_OUT:-89.37,INT:0.0960,EL:-6311,ER:-3326,VEL:56.9,MOT:1,TILT:25.0,TRIM:0.100,ATE:1,LATCH:0,TORQ:1,CR:0.0,FX1:1.00,FY1:-151.10,FX2:-6.00,FY2:-149.60,IK1:1,IK2:1,MOVE:0
[2026-09-08 13:36:33.287] [RX] PITCH:3.39,PID_OUT:-81.46,INT:0.0954,EL:-6335,ER:-3325,VEL:-92.1,MOT:1,TILT:25.0,TRIM:3.081,ATE:1,LATCH:0,TORQ:1,CR:0.0,FX1:1.00,FY1:-151.10,FX2:-6.00,FY2:-149.60,IK1:1,IK2:1,MOVE:0
[2026-09-08 13:36:33.292] [RX] AX12:MODE:0,TQ:1,TL:1023,CM:1,CS:4,MS:0,MT:800
[2026-09-08 13:36:33.383] [RX] PITCH:3.27,PID_OUT:177.36,INT:0.0277,EL:-6355,ER:-3310,VEL:-158.9,MOT:1,TILT:25.0,TRIM:4.416,ATE:1,LATCH:0,TORQ:1,CR:0.0,FX1:1.00,FY1:-151.10,FX2:-6.00,FY2:-149.60,IK1:1,IK2:1,MOVE:0
[2026-09-08 13:36:33.484] [RX] PITCH:6.28,PID_OUT:101.22,INT:-0.0346,EL:-6388,ER:-3293,VEL:-275.8,MOT:1,TILT:25.0,TRIM:6.000,ATE:1,LATCH:0,TORQ:1,CR:0.0,FX1:1.00,FY1:-151.10,FX2:-6.00,FY2:-149.60,IK1:1,IK2:1,MOVE:0
[2026-09-08 13:36:33.583] [RX] PITCH:8.47,PID_OUT:-214.31,INT:-0.0985,EL:-6411,ER:-3282,VEL:-230.5,MOT:1,TILT:25.0,TRIM:5.849,ATE:1,LATCH:0,TORQ:1,CR:0.0,FX1:1.00,FY1:-151.10,FX2:-6.00,FY2:-149.60,IK1:1,IK2:1,MOVE:0
[2026-09-08 13:36:33.682] [RX] PITCH:3.12,PID_OUT:20.15,INT:-0.0103,EL:-6443,ER:-3255,VEL:-196.9,MOT:1,TILT:25.0,TRIM:5.176,ATE:1,LATCH:0,TORQ:1,CR:0.0,FX1:1.00,FY1:-151.10,FX2:-6.00,FY2:-149.60,IK1:1,IK2:1,MOVE:0
[2026-09-08 13:36:33.786] [RX] PITCH:3.36,PID_OUT:234.12,INT:-0.0357,EL:-6465,ER:-3242,VEL:-187.1,MOT:1,TILT:25.0,TRIM:4.981,ATE:1,LATCH:0,TORQ:1,CR:0.0,FX1:1.00,FY1:-151.10,FX2:-6.00,FY2:-149.60,IK1:1,IK2:1,MOVE:0
[2026-09-08 13:36:33.791] [RX] AX12:MODE:0,TQ:1,TL:1023,CM:1,CS:4,MS:0,MT:800
[2026-09-08 13:36:33.881] [RX] PITCH:5.47,PID_OUT:178.07,INT:-0.0931,EL:-6491,ER:-3226,VEL:-281.1,MOT:1,TILT:25.0,TRIM:6.000,ATE:1,LATCH:0,TORQ:1,CR:0.0,FX1:1.00,FY1:-151.10,FX2:-6.00,FY2:-149.60,IK1:1,IK2:1,MOVE:0
[2026-09-08 13:36:33.887] [RX] SRV:14,43,0.8,0,0
[2026-09-08 13:36:33.983] [RX] PITCH:5.93,PID_OUT:-44.41,INT:-0.0985,EL:-6504,ER:-3217,VEL:-191.0,MOT:1,TILT:25.0,TRIM:5.058,ATE:1,LATCH:0,TORQ:1,CR:0.0,FX1:1.00,FY1:-151.10,FX2:-6.00,FY2:-149.60,IK1:1,IK2:1,MOVE:0
[2026-09-08 13:36:34.081] [RX] PITCH:5.06,PID_OUT:-347.62,INT:-0.0703,EL:-6518,ER:-3212,VEL:-94.0,MOT:1,TILT:25.0,TRIM:3.119,ATE:1,LATCH:0,TORQ:1,CR:0.0,FX1:1.00,FY1:-151.10,FX2:-6.00,FY2:-149.60,IK1:1,IK2:1,MOVE:0
[2026-09-08 13:36:34.203] [RX] PITCH:1.68,PID_OUT:-240.34,INT:-0.0091,EL:-6532,ER:-3207,VEL:-5.1,MOT:1,TILT:25.0,TRIM:1.342,ATE:1,LATCH:0,TORQ:1,CR:0.0,FX1:1.00,FY1:-151.10,FX2:-6.00,FY2:-149.60,IK1:1,IK2:1,MOVE:0
[2026-09-08 13:36:34.282] [RX] PITCH:0.31,PID_OUT:290.87,INT:-0.0351,EL:-6554,ER:-3202,VEL:-71.6,MOT:1,TILT:25.0,TRIM:2.671,ATE:1,LATCH:0,TORQ:1,CR:0.0,FX1:1.00,FY1:-151.10,FX2:-6.00,FY2:-149.60,IK1:1,IK2:1,MOVE:0
[2026-09-08 13:36:34.289] [RX] AX12:MODE:0,TQ:1,TL:1023,CM:1,CS:4,MS:0,MT:800
[2026-09-08 13:36:34.378] [RX] PITCH:2.25,PID_OUT:298.02,INT:-0.0645,EL:-6566,ER:-3201,VEL:-117.0,MOT:1,TILT:25.0,TRIM:3.579,ATE:1,LATCH:0,TORQ:1,CR:0.0,FX1:1.00,FY1:-151.10,FX2:-6.00,FY2:-149.60,IK1:1,IK2:1,MOVE:0
[2026-09-08 13:36:34.478] [RX] PITCH:2.95,PID_OUT:189.51,INT:-0.0775,EL:-6576,ER:-3208,VEL:-103.1,MOT:1,TILT:25.0,TRIM:3.301,ATE:1,LATCH:0,TORQ:1,CR:0.0,FX1:1.00,FY1:-151.10,FX2:-6.00,FY2:-149.60,IK1:1,IK2:1,MOVE:0
[2026-09-08 13:36:34.579] [RX] PITCH:3.40,PID_OUT:20.31,INT:-0.0486,EL:-6582,ER:-3215,VEL:-61.2,MOT:1,TILT:25.0,TRIM:2.464,ATE:1,LATCH:0,TORQ:1,CR:0.0,FX1:1.00,FY1:-151.10,FX2:-6.00,FY2:-149.60,IK1:1,IK2:1,MOVE:0
[2026-09-08 13:36:34.677] [RX] PITCH:3.12,PID_OUT:-304.29,INT:-0.0051,EL:-6582,ER:-3224,VEL:20.9,MOT:1,TILT:25.0,TRIM:0.821,ATE:1,LATCH:0,TORQ:1,CR:0.0,FX1:1.00,FY1:-151.10,FX2:-6.00,FY2:-149.60,IK1:1,IK2:1,MOVE:0
[2026-09-08 13:36:34.788] [RX] PITCH:0.56,PID_OUT:-292.41,INT:0.0393,EL:-6585,ER:-3231,VEL:78.5,MOT:1,TILT:25.0,TRIM:-0.331,ATE:1,LATCH:0,TORQ:1,CR:0.0,FX1:1.00,FY1:-151.10,FX2:-6.00,FY2:-149.60,IK1:1,IK2:1,MOVE:0
[2026-09-08 13:36:34.790] [RX] AX12:MODE:0,TQ:1,TL:1023,CM:1,CS:4,MS:0,MT:800
[2026-09-08 13:36:34.880] [RX] PITCH:-1.22,PID_OUT:-64.42,INT:0.0734,EL:-6590,ER:-3234,VEL:73.6,MOT:1,TILT:25.0,TRIM:-0.233,ATE:1,LATCH:0,TORQ:1,CR:0.0,FX1:1.00,FY1:-151.10,FX2:-6.00,FY2:-149.60,IK1:1,IK2:1,MOVE:0
[2026-09-08 13:36:34.882] [RX] SRV:1,40,6.3,0,0
[2026-09-08 13:36:34.990] [RX] PITCH:-1.58,PID_OUT:351.01,INT:0.0475,EL:-6597,ER:-3238,VEL:18.4,MOT:1,TILT:25.0,TRIM:0.871,ATE:1,LATCH:0,TORQ:1,CR:0.0,FX1:1.00,FY1:-151.10,FX2:-6.00,FY2:-149.60,IK1:1,IK2:1,MOVE:0
[2026-09-08 13:36:35.076] [RX] PITCH:1.03,PID_OUT:209.53,INT:0.0449,EL:-6601,ER:-3243,VEL:-26.9,MOT:1,TILT:25.0,TRIM:1.777,ATE:1,LATCH:0,TORQ:1,CR:0.0,FX1:1.00,FY1:-151.10,FX2:-6.00,FY2:-149.60,IK1:1,IK2:1,MOVE:0
[2026-09-08 13:36:35.176] [RX] PITCH:2.93,PID_OUT:262.29,INT:0.0075,EL:-6607,ER:-3240,VEL:-114.7,MOT:1,TILT:25.0,TRIM:3.533,ATE:1,LATCH:0,TORQ:1,CR:0.0,FX1:1.00,FY1:-151.10,FX2:-6.00,FY2:-149.60,IK1:1,IK2:1,MOVE:0
[2026-09-08 13:36:35.282] [RX] PITCH:5.06,PID_OUT:-187.75,INT:-0.0080,EL:-6605,ER:-3243,VEL:-50.0,MOT:1,TILT:25.0,TRIM:2.238,ATE:1,LATCH:0,TORQ:1,CR:0.0,FX1:1.00,FY1:-151.10,FX2:-6.00,FY2:-149.60,IK1:1,IK2:1,MOVE:0
[2026-09-08 13:36:35.288] [RX] AX12:MODE:0,TQ:1,TL:1023,CM:1,CS:4,MS:0,MT:800
[2026-09-08 13:36:35.377] [RX] PITCH:4.09,PID_OUT:-408.64,INT:-0.0424,EL:-6609,ER:-3242,VEL:-6.7,MOT:1,TILT:25.0,TRIM:1.372,ATE:1,LATCH:0,TORQ:1,CR:0.0,FX1:1.00,FY1:-151.10,FX2:-6.00,FY2:-149.60,IK1:1,IK2:1,MOVE:0
[2026-09-08 13:36:35.476] [RX] PITCH:2.36,PID_OUT:-276.03,INT:-0.0239,EL:-6619,ER:-3236,VEL:2.8,MOT:1,TILT:25.0,TRIM:1.182,ATE:1,LATCH:0,TORQ:1,CR:0.0,FX1:1.00,FY1:-151.10,FX2:-6.00,FY2:-149.60,IK1:1,IK2:1,MOVE:0
[2026-09-08 13:36:35.575] [RX] PITCH:-0.84,PID_OUT:-46.20,INT:0.0630,EL:-6624,ER:-3232,VEL:41.3,MOT:1,TILT:25.0,TRIM:0.412,ATE:1,LATCH:0,TORQ:1,CR:0.0,FX1:1.00,FY1:-151.10,FX2:-6.00,FY2:-149.60,IK1:1,IK2:1,MOVE:0
[2026-09-08 13:36:35.675] [RX] PITCH:-1.37,PID_OUT:438.02,INT:0.0735,EL:-6631,ER:-3231,VEL:-20.8,MOT:1,TILT:25.0,TRIM:1.655,ATE:1,LATCH:0,TORQ:1,CR:0.0,FX1:1.00,FY1:-151.10,FX2:-6.00,FY2:-149.60,IK1:1,IK2:1,MOVE:0
[2026-09-08 13:36:35.786] [RX] PITCH:2.62,PID_OUT:243.00,INT:0.0183,EL:-6634,ER:-3231,VEL:-89.4,MOT:1,TILT:25.0,TRIM:3.027,ATE:1,LATCH:0,TORQ:1,CR:0.0,FX1:1.00,FY1:-151.10,FX2:-6.00,FY2:-149.60,IK1:1,IK2:1,MOVE:0
[2026-09-08 13:36:35.786] [RX] AX12:MODE:0,TQ:1,TL:1023,CM:1,CS:4,MS:0,MT:800
[2026-09-08 13:36:35.875] [RX] PITCH:3.82,PID_OUT:79.10,INT:-0.0504,EL:-6635,ER:-3231,VEL:-89.3,MOT:1,TILT:25.0,TRIM:3.024,ATE:1,LATCH:0,TORQ:1,CR:0.0,FX1:1.00,FY1:-151.10,FX2:-6.00,FY2:-149.60,IK1:1,IK2:1,MOVE:0
[2026-09-08 13:36:35.878] [RX] SRV:6,39,0.0,0,0
[2026-09-08 13:36:35.976] [RX] PITCH:3.37,PID_OUT:-295.86,INT:0.0154,EL:-6629,ER:-3233,VEL:12.8,MOT:1,TILT:25.0,TRIM:0.984,ATE:1,LATCH:0,TORQ:1,CR:0.0,FX1:1.00,FY1:-151.10,FX2:-6.00,FY2:-149.60,IK1:1,IK2:1,MOVE:0
[2026-09-08 13:36:36.006] [TX] M
[2026-09-08 13:36:36.026] [RX] Motors DISABLED
--------------------------------------------------------------------------------
[2026-09-08 13:36:36.026] [SYS] Session Stopped: Motors DISABLED
Total Duration: 69.94s | Total Lines Captured: 926
================================================================================
