================================================================================
SERIAL MONITOR BACKUP LOG
Port: COM13 | Baud: 115200
Session Started: 2026-09-10 22:22:57
Trigger Reason: Motors ENABLED
Last IMU Calibration: Offset: -2.4097° (calibrated at 2026-09-10 22:22:36)
Active FW Parameters: pitchOffset=-2.4097
================================================================================
[Timestamp]                [Dir]  Payload
--------------------------------------------------------------------------------
[2026-09-10 22:22:57.820] [RX] Motors ENABLED
[2026-09-10 22:22:57.891] [RX] PITCH:3.43,PID_OUT:-286.50,INT:-0.0910,EL:-3,ER:4,VEL:-51.4,MOT:1,TILT:25.0,TRIM:0.155,ATE:1,LATCH:0,TORQ:1,CR:0.0,FX1:1.00,FY1:-151.10,FX2:-6.00,FY2:-149.60,IK1:1,IK2:1,MOVE:0
[2026-09-10 22:22:57.899] [RX] AX12:MODE:0,TQ:1,TL:1023,CM:1,CS:4,MS:0,MT:800
[2026-09-10 22:22:57.992] [RX] PITCH:-2.22,PID_OUT:115.81,INT:0.0095,EL:-26,ER:17,VEL:-62.8,MOT:1,TILT:25.0,TRIM:0.215,ATE:1,LATCH:0,TORQ:1,CR:0.0,FX1:1.00,FY1:-151.10,FX2:-6.00,FY2:-149.60,IK1:1,IK2:1,MOVE:0
[2026-09-10 22:22:57.992] [RX] SRV:0,33,0.0,0,0
[2026-09-10 22:22:58.087] [RX] PITCH:1.20,PID_OUT:-97.02,INT:0.0494,EL:-30,ER:-3,VEL:-3.4,MOT:1,TILT:25.0,TRIM:0.030,ATE:1,LATCH:0,TORQ:1,CR:0.0,FX1:1.00,FY1:-151.10,FX2:-6.00,FY2:-149.60,IK1:1,IK2:1,MOVE:0
[2026-09-10 22:22:58.187] [RX] PITCH:0.99,PID_OUT:-35.93,INT:-0.0511,EL:-59,ER:-1,VEL:-133.1,MOT:1,TILT:25.0,TRIM:0.431,ATE:1,LATCH:0,TORQ:1,CR:0.0,FX1:1.00,FY1:-151.10,FX2:-6.00,FY2:-149.60,IK1:1,IK2:1,MOVE:0
[2026-09-10 22:22:58.287] [RX] PITCH:-0.04,PID_OUT:-2.13,INT:-0.0404,EL:-73,ER:-1,VEL:-67.0,MOT:1,TILT:25.0,TRIM:0.249,ATE:1,LATCH:0,TORQ:1,CR:0.0,FX1:1.00,FY1:-151.10,FX2:-6.00,FY2:-149.60,IK1:1,IK2:1,MOVE:0
[2026-09-10 22:22:58.389] [RX] PITCH:0.14,PID_OUT:-4.89,INT:-0.0168,EL:-91,ER:-2,VEL:-82.1,MOT:1,TILT:25.0,TRIM:0.306,ATE:1,LATCH:0,TORQ:1,CR:0.0,FX1:1.00,FY1:-151.10,FX2:-6.00,FY2:-149.60,IK1:1,IK2:1,MOVE:0
[2026-09-10 22:22:58.396] [RX] AX12:MODE:0,TQ:1,TL:1023,CM:1,CS:4,MS:0,MT:800
[2026-09-10 22:22:58.487] [RX] PITCH:0.11,PID_OUT:0.17,INT:-0.0149,EL:-91,ER:-2,VEL:-16.2,MOT:1,TILT:25.0,TRIM:0.114,ATE:1,LATCH:0,TORQ:1,CR:0.0,FX1:1.00,FY1:-151.10,FX2:-6.00,FY2:-149.60,IK1:1,IK2:1,MOVE:0
[2026-09-10 22:22:58.584] [RX] PITCH:-0.40,PID_OUT:73.58,INT:0.0071,EL:-91,ER:-2,VEL:-3.2,MOT:1,TILT:25.0,TRIM:0.076,ATE:1,LATCH:0,TORQ:1,CR:0.0,FX1:1.00,FY1:-151.10,FX2:-6.00,FY2:-149.60,IK1:1,IK2:1,MOVE:0
[2026-09-10 22:22:58.686] [RX] PITCH:-1.16,PID_OUT:137.22,INT:0.0940,EL:-88,ER:-14,VEL:78.2,MOT:1,TILT:25.0,TRIM:-0.172,ATE:1,LATCH:0,TORQ:1,CR:0.0,FX1:1.00,FY1:-151.10,FX2:-6.00,FY2:-149.60,IK1:1,IK2:1,MOVE:0
[2026-09-10 22:22:58.786] [RX] PITCH:-0.92,PID_OUT:85.00,INT:0.0985,EL:-77,ER:-36,VEL:155.7,MOT:1,TILT:25.0,TRIM:-0.423,ATE:1,LATCH:0,TORQ:1,CR:0.0,FX1:1.00,FY1:-151.10,FX2:-6.00,FY2:-149.60,IK1:1,IK2:1,MOVE:0
[2026-09-10 22:22:58.893] [RX] PITCH:-0.72,PID_OUT:73.35,INT:0.0985,EL:-66,ER:-62,VEL:183.2,MOT:1,TILT:25.0,TRIM:-0.531,ATE:1,LATCH:0,TORQ:1,CR:0.0,FX1:1.00,FY1:-151.10,FX2:-6.00,FY2:-149.60,IK1:1,IK2:1,MOVE:0
[2026-09-10 22:22:58.897] [RX] AX12:MODE:0,TQ:1,TL:1023,CM:1,CS:4,MS:0,MT:800
[2026-09-10 22:22:58.989] [RX] PITCH:-1.34,PID_OUT:109.91,INT:0.0985,EL:-57,ER:-85,VEL:165.6,MOT:1,TILT:25.0,TRIM:-0.504,ATE:1,LATCH:0,TORQ:1,CR:0.0,FX1:1.00,FY1:-151.10,FX2:-6.00,FY2:-149.60,IK1:1,IK2:1,MOVE:0
[2026-09-10 22:22:58.991] [RX] SRV:14,33,0.0,0,0
[2026-09-10 22:22:59.086] [RX] PITCH:-1.20,PID_OUT:75.78,INT:0.0985,EL:-48,ER:-109,VEL:160.6,MOT:1,TILT:25.0,TRIM:-0.514,ATE:1,LATCH:0,TORQ:1,CR:0.0,FX1:1.00,FY1:-151.10,FX2:-6.00,FY2:-149.60,IK1:1,IK2:1,MOVE:0
[2026-09-10 22:22:59.187] [RX] PITCH:-0.79,PID_OUT:26.41,INT:0.0985,EL:-40,ER:-139,VEL:189.1,MOT:1,TILT:25.0,TRIM:-0.626,ATE:1,LATCH:0,TORQ:1,CR:0.0,FX1:1.00,FY1:-151.10,FX2:-6.00,FY2:-149.60,IK1:1,IK2:1,MOVE:0
[2026-09-10 22:22:59.284] [RX] PITCH:0.02,PID_OUT:-12.66,INT:0.0812,EL:-45,ER:-159,VEL:91.8,MOT:1,TILT:25.0,TRIM:-0.353,ATE:1,LATCH:0,TORQ:1,CR:0.0,FX1:1.00,FY1:-151.10,FX2:-6.00,FY2:-149.60,IK1:1,IK2:1,MOVE:0
[2026-09-10 22:22:59.387] [RX] PITCH:0.87,PID_OUT:-75.48,INT:0.0133,EL:-57,ER:-165,VEL:-20.3,MOT:1,TILT:25.0,TRIM:-0.022,ATE:1,LATCH:0,TORQ:1,CR:0.0,FX1:1.00,FY1:-151.10,FX2:-6.00,FY2:-149.60,IK1:1,IK2:1,MOVE:0
[2026-09-10 22:22:59.395] [RX] AX12:MODE:0,TQ:1,TL:1023,CM:1,CS:4,MS:0,MT:800
[2026-09-10 22:22:59.485] [RX] PITCH:0.84,PID_OUT:-64.49,INT:-0.0669,EL:-85,ER:-162,VEL:-126.5,MOT:1,TILT:25.0,TRIM:0.311,ATE:1,LATCH:0,TORQ:1,CR:0.0,FX1:1.00,FY1:-151.10,FX2:-6.00,FY2:-149.60,IK1:1,IK2:1,MOVE:0
[2026-09-10 22:22:59.586] [RX] PITCH:0.20,PID_OUT:-30.82,INT:-0.0769,EL:-109,ER:-160,VEL:-121.8,MOT:1,TILT:25.0,TRIM:0.317,ATE:1,LATCH:0,TORQ:1,CR:0.0,FX1:1.00,FY1:-151.10,FX2:-6.00,FY2:-149.60,IK1:1,IK2:1,MOVE:0
[2026-09-10 22:22:59.685] [RX] PITCH:0.13,PID_OUT:-27.15,INT:-0.0540,EL:-136,ER:-160,VEL:-126.1,MOT:1,TILT:25.0,TRIM:0.350,ATE:1,LATCH:0,TORQ:1,CR:0.0,FX1:1.00,FY1:-151.10,FX2:-6.00,FY2:-149.60,IK1:1,IK2:1,MOVE:0
[2026-09-10 22:22:59.789] [RX] PITCH:0.26,PID_OUT:-63.13,INT:-0.0612,EL:-136,ER:-160,VEL:-24.8,MOT:1,TILT:25.0,TRIM:0.054,ATE:1,LATCH:0,TORQ:1,CR:0.0,FX1:1.00,FY1:-151.10,FX2:-6.00,FY2:-149.60,IK1:1,IK2:1,MOVE:0
[2026-09-10 22:22:59.886] [RX] PITCH:0.18,PID_OUT:-35.45,INT:-0.0767,EL:-155,ER:-160,VEL:-132.0,MOT:1,TILT:25.0,TRIM:0.381,ATE:1,LATCH:0,TORQ:1,CR:0.0,FX1:1.00,FY1:-151.10,FX2:-6.00,FY2:-149.60,IK1:1,IK2:1,MOVE:0
[2026-09-10 22:22:59.895] [RX] AX12:MODE:0,TQ:1,TL:1023,CM:1,CS:4,MS:0,MT:800
[2026-09-10 22:22:59.984] [RX] PITCH:0.06,PID_OUT:-54.18,INT:-0.0696,EL:-155,ER:-160,VEL:-26.0,MOT:1,TILT:25.0,TRIM:0.072,ATE:1,LATCH:0,TORQ:1,CR:0.0,FX1:1.00,FY1:-151.10,FX2:-6.00,FY2:-149.60,IK1:1,IK2:1,MOVE:0
[2026-09-10 22:22:59.987] [RX] SRV:1,34,0.0,0,0
[2026-09-10 22:23:00.085] [RX] PITCH:0.06,PID_OUT:-53.81,INT:-0.0731,EL:-155,ER:-159,VEL:-9.0,MOT:1,TILT:25.0,TRIM:0.023,ATE:1,LATCH:0,TORQ:1,CR:0.0,FX1:1.00,FY1:-151.10,FX2:-6.00,FY2:-149.60,IK1:1,IK2:1,MOVE:0
[2026-09-10 22:23:00.185] [RX] PITCH:-0.04,PID_OUT:-52.77,INT:-0.0708,EL:-155,ER:-158,VEL:-4.2,MOT:1,TILT:25.0,TRIM:0.010,ATE:1,LATCH:0,TORQ:1,CR:0.0,FX1:1.00,FY1:-151.10,FX2:-6.00,FY2:-149.60,IK1:1,IK2:1,MOVE:0
[2026-09-10 22:23:00.283] [RX] PITCH:0.05,PID_OUT:-56.92,INT:-0.0702,EL:-155,ER:-157,VEL:-3.2,MOT:1,TILT:25.0,TRIM:0.008,ATE:1,LATCH:0,TORQ:1,CR:0.0,FX1:1.00,FY1:-151.10,FX2:-6.00,FY2:-149.60,IK1:1,IK2:1,MOVE:0
[2026-09-10 22:23:00.394] [RX] PITCH:0.03,PID_OUT:-62.00,INT:-0.0742,EL:-155,ER:-157,VEL:-0.6,MOT:1,TILT:25.0,TRIM:0.000,ATE:1,LATCH:0,TORQ:1,CR:0.0,FX1:1.00,FY1:-151.10,FX2:-6.00,FY2:-149.60,IK1:1,IK2:1,MOVE:0
[2026-09-10 22:23:00.394] [RX] AX12:MODE:0,TQ:1,TL:1023,CM:1,CS:4,MS:0,MT:800
[2026-09-10 22:23:00.482] [RX] PITCH:0.02,PID_OUT:-67.49,INT:-0.0790,EL:-155,ER:-157,VEL:-0.1,MOT:1,TILT:25.0,TRIM:-0.001,ATE:1,LATCH:0,TORQ:1,CR:0.0,FX1:1.00,FY1:-151.10,FX2:-6.00,FY2:-149.60,IK1:1,IK2:1,MOVE:0
[2026-09-10 22:23:00.582] [RX] PITCH:0.09,PID_OUT:-85.51,INT:-0.0803,EL:-155,ER:-157,VEL:-0.0,MOT:1,TILT:25.0,TRIM:-0.001,ATE:1,LATCH:0,TORQ:1,CR:0.0,FX1:1.00,FY1:-151.10,FX2:-6.00,FY2:-149.60,IK1:1,IK2:1,MOVE:0
[2026-09-10 22:23:00.683] [RX] PITCH:0.45,PID_OUT:-84.42,INT:-0.0933,EL:-175,ER:-156,VEL:-87.4,MOT:1,TILT:25.0,TRIM:0.269,ATE:1,LATCH:0,TORQ:1,CR:0.0,FX1:1.00,FY1:-151.10,FX2:-6.00,FY2:-149.60,IK1:1,IK2:1,MOVE:0
[2026-09-10 22:23:00.784] [RX] PITCH:0.35,PID_OUT:-64.47,INT:-0.0985,EL:-186,ER:-156,VEL:-59.8,MOT:1,TILT:25.0,TRIM:0.197,ATE:1,LATCH:0,TORQ:1,CR:0.0,FX1:1.00,FY1:-151.10,FX2:-6.00,FY2:-149.60,IK1:1,IK2:1,MOVE:0
[2026-09-10 22:23:00.889] [RX] PITCH:-0.08,PID_OUT:-5.86,INT:-0.0782,EL:-211,ER:-156,VEL:-120.1,MOT:1,TILT:25.0,TRIM:0.391,ATE:1,LATCH:0,TORQ:1,CR:0.0,FX1:1.00,FY1:-151.10,FX2:-6.00,FY2:-149.60,IK1:1,IK2:1,MOVE:0
[2026-09-10 22:23:00.893] [RX] AX12:MODE:0,TQ:1,TL:1023,CM:1,CS:4,MS:0,MT:800
[2026-09-10 22:23:00.987] [RX] PITCH:-0.26,PID_OUT:11.15,INT:-0.0238,EL:-221,ER:-156,VEL:-52.6,MOT:1,TILT:25.0,TRIM:0.202,ATE:1,LATCH:0,TORQ:1,CR:0.0,FX1:1.00,FY1:-151.10,FX2:-6.00,FY2:-149.60,IK1:1,IK2:1,MOVE:0
[2026-09-10 22:23:00.988] [RX] SRV:6,34,0.0,0,0
[2026-09-10 22:23:01.084] [RX] PITCH:-0.04,PID_OUT:3.98,INT:-0.0008,EL:-221,ER:-156,VEL:-10.4,MOT:1,TILT:25.0,TRIM:0.079,ATE:1,LATCH:0,TORQ:1,CR:0.0,FX1:1.00,FY1:-151.10,FX2:-6.00,FY2:-149.60,IK1:1,IK2:1,MOVE:0
[2026-09-10 22:23:01.183] [RX] PITCH:-0.31,PID_OUT:44.72,INT:0.0213,EL:-221,ER:-156,VEL:-2.0,MOT:1,TILT:25.0,TRIM:0.055,ATE:1,LATCH:0,TORQ:1,CR:0.0,FX1:1.00,FY1:-151.10,FX2:-6.00,FY2:-149.60,IK1:1,IK2:1,MOVE:0
[2026-09-10 22:23:01.283] [RX] PITCH:-0.68,PID_OUT:71.27,INT:0.0695,EL:-221,ER:-173,VEL:88.1,MOT:1,TILT:25.0,TRIM:-0.221,ATE:1,LATCH:0,TORQ:1,CR:0.0,FX1:1.00,FY1:-151.10,FX2:-6.00,FY2:-149.60,IK1:1,IK2:1,MOVE:0
[2026-09-10 22:23:01.386] [RX] PITCH:-0.51,PID_OUT:58.13,INT:0.0985,EL:-220,ER:-184,VEL:75.5,MOT:1,TILT:25.0,TRIM:-0.193,ATE:1,LATCH:0,TORQ:1,CR:0.0,FX1:1.00,FY1:-151.10,FX2:-6.00,FY2:-149.60,IK1:1,IK2:1,MOVE:0
[2026-09-10 22:23:01.392] [RX] AX12:MODE:0,TQ:1,TL:1023,CM:1,CS:4,MS:0,MT:800
[2026-09-10 22:23:01.480] [RX] PITCH:-0.34,PID_OUT:62.87,INT:0.0985,EL:-219,ER:-198,VEL:70.9,MOT:1,TILT:25.0,TRIM:-0.191,ATE:1,LATCH:0,TORQ:1,CR:0.0,FX1:1.00,FY1:-151.10,FX2:-6.00,FY2:-149.60,IK1:1,IK2:1,MOVE:0
[2026-09-10 22:23:01.581] [RX] PITCH:-0.31,PID_OUT:58.21,INT:0.0985,EL:-219,ER:-214,VEL:84.0,MOT:1,TILT:25.0,TRIM:-0.241,ATE:1,LATCH:0,TORQ:1,CR:0.0,FX1:1.00,FY1:-151.10,FX2:-6.00,FY2:-149.60,IK1:1,IK2:1,MOVE:0
[2026-09-10 22:23:01.683] [RX] PITCH:-0.23,PID_OUT:61.41,INT:0.0985,EL:-219,ER:-221,VEL:39.8,MOT:1,TILT:25.0,TRIM:-0.118,ATE:1,LATCH:0,TORQ:1,CR:0.0,FX1:1.00,FY1:-151.10,FX2:-6.00,FY2:-149.60,IK1:1,IK2:1,MOVE:0
[2026-09-10 22:23:01.780] [RX] PITCH:-0.17,PID_OUT:56.31,INT:0.0915,EL:-219,ER:-236,VEL:35.7,MOT:1,TILT:25.0,TRIM:-0.117,ATE:1,LATCH:0,TORQ:1,CR:0.0,FX1:1.00,FY1:-151.10,FX2:-6.00,FY2:-149.60,IK1:1,IK2:1,MOVE:0
[2026-09-10 22:23:01.883] [RX] PITCH:-0.17,PID_OUT:65.25,INT:0.0985,EL:-219,ER:-236,VEL:7.0,MOT:1,TILT:25.0,TRIM:-0.033,ATE:1,LATCH:0,TORQ:1,CR:0.0,FX1:1.00,FY1:-151.10,FX2:-6.00,FY2:-149.60,IK1:1,IK2:1,MOVE:0
[2026-09-10 22:23:01.891] [RX] AX12:MODE:0,TQ:1,TL:1023,CM:1,CS:4,MS:0,MT:800
[2026-09-10 22:23:01.982] [RX] PITCH:-0.16,PID_OUT:65.09,INT:0.0985,EL:-219,ER:-236,VEL:1.4,MOT:1,TILT:25.0,TRIM:-0.017,ATE:1,LATCH:0,TORQ:1,CR:0.0,FX1:1.00,FY1:-151.10,FX2:-6.00,FY2:-149.60,IK1:1,IK2:1,MOVE:0
[2026-09-10 22:23:01.984] [RX] SRV:0,33,0.0,0,0
[2026-09-10 22:23:02.080] [RX] PITCH:-0.14,PID_OUT:63.53,INT:0.0985,EL:-219,ER:-236,VEL:0.3,MOT:1,TILT:25.0,TRIM:-0.014,ATE:1,LATCH:0,TORQ:1,CR:0.0,FX1:1.00,FY1:-151.10,FX2:-6.00,FY2:-149.60,IK1:1,IK2:1,MOVE:0
[2026-09-10 22:23:02.180] [RX] PITCH:-0.11,PID_OUT:62.23,INT:0.0985,EL:-219,ER:-236,VEL:0.1,MOT:1,TILT:25.0,TRIM:-0.013,ATE:1,LATCH:0,TORQ:1,CR:0.0,FX1:1.00,FY1:-151.10,FX2:-6.00,FY2:-149.60,IK1:1,IK2:1,MOVE:0
[2026-09-10 22:23:02.279] [RX] PITCH:-0.07,PID_OUT:60.26,INT:0.0985,EL:-219,ER:-236,VEL:0.0,MOT:1,TILT:25.0,TRIM:-0.013,ATE:1,LATCH:0,TORQ:1,CR:0.0,FX1:1.00,FY1:-151.10,FX2:-6.00,FY2:-149.60,IK1:1,IK2:1,MOVE:0
[2026-09-10 22:23:02.390] [RX] PITCH:-0.13,PID_OUT:63.63,INT:0.0985,EL:-219,ER:-236,VEL:0.0,MOT:1,TILT:25.0,TRIM:-0.013,ATE:1,LATCH:0,TORQ:1,CR:0.0,FX1:1.00,FY1:-151.10,FX2:-6.00,FY2:-149.60,IK1:1,IK2:1,MOVE:0
[2026-09-10 22:23:02.390] [RX] AX12:MODE:0,TQ:1,TL:1023,CM:1,CS:4,MS:0,MT:800
[2026-09-10 22:23:02.478] [RX] PITCH:-0.11,PID_OUT:63.02,INT:0.0985,EL:-219,ER:-236,VEL:0.0,MOT:1,TILT:25.0,TRIM:-0.013,ATE:1,LATCH:0,TORQ:1,CR:0.0,FX1:1.00,FY1:-151.10,FX2:-6.00,FY2:-149.60,IK1:1,IK2:1,MOVE:0
[2026-09-10 22:23:02.581] [RX] PITCH:-0.11,PID_OUT:62.23,INT:0.0985,EL:-219,ER:-236,VEL:0.0,MOT:1,TILT:25.0,TRIM:-0.013,ATE:1,LATCH:0,TORQ:1,CR:0.0,FX1:1.00,FY1:-151.10,FX2:-6.00,FY2:-149.60,IK1:1,IK2:1,MOVE:0
[2026-09-10 22:23:02.677] [RX] PITCH:-0.08,PID_OUT:61.25,INT:0.0985,EL:-219,ER:-236,VEL:0.0,MOT:1,TILT:25.0,TRIM:-0.013,ATE:1,LATCH:0,TORQ:1,CR:0.0,FX1:1.00,FY1:-151.10,FX2:-6.00,FY2:-149.60,IK1:1,IK2:1,MOVE:0
[2026-09-10 22:23:02.783] [RX] PITCH:-0.13,PID_OUT:63.32,INT:0.0985,EL:-219,ER:-236,VEL:0.0,MOT:1,TILT:25.0,TRIM:-0.013,ATE:1,LATCH:0,TORQ:1,CR:0.0,FX1:1.00,FY1:-151.10,FX2:-6.00,FY2:-149.60,IK1:1,IK2:1,MOVE:0
[2026-09-10 22:23:02.879] [RX] PITCH:-0.16,PID_OUT:64.61,INT:0.0985,EL:-219,ER:-236,VEL:0.0,MOT:1,TILT:25.0,TRIM:-0.013,ATE:1,LATCH:0,TORQ:1,CR:0.0,FX1:1.00,FY1:-151.10,FX2:-6.00,FY2:-149.60,IK1:1,IK2:1,MOVE:0
[2026-09-10 22:23:02.892] [RX] AX12:MODE:0,TQ:1,TL:1023,CM:1,CS:4,MS:0,MT:800
[2026-09-10 22:23:02.983] [RX] PITCH:-0.09,PID_OUT:60.77,INT:0.0985,EL:-219,ER:-236,VEL:0.0,MOT:1,TILT:25.0,TRIM:-0.013,ATE:1,LATCH:0,TORQ:1,CR:0.0,FX1:1.00,FY1:-151.10,FX2:-6.00,FY2:-149.60,IK1:1,IK2:1,MOVE:0
[2026-09-10 22:23:02.983] [RX] SRV:14,33,0.0,0,0
[2026-09-10 22:23:03.079] [RX] PITCH:-0.09,PID_OUT:60.42,INT:0.0985,EL:-219,ER:-236,VEL:0.0,MOT:1,TILT:25.0,TRIM:-0.013,ATE:1,LATCH:0,TORQ:1,CR:0.0,FX1:1.00,FY1:-151.10,FX2:-6.00,FY2:-149.60,IK1:1,IK2:1,MOVE:0
[2026-09-10 22:23:03.176] [RX] PITCH:-0.07,PID_OUT:58.34,INT:0.0985,EL:-219,ER:-236,VEL:0.0,MOT:1,TILT:25.0,TRIM:-0.013,ATE:1,LATCH:0,TORQ:1,CR:0.0,FX1:1.00,FY1:-151.10,FX2:-6.00,FY2:-149.60,IK1:1,IK2:1,MOVE:0
[2026-09-10 22:23:03.275] [RX] PITCH:-0.02,PID_OUT:53.89,INT:0.0985,EL:-219,ER:-236,VEL:0.0,MOT:1,TILT:25.0,TRIM:-0.013,ATE:1,LATCH:0,TORQ:1,CR:0.0,FX1:1.00,FY1:-151.10,FX2:-6.00,FY2:-149.60,IK1:1,IK2:1,MOVE:0
[2026-09-10 22:23:03.382] [RX] PITCH:0.01,PID_OUT:50.84,INT:0.0980,EL:-219,ER:-236,VEL:0.0,MOT:1,TILT:25.0,TRIM:-0.013,ATE:1,LATCH:0,TORQ:1,CR:0.0,FX1:1.00,FY1:-151.10,FX2:-6.00,FY2:-149.60,IK1:1,IK2:1,MOVE:0
[2026-09-10 22:23:03.388] [RX] AX12:MODE:0,TQ:1,TL:1023,CM:1,CS:4,MS:0,MT:800
[2026-09-10 22:23:03.476] [RX] PITCH:0.10,PID_OUT:40.41,INT:0.0900,EL:-219,ER:-236,VEL:0.0,MOT:1,TILT:25.0,TRIM:-0.013,ATE:1,LATCH:0,TORQ:1,CR:0.0,FX1:1.00,FY1:-151.10,FX2:-6.00,FY2:-149.60,IK1:1,IK2:1,MOVE:0
[2026-09-10 22:23:03.578] [RX] PITCH:0.10,PID_OUT:32.62,INT:0.0769,EL:-219,ER:-236,VEL:0.0,MOT:1,TILT:25.0,TRIM:-0.013,ATE:1,LATCH:0,TORQ:1,CR:0.0,FX1:1.00,FY1:-151.10,FX2:-6.00,FY2:-149.60,IK1:1,IK2:1,MOVE:0
[2026-09-10 22:23:03.675] [RX] PITCH:0.07,PID_OUT:28.28,INT:0.0681,EL:-219,ER:-236,VEL:0.0,MOT:1,TILT:25.0,TRIM:-0.013,ATE:1,LATCH:0,TORQ:1,CR:0.0,FX1:1.00,FY1:-151.10,FX2:-6.00,FY2:-149.60,IK1:1,IK2:1,MOVE:0
[2026-09-10 22:23:03.779] [RX] PITCH:0.14,PID_OUT:15.53,INT:0.0563,EL:-219,ER:-236,VEL:0.0,MOT:1,TILT:25.0,TRIM:-0.013,ATE:1,LATCH:0,TORQ:1,CR:0.0,FX1:1.00,FY1:-151.10,FX2:-6.00,FY2:-149.60,IK1:1,IK2:1,MOVE:0
[2026-09-10 22:23:03.886] [RX] PITCH:0.13,PID_OUT:8.67,INT:0.0396,EL:-219,ER:-236,VEL:0.0,MOT:1,TILT:25.0,TRIM:-0.013,ATE:1,LATCH:0,TORQ:1,CR:0.0,FX1:1.00,FY1:-151.10,FX2:-6.00,FY2:-149.60,IK1:1,IK2:1,MOVE:0
[2026-09-10 22:23:03.886] [RX] AX12:MODE:0,TQ:1,TL:1023,CM:1,CS:4,MS:0,MT:800
[2026-09-10 22:23:03.979] [RX] PITCH:-0.06,PID_OUT:16.93,INT:0.0361,EL:-219,ER:-236,VEL:0.0,MOT:1,TILT:25.0,TRIM:-0.013,ATE:1,LATCH:0,TORQ:1,CR:0.0,FX1:1.00,FY1:-151.10,FX2:-6.00,FY2:-149.60,IK1:1,IK2:1,MOVE:0
[2026-09-10 22:23:03.980] [RX] SRV:1,35,0.0,0,0
[2026-09-10 22:23:04.076] [RX] PITCH:-0.04,PID_OUT:18.93,INT:0.0416,EL:-219,ER:-236,VEL:0.0,MOT:1,TILT:25.0,TRIM:-0.013,ATE:1,LATCH:0,TORQ:1,CR:0.0,FX1:1.00,FY1:-151.10,FX2:-6.00,FY2:-149.60,IK1:1,IK2:1,MOVE:0
[2026-09-10 22:23:04.175] [RX] PITCH:0.03,PID_OUT:11.51,INT:0.0403,EL:-219,ER:-236,VEL:0.0,MOT:1,TILT:25.0,TRIM:-0.013,ATE:1,LATCH:0,TORQ:1,CR:0.0,FX1:1.00,FY1:-151.10,FX2:-6.00,FY2:-149.60,IK1:1,IK2:1,MOVE:0
[2026-09-10 22:23:04.274] [RX] PITCH:0.11,PID_OUT:16.31,INT:0.0334,EL:-226,ER:-236,VEL:-52.5,MOT:1,TILT:25.0,TRIM:0.146,ATE:1,LATCH:0,TORQ:1,CR:0.0,FX1:1.00,FY1:-151.10,FX2:-6.00,FY2:-149.60,IK1:1,IK2:1,MOVE:0
[2026-09-10 22:23:04.377] [RX] PITCH:0.05,PID_OUT:13.92,INT:0.0343,EL:-228,ER:-236,VEL:-13.8,MOT:1,TILT:25.0,TRIM:0.034,ATE:1,LATCH:0,TORQ:1,CR:0.0,FX1:1.00,FY1:-151.10,FX2:-6.00,FY2:-149.60,IK1:1,IK2:1,MOVE:0
[2026-09-10 22:23:04.384] [RX] AX12:MODE:0,TQ:1,TL:1023,CM:1,CS:4,MS:0,MT:800
[2026-09-10 22:23:04.474] [RX] PITCH:-0.02,PID_OUT:15.25,INT:0.0354,EL:-228,ER:-236,VEL:-2.7,MOT:1,TILT:25.0,TRIM:0.002,ATE:1,LATCH:0,TORQ:1,CR:0.0,FX1:1.00,FY1:-151.10,FX2:-6.00,FY2:-149.60,IK1:1,IK2:1,MOVE:0
[2026-09-10 22:23:04.573] [RX] PITCH:0.00,PID_OUT:13.44,INT:0.0367,EL:-228,ER:-236,VEL:-0.5,MOT:1,TILT:25.0,TRIM:-0.004,ATE:1,LATCH:0,TORQ:1,CR:0.0,FX1:1.00,FY1:-151.10,FX2:-6.00,FY2:-149.60,IK1:1,IK2:1,MOVE:0
[2026-09-10 22:23:04.674] [RX] PITCH:0.02,PID_OUT:11.73,INT:0.0345,EL:-228,ER:-236,VEL:-0.1,MOT:1,TILT:25.0,TRIM:-0.006,ATE:1,LATCH:0,TORQ:1,CR:0.0,FX1:1.00,FY1:-151.10,FX2:-6.00,FY2:-149.60,IK1:1,IK2:1,MOVE:0
[2026-09-10 22:23:04.775] [RX] PITCH:0.05,PID_OUT:6.31,INT:0.0300,EL:-228,ER:-236,VEL:-0.0,MOT:1,TILT:25.0,TRIM:-0.006,ATE:1,LATCH:0,TORQ:1,CR:0.0,FX1:1.00,FY1:-151.10,FX2:-6.00,FY2:-149.60,IK1:1,IK2:1,MOVE:0
[2026-09-10 22:23:04.881] [RX] PITCH:0.02,PID_OUT:21.68,INT:0.0339,EL:-238,ER:-236,VEL:-40.5,MOT:1,TILT:25.0,TRIM:0.120,ATE:1,LATCH:0,TORQ:1,CR:0.0,FX1:1.00,FY1:-151.10,FX2:-6.00,FY2:-149.60,IK1:1,IK2:1,MOVE:0
[2026-09-10 22:23:04.884] [RX] AX12:MODE:0,TQ:1,TL:1023,CM:1,CS:4,MS:0,MT:800
[2026-09-10 22:23:04.976] [RX] PITCH:0.01,PID_OUT:16.66,INT:0.0385,EL:-238,ER:-236,VEL:-8.0,MOT:1,TILT:25.0,TRIM:0.025,ATE:1,LATCH:0,TORQ:1,CR:0.0,FX1:1.00,FY1:-151.10,FX2:-6.00,FY2:-149.60,IK1:1,IK2:1,MOVE:0
[2026-09-10 22:23:04.976] [RX] SRV:6,34,0.0,0,0
[2026-09-10 22:23:05.073] [RX] PITCH:0.00,PID_OUT:15.86,INT:0.0399,EL:-238,ER:-236,VEL:-1.6,MOT:1,TILT:25.0,TRIM:0.006,ATE:1,LATCH:0,TORQ:1,CR:0.0,FX1:1.00,FY1:-151.10,FX2:-6.00,FY2:-149.60,IK1:1,IK2:1,MOVE:0
[2026-09-10 22:23:05.175] [RX] PITCH:0.00,PID_OUT:15.32,INT:0.0401,EL:-238,ER:-236,VEL:-0.3,MOT:1,TILT:25.0,TRIM:0.002,ATE:1,LATCH:0,TORQ:1,CR:0.0,FX1:1.00,FY1:-151.10,FX2:-6.00,FY2:-149.60,IK1:1,IK2:1,MOVE:0
[2026-09-10 22:23:05.274] [RX] PITCH:0.02,PID_OUT:15.35,INT:0.0397,EL:-238,ER:-236,VEL:-0.1,MOT:1,TILT:25.0,TRIM:0.002,ATE:1,LATCH:0,TORQ:1,CR:0.0,FX1:1.00,FY1:-151.10,FX2:-6.00,FY2:-149.60,IK1:1,IK2:1,MOVE:0
[2026-09-10 22:23:05.375] [RX] PITCH:0.03,PID_OUT:12.70,INT:0.0384,EL:-238,ER:-236,VEL:-0.0,MOT:1,TILT:25.0,TRIM:0.002,ATE:1,LATCH:0,TORQ:1,CR:0.0,FX1:1.00,FY1:-151.10,FX2:-6.00,FY2:-149.60,IK1:1,IK2:1,MOVE:0
[2026-09-10 22:23:05.384] [RX] AX12:MODE:0,TQ:1,TL:1023,CM:1,CS:4,MS:0,MT:800
[2026-09-10 22:23:05.473] [RX] PITCH:0.07,PID_OUT:6.80,INT:0.0329,EL:-238,ER:-236,VEL:-0.0,MOT:1,TILT:25.0,TRIM:0.002,ATE:1,LATCH:0,TORQ:1,CR:0.0,FX1:1.00,FY1:-151.10,FX2:-6.00,FY2:-149.60,IK1:1,IK2:1,MOVE:0
[2026-09-10 22:23:05.554] [TX] S0.4
[2026-09-10 22:23:05.575] [RX] PITCH:0.08,PID_OUT:15.87,INT:0.0356,EL:-248,ER:-236,VEL:-28.8,MOT:1,TILT:25.0,TRIM:0.093,ATE:1,LATCH:0,TORQ:1,CR:0.0,FX1:1.00,FY1:-151.10,FX2:-6.00,FY2:-149.60,IK1:1,IK2:1,MOVE:0
[2026-09-10 22:23:05.610] [RX] Updated -> P:78.000 I:650.000 D:3.520 Offset:-2.4097 Target:0.400 Alpha:0.9600 Tilt:25.00 TrimGain:0.0015 Crouch:0.00 VP:0.0030
[2026-09-10 22:23:05.673] [RX] PITCH:0.08,PID_OUT:51.62,INT:0.0523,EL:-248,ER:-236,VEL:-5.7,MOT:1,TILT:25.0,TRIM:0.026,ATE:1,LATCH:0,TORQ:1,CR:0.0,FX1:1.00,FY1:-151.10,FX2:-6.00,FY2:-149.60,IK1:1,IK2:1,MOVE:0
[2026-09-10 22:23:05.772] [RX] PITCH:0.07,PID_OUT:71.99,INT:0.0855,EL:-248,ER:-236,VEL:-1.1,MOT:1,TILT:25.0,TRIM:0.012,ATE:1,LATCH:0,TORQ:1,CR:0.0,FX1:1.00,FY1:-151.10,FX2:-6.00,FY2:-149.60,IK1:1,IK2:1,MOVE:0
[2026-09-10 22:23:05.872] [RX] PITCH:0.17,PID_OUT:13.31,INT:0.0901,EL:-248,ER:-273,VEL:224.9,MOT:1,TILT:25.0,TRIM:-0.674,ATE:1,LATCH:0,TORQ:1,CR:0.0,FX1:1.00,FY1:-151.10,FX2:-6.00,FY2:-149.60,IK1:1,IK2:1,MOVE:0
[2026-09-10 22:23:05.881] [RX] AX12:MODE:0,TQ:1,TL:1023,CM:1,CS:4,MS:0,MT:800
[2026-09-10 22:23:05.977] [RX] PITCH:0.24,PID_OUT:12.38,INT:0.0561,EL:-267,ER:-313,VEL:107.3,MOT:1,TILT:25.0,TRIM:-0.347,ATE:1,LATCH:0,TORQ:1,CR:0.0,FX1:1.00,FY1:-151.10,FX2:-6.00,FY2:-149.60,IK1:1,IK2:1,MOVE:0
[2026-09-10 22:23:05.977] [RX] SRV:0,33,0.0,0,0
[2026-09-10 22:23:06.072] [RX] PITCH:0.28,PID_OUT:4.24,INT:0.0347,EL:-272,ER:-334,VEL:63.1,MOT:1,TILT:25.0,TRIM:-0.231,ATE:1,LATCH:0,TORQ:1,CR:0.0,FX1:1.00,FY1:-151.10,FX2:-6.00,FY2:-149.60,IK1:1,IK2:1,MOVE:0
[2026-09-10 22:23:06.177] [RX] PITCH:0.27,PID_OUT:1.59,INT:0.0260,EL:-282,ER:-354,VEL:55.4,MOT:1,TILT:25.0,TRIM:-0.215,ATE:1,LATCH:0,TORQ:1,CR:0.0,FX1:1.00,FY1:-151.10,FX2:-6.00,FY2:-149.60,IK1:1,IK2:1,MOVE:0
[2026-09-10 22:23:06.270] [RX] PITCH:0.24,PID_OUT:-0.71,INT:0.0223,EL:-292,ER:-374,VEL:61.5,MOT:1,TILT:25.0,TRIM:-0.241,ATE:1,LATCH:0,TORQ:1,CR:0.0,FX1:1.00,FY1:-151.10,FX2:-6.00,FY2:-149.60,IK1:1,IK2:1,MOVE:0
[2026-09-10 22:23:06.372] [RX] PITCH:0.28,PID_OUT:-0.43,INT:0.0169,EL:-296,ER:-384,VEL:30.8,MOT:1,TILT:25.0,TRIM:-0.156,ATE:1,LATCH:0,TORQ:1,CR:0.0,FX1:1.00,FY1:-151.10,FX2:-6.00,FY2:-149.60,IK1:1,IK2:1,MOVE:0
[2026-09-10 22:23:06.381] [RX] AX12:MODE:0,TQ:1,TL:1023,CM:1,CS:4,MS:0,MT:800
[2026-09-10 22:23:06.469] [RX] PITCH:0.29,PID_OUT:-4.14,INT:0.0134,EL:-300,ER:-394,VEL:29.9,MOT:1,TILT:25.0,TRIM:-0.158,ATE:1,LATCH:0,TORQ:1,CR:0.0,FX1:1.00,FY1:-151.10,FX2:-6.00,FY2:-149.60,IK1:1,IK2:1,MOVE:0
[2026-09-10 22:23:06.571] [RX] PITCH:0.27,PID_OUT:12.66,INT:0.0152,EL:-304,ER:-394,VEL:-20.7,MOT:1,TILT:25.0,TRIM:-0.007,ATE:1,LATCH:0,TORQ:1,CR:0.0,FX1:1.00,FY1:-151.10,FX2:-6.00,FY2:-149.60,IK1:1,IK2:1,MOVE:0
[2026-09-10 22:23:06.670] [RX] PITCH:0.20,PID_OUT:10.42,INT:0.0156,EL:-305,ER:-404,VEL:8.2,MOT:1,TILT:25.0,TRIM:-0.098,ATE:1,LATCH:0,TORQ:1,CR:0.0,FX1:1.00,FY1:-151.10,FX2:-6.00,FY2:-149.60,IK1:1,IK2:1,MOVE:0
[2026-09-10 22:23:06.770] [RX] PITCH:0.18,PID_OUT:-7.75,INT:0.0133,EL:-307,ER:-424,VEL:73.3,MOT:1,TILT:25.0,TRIM:-0.301,ATE:1,LATCH:0,TORQ:1,CR:0.0,FX1:1.00,FY1:-151.10,FX2:-6.00,FY2:-149.60,IK1:1,IK2:1,MOVE:0
[2026-09-10 22:23:06.880] [RX] PITCH:0.21,PID_OUT:-8.61,INT:0.0138,EL:-310,ER:-434,VEL:64.7,MOT:1,TILT:25.0,TRIM:-0.282,ATE:1,LATCH:0,TORQ:1,CR:0.0,FX1:1.00,FY1:-151.10,FX2:-6.00,FY2:-149.60,IK1:1,IK2:1,MOVE:0
[2026-09-10 22:23:06.881] [RX] AX12:MODE:0,TQ:1,TL:1023,CM:1,CS:4,MS:0,MT:800
[2026-09-10 22:23:06.975] [RX] PITCH:0.25,PID_OUT:0.65,INT:0.0119,EL:-310,ER:-434,VEL:12.7,MOT:1,TILT:25.0,TRIM:-0.130,ATE:1,LATCH:0,TORQ:1,CR:0.0,FX1:1.00,FY1:-151.10,FX2:-6.00,FY2:-149.60,IK1:1,IK2:1,MOVE:0
[2026-09-10 22:23:06.979] [RX] SRV:14,33,0.0,0,0
[2026-09-10 22:23:07.072] [RX] PITCH:0.20,PID_OUT:-7.30,INT:0.0173,EL:-320,ER:-453,VEL:75.1,MOT:1,TILT:25.0,TRIM:-0.319,ATE:1,LATCH:0,TORQ:1,CR:0.0,FX1:1.00,FY1:-151.10,FX2:-6.00,FY2:-149.60,IK1:1,IK2:1,MOVE:0
[2026-09-10 22:23:07.170] [RX] PITCH:0.17,PID_OUT:-6.26,INT:0.0152,EL:-322,ER:-464,VEL:71.4,MOT:1,TILT:25.0,TRIM:-0.315,ATE:1,LATCH:0,TORQ:1,CR:0.0,FX1:1.00,FY1:-151.10,FX2:-6.00,FY2:-149.60,IK1:1,IK2:1,MOVE:0
[2026-09-10 22:23:07.269] [RX] PITCH:0.21,PID_OUT:5.91,INT:0.0195,EL:-334,ER:-474,VEL:13.8,MOT:1,TILT:25.0,TRIM:-0.145,ATE:1,LATCH:0,TORQ:1,CR:0.0,FX1:1.00,FY1:-151.10,FX2:-6.00,FY2:-149.60,IK1:1,IK2:1,MOVE:0
[2026-09-10 22:23:07.324] [TX] S0.7000000000000001
[2026-09-10 22:23:07.379] [RX] PITCH:0.27,PID_OUT:7.33,INT:0.0234,EL:-334,ER:-474,VEL:2.7,MOT:1,TILT:25.0,TRIM:-0.113,ATE:1,LATCH:0,TORQ:1,CR:0.0,FX1:1.00,FY1:-151.10,FX2:-6.00,FY2:-149.60,IK1:1,IK2:1,MOVE:0
[2026-09-10 22:23:07.395] [RX] AX12:MODE:0,TQ:1,TL:1023,CM:1,CS:4,MS:0,MT:800
[2026-09-10 22:23:07.414] [RX] Updated -> P:78.000 I:650.000 D:3.520 Offset:-2.4097 Target:0.700 Alpha:0.9600 Tilt:25.00 TrimGain:0.0015 Crouch:0.00 VP:0.0030
[2026-09-10 22:23:07.466] [RX] PITCH:0.24,PID_OUT:-2.57,INT:0.0274,EL:-353,ER:-523,VEL:165.5,MOT:1,TILT:25.0,TRIM:-0.610,ATE:1,LATCH:0,TORQ:1,CR:0.0,FX1:1.00,FY1:-151.10,FX2:-6.00,FY2:-149.60,IK1:1,IK2:1,MOVE:0
[2026-09-10 22:23:07.570] [RX] PITCH:0.23,PID_OUT:1.62,INT:0.0248,EL:-363,ER:-554,VEL:136.3,MOT:1,TILT:25.0,TRIM:-0.540,ATE:1,LATCH:0,TORQ:1,CR:0.0,FX1:1.00,FY1:-151.10,FX2:-6.00,FY2:-149.60,IK1:1,IK2:1,MOVE:0
[2026-09-10 22:23:07.667] [RX] PITCH:0.25,PID_OUT:3.41,INT:0.0231,EL:-373,ER:-584,VEL:113.5,MOT:1,TILT:25.0,TRIM:-0.489,ATE:1,LATCH:0,TORQ:1,CR:0.0,FX1:1.00,FY1:-151.10,FX2:-6.00,FY2:-149.60,IK1:1,IK2:1,MOVE:0
[2026-09-10 22:23:07.767] [RX] PITCH:0.23,PID_OUT:3.55,INT:0.0235,EL:-393,ER:-624,VEL:112.1,MOT:1,TILT:25.0,TRIM:-0.500,ATE:1,LATCH:0,TORQ:1,CR:0.0,FX1:1.00,FY1:-151.10,FX2:-6.00,FY2:-149.60,IK1:1,IK2:1,MOVE:0
[2026-09-10 22:23:07.869] [RX] PITCH:0.23,PID_OUT:25.70,INT:0.0249,EL:-415,ER:-654,VEL:17.3,MOT:1,TILT:25.0,TRIM:-0.230,ATE:1,LATCH:0,TORQ:1,CR:0.0,FX1:1.00,FY1:-151.10,FX2:-6.00,FY2:-149.60,IK1:1,IK2:1,MOVE:0
[2026-09-10 22:23:07.876] [RX] AX12:MODE:0,TQ:1,TL:1023,CM:1,CS:4,MS:0,MT:800
[2026-09-10 22:23:07.972] [RX] PITCH:0.25,PID_OUT:12.66,INT:0.0222,EL:-421,ER:-684,VEL:53.1,MOT:1,TILT:25.0,TRIM:-0.352,ATE:1,LATCH:0,TORQ:1,CR:0.0,FX1:1.00,FY1:-151.10,FX2:-6.00,FY2:-149.60,IK1:1,IK2:1,MOVE:0
[2026-09-10 22:23:07.972] [RX] SRV:1,35,0.0,0,0
[2026-09-10 22:23:08.069] [RX] PITCH:0.26,PID_OUT:23.09,INT:0.0237,EL:-440,ER:-714,VEL:5.6,MOT:1,TILT:25.0,TRIM:-0.222,ATE:1,LATCH:0,TORQ:1,CR:0.0,FX1:1.00,FY1:-151.10,FX2:-6.00,FY2:-149.60,IK1:1,IK2:1,MOVE:0
[2026-09-10 22:23:08.166] [RX] PITCH:0.29,PID_OUT:2.89,INT:0.0212,EL:-447,ER:-744,VEL:70.2,MOT:1,TILT:25.0,TRIM:-0.427,ATE:1,LATCH:0,TORQ:1,CR:0.0,FX1:1.00,FY1:-151.10,FX2:-6.00,FY2:-149.60,IK1:1,IK2:1,MOVE:0
[2026-09-10 22:23:08.267] [RX] PITCH:0.32,PID_OUT:21.68,INT:0.0213,EL:-456,ER:-754,VEL:-24.9,MOT:1,TILT:25.0,TRIM:-0.151,ATE:1,LATCH:0,TORQ:1,CR:0.0,FX1:1.00,FY1:-151.10,FX2:-6.00,FY2:-149.60,IK1:1,IK2:1,MOVE:0
[2026-09-10 22:23:08.372] [RX] PITCH:0.31,PID_OUT:23.01,INT:0.0219,EL:-466,ER:-774,VEL:-27.7,MOT:1,TILT:25.0,TRIM:-0.150,ATE:1,LATCH:0,TORQ:1,CR:0.0,FX1:1.00,FY1:-151.10,FX2:-6.00,FY2:-149.60,IK1:1,IK2:1,MOVE:0
[2026-09-10 22:23:08.379] [RX] AX12:MODE:0,TQ:1,TL:1023,CM:1,CS:4,MS:0,MT:800
[2026-09-10 22:23:08.469] [RX] PITCH:0.37,PID_OUT:-3.37,INT:0.0188,EL:-467,ER:-794,VEL:50.3,MOT:1,TILT:25.0,TRIM:-0.392,ATE:1,LATCH:0,TORQ:1,CR:0.0,FX1:1.00,FY1:-151.10,FX2:-6.00,FY2:-149.60,IK1:1,IK2:1,MOVE:0
[2026-09-10 22:23:08.572] [RX] PITCH:0.41,PID_OUT:-6.48,INT:0.0138,EL:-471,ER:-804,VEL:41.1,MOT:1,TILT:25.0,TRIM:-0.370,ATE:1,LATCH:0,TORQ:1,CR:0.0,FX1:1.00,FY1:-151.10,FX2:-6.00,FY2:-149.60,IK1:1,IK2:1,MOVE:0
[2026-09-10 22:23:08.665] [RX] PITCH:0.38,PID_OUT:21.66,INT:0.0161,EL:-480,ER:-804,VEL:-59.4,MOT:1,TILT:25.0,TRIM:-0.070,ATE:1,LATCH:0,TORQ:1,CR:0.0,FX1:1.00,FY1:-151.10,FX2:-6.00,FY2:-149.60,IK1:1,IK2:1,MOVE:0
[2026-09-10 22:23:08.766] [RX] PITCH:0.38,PID_OUT:-8.13,INT:0.0171,EL:-481,ER:-824,VEL:69.1,MOT:1,TILT:25.0,TRIM:-0.459,ATE:1,LATCH:0,TORQ:1,CR:0.0,FX1:1.00,FY1:-151.10,FX2:-6.00,FY2:-149.60,IK1:1,IK2:1,MOVE:0
[2026-09-10 22:23:08.872] [RX] PITCH:0.36,PID_OUT:5.30,INT:0.0145,EL:-481,ER:-824,VEL:13.6,MOT:1,TILT:25.0,TRIM:-0.297,ATE:1,LATCH:0,TORQ:1,CR:0.0,FX1:1.00,FY1:-151.10,FX2:-6.00,FY2:-149.60,IK1:1,IK2:1,MOVE:0
[2026-09-10 22:23:08.876] [RX] AX12:MODE:0,TQ:1,TL:1023,CM:1,CS:4,MS:0,MT:800
[2026-09-10 22:23:08.967] [RX] PITCH:0.28,PID_OUT:7.82,INT:0.0175,EL:-491,ER:-843,VEL:39.2,MOT:1,TILT:25.0,TRIM:-0.378,ATE:1,LATCH:0,TORQ:1,CR:0.0,FX1:1.00,FY1:-151.10,FX2:-6.00,FY2:-149.60,IK1:1,IK2:1,MOVE:0
[2026-09-10 22:23:08.970] [RX] SRV:6,34,0.0,0,0
[2026-09-10 22:23:09.066] [RX] PITCH:0.23,PID_OUT:4.96,INT:0.0188,EL:-498,ER:-864,VEL:64.2,MOT:1,TILT:25.0,TRIM:-0.462,ATE:1,LATCH:0,TORQ:1,CR:0.0,FX1:1.00,FY1:-151.10,FX2:-6.00,FY2:-149.60,IK1:1,IK2:1,MOVE:0
[2026-09-10 22:23:09.165] [RX] PITCH:0.21,PID_OUT:-4.36,INT:0.0165,EL:-508,ER:-894,VEL:105.1,MOT:1,TILT:25.0,TRIM:-0.596,ATE:1,LATCH:0,TORQ:1,CR:0.0,FX1:1.00,FY1:-151.10,FX2:-6.00,FY2:-149.60,IK1:1,IK2:1,MOVE:0
[2026-09-10 22:23:09.265] [RX] PITCH:0.15,PID_OUT:8.35,INT:0.0173,EL:-508,ER:-904,VEL:60.5,MOT:1,TILT:25.0,TRIM:-0.473,ATE:1,LATCH:0,TORQ:1,CR:0.0,FX1:1.00,FY1:-151.10,FX2:-6.00,FY2:-149.60,IK1:1,IK2:1,MOVE:0
[2026-09-10 22:23:09.374] [RX] PITCH:0.12,PID_OUT:13.73,INT:0.0202,EL:-523,ER:-934,VEL:48.1,MOT:1,TILT:25.0,TRIM:-0.448,ATE:1,LATCH:0,TORQ:1,CR:0.0,FX1:1.00,FY1:-151.10,FX2:-6.00,FY2:-149.60,IK1:1,IK2:1,MOVE:0
[2026-09-10 22:23:09.374] [RX] AX12:MODE:0,TQ:1,TL:1023,CM:1,CS:4,MS:0,MT:800
[2026-09-10 22:23:09.466] [RX] PITCH:0.16,PID_OUT:12.14,INT:0.0206,EL:-528,ER:-954,VEL:35.2,MOT:1,TILT:25.0,TRIM:-0.422,ATE:1,LATCH:0,TORQ:1,CR:0.0,FX1:1.00,FY1:-151.10,FX2:-6.00,FY2:-149.60,IK1:1,IK2:1,MOVE:0
[2026-09-10 22:23:09.566] [RX] PITCH:0.20,PID_OUT:-2.16,INT:0.0199,EL:-538,ER:-983,VEL:83.9,MOT:1,TILT:25.0,TRIM:-0.578,ATE:1,LATCH:0,TORQ:1,CR:0.0,FX1:1.00,FY1:-151.10,FX2:-6.00,FY2:-149.60,IK1:1,IK2:1,MOVE:0
[2026-09-10 22:23:09.665] [RX] PITCH:0.21,PID_OUT:-0.17,INT:0.0186,EL:-558,ER:-1013,VEL:69.7,MOT:1,TILT:25.0,TRIM:-0.544,ATE:1,LATCH:0,TORQ:1,CR:0.0,FX1:1.00,FY1:-151.10,FX2:-6.00,FY2:-149.60,IK1:1,IK2:1,MOVE:0
[2026-09-10 22:23:09.766] [RX] PITCH:0.17,PID_OUT:3.67,INT:0.0180,EL:-568,ER:-1033,VEL:57.9,MOT:1,TILT:25.0,TRIM:-0.517,ATE:1,LATCH:0,TORQ:1,CR:0.0,FX1:1.00,FY1:-151.10,FX2:-6.00,FY2:-149.60,IK1:1,IK2:1,MOVE:0
[2026-09-10 22:23:09.870] [RX] PITCH:0.15,PID_OUT:8.48,INT:0.0217,EL:-588,ER:-1063,VEL:48.7,MOT:1,TILT:25.0,TRIM:-0.498,ATE:1,LATCH:0,TORQ:1,CR:0.0,FX1:1.00,FY1:-151.10,FX2:-6.00,FY2:-149.60,IK1:1,IK2:1,MOVE:0
[2026-09-10 22:23:09.877] [RX] AX12:MODE:0,TQ:1,TL:1023,CM:1,CS:4,MS:0,MT:800
[2026-09-10 22:23:09.965] [RX] PITCH:0.17,PID_OUT:9.00,INT:0.0231,EL:-598,ER:-1083,VEL:38.7,MOT:1,TILT:25.0,TRIM:-0.476,ATE:1,LATCH:0,TORQ:1,CR:0.0,FX1:1.00,FY1:-151.10,FX2:-6.00,FY2:-149.60,IK1:1,IK2:1,MOVE:0
[2026-09-10 22:23:09.967] [RX] SRV:0,34,0.8,0,0
[2026-09-10 22:23:10.063] [RX] PITCH:0.24,PID_OUT:8.61,INT:0.0192,EL:-601,ER:-1093,VEL:5.9,MOT:1,TILT:25.0,TRIM:-0.386,ATE:1,LATCH:0,TORQ:1,CR:0.0,FX1:1.00,FY1:-151.10,FX2:-6.00,FY2:-149.60,IK1:1,IK2:1,MOVE:0
[2026-09-10 22:23:10.163] [RX] PITCH:0.28,PID_OUT:-2.30,INT:0.0141,EL:-602,ER:-1103,VEL:20.2,MOT:1,TILT:25.0,TRIM:-0.435,ATE:1,LATCH:0,TORQ:1,CR:0.0,FX1:1.00,FY1:-151.10,FX2:-6.00,FY2:-149.60,IK1:1,IK2:1,MOVE:0
[2026-09-10 22:23:10.263] [RX] PITCH:0.28,PID_OUT:-6.80,INT:0.0162,EL:-606,ER:-1112,VEL:48.8,MOT:1,TILT:25.0,TRIM:-0.522,ATE:1,LATCH:0,TORQ:1,CR:0.0,FX1:1.00,FY1:-151.10,FX2:-6.00,FY2:-149.60,IK1:1,IK2:1,MOVE:0
[2026-09-10 22:23:10.375] [RX] PITCH:0.31,PID_OUT:-5.86,INT:0.0120,EL:-616,ER:-1123,VEL:19.3,MOT:1,TILT:25.0,TRIM:-0.437,ATE:1,LATCH:0,TORQ:1,CR:0.0,FX1:1.00,FY1:-151.10,FX2:-6.00,FY2:-149.60,IK1:1,IK2:1,MOVE:0
[2026-09-10 22:23:10.375] [RX] AX12:MODE:0,TQ:1,TL:1023,CM:1,CS:4,MS:0,MT:800
[2026-09-10 22:23:10.461] [RX] PITCH:0.34,PID_OUT:-5.79,INT:0.0086,EL:-616,ER:-1123,VEL:3.8,MOT:1,TILT:25.0,TRIM:-0.391,ATE:1,LATCH:0,TORQ:1,CR:0.0,FX1:1.00,FY1:-151.10,FX2:-6.00,FY2:-149.60,IK1:1,IK2:1,MOVE:0
[2026-09-10 22:23:10.561] [RX] PITCH:0.35,PID_OUT:-7.48,INT:0.0060,EL:-616,ER:-1123,VEL:0.7,MOT:1,TILT:25.0,TRIM:-0.382,ATE:1,LATCH:0,TORQ:1,CR:0.0,FX1:1.00,FY1:-151.10,FX2:-6.00,FY2:-149.60,IK1:1,IK2:1,MOVE:0
[2026-09-10 22:23:10.663] [RX] PITCH:0.38,PID_OUT:3.23,INT:0.0139,EL:-637,ER:-1133,VEL:-26.4,MOT:1,TILT:25.0,TRIM:-0.295,ATE:1,LATCH:0,TORQ:1,CR:0.0,FX1:1.00,FY1:-151.10,FX2:-6.00,FY2:-149.60,IK1:1,IK2:1,MOVE:0
[2026-09-10 22:23:10.764] [RX] PITCH:0.39,PID_OUT:-3.69,INT:0.0134,EL:-648,ER:-1143,VEL:-3.8,MOT:1,TILT:25.0,TRIM:-0.360,ATE:1,LATCH:0,TORQ:1,CR:0.0,FX1:1.00,FY1:-151.10,FX2:-6.00,FY2:-149.60,IK1:1,IK2:1,MOVE:0
[2026-09-10 22:23:10.869] [RX] PITCH:0.36,PID_OUT:-4.98,INT:0.0098,EL:-648,ER:-1143,VEL:-0.8,MOT:1,TILT:25.0,TRIM:-0.369,ATE:1,LATCH:0,TORQ:1,CR:0.0,FX1:1.00,FY1:-151.10,FX2:-6.00,FY2:-149.60,IK1:1,IK2:1,MOVE:0
[2026-09-10 22:23:10.872] [RX] AX12:MODE:0,TQ:1,TL:1023,CM:1,CS:4,MS:0,MT:800
[2026-09-10 22:23:10.969] [RX] PITCH:0.33,PID_OUT:-3.53,INT:0.0081,EL:-648,ER:-1143,VEL:-0.1,MOT:1,TILT:25.0,TRIM:-0.371,ATE:1,LATCH:0,TORQ:1,CR:0.0,FX1:1.00,FY1:-151.10,FX2:-6.00,FY2:-149.60,IK1:1,IK2:1,MOVE:0
[2026-09-10 22:23:10.969] [RX] SRV:14,34,0.0,0,0
[2026-09-10 22:23:11.059] [RX] PITCH:0.31,PID_OUT:-2.72,INT:0.0092,EL:-648,ER:-1143,VEL:-0.0,MOT:1,TILT:25.0,TRIM:-0.371,ATE:1,LATCH:0,TORQ:1,CR:0.0,FX1:1.00,FY1:-151.10,FX2:-6.00,FY2:-149.60,IK1:1,IK2:1,MOVE:0
[2026-09-10 22:23:11.162] [RX] PITCH:0.36,PID_OUT:-7.15,INT:0.0085,EL:-648,ER:-1143,VEL:-0.0,MOT:1,TILT:25.0,TRIM:-0.371,ATE:1,LATCH:0,TORQ:1,CR:0.0,FX1:1.00,FY1:-151.10,FX2:-6.00,FY2:-149.60,IK1:1,IK2:1,MOVE:0
[2026-09-10 22:23:11.261] [RX] PITCH:0.40,PID_OUT:14.94,INT:0.0169,EL:-676,ER:-1153,VEL:-79.0,MOT:1,TILT:25.0,TRIM:-0.127,ATE:1,LATCH:0,TORQ:1,CR:0.0,FX1:1.00,FY1:-151.10,FX2:-6.00,FY2:-149.60,IK1:1,IK2:1,MOVE:0
[2026-09-10 22:23:11.361] [RX] PITCH:0.41,PID_OUT:-7.90,INT:0.0109,EL:-677,ER:-1163,VEL:0.4,MOT:1,TILT:25.0,TRIM:-0.366,ATE:1,LATCH:0,TORQ:1,CR:0.0,FX1:1.00,FY1:-151.10,FX2:-6.00,FY2:-149.60,IK1:1,IK2:1,MOVE:0
[2026-09-10 22:23:11.372] [RX] AX12:MODE:0,TQ:1,TL:1023,CM:1,CS:4,MS:0,MT:800
[2026-09-10 22:23:11.463] [RX] PITCH:0.39,PID_OUT:17.33,INT:0.0175,EL:-705,ER:-1173,VEL:-79.0,MOT:1,TILT:25.0,TRIM:-0.121,ATE:1,LATCH:0,TORQ:1,CR:0.0,FX1:1.00,FY1:-151.10,FX2:-6.00,FY2:-149.60,IK1:1,IK2:1,MOVE:0
[2026-09-10 22:23:11.560] [RX] PITCH:0.39,PID_OUT:-3.20,INT:0.0143,EL:-706,ER:-1182,VEL:-1.7,MOT:1,TILT:25.0,TRIM:-0.352,ATE:1,LATCH:0,TORQ:1,CR:0.0,FX1:1.00,FY1:-151.10,FX2:-6.00,FY2:-149.60,IK1:1,IK2:1,MOVE:0
[2026-09-10 22:23:11.660] [RX] PITCH:0.40,PID_OUT:-7.00,INT:0.0092,EL:-706,ER:-1182,VEL:-0.3,MOT:1,TILT:25.0,TRIM:-0.356,ATE:1,LATCH:0,TORQ:1,CR:0.0,FX1:1.00,FY1:-151.10,FX2:-6.00,FY2:-149.60,IK1:1,IK2:1,MOVE:0
[2026-09-10 22:23:11.760] [RX] PITCH:0.41,PID_OUT:-0.51,INT:0.0153,EL:-726,ER:-1192,VEL:-14.8,MOT:1,TILT:25.0,TRIM:-0.306,ATE:1,LATCH:0,TORQ:1,CR:0.0,FX1:1.00,FY1:-151.10,FX2:-6.00,FY2:-149.60,IK1:1,IK2:1,MOVE:0
[2026-09-10 22:23:11.801] [TX] TE0
[2026-09-10 22:23:11.867] [RX] PITCH:0.41,PID_OUT:-4.30,INT:0.0112,EL:-726,ER:-1192,VEL:-2.9,MOT:1,TILT:25.0,TRIM:-0.341,ATE:1,LATCH:0,TORQ:1,CR:0.0,FX1:1.00,FY1:-151.10,FX2:-6.00,FY2:-149.60,IK1:1,IK2:1,MOVE:0
[2026-09-10 22:23:11.874] [RX] AX12:MODE:0,TQ:1,TL:1023,CM:1,CS:4,MS:0,MT:800
[2026-09-10 22:23:11.874] [RX] ACK:AUTOTRIM_OFF
[2026-09-10 22:23:11.963] [RX] PITCH:0.39,PID_OUT:40.12,INT:0.0375,EL:-726,ER:-1271,VEL:360.7,MOT:1,TILT:25.0,TRIM:0.000,ATE:0,LATCH:0,TORQ:1,CR:0.0,FX1:1.00,FY1:-151.10,FX2:-6.00,FY2:-149.60,IK1:1,IK2:1,MOVE:0
[2026-09-10 22:23:11.963] [RX] SRV:1,35,0.0,0,0
[2026-09-10 22:23:12.060] [RX] PITCH:0.36,PID_OUT:63.05,INT:0.0695,EL:-726,ER:-1371,VEL:472.5,MOT:1,TILT:25.0,TRIM:0.000,ATE:0,LATCH:0,TORQ:1,CR:0.0,FX1:1.00,FY1:-151.10,FX2:-6.00,FY2:-149.60,IK1:1,IK2:1,MOVE:0
[2026-09-10 22:23:12.163] [RX] PITCH:0.36,PID_OUT:77.53,INT:0.0985,EL:-726,ER:-1417,VEL:205.0,MOT:1,TILT:25.0,TRIM:0.000,ATE:0,LATCH:0,TORQ:1,CR:0.0,FX1:1.00,FY1:-151.10,FX2:-6.00,FY2:-149.60,IK1:1,IK2:1,MOVE:0
[2026-09-10 22:23:12.259] [RX] PITCH:0.53,PID_OUT:60.22,INT:0.0985,EL:-726,ER:-1428,VEL:91.1,MOT:1,TILT:25.0,TRIM:0.000,ATE:0,LATCH:0,TORQ:1,CR:0.0,FX1:1.00,FY1:-151.10,FX2:-6.00,FY2:-149.60,IK1:1,IK2:1,MOVE:0
[2026-09-10 22:23:12.362] [RX] PITCH:0.62,PID_OUT:57.45,INT:0.0985,EL:-726,ER:-1494,VEL:346.3,MOT:1,TILT:25.0,TRIM:0.000,ATE:0,LATCH:0,TORQ:1,CR:0.0,FX1:1.00,FY1:-151.10,FX2:-6.00,FY2:-149.60,IK1:1,IK2:1,MOVE:0
[2026-09-10 22:23:12.370] [RX] AX12:MODE:0,TQ:1,TL:1023,CM:1,CS:4,MS:0,MT:800
[2026-09-10 22:23:12.460] [RX] PITCH:0.72,PID_OUT:49.98,INT:0.0982,EL:-726,ER:-1594,VEL:469.7,MOT:1,TILT:25.0,TRIM:0.000,ATE:0,LATCH:0,TORQ:1,CR:0.0,FX1:1.00,FY1:-151.10,FX2:-6.00,FY2:-149.60,IK1:1,IK2:1,MOVE:0
[2026-09-10 22:23:12.559] [RX] PITCH:0.80,PID_OUT:42.74,INT:0.0917,EL:-726,ER:-1694,VEL:494.0,MOT:1,TILT:25.0,TRIM:0.000,ATE:0,LATCH:0,TORQ:1,CR:0.0,FX1:1.00,FY1:-151.10,FX2:-6.00,FY2:-149.60,IK1:1,IK2:1,MOVE:0
[2026-09-10 22:23:12.660] [RX] PITCH:0.82,PID_OUT:38.57,INT:0.0792,EL:-726,ER:-1794,VEL:498.8,MOT:1,TILT:25.0,TRIM:0.000,ATE:0,LATCH:0,TORQ:1,CR:0.0,FX1:1.00,FY1:-151.10,FX2:-6.00,FY2:-149.60,IK1:1,IK2:1,MOVE:0
[2026-09-10 22:23:12.757] [RX] PITCH:0.61,PID_OUT:53.94,INT:0.0777,EL:-726,ER:-1894,VEL:499.7,MOT:1,TILT:25.0,TRIM:0.000,ATE:0,LATCH:0,TORQ:1,CR:0.0,FX1:1.00,FY1:-151.10,FX2:-6.00,FY2:-149.60,IK1:1,IK2:1,MOVE:0
[2026-09-10 22:23:12.861] [RX] PITCH:0.33,PID_OUT:82.14,INT:0.0985,EL:-726,ER:-1993,VEL:492.4,MOT:1,TILT:25.0,TRIM:0.000,ATE:0,LATCH:0,TORQ:1,CR:0.0,FX1:1.00,FY1:-151.10,FX2:-6.00,FY2:-149.60,IK1:1,IK2:1,MOVE:0
[2026-09-10 22:23:12.869] [RX] AX12:MODE:0,TQ:1,TL:1023,CM:1,CS:4,MS:0,MT:800
[2026-09-10 22:23:12.960] [RX] PITCH:0.41,PID_OUT:70.03,INT:0.0985,EL:-726,ER:-2019,VEL:151.7,MOT:1,TILT:25.0,TRIM:0.000,ATE:0,LATCH:0,TORQ:1,CR:0.0,FX1:1.00,FY1:-151.10,FX2:-6.00,FY2:-149.60,IK1:1,IK2:1,MOVE:0
[2026-09-10 22:23:12.961] [RX] SRV:6,34,0.0,0,0
[2026-09-10 22:23:13.057] [RX] PITCH:0.68,PID_OUT:47.84,INT:0.0985,EL:-726,ER:-2019,VEL:29.9,MOT:1,TILT:25.0,TRIM:0.000,ATE:0,LATCH:0,TORQ:1,CR:0.0,FX1:1.00,FY1:-151.10,FX2:-6.00,FY2:-149.60,IK1:1,IK2:1,MOVE:0
[2026-09-10 22:23:13.158] [RX] PITCH:0.89,PID_OUT:23.79,INT:0.0884,EL:-726,ER:-2019,VEL:5.9,MOT:1,TILT:25.0,TRIM:0.000,ATE:0,LATCH:0,TORQ:1,CR:0.0,FX1:1.00,FY1:-151.10,FX2:-6.00,FY2:-149.60,IK1:1,IK2:1,MOVE:0
[2026-09-10 22:23:13.257] [RX] PITCH:1.23,PID_OUT:-27.84,INT:0.0510,EL:-754,ER:-2019,VEL:-180.9,MOT:1,TILT:25.0,TRIM:0.000,ATE:0,LATCH:0,TORQ:1,CR:0.0,FX1:1.00,FY1:-151.10,FX2:-6.00,FY2:-149.60,IK1:1,IK2:1,MOVE:0
[2026-09-10 22:23:13.367] [RX] PITCH:1.71,PID_OUT:-82.72,INT:-0.0256,EL:-801,ER:-2017,VEL:-176.0,MOT:1,TILT:25.0,TRIM:0.000,ATE:0,LATCH:0,TORQ:1,CR:0.0,FX1:1.00,FY1:-151.10,FX2:-6.00,FY2:-149.60,IK1:1,IK2:1,MOVE:0
[2026-09-10 22:23:13.369] [RX] AX12:MODE:0,TQ:1,TL:1023,CM:1,CS:4,MS:0,MT:800
[2026-09-10 22:23:13.457] [RX] PITCH:0.87,PID_OUT:-40.32,INT:-0.0862,EL:-830,ER:-2013,VEL:-167.8,MOT:1,TILT:25.0,TRIM:0.000,ATE:0,LATCH:0,TORQ:1,CR:0.0,FX1:1.00,FY1:-151.10,FX2:-6.00,FY2:-149.60,IK1:1,IK2:1,MOVE:0
[2026-09-10 22:23:13.557] [RX] PITCH:0.03,PID_OUT:24.32,INT:-0.0574,EL:-858,ER:-2013,VEL:-139.7,MOT:1,TILT:25.0,TRIM:0.000,ATE:0,LATCH:0,TORQ:1,CR:0.0,FX1:1.00,FY1:-151.10,FX2:-6.00,FY2:-149.60,IK1:1,IK2:1,MOVE:0
[2026-09-10 22:23:13.657] [RX] PITCH:-0.37,PID_OUT:91.36,INT:0.0296,EL:-858,ER:-2032,VEL:48.9,MOT:1,TILT:25.0,TRIM:0.000,ATE:0,LATCH:0,TORQ:1,CR:0.0,FX1:1.00,FY1:-151.10,FX2:-6.00,FY2:-149.60,IK1:1,IK2:1,MOVE:0
[2026-09-10 22:23:13.757] [RX] PITCH:0.29,PID_OUT:43.86,INT:0.0985,EL:-855,ER:-2050,VEL:102.6,MOT:1,TILT:25.0,TRIM:0.000,ATE:0,LATCH:0,TORQ:1,CR:0.0,FX1:1.00,FY1:-151.10,FX2:-6.00,FY2:-149.60,IK1:1,IK2:1,MOVE:0
[2026-09-10 22:23:13.859] [RX] PITCH:0.97,PID_OUT:6.55,INT:0.0891,EL:-855,ER:-2065,VEL:63.0,MOT:1,TILT:25.0,TRIM:0.000,ATE:0,LATCH:0,TORQ:1,CR:0.0,FX1:1.00,FY1:-151.10,FX2:-6.00,FY2:-149.60,IK1:1,IK2:1,MOVE:0
[2026-09-10 22:23:13.864] [RX] AX12:MODE:0,TQ:1,TL:1023,CM:1,CS:4,MS:0,MT:800
[2026-09-10 22:23:13.962] [RX] PITCH:1.62,PID_OUT:-93.89,INT:0.0299,EL:-864,ER:-2064,VEL:-59.0,MOT:1,TILT:25.0,TRIM:0.000,ATE:0,LATCH:0,TORQ:1,CR:0.0,FX1:1.00,FY1:-151.10,FX2:-6.00,FY2:-149.60,IK1:1,IK2:1,MOVE:0
[2026-09-10 22:23:13.963] [RX] SRV:0,34,0.0,0,0
[2026-09-10 22:23:14.056] [RX] PITCH:1.43,PID_OUT:-69.51,INT:-0.0883,EL:-888,ER:-2056,VEL:-146.3,MOT:1,TILT:25.0,TRIM:0.000,ATE:0,LATCH:0,TORQ:1,CR:0.0,FX1:1.00,FY1:-151.10,FX2:-6.00,FY2:-149.60,IK1:1,IK2:1,MOVE:0
[2026-09-10 22:23:14.156] [RX] PITCH:0.37,PID_OUT:-27.10,INT:-0.0810,EL:-922,ER:-2047,VEL:-199.3,MOT:1,TILT:25.0,TRIM:0.000,ATE:0,LATCH:0,TORQ:1,CR:0.0,FX1:1.00,FY1:-151.10,FX2:-6.00,FY2:-149.60,IK1:1,IK2:1,MOVE:0
[2026-09-10 22:23:14.255] [RX] PITCH:1.24,PID_OUT:-105.29,INT:-0.0930,EL:-949,ER:-2045,VEL:-163.2,MOT:1,TILT:25.0,TRIM:0.000,ATE:0,LATCH:0,TORQ:1,CR:0.0,FX1:1.00,FY1:-151.10,FX2:-6.00,FY2:-149.60,IK1:1,IK2:1,MOVE:0
[2026-09-10 22:23:14.366] [RX] PITCH:0.71,PID_OUT:-24.17,INT:-0.0985,EL:-970,ER:-2045,VEL:-133.0,MOT:1,TILT:25.0,TRIM:0.000,ATE:0,LATCH:0,TORQ:1,CR:0.0,FX1:1.00,FY1:-151.10,FX2:-6.00,FY2:-149.60,IK1:1,IK2:1,MOVE:0
[2026-09-10 22:23:14.366] [RX] AX12:MODE:0,TQ:1,TL:1023,CM:1,CS:4,MS:0,MT:800
[2026-09-10 22:23:14.456] [RX] PITCH:-0.44,PID_OUT:106.19,INT:-0.0345,EL:-985,ER:-2051,VEL:-34.1,MOT:1,TILT:25.0,TRIM:0.000,ATE:0,LATCH:0,TORQ:1,CR:0.0,FX1:1.00,FY1:-151.10,FX2:-6.00,FY2:-149.60,IK1:1,IK2:1,MOVE:0
[2026-09-10 22:23:14.555] [RX] PITCH:-0.44,PID_OUT:105.67,INT:0.0950,EL:-981,ER:-2066,VEL:86.0,MOT:1,TILT:25.0,TRIM:0.000,ATE:0,LATCH:0,TORQ:1,CR:0.0,FX1:1.00,FY1:-151.10,FX2:-6.00,FY2:-149.60,IK1:1,IK2:1,MOVE:0
[2026-09-10 22:23:14.654] [RX] PITCH:0.41,PID_OUT:53.63,INT:0.0985,EL:-972,ER:-2092,VEL:163.0,MOT:1,TILT:25.0,TRIM:0.000,ATE:0,LATCH:0,TORQ:1,CR:0.0,FX1:1.00,FY1:-151.10,FX2:-6.00,FY2:-149.60,IK1:1,IK2:1,MOVE:0
[2026-09-10 22:23:14.754] [RX] PITCH:0.14,PID_OUT:84.10,INT:0.0985,EL:-966,ER:-2114,VEL:140.2,MOT:1,TILT:25.0,TRIM:0.000,ATE:0,LATCH:0,TORQ:1,CR:0.0,FX1:1.00,FY1:-151.10,FX2:-6.00,FY2:-149.60,IK1:1,IK2:1,MOVE:0
[2026-09-10 22:23:14.856] [RX] PITCH:0.30,PID_OUT:50.79,INT:0.0985,EL:-961,ER:-2136,VEL:135.3,MOT:1,TILT:25.0,TRIM:0.000,ATE:0,LATCH:0,TORQ:1,CR:0.0,FX1:1.00,FY1:-151.10,FX2:-6.00,FY2:-149.60,IK1:1,IK2:1,MOVE:0
[2026-09-10 22:23:14.864] [RX] AX12:MODE:0,TQ:1,TL:1023,CM:1,CS:4,MS:0,MT:800
[2026-09-10 22:23:14.954] [RX] PITCH:0.76,PID_OUT:18.32,INT:0.0978,EL:-958,ER:-2159,VEL:134.0,MOT:1,TILT:25.0,TRIM:0.000,ATE:0,LATCH:0,TORQ:1,CR:0.0,FX1:1.00,FY1:-151.10,FX2:-6.00,FY2:-149.60,IK1:1,IK2:1,MOVE:0
[2026-09-10 22:23:14.957] [RX] SRV:14,34,0.0,0,0
[2026-09-10 22:23:15.057] [RX] PITCH:1.59,PID_OUT:-69.63,INT:0.0528,EL:-1000,ER:-2162,VEL:-175.7,MOT:1,TILT:25.0,TRIM:0.000,ATE:0,LATCH:0,TORQ:1,CR:0.0,FX1:1.00,FY1:-151.10,FX2:-6.00,FY2:-149.60,IK1:1,IK2:1,MOVE:0
[2026-09-10 22:23:15.158] [RX] PITCH:1.91,PID_OUT:-104.72,INT:-0.0725,EL:-1021,ER:-2158,VEL:-144.3,MOT:1,TILT:25.0,TRIM:0.000,ATE:0,LATCH:0,TORQ:1,CR:0.0,FX1:1.00,FY1:-151.10,FX2:-6.00,FY2:-149.60,IK1:1,IK2:1,MOVE:0
[2026-09-10 22:23:15.254] [RX] PITCH:0.45,PID_OUT:1.48,INT:-0.0944,EL:-1054,ER:-2148,VEL:-182.2,MOT:1,TILT:25.0,TRIM:0.000,ATE:0,LATCH:0,TORQ:1,CR:0.0,FX1:1.00,FY1:-151.10,FX2:-6.00,FY2:-149.60,IK1:1,IK2:1,MOVE:0
[2026-09-10 22:23:15.361] [RX] PITCH:-0.03,PID_OUT:24.84,INT:-0.0264,EL:-1062,ER:-2151,VEL:-49.4,MOT:1,TILT:25.0,TRIM:0.000,ATE:0,LATCH:0,TORQ:1,CR:0.0,FX1:1.00,FY1:-151.10,FX2:-6.00,FY2:-149.60,IK1:1,IK2:1,MOVE:0
[2026-09-10 22:23:15.367] [RX] AX12:MODE:0,TQ:1,TL:1023,CM:1,CS:4,MS:0,MT:800
[2026-09-10 22:23:15.453] [RX] PITCH:1.09,PID_OUT:-58.82,INT:-0.0055,EL:-1063,ER:-2156,VEL:-4.4,MOT:1,TILT:25.0,TRIM:0.000,ATE:0,LATCH:0,TORQ:1,CR:0.0,FX1:1.00,FY1:-151.10,FX2:-6.00,FY2:-149.60,IK1:1,IK2:1,MOVE:0
[2026-09-10 22:23:15.554] [RX] PITCH:1.27,PID_OUT:-42.57,INT:-0.0773,EL:-1088,ER:-2153,VEL:-109.4,MOT:1,TILT:25.0,TRIM:0.000,ATE:0,LATCH:0,TORQ:1,CR:0.0,FX1:1.00,FY1:-151.10,FX2:-6.00,FY2:-149.60,IK1:1,IK2:1,MOVE:0
[2026-09-10 22:23:15.653] [RX] PITCH:-0.26,PID_OUT:66.56,INT:-0.0453,EL:-1104,ER:-2157,VEL:-32.7,MOT:1,TILT:25.0,TRIM:0.000,ATE:0,LATCH:0,TORQ:1,CR:0.0,FX1:1.00,FY1:-151.10,FX2:-6.00,FY2:-149.60,IK1:1,IK2:1,MOVE:0
[2026-09-10 22:23:15.753] [RX] PITCH:-0.88,PID_OUT:149.92,INT:0.0864,EL:-1100,ER:-2169,VEL:78.2,MOT:1,TILT:25.0,TRIM:0.000,ATE:0,LATCH:0,TORQ:1,CR:0.0,FX1:1.00,FY1:-151.10,FX2:-6.00,FY2:-149.60,IK1:1,IK2:1,MOVE:0
[2026-09-10 22:23:15.859] [RX] PITCH:0.33,PID_OUT:40.27,INT:0.0985,EL:-1086,ER:-2195,VEL:179.5,MOT:1,TILT:25.0,TRIM:0.000,ATE:0,LATCH:0,TORQ:1,CR:0.0,FX1:1.00,FY1:-151.10,FX2:-6.00,FY2:-149.60,IK1:1,IK2:1,MOVE:0
[2026-09-10 22:23:15.860] [RX] AX12:MODE:0,TQ:1,TL:1023,CM:1,CS:4,MS:0,MT:800
[2026-09-10 22:23:15.954] [RX] PITCH:0.27,PID_OUT:51.66,INT:0.0985,EL:-1076,ER:-2219,VEL:160.3,MOT:1,TILT:25.0,TRIM:0.000,ATE:0,LATCH:0,TORQ:1,CR:0.0,FX1:1.00,FY1:-151.10,FX2:-6.00,FY2:-149.60,IK1:1,IK2:1,MOVE:0
[2026-09-10 22:23:15.957] [RX] SRV:1,35,0.0,0,0
[2026-09-10 22:23:16.052] [RX] PITCH:0.76,PID_OUT:8.95,INT:0.0979,EL:-1070,ER:-2242,VEL:135.5,MOT:1,TILT:25.0,TRIM:0.000,ATE:0,LATCH:0,TORQ:1,CR:0.0,FX1:1.00,FY1:-151.10,FX2:-6.00,FY2:-149.60,IK1:1,IK2:1,MOVE:0
[2026-09-10 22:23:16.153] [RX] PITCH:1.43,PID_OUT:-60.40,INT:0.0509,EL:-1128,ER:-2244,VEL:-273.3,MOT:1,TILT:25.0,TRIM:0.000,ATE:0,LATCH:0,TORQ:1,CR:0.0,FX1:1.00,FY1:-151.10,FX2:-6.00,FY2:-149.60,IK1:1,IK2:1,MOVE:0
[2026-09-10 22:23:16.251] [RX] PITCH:1.79,PID_OUT:-94.12,INT:-0.0643,EL:-1163,ER:-2239,VEL:-202.4,MOT:1,TILT:25.0,TRIM:0.000,ATE:0,LATCH:0,TORQ:1,CR:0.0,FX1:1.00,FY1:-151.10,FX2:-6.00,FY2:-149.60,IK1:1,IK2:1,MOVE:0
[2026-09-10 22:23:16.352] [RX] PITCH:0.46,PID_OUT:-10.33,INT:-0.0948,EL:-1193,ER:-2229,VEL:-205.8,MOT:1,TILT:25.0,TRIM:0.000,ATE:0,LATCH:0,TORQ:1,CR:0.0,FX1:1.00,FY1:-151.10,FX2:-6.00,FY2:-149.60,IK1:1,IK2:1,MOVE:0
[2026-09-10 22:23:16.361] [RX] AX12:MODE:0,TQ:1,TL:1023,CM:1,CS:4,MS:0,MT:800
[2026-09-10 22:23:16.451] [RX] PITCH:0.14,PID_OUT:4.59,INT:-0.0396,EL:-1199,ER:-2229,VEL:-58.4,MOT:1,TILT:25.0,TRIM:0.000,ATE:0,LATCH:0,TORQ:1,CR:0.0,FX1:1.00,FY1:-151.10,FX2:-6.00,FY2:-149.60,IK1:1,IK2:1,MOVE:0
[2026-09-10 22:23:16.552] [RX] PITCH:1.26,PID_OUT:-96.32,INT:-0.0343,EL:-1210,ER:-2229,VEL:-33.5,MOT:1,TILT:25.0,TRIM:0.000,ATE:0,LATCH:0,TORQ:1,CR:0.0,FX1:1.00,FY1:-151.10,FX2:-6.00,FY2:-149.60,IK1:1,IK2:1,MOVE:0
[2026-09-10 22:23:16.656] [RX] PITCH:0.75,PID_OUT:-8.82,INT:-0.0985,EL:-1237,ER:-2222,VEL:-150.8,MOT:1,TILT:25.0,TRIM:0.000,ATE:0,LATCH:0,TORQ:1,CR:0.0,FX1:1.00,FY1:-151.10,FX2:-6.00,FY2:-149.60,IK1:1,IK2:1,MOVE:0
[2026-09-10 22:23:16.751] [RX] PITCH:-0.35,PID_OUT:65.16,INT:-0.0257,EL:-1240,ER:-2245,VEL:113.5,MOT:1,TILT:25.0,TRIM:0.000,ATE:0,LATCH:0,TORQ:1,CR:0.0,FX1:1.00,FY1:-151.10,FX2:-6.00,FY2:-149.60,IK1:1,IK2:1,MOVE:0
[2026-09-10 22:23:16.857] [RX] PITCH:-0.44,PID_OUT:112.65,INT:0.0935,EL:-1237,ER:-2266,VEL:114.3,MOT:1,TILT:25.0,TRIM:0.000,ATE:0,LATCH:0,TORQ:1,CR:0.0,FX1:1.00,FY1:-151.10,FX2:-6.00,FY2:-149.60,IK1:1,IK2:1,MOVE:0
[2026-09-10 22:23:16.864] [RX] AX12:MODE:0,TQ:1,TL:1023,CM:1,CS:4,MS:0,MT:800
[2026-09-10 22:23:16.955] [RX] PITCH:0.34,PID_OUT:62.17,INT:0.0985,EL:-1227,ER:-2292,VEL:161.0,MOT:1,TILT:25.0,TRIM:0.000,ATE:0,LATCH:0,TORQ:1,CR:0.0,FX1:1.00,FY1:-151.10,FX2:-6.00,FY2:-149.60,IK1:1,IK2:1,MOVE:0
[2026-09-10 22:23:16.955] [RX] SRV:6,34,0.0,0,0
[2026-09-10 22:23:17.047] [RX] PITCH:0.24,PID_OUT:66.81,INT:0.0985,EL:-1220,ER:-2312,VEL:130.5,MOT:1,TILT:25.0,TRIM:0.000,ATE:0,LATCH:0,TORQ:1,CR:0.0,FX1:1.00,FY1:-151.10,FX2:-6.00,FY2:-149.60,IK1:1,IK2:1,MOVE:0
[2026-09-10 22:23:17.150] [RX] PITCH:0.60,PID_OUT:43.36,INT:0.0985,EL:-1213,ER:-2334,VEL:136.8,MOT:1,TILT:25.0,TRIM:0.000,ATE:0,LATCH:0,TORQ:1,CR:0.0,FX1:1.00,FY1:-151.10,FX2:-6.00,FY2:-149.60,IK1:1,IK2:1,MOVE:0
[2026-09-10 22:23:17.249] [RX] PITCH:0.84,PID_OUT:42.63,INT:0.0891,EL:-1213,ER:-2355,VEL:138.5,MOT:1,TILT:25.0,TRIM:0.000,ATE:0,LATCH:0,TORQ:1,CR:0.0,FX1:1.00,FY1:-151.10,FX2:-6.00,FY2:-149.60,IK1:1,IK2:1,MOVE:0
[2026-09-10 22:23:17.349] [RX] PITCH:0.65,PID_OUT:62.91,INT:0.0841,EL:-1213,ER:-2455,VEL:428.8,MOT:1,TILT:25.0,TRIM:0.000,ATE:0,LATCH:0,TORQ:1,CR:0.0,FX1:1.00,FY1:-151.10,FX2:-6.00,FY2:-149.60,IK1:1,IK2:1,MOVE:0
[2026-09-10 22:23:17.359] [RX] AX12:MODE:0,TQ:1,TL:1023,CM:1,CS:4,MS:0,MT:800
[2026-09-10 22:23:17.451] [RX] PITCH:0.36,PID_OUT:94.84,INT:0.0985,EL:-1213,ER:-2499,VEL:187.8,MOT:1,TILT:25.0,TRIM:0.000,ATE:0,LATCH:0,TORQ:1,CR:0.0,FX1:1.00,FY1:-151.10,FX2:-6.00,FY2:-149.60,IK1:1,IK2:1,MOVE:0
[2026-09-10 22:23:17.548] [RX] PITCH:0.25,PID_OUT:89.96,INT:0.0985,EL:-1212,ER:-2511,VEL:103.0,MOT:1,TILT:25.0,TRIM:0.000,ATE:0,LATCH:0,TORQ:1,CR:0.0,FX1:1.00,FY1:-151.10,FX2:-6.00,FY2:-149.60,IK1:1,IK2:1,MOVE:0
[2026-09-10 22:23:17.651] [RX] PITCH:0.32,PID_OUT:82.58,INT:0.0985,EL:-1210,ER:-2527,VEL:98.6,MOT:1,TILT:25.0,TRIM:0.000,ATE:0,LATCH:0,TORQ:1,CR:0.0,FX1:1.00,FY1:-151.10,FX2:-6.00,FY2:-149.60,IK1:1,IK2:1,MOVE:0
[2026-09-10 22:23:17.748] [RX] PITCH:0.43,PID_OUT:80.80,INT:0.0985,EL:-1208,ER:-2545,VEL:88.6,MOT:1,TILT:25.0,TRIM:0.000,ATE:0,LATCH:0,TORQ:1,CR:0.0,FX1:1.00,FY1:-151.10,FX2:-6.00,FY2:-149.60,IK1:1,IK2:1,MOVE:0
[2026-09-10 22:23:17.857] [RX] PITCH:0.21,PID_OUT:76.28,INT:0.0985,EL:-1204,ER:-2567,VEL:129.1,MOT:1,TILT:25.0,TRIM:0.000,ATE:0,LATCH:0,TORQ:1,CR:0.0,FX1:1.00,FY1:-151.10,FX2:-6.00,FY2:-149.60,IK1:1,IK2:1,MOVE:0
[2026-09-10 22:23:17.861] [RX] AX12:MODE:0,TQ:1,TL:1023,CM:1,CS:4,MS:0,MT:800
[2026-09-10 22:23:17.951] [RX] PITCH:0.71,PID_OUT:55.48,INT:0.0984,EL:-1199,ER:-2586,VEL:121.3,MOT:1,TILT:25.0,TRIM:0.000,ATE:0,LATCH:0,TORQ:1,CR:0.0,FX1:1.00,FY1:-151.10,FX2:-6.00,FY2:-149.60,IK1:1,IK2:1,MOVE:0
[2026-09-10 22:23:17.951] [RX] SRV:0,34,0.0,0,0
[2026-09-10 22:23:18.047] [RX] PITCH:0.46,PID_OUT:88.70,INT:0.0985,EL:-1196,ER:-2607,VEL:119.6,MOT:1,TILT:25.0,TRIM:0.000,ATE:0,LATCH:0,TORQ:1,CR:0.0,FX1:1.00,FY1:-151.10,FX2:-6.00,FY2:-149.60,IK1:1,IK2:1,MOVE:0
[2026-09-10 22:23:18.149] [RX] PITCH:0.29,PID_OUT:89.52,INT:0.0985,EL:-1190,ER:-2631,VEL:149.8,MOT:1,TILT:25.0,TRIM:0.000,ATE:0,LATCH:0,TORQ:1,CR:0.0,FX1:1.00,FY1:-151.10,FX2:-6.00,FY2:-149.60,IK1:1,IK2:1,MOVE:0
[2026-09-10 22:23:18.248] [RX] PITCH:0.12,PID_OUT:105.44,INT:0.0985,EL:-1182,ER:-2652,VEL:154.1,MOT:1,TILT:25.0,TRIM:0.000,ATE:0,LATCH:0,TORQ:1,CR:0.0,FX1:1.00,FY1:-151.10,FX2:-6.00,FY2:-149.60,IK1:1,IK2:1,MOVE:0
[2026-09-10 22:23:18.357] [RX] PITCH:0.05,PID_OUT:64.64,INT:0.0985,EL:-1169,ER:-2675,VEL:174.4,MOT:1,TILT:25.0,TRIM:0.000,ATE:0,LATCH:0,TORQ:1,CR:0.0,FX1:1.00,FY1:-151.10,FX2:-6.00,FY2:-149.60,IK1:1,IK2:1,MOVE:0
[2026-09-10 22:23:18.358] [RX] AX12:MODE:0,TQ:1,TL:1023,CM:1,CS:4,MS:0,MT:800
[2026-09-10 22:23:18.448] [RX] PITCH:0.76,PID_OUT:22.58,INT:0.0979,EL:-1157,ER:-2692,VEL:139.6,MOT:1,TILT:25.0,TRIM:0.000,ATE:0,LATCH:0,TORQ:1,CR:0.0,FX1:1.00,FY1:-151.10,FX2:-6.00,FY2:-149.60,IK1:1,IK2:1,MOVE:0
[2026-09-10 22:23:18.548] [RX] PITCH:0.86,PID_OUT:23.03,INT:0.0799,EL:-1153,ER:-2704,VEL:63.0,MOT:1,TILT:25.0,TRIM:0.000,ATE:0,LATCH:0,TORQ:1,CR:0.0,FX1:1.00,FY1:-151.10,FX2:-6.00,FY2:-149.60,IK1:1,IK2:1,MOVE:0
[2026-09-10 22:23:18.647] [RX] PITCH:1.14,PID_OUT:-28.65,INT:0.0557,EL:-1152,ER:-2704,VEL:14.1,MOT:1,TILT:25.0,TRIM:0.000,ATE:0,LATCH:0,TORQ:1,CR:0.0,FX1:1.00,FY1:-151.10,FX2:-6.00,FY2:-149.60,IK1:1,IK2:1,MOVE:0
[2026-09-10 22:23:18.748] [RX] PITCH:1.96,PID_OUT:-98.27,INT:-0.0288,EL:-1165,ER:-2702,VEL:-83.9,MOT:1,TILT:25.0,TRIM:0.000,ATE:0,LATCH:0,TORQ:1,CR:0.0,FX1:1.00,FY1:-151.10,FX2:-6.00,FY2:-149.60,IK1:1,IK2:1,MOVE:0
[2026-09-10 22:23:18.847] [RX] PITCH:0.93,PID_OUT:-44.65,INT:-0.0985,EL:-1196,ER:-2691,VEL:-189.4,MOT:1,TILT:25.0,TRIM:0.000,ATE:0,LATCH:0,TORQ:1,CR:0.0,FX1:1.00,FY1:-151.10,FX2:-6.00,FY2:-149.60,IK1:1,IK2:1,MOVE:0
[2026-09-10 22:23:18.857] [RX] AX12:MODE:0,TQ:1,TL:1023,CM:1,CS:4,MS:0,MT:800
[2026-09-10 22:23:18.951] [RX] PITCH:-0.17,PID_OUT:36.73,INT:-0.0514,EL:-1210,ER:-2690,VEL:-71.8,MOT:1,TILT:25.0,TRIM:0.000,ATE:0,LATCH:0,TORQ:1,CR:0.0,FX1:1.00,FY1:-151.10,FX2:-6.00,FY2:-149.60,IK1:1,IK2:1,MOVE:0
[2026-09-10 22:23:18.951] [RX] SRV:14,34,0.0,0,0
[2026-09-10 22:23:19.049] [RX] PITCH:0.52,PID_OUT:-18.67,INT:0.0060,EL:-1231,ER:-2695,VEL:-135.7,MOT:1,TILT:25.0,TRIM:0.000,ATE:0,LATCH:0,TORQ:1,CR:0.0,FX1:1.00,FY1:-151.10,FX2:-6.00,FY2:-149.60,IK1:1,IK2:1,MOVE:0
[2026-09-10 22:23:19.149] [RX] PITCH:1.53,PID_OUT:-89.45,INT:-0.0335,EL:-1294,ER:-2692,VEL:-235.9,MOT:1,TILT:25.0,TRIM:0.000,ATE:0,LATCH:0,TORQ:1,CR:0.0,FX1:1.00,FY1:-151.10,FX2:-6.00,FY2:-149.60,IK1:1,IK2:1,MOVE:0
[2026-09-10 22:23:19.246] [RX] PITCH:1.07,PID_OUT:-68.11,INT:-0.0928,EL:-1320,ER:-2685,VEL:-186.3,MOT:1,TILT:25.0,TRIM:0.000,ATE:0,LATCH:0,TORQ:1,CR:0.0,FX1:1.00,FY1:-151.10,FX2:-6.00,FY2:-149.60,IK1:1,IK2:1,MOVE:0
[2026-09-10 22:23:19.357] [RX] PITCH:0.09,PID_OUT:23.09,INT:-0.0783,EL:-1343,ER:-2681,VEL:-121.7,MOT:1,TILT:25.0,TRIM:0.000,ATE:0,LATCH:0,TORQ:1,CR:0.0,FX1:1.00,FY1:-151.10,FX2:-6.00,FY2:-149.60,IK1:1,IK2:1,MOVE:0
[2026-09-10 22:23:19.357] [RX] AX12:MODE:0,TQ:1,TL:1023,CM:1,CS:4,MS:0,MT:800
[2026-09-10 22:23:19.444] [RX] PITCH:0.11,PID_OUT:29.19,INT:-0.0058,EL:-1344,ER:-2688,VEL:-4.8,MOT:1,TILT:25.0,TRIM:0.000,ATE:0,LATCH:0,TORQ:1,CR:0.0,FX1:1.00,FY1:-151.10,FX2:-6.00,FY2:-149.60,IK1:1,IK2:1,MOVE:0
[2026-09-10 22:23:19.545] [RX] PITCH:0.29,PID_OUT:60.79,INT:0.0356,EL:-1344,ER:-2688,VEL:-0.9,MOT:1,TILT:25.0,TRIM:0.000,ATE:0,LATCH:0,TORQ:1,CR:0.0,FX1:1.00,FY1:-151.10,FX2:-6.00,FY2:-149.60,IK1:1,IK2:1,MOVE:0
[2026-09-10 22:23:19.644] [RX] PITCH:-0.13,PID_OUT:94.83,INT:0.0985,EL:-1342,ER:-2701,VEL:74.9,MOT:1,TILT:25.0,TRIM:0.000,ATE:0,LATCH:0,TORQ:1,CR:0.0,FX1:1.00,FY1:-151.10,FX2:-6.00,FY2:-149.60,IK1:1,IK2:1,MOVE:0
[2026-09-10 22:23:19.744] [RX] PITCH:0.50,PID_OUT:55.22,INT:0.0985,EL:-1337,ER:-2718,VEL:94.3,MOT:1,TILT:25.0,TRIM:0.000,ATE:0,LATCH:0,TORQ:1,CR:0.0,FX1:1.00,FY1:-151.10,FX2:-6.00,FY2:-149.60,IK1:1,IK2:1,MOVE:0
[2026-09-10 22:23:19.845] [RX] PITCH:0.38,PID_OUT:79.07,INT:0.0985,EL:-1335,ER:-2723,VEL:34.5,MOT:1,TILT:25.0,TRIM:0.000,ATE:0,LATCH:0,TORQ:1,CR:0.0,FX1:1.00,FY1:-151.10,FX2:-6.00,FY2:-149.60,IK1:1,IK2:1,MOVE:0
[2026-09-10 22:23:19.853] [RX] AX12:MODE:0,TQ:1,TL:1023,CM:1,CS:4,MS:0,MT:800
[2026-09-10 22:23:19.944] [RX] PITCH:0.32,PID_OUT:74.86,INT:0.0985,EL:-1334,ER:-2781,VEL:189.3,MOT:1,TILT:25.0,TRIM:0.000,ATE:0,LATCH:0,TORQ:1,CR:0.0,FX1:1.00,FY1:-151.10,FX2:-6.00,FY2:-149.60,IK1:1,IK2:1,MOVE:0
[2026-09-10 22:23:19.948] [RX] SRV:1,35,0.0,0,0
[2026-09-10 22:23:20.046] [RX] PITCH:0.51,PID_OUT:61.22,INT:0.0985,EL:-1333,ER:-2800,VEL:124.0,MOT:1,TILT:25.0,TRIM:0.000,ATE:0,LATCH:0,TORQ:1,CR:0.0,FX1:1.00,FY1:-151.10,FX2:-6.00,FY2:-149.60,IK1:1,IK2:1,MOVE:0
[2026-09-10 22:23:20.142] [RX] PITCH:0.69,PID_OUT:36.94,INT:0.0985,EL:-1333,ER:-2800,VEL:24.4,MOT:1,TILT:25.0,TRIM:0.000,ATE:0,LATCH:0,TORQ:1,CR:0.0,FX1:1.00,FY1:-151.10,FX2:-6.00,FY2:-149.60,IK1:1,IK2:1,MOVE:0
[2026-09-10 22:23:20.245] [RX] PITCH:1.18,PID_OUT:-26.33,INT:0.0770,EL:-1333,ER:-2800,VEL:4.8,MOT:1,TILT:25.0,TRIM:0.000,ATE:0,LATCH:0,TORQ:1,CR:0.0,FX1:1.00,FY1:-151.10,FX2:-6.00,FY2:-149.60,IK1:1,IK2:1,MOVE:0
[2026-09-10 22:23:20.345] [RX] PITCH:2.00,PID_OUT:-89.17,INT:-0.0249,EL:-1344,ER:-2797,VEL:-77.7,MOT:1,TILT:25.0,TRIM:0.000,ATE:0,LATCH:0,TORQ:1,CR:0.0,FX1:1.00,FY1:-151.10,FX2:-6.00,FY2:-149.60,IK1:1,IK2:1,MOVE:0
[2026-09-10 22:23:20.353] [RX] AX12:MODE:0,TQ:1,TL:1023,CM:1,CS:4,MS:0,MT:800
[2026-09-10 22:23:20.443] [RX] PITCH:0.88,PID_OUT:-40.07,INT:-0.0981,EL:-1373,ER:-2786,VEL:-180.9,MOT:1,TILT:25.0,TRIM:0.000,ATE:0,LATCH:0,TORQ:1,CR:0.0,FX1:1.00,FY1:-151.10,FX2:-6.00,FY2:-149.60,IK1:1,IK2:1,MOVE:0
[2026-09-10 22:23:20.544] [RX] PITCH:0.06,PID_OUT:13.03,INT:-0.0647,EL:-1390,ER:-2778,VEL:-114.5,MOT:1,TILT:25.0,TRIM:0.000,ATE:0,LATCH:0,TORQ:1,CR:0.0,FX1:1.00,FY1:-151.10,FX2:-6.00,FY2:-149.60,IK1:1,IK2:1,MOVE:0
[2026-09-10 22:23:20.643] [RX] PITCH:0.55,PID_OUT:-30.20,INT:-0.0247,EL:-1440,ER:-2775,VEL:-307.6,MOT:1,TILT:25.0,TRIM:0.000,ATE:0,LATCH:0,TORQ:1,CR:0.0,FX1:1.00,FY1:-151.10,FX2:-6.00,FY2:-149.60,IK1:1,IK2:1,MOVE:0
[2026-09-10 22:23:20.744] [RX] PITCH:1.12,PID_OUT:-69.48,INT:-0.0450,EL:-1526,ER:-2773,VEL:-370.8,MOT:1,TILT:25.0,TRIM:0.000,ATE:0,LATCH:0,TORQ:1,CR:0.0,FX1:1.00,FY1:-151.10,FX2:-6.00,FY2:-149.60,IK1:1,IK2:1,MOVE:0
[2026-09-10 22:23:20.853] [RX] PITCH:0.78,PID_OUT:-42.19,INT:-0.0742,EL:-1539,ER:-2771,VEL:-131.7,MOT:1,TILT:25.0,TRIM:0.000,ATE:0,LATCH:0,TORQ:1,CR:0.0,FX1:1.00,FY1:-151.10,FX2:-6.00,FY2:-149.60,IK1:1,IK2:1,MOVE:0
[2026-09-10 22:23:20.853] [RX] AX12:MODE:0,TQ:1,TL:1023,CM:1,CS:4,MS:0,MT:800
[2026-09-10 22:23:20.942] [RX] PITCH:0.30,PID_OUT:13.52,INT:-0.0573,EL:-1539,ER:-2768,VEL:-35.1,MOT:1,TILT:25.0,TRIM:0.000,ATE:0,LATCH:0,TORQ:1,CR:0.0,FX1:1.00,FY1:-151.10,FX2:-6.00,FY2:-149.60,IK1:1,IK2:1,MOVE:0
[2026-09-10 22:23:20.946] [RX] SRV:6,35,0.0,0,0
[2026-09-10 22:23:21.042] [RX] PITCH:-0.36,PID_OUT:119.05,INT:0.0208,EL:-1537,ER:-2768,VEL:6.0,MOT:1,TILT:25.0,TRIM:0.000,ATE:0,LATCH:0,TORQ:1,CR:0.0,FX1:1.00,FY1:-151.10,FX2:-6.00,FY2:-149.60,IK1:1,IK2:1,MOVE:0
[2026-09-10 22:23:21.140] [RX] PITCH:-0.12,PID_OUT:73.66,INT:0.0985,EL:-1528,ER:-2793,VEL:145.6,MOT:1,TILT:25.0,TRIM:0.000,ATE:0,LATCH:0,TORQ:1,CR:0.0,FX1:1.00,FY1:-151.10,FX2:-6.00,FY2:-149.60,IK1:1,IK2:1,MOVE:0
[2026-09-10 22:23:21.241] [RX] PITCH:0.41,PID_OUT:61.18,INT:0.0985,EL:-1516,ER:-2818,VEL:169.2,MOT:1,TILT:25.0,TRIM:0.000,ATE:0,LATCH:0,TORQ:1,CR:0.0,FX1:1.00,FY1:-151.10,FX2:-6.00,FY2:-149.60,IK1:1,IK2:1,MOVE:0
[2026-09-10 22:23:21.352] [RX] PITCH:0.26,PID_OUT:60.47,INT:0.0985,EL:-1507,ER:-2841,VEL:165.3,MOT:1,TILT:25.0,TRIM:0.000,ATE:0,LATCH:0,TORQ:1,CR:0.0,FX1:1.00,FY1:-151.10,FX2:-6.00,FY2:-149.60,IK1:1,IK2:1,MOVE:0
[2026-09-10 22:23:21.352] [RX] AX12:MODE:0,TQ:1,TL:1023,CM:1,CS:4,MS:0,MT:800
[2026-09-10 22:23:21.439] [RX] PITCH:0.59,PID_OUT:34.22,INT:0.0985,EL:-1500,ER:-2863,VEL:141.6,MOT:1,TILT:25.0,TRIM:0.000,ATE:0,LATCH:0,TORQ:1,CR:0.0,FX1:1.00,FY1:-151.10,FX2:-6.00,FY2:-149.60,IK1:1,IK2:1,MOVE:0
[2026-09-10 22:23:21.542] [RX] PITCH:0.81,PID_OUT:17.83,INT:0.0943,EL:-1499,ER:-2929,VEL:354.7,MOT:1,TILT:25.0,TRIM:0.000,ATE:0,LATCH:0,TORQ:1,CR:0.0,FX1:1.00,FY1:-151.10,FX2:-6.00,FY2:-149.60,IK1:1,IK2:1,MOVE:0
[2026-09-10 22:23:21.641] [RX] PITCH:1.73,PID_OUT:-117.98,INT:0.0417,EL:-1510,ER:-2950,VEL:35.4,MOT:1,TILT:25.0,TRIM:0.000,ATE:0,LATCH:0,TORQ:1,CR:0.0,FX1:1.00,FY1:-151.10,FX2:-6.00,FY2:-149.60,IK1:1,IK2:1,MOVE:0
[2026-09-10 22:23:21.742] [RX] PITCH:1.58,PID_OUT:-63.66,INT:-0.0985,EL:-1541,ER:-2938,VEL:-179.8,MOT:1,TILT:25.0,TRIM:0.000,ATE:0,LATCH:0,TORQ:1,CR:0.0,FX1:1.00,FY1:-151.10,FX2:-6.00,FY2:-149.60,IK1:1,IK2:1,MOVE:0
[2026-09-10 22:23:21.848] [RX] PITCH:0.14,PID_OUT:15.61,INT:-0.0792,EL:-1570,ER:-2929,VEL:-155.7,MOT:1,TILT:25.0,TRIM:0.000,ATE:0,LATCH:0,TORQ:1,CR:0.0,FX1:1.00,FY1:-151.10,FX2:-6.00,FY2:-149.60,IK1:1,IK2:1,MOVE:0
[2026-09-10 22:23:21.853] [RX] AX12:MODE:0,TQ:1,TL:1023,CM:1,CS:4,MS:0,MT:800
[2026-09-10 22:23:21.947] [RX] PITCH:0.25,PID_OUT:-12.50,INT:-0.0114,EL:-1577,ER:-2933,VEL:-38.4,MOT:1,TILT:25.0,TRIM:0.000,ATE:0,LATCH:0,TORQ:1,CR:0.0,FX1:1.00,FY1:-151.10,FX2:-6.00,FY2:-149.60,IK1:1,IK2:1,MOVE:0
[2026-09-10 22:23:21.948] [RX] SRV:0,34,0.0,0,0
[2026-09-10 22:23:22.041] [RX] PITCH:2.03,PID_OUT:-114.86,INT:-0.0740,EL:-1606,ER:-2925,VEL:-156.0,MOT:1,TILT:25.0,TRIM:0.000,ATE:0,LATCH:0,TORQ:1,CR:0.0,FX1:1.00,FY1:-151.10,FX2:-6.00,FY2:-149.60,IK1:1,IK2:1,MOVE:0
[2026-09-10 22:23:22.140] [RX] PITCH:-0.09,PID_OUT:71.26,INT:-0.0815,EL:-1629,ER:-2916,VEL:-133.5,MOT:1,TILT:25.0,TRIM:0.000,ATE:0,LATCH:0,TORQ:1,CR:0.0,FX1:1.00,FY1:-151.10,FX2:-6.00,FY2:-149.60,IK1:1,IK2:1,MOVE:0
[2026-09-10 22:23:22.239] [RX] PITCH:-0.32,PID_OUT:94.55,INT:0.0433,EL:-1631,ER:-2918,VEL:-25.7,MOT:1,TILT:25.0,TRIM:0.000,ATE:0,LATCH:0,TORQ:1,CR:0.0,FX1:1.00,FY1:-151.10,FX2:-6.00,FY2:-149.60,IK1:1,IK2:1,MOVE:0
[2026-09-10 22:23:22.346] [RX] PITCH:0.21,PID_OUT:76.49,INT:0.0985,EL:-1628,ER:-2939,VEL:86.3,MOT:1,TILT:25.0,TRIM:0.000,ATE:0,LATCH:0,TORQ:1,CR:0.0,FX1:1.00,FY1:-151.10,FX2:-6.00,FY2:-149.60,IK1:1,IK2:1,MOVE:0
[2026-09-10 22:23:22.349] [RX] AX12:MODE:0,TQ:1,TL:1023,CM:1,CS:4,MS:0,MT:800
[2026-09-10 22:23:22.440] [RX] PITCH:0.41,PID_OUT:83.74,INT:0.0985,EL:-1625,ER:-2961,VEL:114.8,MOT:1,TILT:25.0,TRIM:0.000,ATE:0,LATCH:0,TORQ:1,CR:0.0,FX1:1.00,FY1:-151.10,FX2:-6.00,FY2:-149.60,IK1:1,IK2:1,MOVE:0
[2026-09-10 22:23:22.539] [RX] PITCH:-0.02,PID_OUT:99.17,INT:0.0985,EL:-1622,ER:-2982,VEL:123.9,MOT:1,TILT:25.0,TRIM:0.000,ATE:0,LATCH:0,TORQ:1,CR:0.0,FX1:1.00,FY1:-151.10,FX2:-6.00,FY2:-149.60,IK1:1,IK2:1,MOVE:0
[2026-09-10 22:23:22.638] [RX] PITCH:0.37,PID_OUT:47.54,INT:0.0985,EL:-1614,ER:-3003,VEL:141.1,MOT:1,TILT:25.0,TRIM:0.000,ATE:0,LATCH:0,TORQ:1,CR:0.0,FX1:1.00,FY1:-151.10,FX2:-6.00,FY2:-149.60,IK1:1,IK2:1,MOVE:0
[2026-09-10 22:23:22.738] [RX] PITCH:0.35,PID_OUT:52.29,INT:0.0985,EL:-1607,ER:-3027,VEL:151.9,MOT:1,TILT:25.0,TRIM:0.000,ATE:0,LATCH:0,TORQ:1,CR:0.0,FX1:1.00,FY1:-151.10,FX2:-6.00,FY2:-149.60,IK1:1,IK2:1,MOVE:0
[2026-09-10 22:23:22.837] [RX] PITCH:0.84,PID_OUT:17.69,INT:0.0963,EL:-1603,ER:-3044,VEL:107.2,MOT:1,TILT:25.0,TRIM:0.000,ATE:0,LATCH:0,TORQ:1,CR:0.0,FX1:1.00,FY1:-151.10,FX2:-6.00,FY2:-149.60,IK1:1,IK2:1,MOVE:0
[2026-09-10 22:23:22.847] [RX] AX12:MODE:0,TQ:1,TL:1023,CM:1,CS:4,MS:0,MT:800
[2026-09-10 22:23:22.941] [RX] PITCH:1.39,PID_OUT:-51.41,INT:0.0533,EL:-1603,ER:-3051,VEL:35.4,MOT:1,TILT:25.0,TRIM:0.000,ATE:0,LATCH:0,TORQ:1,CR:0.0,FX1:1.00,FY1:-151.10,FX2:-6.00,FY2:-149.60,IK1:1,IK2:1,MOVE:0
[2026-09-10 22:23:22.941] [RX] SRV:14,34,0.0,0,0
[2026-09-10 22:23:23.038] [RX] PITCH:1.60,PID_OUT:-71.77,INT:-0.0477,EL:-1623,ER:-3047,VEL:-112.4,MOT:1,TILT:25.0,TRIM:0.000,ATE:0,LATCH:0,TORQ:1,CR:0.0,FX1:1.00,FY1:-151.10,FX2:-6.00,FY2:-149.60,IK1:1,IK2:1,MOVE:0
[2026-09-10 22:23:23.140] [RX] PITCH:0.67,PID_OUT:-31.95,INT:-0.0837,EL:-1651,ER:-3039,VEL:-163.1,MOT:1,TILT:25.0,TRIM:0.000,ATE:0,LATCH:0,TORQ:1,CR:0.0,FX1:1.00,FY1:-151.10,FX2:-6.00,FY2:-149.60,IK1:1,IK2:1,MOVE:0
[2026-09-10 22:23:23.241] [RX] PITCH:0.60,PID_OUT:-50.71,INT:-0.0696,EL:-1669,ER:-3033,VEL:-104.2,MOT:1,TILT:25.0,TRIM:0.000,ATE:0,LATCH:0,TORQ:1,CR:0.0,FX1:1.00,FY1:-151.10,FX2:-6.00,FY2:-149.60,IK1:1,IK2:1,MOVE:0
[2026-09-10 22:23:23.341] [RX] PITCH:0.85,PID_OUT:-63.26,INT:-0.0757,EL:-1669,ER:-3027,VEL:-43.2,MOT:1,TILT:25.0,TRIM:0.000,ATE:0,LATCH:0,TORQ:1,CR:0.0,FX1:1.00,FY1:-151.10,FX2:-6.00,FY2:-149.60,IK1:1,IK2:1,MOVE:0
[2026-09-10 22:23:23.350] [RX] AX12:MODE:0,TQ:1,TL:1023,CM:1,CS:4,MS:0,MT:800
[2026-09-10 22:23:23.437] [RX] PITCH:0.92,PID_OUT:-70.79,INT:-0.0957,EL:-1686,ER:-3020,VEL:-154.4,MOT:1,TILT:25.0,TRIM:0.000,ATE:0,LATCH:0,TORQ:1,CR:0.0,FX1:1.00,FY1:-151.10,FX2:-6.00,FY2:-149.60,IK1:1,IK2:1,MOVE:0
[2026-09-10 22:23:23.537] [RX] PITCH:0.54,PID_OUT:-33.17,INT:-0.0935,EL:-1700,ER:-3012,VEL:-86.4,MOT:1,TILT:25.0,TRIM:0.000,ATE:0,LATCH:0,TORQ:1,CR:0.0,FX1:1.00,FY1:-151.10,FX2:-6.00,FY2:-149.60,IK1:1,IK2:1,MOVE:0
[2026-09-10 22:23:23.637] [RX] PITCH:0.14,PID_OUT:25.20,INT:-0.0529,EL:-1700,ER:-3016,VEL:29.0,MOT:1,TILT:25.0,TRIM:0.000,ATE:0,LATCH:0,TORQ:1,CR:0.0,FX1:1.00,FY1:-151.10,FX2:-6.00,FY2:-149.60,IK1:1,IK2:1,MOVE:0
[2026-09-10 22:23:23.736] [RX] PITCH:-0.39,PID_OUT:114.76,INT:0.0220,EL:-1699,ER:-3034,VEL:73.4,MOT:1,TILT:25.0,TRIM:0.000,ATE:0,LATCH:0,TORQ:1,CR:0.0,FX1:1.00,FY1:-151.10,FX2:-6.00,FY2:-149.60,IK1:1,IK2:1,MOVE:0
[2026-09-10 22:23:23.846] [RX] PITCH:-0.26,PID_OUT:84.59,INT:0.0985,EL:-1691,ER:-3058,VEL:144.5,MOT:1,TILT:25.0,TRIM:0.000,ATE:0,LATCH:0,TORQ:1,CR:0.0,FX1:1.00,FY1:-151.10,FX2:-6.00,FY2:-149.60,IK1:1,IK2:1,MOVE:0
[2026-09-10 22:23:23.848] [RX] AX12:MODE:0,TQ:1,TL:1023,CM:1,CS:4,MS:0,MT:800
[2026-09-10 22:23:23.940] [RX] PITCH:0.52,PID_OUT:39.16,INT:0.0985,EL:-1680,ER:-3083,VEL:166.1,MOT:1,TILT:25.0,TRIM:0.000,ATE:0,LATCH:0,TORQ:1,CR:0.0,FX1:1.00,FY1:-151.10,FX2:-6.00,FY2:-149.60,IK1:1,IK2:1,MOVE:0
[2026-09-10 22:23:23.940] [RX] SRV:1,35,0.0,0,0
[2026-09-10 22:23:24.034] [RX] PITCH:0.55,PID_OUT:50.89,INT:0.0985,EL:-1674,ER:-3106,VEL:139.4,MOT:1,TILT:25.0,TRIM:0.000,ATE:0,LATCH:0,TORQ:1,CR:0.0,FX1:1.00,FY1:-151.10,FX2:-6.00,FY2:-149.60,IK1:1,IK2:1,MOVE:0
[2026-09-10 22:23:24.134] [RX] PITCH:0.63,PID_OUT:53.14,INT:0.0985,EL:-1672,ER:-3118,VEL:67.4,MOT:1,TILT:25.0,TRIM:0.000,ATE:0,LATCH:0,TORQ:1,CR:0.0,FX1:1.00,FY1:-151.10,FX2:-6.00,FY2:-149.60,IK1:1,IK2:1,MOVE:0
[2026-09-10 22:23:24.235] [RX] PITCH:0.89,PID_OUT:17.50,INT:0.0939,EL:-1672,ER:-3118,VEL:13.3,MOT:1,TILT:25.0,TRIM:0.000,ATE:0,LATCH:0,TORQ:1,CR:0.0,FX1:1.00,FY1:-151.10,FX2:-6.00,FY2:-149.60,IK1:1,IK2:1,MOVE:0
[2026-09-10 22:23:24.340] [RX] PITCH:1.62,PID_OUT:-88.60,INT:0.0365,EL:-1681,ER:-3117,VEL:-72.4,MOT:1,TILT:25.0,TRIM:0.000,ATE:0,LATCH:0,TORQ:1,CR:0.0,FX1:1.00,FY1:-151.10,FX2:-6.00,FY2:-149.60,IK1:1,IK2:1,MOVE:0
[2026-09-10 22:23:24.348] [RX] AX12:MODE:0,TQ:1,TL:1023,CM:1,CS:4,MS:0,MT:800
[2026-09-10 22:23:24.436] [RX] PITCH:1.54,PID_OUT:-75.23,INT:-0.0727,EL:-1709,ER:-3110,VEL:-166.0,MOT:1,TILT:25.0,TRIM:0.000,ATE:0,LATCH:0,TORQ:1,CR:0.0,FX1:1.00,FY1:-151.10,FX2:-6.00,FY2:-149.60,IK1:1,IK2:1,MOVE:0
[2026-09-10 22:23:24.540] [RX] PITCH:0.39,PID_OUT:-15.67,INT:-0.0897,EL:-1740,ER:-3100,VEL:-193.2,MOT:1,TILT:25.0,TRIM:0.000,ATE:0,LATCH:0,TORQ:1,CR:0.0,FX1:1.00,FY1:-151.10,FX2:-6.00,FY2:-149.60,IK1:1,IK2:1,MOVE:0
[2026-09-10 22:23:24.635] [RX] PITCH:0.25,PID_OUT:-1.70,INT:-0.0453,EL:-1751,ER:-3096,VEL:-85.0,MOT:1,TILT:25.0,TRIM:0.000,ATE:0,LATCH:0,TORQ:1,CR:0.0,FX1:1.00,FY1:-151.10,FX2:-6.00,FY2:-149.60,IK1:1,IK2:1,MOVE:0
[2026-09-10 22:23:24.737] [RX] PITCH:0.87,PID_OUT:-57.05,INT:-0.0178,EL:-1839,ER:-3096,VEL:-401.5,MOT:1,TILT:25.0,TRIM:0.000,ATE:0,LATCH:0,TORQ:1,CR:0.0,FX1:1.00,FY1:-151.10,FX2:-6.00,FY2:-149.60,IK1:1,IK2:1,MOVE:0
[2026-09-10 22:23:24.835] [RX] PITCH:1.46,PID_OUT:-75.80,INT:-0.0798,EL:-1882,ER:-3093,VEL:-233.2,MOT:1,TILT:25.0,TRIM:0.000,ATE:0,LATCH:0,TORQ:1,CR:0.0,FX1:1.00,FY1:-151.10,FX2:-6.00,FY2:-149.60,IK1:1,IK2:1,MOVE:0
[2026-09-10 22:23:24.844] [RX] AX12:MODE:0,TQ:1,TL:1023,CM:1,CS:4,MS:0,MT:800
[2026-09-10 22:23:24.938] [RX] PITCH:0.30,PID_OUT:1.95,INT:-0.0866,EL:-1906,ER:-3088,VEL:-145.5,MOT:1,TILT:25.0,TRIM:0.000,ATE:0,LATCH:0,TORQ:1,CR:0.0,FX1:1.00,FY1:-151.10,FX2:-6.00,FY2:-149.60,IK1:1,IK2:1,MOVE:0
[2026-09-10 22:23:24.938] [RX] SRV:6,35,0.0,0,0
[2026-09-10 22:23:25.036] [RX] PITCH:0.17,PID_OUT:38.42,INT:-0.0374,EL:-1907,ER:-3088,VEL:-30.4,MOT:1,TILT:25.0,TRIM:0.000,ATE:0,LATCH:0,TORQ:1,CR:0.0,FX1:1.00,FY1:-151.10,FX2:-6.00,FY2:-149.60,IK1:1,IK2:1,MOVE:0
[2026-09-10 22:23:25.131] [RX] PITCH:-0.68,PID_OUT:141.82,INT:0.0541,EL:-1904,ER:-3100,VEL:72.9,MOT:1,TILT:25.0,TRIM:0.000,ATE:0,LATCH:0,TORQ:1,CR:0.0,FX1:1.00,FY1:-151.10,FX2:-6.00,FY2:-149.60,IK1:1,IK2:1,MOVE:0
[2026-09-10 22:23:25.234] [RX] PITCH:0.07,PID_OUT:50.47,INT:0.0985,EL:-1890,ER:-3125,VEL:182.1,MOT:1,TILT:25.0,TRIM:0.000,ATE:0,LATCH:0,TORQ:1,CR:0.0,FX1:1.00,FY1:-151.10,FX2:-6.00,FY2:-149.60,IK1:1,IK2:1,MOVE:0
[2026-09-10 22:23:25.343] [RX] PITCH:0.57,PID_OUT:38.57,INT:0.0985,EL:-1878,ER:-3151,VEL:184.3,MOT:1,TILT:25.0,TRIM:0.000,ATE:0,LATCH:0,TORQ:1,CR:0.0,FX1:1.00,FY1:-151.10,FX2:-6.00,FY2:-149.60,IK1:1,IK2:1,MOVE:0
[2026-09-10 22:23:25.343] [RX] AX12:MODE:0,TQ:1,TL:1023,CM:1,CS:4,MS:0,MT:800
[2026-09-10 22:23:25.432] [RX] PITCH:0.43,PID_OUT:43.34,INT:0.0985,EL:-1872,ER:-3173,VEL:138.9,MOT:1,TILT:25.0,TRIM:0.000,ATE:0,LATCH:0,TORQ:1,CR:0.0,FX1:1.00,FY1:-151.10,FX2:-6.00,FY2:-149.60,IK1:1,IK2:1,MOVE:0
[2026-09-10 22:23:25.533] [RX] PITCH:0.91,PID_OUT:13.02,INT:0.0932,EL:-1869,ER:-3189,VEL:88.3,MOT:1,TILT:25.0,TRIM:0.000,ATE:0,LATCH:0,TORQ:1,CR:0.0,FX1:1.00,FY1:-151.10,FX2:-6.00,FY2:-149.60,IK1:1,IK2:1,MOVE:0
[2026-09-10 22:23:25.634] [RX] PITCH:1.65,PID_OUT:-97.47,INT:0.0378,EL:-1875,ER:-3188,VEL:-35.1,MOT:1,TILT:25.0,TRIM:0.000,ATE:0,LATCH:0,TORQ:1,CR:0.0,FX1:1.00,FY1:-151.10,FX2:-6.00,FY2:-149.60,IK1:1,IK2:1,MOVE:0
[2026-09-10 22:23:25.733] [RX] PITCH:1.61,PID_OUT:-76.02,INT:-0.0795,EL:-1905,ER:-3180,VEL:-177.0,MOT:1,TILT:25.0,TRIM:0.000,ATE:0,LATCH:0,TORQ:1,CR:0.0,FX1:1.00,FY1:-151.10,FX2:-6.00,FY2:-149.60,IK1:1,IK2:1,MOVE:0
[2026-09-10 22:23:25.838] [RX] PITCH:0.39,PID_OUT:-12.01,INT:-0.0917,EL:-1938,ER:-3168,VEL:-207.9,MOT:1,TILT:25.0,TRIM:0.000,ATE:0,LATCH:0,TORQ:1,CR:0.0,FX1:1.00,FY1:-151.10,FX2:-6.00,FY2:-149.60,IK1:1,IK2:1,MOVE:0
[2026-09-10 22:23:25.844] [RX] AX12:MODE:0,TQ:1,TL:1023,CM:1,CS:4,MS:0,MT:800
[2026-09-10 22:23:25.934] [RX] PITCH:0.27,PID_OUT:-20.03,INT:-0.0440,EL:-1947,ER:-3163,VEL:-92.1,MOT:1,TILT:25.0,TRIM:0.000,ATE:0,LATCH:0,TORQ:1,CR:0.0,FX1:1.00,FY1:-151.10,FX2:-6.00,FY2:-149.60,IK1:1,IK2:1,MOVE:0
[2026-09-10 22:23:25.937] [RX] SRV:0,34,0.0,0,0
[2026-09-10 22:23:26.032] [RX] PITCH:1.29,PID_OUT:-72.33,INT:-0.0692,EL:-1973,ER:-3159,VEL:-140.0,MOT:1,TILT:25.0,TRIM:0.000,ATE:0,LATCH:0,TORQ:1,CR:0.0,FX1:1.00,FY1:-151.10,FX2:-6.00,FY2:-149.60,IK1:1,IK2:1,MOVE:0
[2026-09-10 22:23:26.136] [RX] PITCH:0.65,PID_OUT:-26.78,INT:-0.0980,EL:-2003,ER:-3152,VEL:-176.5,MOT:1,TILT:25.0,TRIM:0.000,ATE:0,LATCH:0,TORQ:1,CR:0.0,FX1:1.00,FY1:-151.10,FX2:-6.00,FY2:-149.60,IK1:1,IK2:1,MOVE:0
[2026-09-10 22:23:26.236] [RX] PITCH:0.32,PID_OUT:8.60,INT:-0.0730,EL:-2025,ER:-3151,VEL:-130.9,MOT:1,TILT:25.0,TRIM:0.000,ATE:0,LATCH:0,TORQ:1,CR:0.0,FX1:1.00,FY1:-151.10,FX2:-6.00,FY2:-149.60,IK1:1,IK2:1,MOVE:0
[2026-09-10 22:23:26.333] [RX] PITCH:-0.60,PID_OUT:141.27,INT:0.0071,EL:-2024,ER:-3161,VEL:38.9,MOT:1,TILT:25.0,TRIM:0.000,ATE:0,LATCH:0,TORQ:1,CR:0.0,FX1:1.00,FY1:-151.10,FX2:-6.00,FY2:-149.60,IK1:1,IK2:1,MOVE:0
[2026-09-10 22:23:26.346] [RX] AX12:MODE:0,TQ:1,TL:1023,CM:1,CS:4,MS:0,MT:800
[2026-09-10 22:23:26.430] [RX] PITCH:-0.27,PID_OUT:74.54,INT:0.0985,EL:-2013,ER:-3187,VEL:171.1,MOT:1,TILT:25.0,TRIM:0.000,ATE:0,LATCH:0,TORQ:1,CR:0.0,FX1:1.00,FY1:-151.10,FX2:-6.00,FY2:-149.60,IK1:1,IK2:1,MOVE:0
[2026-09-10 22:23:26.530] [RX] PITCH:0.37,PID_OUT:37.51,INT:0.0985,EL:-2000,ER:-3214,VEL:192.2,MOT:1,TILT:25.0,TRIM:0.000,ATE:0,LATCH:0,TORQ:1,CR:0.0,FX1:1.00,FY1:-151.10,FX2:-6.00,FY2:-149.60,IK1:1,IK2:1,MOVE:0
[2026-09-10 22:23:26.630] [RX] PITCH:0.66,PID_OUT:32.61,INT:0.0985,EL:-1993,ER:-3240,VEL:160.9,MOT:1,TILT:25.0,TRIM:0.000,ATE:0,LATCH:0,TORQ:1,CR:0.0,FX1:1.00,FY1:-151.10,FX2:-6.00,FY2:-149.60,IK1:1,IK2:1,MOVE:0
[2026-09-10 22:23:26.732] [RX] PITCH:0.88,PID_OUT:22.48,INT:0.0879,EL:-1991,ER:-3259,VEL:102.1,MOT:1,TILT:25.0,TRIM:0.000,ATE:0,LATCH:0,TORQ:1,CR:0.0,FX1:1.00,FY1:-151.10,FX2:-6.00,FY2:-149.60,IK1:1,IK2:1,MOVE:0
[2026-09-10 22:23:26.832] [RX] PITCH:1.51,PID_OUT:-76.89,INT:0.0423,EL:-1991,ER:-3259,VEL:20.1,MOT:1,TILT:25.0,TRIM:0.000,ATE:0,LATCH:0,TORQ:1,CR:0.0,FX1:1.00,FY1:-151.10,FX2:-6.00,FY2:-149.60,IK1:1,IK2:1,MOVE:0
[2026-09-10 22:23:26.840] [RX] AX12:MODE:0,TQ:1,TL:1023,CM:1,CS:4,MS:0,MT:800
[2026-09-10 22:23:26.931] [RX] PITCH:1.79,PID_OUT:-99.37,INT:-0.0712,EL:-2017,ER:-3252,VEL:-142.9,MOT:1,TILT:25.0,TRIM:0.000,ATE:0,LATCH:0,TORQ:1,CR:0.0,FX1:1.00,FY1:-151.10,FX2:-6.00,FY2:-149.60,IK1:1,IK2:1,MOVE:0
[2026-09-10 22:23:26.934] [RX] SRV:14,34,0.0,0,0
[2026-09-10 22:23:27.030] [RX] PITCH:0.41,PID_OUT:-5.02,INT:-0.0944,EL:-2047,ER:-3239,VEL:-201.5,MOT:1,TILT:25.0,TRIM:0.000,ATE:0,LATCH:0,TORQ:1,CR:0.0,FX1:1.00,FY1:-151.10,FX2:-6.00,FY2:-149.60,IK1:1,IK2:1,MOVE:0
[2026-09-10 22:23:27.129] [RX] PITCH:-0.02,PID_OUT:11.10,INT:-0.0358,EL:-2055,ER:-3244,VEL:-28.6,MOT:1,TILT:25.0,TRIM:0.000,ATE:0,LATCH:0,TORQ:1,CR:0.0,FX1:1.00,FY1:-151.10,FX2:-6.00,FY2:-149.60,IK1:1,IK2:1,MOVE:0
[2026-09-10 22:23:27.229] [RX] PITCH:1.00,PID_OUT:-64.52,INT:-0.0214,EL:-2057,ER:-3241,VEL:-32.7,MOT:1,TILT:25.0,TRIM:0.000,ATE:0,LATCH:0,TORQ:1,CR:0.0,FX1:1.00,FY1:-151.10,FX2:-6.00,FY2:-149.60,IK1:1,IK2:1,MOVE:0
[2026-09-10 22:23:27.343] [RX] PITCH:1.13,PID_OUT:-54.48,INT:-0.0850,EL:-2091,ER:-3236,VEL:-137.2,MOT:1,TILT:25.0,TRIM:0.000,ATE:0,LATCH:0,TORQ:1,CR:0.0,FX1:1.00,FY1:-151.10,FX2:-6.00,FY2:-149.60,IK1:1,IK2:1,MOVE:0
[2026-09-10 22:23:27.343] [RX] AX12:MODE:0,TQ:1,TL:1023,CM:1,CS:4,MS:0,MT:800
[2026-09-10 22:23:27.428] [RX] PITCH:0.42,PID_OUT:-11.56,INT:-0.0812,EL:-2118,ER:-3233,VEL:-147.1,MOT:1,TILT:25.0,TRIM:0.000,ATE:0,LATCH:0,TORQ:1,CR:0.0,FX1:1.00,FY1:-151.10,FX2:-6.00,FY2:-149.60,IK1:1,IK2:1,MOVE:0
[2026-09-10 22:23:27.533] [RX] PITCH:-0.28,PID_OUT:110.22,INT:-0.0233,EL:-2123,ER:-3233,VEL:-37.7,MOT:1,TILT:25.0,TRIM:0.000,ATE:0,LATCH:0,TORQ:1,CR:0.0,FX1:1.00,FY1:-151.10,FX2:-6.00,FY2:-149.60,IK1:1,IK2:1,MOVE:0
[2026-09-10 22:23:27.629] [RX] PITCH:-0.75,PID_OUT:87.72,INT:0.0985,EL:-2113,ER:-3257,VEL:140.2,MOT:1,TILT:25.0,TRIM:0.000,ATE:0,LATCH:0,TORQ:1,CR:0.0,FX1:1.00,FY1:-151.10,FX2:-6.00,FY2:-149.60,IK1:1,IK2:1,MOVE:0
[2026-09-10 22:23:27.729] [RX] PITCH:0.70,PID_OUT:-0.20,INT:0.0985,EL:-2102,ER:-3283,VEL:144.6,MOT:1,TILT:25.0,TRIM:0.000,ATE:0,LATCH:0,TORQ:1,CR:0.0,FX1:1.00,FY1:-151.10,FX2:-6.00,FY2:-149.60,IK1:1,IK2:1,MOVE:0
[2026-09-10 22:23:27.835] [RX] PITCH:1.24,PID_OUT:-24.82,INT:0.0573,EL:-2115,ER:-3291,VEL:-7.8,MOT:1,TILT:25.0,TRIM:0.000,ATE:0,LATCH:0,TORQ:1,CR:0.0,FX1:1.00,FY1:-151.10,FX2:-6.00,FY2:-149.60,IK1:1,IK2:1,MOVE:0
[2026-09-10 22:23:27.838] [RX] AX12:MODE:0,TQ:1,TL:1023,CM:1,CS:4,MS:0,MT:800
[2026-09-10 22:23:27.933] [RX] PITCH:0.76,PID_OUT:-6.19,INT:0.0320,EL:-2115,ER:-3291,VEL:-1.5,MOT:1,TILT:25.0,TRIM:0.000,ATE:0,LATCH:0,TORQ:1,CR:0.0,FX1:1.00,FY1:-151.10,FX2:-6.00,FY2:-149.60,IK1:1,IK2:1,MOVE:0
[2026-09-10 22:23:27.933] [RX] SRV:1,36,0.0,0,0
[2026-09-10 22:23:28.029] [RX] PITCH:1.49,PID_OUT:-94.81,INT:-0.0040,EL:-2123,ER:-3290,VEL:-64.9,MOT:1,TILT:25.0,TRIM:0.000,ATE:0,LATCH:0,TORQ:1,CR:0.0,FX1:1.00,FY1:-151.10,FX2:-6.00,FY2:-149.60,IK1:1,IK2:1,MOVE:0
[2026-09-10 22:23:28.128] [RX] PITCH:1.41,PID_OUT:-79.89,INT:-0.0944,EL:-2148,ER:-3283,VEL:-148.0,MOT:1,TILT:25.0,TRIM:0.000,ATE:0,LATCH:0,TORQ:1,CR:0.0,FX1:1.00,FY1:-151.10,FX2:-6.00,FY2:-149.60,IK1:1,IK2:1,MOVE:0
[2026-09-10 22:23:28.228] [RX] PITCH:0.29,PID_OUT:-7.71,INT:-0.0850,EL:-2175,ER:-3273,VEL:-161.3,MOT:1,TILT:25.0,TRIM:0.000,ATE:0,LATCH:0,TORQ:1,CR:0.0,FX1:1.00,FY1:-151.10,FX2:-6.00,FY2:-149.60,IK1:1,IK2:1,MOVE:0
[2026-09-10 22:23:28.337] [RX] PITCH:0.21,PID_OUT:-14.91,INT:-0.0323,EL:-2183,ER:-3268,VEL:-78.5,MOT:1,TILT:25.0,TRIM:0.000,ATE:0,LATCH:0,TORQ:1,CR:0.0,FX1:1.00,FY1:-151.10,FX2:-6.00,FY2:-149.60,IK1:1,IK2:1,MOVE:0
[2026-09-10 22:23:28.340] [RX] AX12:MODE:0,TQ:1,TL:1023,CM:1,CS:4,MS:0,MT:800
[2026-09-10 22:23:28.427] [RX] PITCH:1.39,PID_OUT:-118.05,INT:-0.0454,EL:-2187,ER:-3267,VEL:-51.8,MOT:1,TILT:25.0,TRIM:0.000,ATE:0,LATCH:0,TORQ:1,CR:0.0,FX1:1.00,FY1:-151.10,FX2:-6.00,FY2:-149.60,IK1:1,IK2:1,MOVE:0
[2026-09-10 22:23:28.531] [RX] PITCH:0.70,PID_OUT:-21.39,INT:-0.0863,EL:-2210,ER:-3261,VEL:-122.0,MOT:1,TILT:25.0,TRIM:0.000,ATE:0,LATCH:0,TORQ:1,CR:0.0,FX1:1.00,FY1:-151.10,FX2:-6.00,FY2:-149.60,IK1:1,IK2:1,MOVE:0
[2026-09-10 22:23:28.628] [RX] PITCH:0.57,PID_OUT:-34.87,INT:-0.0665,EL:-2237,ER:-3258,VEL:-138.3,MOT:1,TILT:25.0,TRIM:0.000,ATE:0,LATCH:0,TORQ:1,CR:0.0,FX1:1.00,FY1:-151.10,FX2:-6.00,FY2:-149.60,IK1:1,IK2:1,MOVE:0
[2026-09-10 22:23:28.730] [RX] PITCH:0.43,PID_OUT:10.50,INT:-0.0523,EL:-2237,ER:-3258,VEL:-27.2,MOT:1,TILT:25.0,TRIM:0.000,ATE:0,LATCH:0,TORQ:1,CR:0.0,FX1:1.00,FY1:-151.10,FX2:-6.00,FY2:-149.60,IK1:1,IK2:1,MOVE:0
[2026-09-10 22:23:28.831] [RX] PITCH:-0.73,PID_OUT:124.97,INT:0.0224,EL:-2235,ER:-3268,VEL:60.4,MOT:1,TILT:25.0,TRIM:0.000,ATE:0,LATCH:0,TORQ:1,CR:0.0,FX1:1.00,FY1:-151.10,FX2:-6.00,FY2:-149.60,IK1:1,IK2:1,MOVE:0
[2026-09-10 22:23:28.838] [RX] AX12:MODE:0,TQ:1,TL:1023,CM:1,CS:4,MS:0,MT:800
[2026-09-10 22:23:28.931] [RX] PITCH:-0.15,PID_OUT:55.33,INT:0.0985,EL:-2222,ER:-3295,VEL:182.1,MOT:1,TILT:25.0,TRIM:0.000,ATE:0,LATCH:0,TORQ:1,CR:0.0,FX1:1.00,FY1:-151.10,FX2:-6.00,FY2:-149.60,IK1:1,IK2:1,MOVE:0
[2026-09-10 22:23:28.932] [RX] SRV:6,35,0.0,0,0
[2026-09-10 22:23:29.026] [RX] PITCH:1.04,PID_OUT:-1.78,INT:0.0866,EL:-2216,ER:-3311,VEL:101.5,MOT:1,TILT:25.0,TRIM:0.000,ATE:0,LATCH:0,TORQ:1,CR:0.0,FX1:1.00,FY1:-151.10,FX2:-6.00,FY2:-149.60,IK1:1,IK2:1,MOVE:0
[2026-09-10 22:23:29.126] [RX] PITCH:0.50,PID_OUT:61.08,INT:0.0736,EL:-2217,ER:-3325,VEL:87.9,MOT:1,TILT:25.0,TRIM:0.000,ATE:0,LATCH:0,TORQ:1,CR:0.0,FX1:1.00,FY1:-151.10,FX2:-6.00,FY2:-149.60,IK1:1,IK2:1,MOVE:0
[2026-09-10 22:23:29.227] [RX] PITCH:0.39,PID_OUT:48.35,INT:0.0985,EL:-2215,ER:-3345,VEL:121.8,MOT:1,TILT:25.0,TRIM:0.000,ATE:0,LATCH:0,TORQ:1,CR:0.0,FX1:1.00,FY1:-151.10,FX2:-6.00,FY2:-149.60,IK1:1,IK2:1,MOVE:0
[2026-09-10 22:23:29.326] [RX] PITCH:1.05,PID_OUT:-8.05,INT:0.0884,EL:-2215,ER:-3345,VEL:24.0,MOT:1,TILT:25.0,TRIM:0.000,ATE:0,LATCH:0,TORQ:1,CR:0.0,FX1:1.00,FY1:-151.10,FX2:-6.00,FY2:-149.60,IK1:1,IK2:1,MOVE:0
[2026-09-10 22:23:29.334] [RX] AX12:MODE:0,TQ:1,TL:1023,CM:1,CS:4,MS:0,MT:800
[2026-09-10 22:23:29.425] [RX] PITCH:1.95,PID_OUT:-89.14,INT:-0.0021,EL:-2251,ER:-3342,VEL:-127.2,MOT:1,TILT:25.0,TRIM:0.000,ATE:0,LATCH:0,TORQ:1,CR:0.0,FX1:1.00,FY1:-151.10,FX2:-6.00,FY2:-149.60,IK1:1,IK2:1,MOVE:0
[2026-09-10 22:23:29.525] [RX] PITCH:1.28,PID_OUT:-86.16,INT:-0.0861,EL:-2282,ER:-3332,VEL:-196.6,MOT:1,TILT:25.0,TRIM:0.000,ATE:0,LATCH:0,TORQ:1,CR:0.0,FX1:1.00,FY1:-151.10,FX2:-6.00,FY2:-149.60,IK1:1,IK2:1,MOVE:0
[2026-09-10 22:23:29.624] [RX] PITCH:0.69,PID_OUT:-36.23,INT:-0.0984,EL:-2312,ER:-3321,VEL:-201.5,MOT:1,TILT:25.0,TRIM:0.000,ATE:0,LATCH:0,TORQ:1,CR:0.0,FX1:1.00,FY1:-151.10,FX2:-6.00,FY2:-149.60,IK1:1,IK2:1,MOVE:0
[2026-09-10 22:23:29.725] [RX] PITCH:0.52,PID_OUT:-14.87,INT:-0.0928,EL:-2342,ER:-3312,VEL:-193.8,MOT:1,TILT:25.0,TRIM:0.000,ATE:0,LATCH:0,TORQ:1,CR:0.0,FX1:1.00,FY1:-151.10,FX2:-6.00,FY2:-149.60,IK1:1,IK2:1,MOVE:0
[2026-09-10 22:23:29.829] [RX] PITCH:0.51,PID_OUT:-34.15,INT:-0.0701,EL:-2367,ER:-3309,VEL:-156.9,MOT:1,TILT:25.0,TRIM:0.000,ATE:0,LATCH:0,TORQ:1,CR:0.0,FX1:1.00,FY1:-151.10,FX2:-6.00,FY2:-149.60,IK1:1,IK2:1,MOVE:0
[2026-09-10 22:23:29.837] [RX] AX12:MODE:0,TQ:1,TL:1023,CM:1,CS:4,MS:0,MT:800
[2026-09-10 22:23:29.927] [RX] PITCH:0.36,PID_OUT:22.99,INT:-0.0433,EL:-2367,ER:-3309,VEL:-30.9,MOT:1,TILT:25.0,TRIM:0.000,ATE:0,LATCH:0,TORQ:1,CR:0.0,FX1:1.00,FY1:-151.10,FX2:-6.00,FY2:-149.60,IK1:1,IK2:1,MOVE:0
[2026-09-10 22:23:29.927] [RX] SRV:0,34,0.8,0,0
[2026-09-10 22:23:30.024] [RX] PITCH:-0.78,PID_OUT:131.95,INT:0.0393,EL:-2365,ER:-3325,VEL:72.7,MOT:1,TILT:25.0,TRIM:0.000,ATE:0,LATCH:0,TORQ:1,CR:0.0,FX1:1.00,FY1:-151.10,FX2:-6.00,FY2:-149.60,IK1:1,IK2:1,MOVE:0
[2026-09-10 22:23:30.125] [RX] PITCH:0.19,PID_OUT:28.97,INT:0.0985,EL:-2351,ER:-3349,VEL:175.8,MOT:1,TILT:25.0,TRIM:0.000,ATE:0,LATCH:0,TORQ:1,CR:0.0,FX1:1.00,FY1:-151.10,FX2:-6.00,FY2:-149.60,IK1:1,IK2:1,MOVE:0
[2026-09-10 22:23:30.226] [RX] PITCH:0.97,PID_OUT:0.04,INT:0.0845,EL:-2343,ER:-3365,VEL:116.8,MOT:1,TILT:25.0,TRIM:0.000,ATE:0,LATCH:0,TORQ:1,CR:0.0,FX1:1.00,FY1:-151.10,FX2:-6.00,FY2:-149.60,IK1:1,IK2:1,MOVE:0
[2026-09-10 22:23:30.329] [RX] PITCH:0.70,PID_OUT:33.75,INT:0.0705,EL:-2340,ER:-3375,VEL:77.4,MOT:1,TILT:25.0,TRIM:0.000,ATE:0,LATCH:0,TORQ:1,CR:0.0,FX1:1.00,FY1:-151.10,FX2:-6.00,FY2:-149.60,IK1:1,IK2:1,MOVE:0
[2026-09-10 22:23:30.337] [RX] AX12:MODE:0,TQ:1,TL:1023,CM:1,CS:4,MS:0,MT:800
[2026-09-10 22:23:30.423] [RX] PITCH:0.78,PID_OUT:10.22,INT:0.0734,EL:-2340,ER:-3389,VEL:53.6,MOT:1,TILT:25.0,TRIM:0.000,ATE:0,LATCH:0,TORQ:1,CR:0.0,FX1:1.00,FY1:-151.10,FX2:-6.00,FY2:-149.60,IK1:1,IK2:1,MOVE:0
[2026-09-10 22:23:30.525] [RX] PITCH:1.52,PID_OUT:-87.25,INT:0.0264,EL:-2401,ER:-3389,VEL:-268.9,MOT:1,TILT:25.0,TRIM:0.000,ATE:0,LATCH:0,TORQ:1,CR:0.0,FX1:1.00,FY1:-151.10,FX2:-6.00,FY2:-149.60,IK1:1,IK2:1,MOVE:0
[2026-09-10 22:23:30.623] [RX] PITCH:1.39,PID_OUT:-64.44,INT:-0.0706,EL:-2426,ER:-3382,VEL:-197.5,MOT:1,TILT:25.0,TRIM:0.000,ATE:0,LATCH:0,TORQ:1,CR:0.0,FX1:1.00,FY1:-151.10,FX2:-6.00,FY2:-149.60,IK1:1,IK2:1,MOVE:0
[2026-09-10 22:23:30.722] [RX] PITCH:0.46,PID_OUT:-16.26,INT:-0.0859,EL:-2458,ER:-3374,VEL:-196.2,MOT:1,TILT:25.0,TRIM:0.000,ATE:0,LATCH:0,TORQ:1,CR:0.0,FX1:1.00,FY1:-151.10,FX2:-6.00,FY2:-149.60,IK1:1,IK2:1,MOVE:0
[2026-09-10 22:23:30.823] [RX] PITCH:0.27,PID_OUT:-4.24,INT:-0.0452,EL:-2483,ER:-3371,VEL:-175.4,MOT:1,TILT:25.0,TRIM:0.000,ATE:0,LATCH:0,TORQ:1,CR:0.0,FX1:1.00,FY1:-151.10,FX2:-6.00,FY2:-149.60,IK1:1,IK2:1,MOVE:0
[2026-09-10 22:23:30.832] [RX] AX12:MODE:0,TQ:1,TL:1023,CM:1,CS:4,MS:0,MT:800
[2026-09-10 22:23:30.926] [RX] PITCH:0.72,PID_OUT:-23.77,INT:-0.0312,EL:-2483,ER:-3371,VEL:-34.5,MOT:1,TILT:25.0,TRIM:0.000,ATE:0,LATCH:0,TORQ:1,CR:0.0,FX1:1.00,FY1:-151.10,FX2:-6.00,FY2:-149.60,IK1:1,IK2:1,MOVE:0
[2026-09-10 22:23:30.926] [RX] SRV:14,34,0.0,0,0
[2026-09-10 22:23:31.025] [RX] PITCH:0.52,PID_OUT:6.35,INT:-0.0262,EL:-2483,ER:-3371,VEL:-6.8,MOT:1,TILT:25.0,TRIM:0.000,ATE:0,LATCH:0,TORQ:1,CR:0.0,FX1:1.00,FY1:-151.10,FX2:-6.00,FY2:-149.60,IK1:1,IK2:1,MOVE:0
[2026-09-10 22:23:31.123] [RX] PITCH:-0.18,PID_OUT:90.06,INT:0.0280,EL:-2483,ER:-3376,VEL:36.2,MOT:1,TILT:25.0,TRIM:0.000,ATE:0,LATCH:0,TORQ:1,CR:0.0,FX1:1.00,FY1:-151.10,FX2:-6.00,FY2:-149.60,IK1:1,IK2:1,MOVE:0
[2026-09-10 22:23:31.224] [RX] PITCH:-0.05,PID_OUT:62.98,INT:0.0985,EL:-2477,ER:-3399,VEL:125.4,MOT:1,TILT:25.0,TRIM:0.000,ATE:0,LATCH:0,TORQ:1,CR:0.0,FX1:1.00,FY1:-151.10,FX2:-6.00,FY2:-149.60,IK1:1,IK2:1,MOVE:0
[2026-09-10 22:23:31.330] [RX] PITCH:1.01,PID_OUT:17.25,INT:0.0875,EL:-2472,ER:-3417,VEL:101.9,MOT:1,TILT:25.0,TRIM:0.000,ATE:0,LATCH:0,TORQ:1,CR:0.0,FX1:1.00,FY1:-151.10,FX2:-6.00,FY2:-149.60,IK1:1,IK2:1,MOVE:0
[2026-09-10 22:23:31.330] [RX] AX12:MODE:0,TQ:1,TL:1023,CM:1,CS:4,MS:0,MT:800
[2026-09-10 22:23:31.419] [RX] PITCH:0.65,PID_OUT:44.98,INT:0.0757,EL:-2471,ER:-3430,VEL:45.6,MOT:1,TILT:25.0,TRIM:0.000,ATE:0,LATCH:0,TORQ:1,CR:0.0,FX1:1.00,FY1:-151.10,FX2:-6.00,FY2:-149.60,IK1:1,IK2:1,MOVE:0
[2026-09-10 22:23:31.476] [TX] S0.9
[2026-09-10 22:23:31.528] [RX] PITCH:0.74,PID_OUT:32.68,INT:0.0780,EL:-2471,ER:-3430,VEL:9.0,MOT:1,TILT:25.0,TRIM:0.000,ATE:0,LATCH:0,TORQ:1,CR:0.0,FX1:1.00,FY1:-151.10,FX2:-6.00,FY2:-149.60,IK1:1,IK2:1,MOVE:0
[2026-09-10 22:23:31.552] [RX] Updated -> P:78.000 I:650.000 D:3.520 Offset:-2.4097 Target:0.900 Alpha:0.9600 Tilt:25.00 TrimGain:0.0015 Crouch:0.00 VP:0.0030
[2026-09-10 22:23:31.622] [RX] PITCH:1.02,PID_OUT:22.35,INT:0.0761,EL:-2471,ER:-3430,VEL:1.8,MOT:1,TILT:25.0,TRIM:0.000,ATE:0,LATCH:0,TORQ:1,CR:0.0,FX1:1.00,FY1:-151.10,FX2:-6.00,FY2:-149.60,IK1:1,IK2:1,MOVE:0
[2026-09-10 22:23:31.719] [RX] PITCH:1.30,PID_OUT:-18.55,INT:0.0479,EL:-2471,ER:-3430,VEL:0.3,MOT:1,TILT:25.0,TRIM:0.000,ATE:0,LATCH:0,TORQ:1,CR:0.0,FX1:1.00,FY1:-151.10,FX2:-6.00,FY2:-149.60,IK1:1,IK2:1,MOVE:0
[2026-09-10 22:23:31.822] [RX] PITCH:1.56,PID_OUT:-76.22,INT:-0.0067,EL:-2471,ER:-3430,VEL:0.1,MOT:1,TILT:25.0,TRIM:0.000,ATE:0,LATCH:0,TORQ:1,CR:0.0,FX1:1.00,FY1:-151.10,FX2:-6.00,FY2:-149.60,IK1:1,IK2:1,MOVE:0
[2026-09-10 22:23:31.830] [RX] AX12:MODE:0,TQ:1,TL:1023,CM:1,CS:4,MS:0,MT:800
[2026-09-10 22:23:31.920] [RX] PITCH:1.38,PID_OUT:-63.83,INT:-0.0716,EL:-2498,ER:-3425,VEL:-140.2,MOT:1,TILT:25.0,TRIM:0.000,ATE:0,LATCH:0,TORQ:1,CR:0.0,FX1:1.00,FY1:-151.10,FX2:-6.00,FY2:-149.60,IK1:1,IK2:1,MOVE:0
[2026-09-10 22:23:31.924] [RX] SRV:1,36,0.0,0,0
[2026-09-10 22:23:32.022] [RX] PITCH:0.72,PID_OUT:-25.94,INT:-0.0754,EL:-2524,ER:-3421,VEL:-151.2,MOT:1,TILT:25.0,TRIM:0.000,ATE:0,LATCH:0,TORQ:1,CR:0.0,FX1:1.00,FY1:-151.10,FX2:-6.00,FY2:-149.60,IK1:1,IK2:1,MOVE:0
[2026-09-10 22:23:32.119] [RX] PITCH:0.57,PID_OUT:-5.76,INT:-0.0431,EL:-2524,ER:-3431,VEL:10.1,MOT:1,TILT:25.0,TRIM:0.000,ATE:0,LATCH:0,TORQ:1,CR:0.0,FX1:1.00,FY1:-151.10,FX2:-6.00,FY2:-149.60,IK1:1,IK2:1,MOVE:0
[2026-09-10 22:23:32.219] [RX] PITCH:0.58,PID_OUT:17.38,INT:-0.0126,EL:-2524,ER:-3460,VEL:155.1,MOT:1,TILT:25.0,TRIM:0.000,ATE:0,LATCH:0,TORQ:1,CR:0.0,FX1:1.00,FY1:-151.10,FX2:-6.00,FY2:-149.60,IK1:1,IK2:1,MOVE:0
[2026-09-10 22:23:32.331] [RX] PITCH:0.12,PID_OUT:89.58,INT:0.0377,EL:-2523,ER:-3534,VEL:267.2,MOT:1,TILT:25.0,TRIM:0.000,ATE:0,LATCH:0,TORQ:1,CR:0.0,FX1:1.00,FY1:-151.10,FX2:-6.00,FY2:-149.60,IK1:1,IK2:1,MOVE:0
[2026-09-10 22:23:32.331] [RX] AX12:MODE:0,TQ:1,TL:1023,CM:1,CS:4,MS:0,MT:800
[2026-09-10 22:23:32.421] [RX] PITCH:0.24,PID_OUT:67.45,INT:0.0985,EL:-2519,ER:-3548,VEL:134.7,MOT:1,TILT:25.0,TRIM:0.000,ATE:0,LATCH:0,TORQ:1,CR:0.0,FX1:1.00,FY1:-151.10,FX2:-6.00,FY2:-149.60,IK1:1,IK2:1,MOVE:0
[2026-09-10 22:23:32.521] [RX] PITCH:0.98,PID_OUT:37.68,INT:0.0965,EL:-2513,ER:-3570,VEL:132.8,MOT:1,TILT:25.0,TRIM:0.000,ATE:0,LATCH:0,TORQ:1,CR:0.0,FX1:1.00,FY1:-151.10,FX2:-6.00,FY2:-149.60,IK1:1,IK2:1,MOVE:0
[2026-09-10 22:23:32.619] [RX] PITCH:0.61,PID_OUT:76.97,INT:0.0985,EL:-2513,ER:-3578,VEL:44.3,MOT:1,TILT:25.0,TRIM:0.000,ATE:0,LATCH:0,TORQ:1,CR:0.0,FX1:1.00,FY1:-151.10,FX2:-6.00,FY2:-149.60,IK1:1,IK2:1,MOVE:0
[2026-09-10 22:23:32.719] [RX] PITCH:0.64,PID_OUT:63.22,INT:0.0985,EL:-2513,ER:-3578,VEL:8.7,MOT:1,TILT:25.0,TRIM:0.000,ATE:0,LATCH:0,TORQ:1,CR:0.0,FX1:1.00,FY1:-151.10,FX2:-6.00,FY2:-149.60,IK1:1,IK2:1,MOVE:0
[2026-09-10 22:23:32.825] [RX] PITCH:1.09,PID_OUT:22.53,INT:0.0937,EL:-2513,ER:-3578,VEL:1.7,MOT:1,TILT:25.0,TRIM:0.000,ATE:0,LATCH:0,TORQ:1,CR:0.0,FX1:1.00,FY1:-151.10,FX2:-6.00,FY2:-149.60,IK1:1,IK2:1,MOVE:0
[2026-09-10 22:23:32.828] [RX] AX12:MODE:0,TQ:1,TL:1023,CM:1,CS:4,MS:0,MT:800
[2026-09-10 22:23:32.923] [RX] PITCH:1.54,PID_OUT:-45.99,INT:0.0499,EL:-2513,ER:-3578,VEL:0.3,MOT:1,TILT:25.0,TRIM:0.000,ATE:0,LATCH:0,TORQ:1,CR:0.0,FX1:1.00,FY1:-151.10,FX2:-6.00,FY2:-149.60,IK1:1,IK2:1,MOVE:0
[2026-09-10 22:23:32.923] [RX] SRV:6,35,0.0,0,0
[2026-09-10 22:23:33.015] [RX] PITCH:1.92,PID_OUT:-97.57,INT:-0.0438,EL:-2544,ER:-3574,VEL:-123.1,MOT:1,TILT:25.0,TRIM:0.000,ATE:0,LATCH:0,TORQ:1,CR:0.0,FX1:1.00,FY1:-151.10,FX2:-6.00,FY2:-149.60,IK1:1,IK2:1,MOVE:0
[2026-09-10 22:23:33.119] [RX] PITCH:0.88,PID_OUT:-22.40,INT:-0.0949,EL:-2571,ER:-3566,VEL:-161.2,MOT:1,TILT:25.0,TRIM:0.000,ATE:0,LATCH:0,TORQ:1,CR:0.0,FX1:1.00,FY1:-151.10,FX2:-6.00,FY2:-149.60,IK1:1,IK2:1,MOVE:0
[2026-09-10 22:23:33.217] [RX] PITCH:0.38,PID_OUT:2.17,INT:-0.0531,EL:-2581,ER:-3564,VEL:-66.2,MOT:1,TILT:25.0,TRIM:0.000,ATE:0,LATCH:0,TORQ:1,CR:0.0,FX1:1.00,FY1:-151.10,FX2:-6.00,FY2:-149.60,IK1:1,IK2:1,MOVE:0
[2026-09-10 22:23:33.317] [RX] PITCH:0.65,PID_OUT:7.82,INT:-0.0183,EL:-2581,ER:-3564,VEL:-13.0,MOT:1,TILT:25.0,TRIM:0.000,ATE:0,LATCH:0,TORQ:1,CR:0.0,FX1:1.00,FY1:-151.10,FX2:-6.00,FY2:-149.60,IK1:1,IK2:1,MOVE:0
[2026-09-10 22:23:33.328] [RX] AX12:MODE:0,TQ:1,TL:1023,CM:1,CS:4,MS:0,MT:800
[2026-09-10 22:23:33.418] [RX] PITCH:0.40,PID_OUT:67.38,INT:0.0167,EL:-2580,ER:-3564,VEL:4.9,MOT:1,TILT:25.0,TRIM:0.000,ATE:0,LATCH:0,TORQ:1,CR:0.0,FX1:1.00,FY1:-151.10,FX2:-6.00,FY2:-149.60,IK1:1,IK2:1,MOVE:0
[2026-09-10 22:23:33.518] [RX] PITCH:-0.03,PID_OUT:105.30,INT:0.0982,EL:-2577,ER:-3583,VEL:102.4,MOT:1,TILT:25.0,TRIM:0.000,ATE:0,LATCH:0,TORQ:1,CR:0.0,FX1:1.00,FY1:-151.10,FX2:-6.00,FY2:-149.60,IK1:1,IK2:1,MOVE:0
[2026-09-10 22:23:33.617] [RX] PITCH:0.55,PID_OUT:39.32,INT:0.0985,EL:-2568,ER:-3604,VEL:139.8,MOT:1,TILT:25.0,TRIM:0.000,ATE:0,LATCH:0,TORQ:1,CR:0.0,FX1:1.00,FY1:-151.10,FX2:-6.00,FY2:-149.60,IK1:1,IK2:1,MOVE:0
[2026-09-10 22:23:33.717] [RX] PITCH:1.05,PID_OUT:25.85,INT:0.0936,EL:-2563,ER:-3627,VEL:128.3,MOT:1,TILT:25.0,TRIM:0.000,ATE:0,LATCH:0,TORQ:1,CR:0.0,FX1:1.00,FY1:-151.10,FX2:-6.00,FY2:-149.60,IK1:1,IK2:1,MOVE:0
[2026-09-10 22:23:33.823] [RX] PITCH:0.99,PID_OUT:27.61,INT:0.0822,EL:-2563,ER:-3633,VEL:37.5,MOT:1,TILT:25.0,TRIM:0.000,ATE:0,LATCH:0,TORQ:1,CR:0.0,FX1:1.00,FY1:-151.10,FX2:-6.00,FY2:-149.60,IK1:1,IK2:1,MOVE:0
[2026-09-10 22:23:33.826] [RX] AX12:MODE:0,TQ:1,TL:1023,CM:1,CS:4,MS:0,MT:800
[2026-09-10 22:23:33.920] [RX] PITCH:1.35,PID_OUT:-23.77,INT:0.0558,EL:-2563,ER:-3633,VEL:7.4,MOT:1,TILT:25.0,TRIM:0.000,ATE:0,LATCH:0,TORQ:1,CR:0.0,FX1:1.00,FY1:-151.10,FX2:-6.00,FY2:-149.60,IK1:1,IK2:1,MOVE:0
[2026-09-10 22:23:33.920] [RX] SRV:0,34,0.0,0,0
[2026-09-10 22:23:34.018] [RX] PITCH:1.98,PID_OUT:-78.67,INT:-0.0198,EL:-2575,ER:-3631,VEL:-75.4,MOT:1,TILT:25.0,TRIM:0.000,ATE:0,LATCH:0,TORQ:1,CR:0.0,FX1:1.00,FY1:-151.10,FX2:-6.00,FY2:-149.60,IK1:1,IK2:1,MOVE:0
[2026-09-10 22:23:34.118] [RX] PITCH:1.14,PID_OUT:-48.81,INT:-0.0826,EL:-2604,ER:-3624,VEL:-160.5,MOT:1,TILT:25.0,TRIM:0.000,ATE:0,LATCH:0,TORQ:1,CR:0.0,FX1:1.00,FY1:-151.10,FX2:-6.00,FY2:-149.60,IK1:1,IK2:1,MOVE:0
[2026-09-10 22:23:34.215] [RX] PITCH:0.60,PID_OUT:-22.19,INT:-0.0761,EL:-2630,ER:-3619,VEL:-156.6,MOT:1,TILT:25.0,TRIM:0.000,ATE:0,LATCH:0,TORQ:1,CR:0.0,FX1:1.00,FY1:-151.10,FX2:-6.00,FY2:-149.60,IK1:1,IK2:1,MOVE:0
[2026-09-10 22:23:34.315] [RX] PITCH:0.86,PID_OUT:-53.27,INT:-0.0539,EL:-2639,ER:-3616,VEL:-62.0,MOT:1,TILT:25.0,TRIM:0.000,ATE:0,LATCH:0,TORQ:1,CR:0.0,FX1:1.00,FY1:-151.10,FX2:-6.00,FY2:-149.60,IK1:1,IK2:1,MOVE:0
[2026-09-10 22:23:34.326] [RX] AX12:MODE:0,TQ:1,TL:1023,CM:1,CS:4,MS:0,MT:800
[2026-09-10 22:23:34.416] [RX] PITCH:1.24,PID_OUT:-83.10,INT:-0.0783,EL:-2666,ER:-3613,VEL:-173.0,MOT:1,TILT:25.0,TRIM:0.000,ATE:0,LATCH:0,TORQ:1,CR:0.0,FX1:1.00,FY1:-151.10,FX2:-6.00,FY2:-149.60,IK1:1,IK2:1,MOVE:0
[2026-09-10 22:23:34.515] [RX] PITCH:0.81,PID_OUT:-37.21,INT:-0.0965,EL:-2684,ER:-3609,VEL:-119.6,MOT:1,TILT:25.0,TRIM:0.000,ATE:0,LATCH:0,TORQ:1,CR:0.0,FX1:1.00,FY1:-151.10,FX2:-6.00,FY2:-149.60,IK1:1,IK2:1,MOVE:0
[2026-09-10 22:23:34.617] [RX] PITCH:0.30,PID_OUT:22.66,INT:-0.0592,EL:-2695,ER:-3606,VEL:-53.7,MOT:1,TILT:25.0,TRIM:0.000,ATE:0,LATCH:0,TORQ:1,CR:0.0,FX1:1.00,FY1:-151.10,FX2:-6.00,FY2:-149.60,IK1:1,IK2:1,MOVE:0
[2026-09-10 22:23:34.715] [RX] PITCH:0.05,PID_OUT:94.90,INT:0.0074,EL:-2694,ER:-3606,VEL:-6.7,MOT:1,TILT:25.0,TRIM:0.000,ATE:0,LATCH:0,TORQ:1,CR:0.0,FX1:1.00,FY1:-151.10,FX2:-6.00,FY2:-149.60,IK1:1,IK2:1,MOVE:0
[2026-09-10 22:23:34.818] [RX] PITCH:-0.16,PID_OUT:102.17,INT:0.0985,EL:-2686,ER:-3628,VEL:129.8,MOT:1,TILT:25.0,TRIM:0.000,ATE:0,LATCH:0,TORQ:1,CR:0.0,FX1:1.00,FY1:-151.10,FX2:-6.00,FY2:-149.60,IK1:1,IK2:1,MOVE:0
[2026-09-10 22:23:34.825] [RX] AX12:MODE:0,TQ:1,TL:1023,CM:1,CS:4,MS:0,MT:800
[2026-09-10 22:23:34.919] [RX] PITCH:0.82,PID_OUT:59.12,INT:0.0985,EL:-2674,ER:-3654,VEL:176.3,MOT:1,TILT:25.0,TRIM:0.000,ATE:0,LATCH:0,TORQ:1,CR:0.0,FX1:1.00,FY1:-151.10,FX2:-6.00,FY2:-149.60,IK1:1,IK2:1,MOVE:0
[2026-09-10 22:23:34.919] [RX] SRV:14,35,0.0,0,0
[2026-09-10 22:23:35.015] [RX] PITCH:0.58,PID_OUT:100.24,INT:0.0985,EL:-2666,ER:-3676,VEL:154.0,MOT:1,TILT:25.0,TRIM:0.000,ATE:0,LATCH:0,TORQ:1,CR:0.0,FX1:1.00,FY1:-151.10,FX2:-6.00,FY2:-149.60,IK1:1,IK2:1,MOVE:0
[2026-09-10 22:23:35.113] [RX] PITCH:0.28,PID_OUT:98.14,INT:0.0985,EL:-2654,ER:-3704,VEL:191.2,MOT:1,TILT:25.0,TRIM:0.000,ATE:0,LATCH:0,TORQ:1,CR:0.0,FX1:1.00,FY1:-151.10,FX2:-6.00,FY2:-149.60,IK1:1,IK2:1,MOVE:0
[2026-09-10 22:23:35.213] [RX] PITCH:0.59,PID_OUT:72.66,INT:0.0985,EL:-2639,ER:-3734,VEL:215.2,MOT:1,TILT:25.0,TRIM:0.000,ATE:0,LATCH:0,TORQ:1,CR:0.0,FX1:1.00,FY1:-151.10,FX2:-6.00,FY2:-149.60,IK1:1,IK2:1,MOVE:0
[2026-09-10 22:23:35.319] [RX] PITCH:0.52,PID_OUT:104.89,INT:0.0985,EL:-2624,ER:-3764,VEL:220.8,MOT:1,TILT:25.0,TRIM:0.000,ATE:0,LATCH:0,TORQ:1,CR:0.0,FX1:1.00,FY1:-151.10,FX2:-6.00,FY2:-149.60,IK1:1,IK2:1,MOVE:0
[2026-09-10 22:23:35.326] [RX] AX12:MODE:0,TQ:1,TL:1023,CM:1,CS:4,MS:0,MT:800
[2026-09-10 22:23:35.414] [RX] PITCH:-0.02,PID_OUT:114.31,INT:0.0985,EL:-2607,ER:-3795,VEL:235.0,MOT:1,TILT:25.0,TRIM:0.000,ATE:0,LATCH:0,TORQ:1,CR:0.0,FX1:1.00,FY1:-151.10,FX2:-6.00,FY2:-149.60,IK1:1,IK2:1,MOVE:0
[2026-09-10 22:23:35.514] [RX] PITCH:0.38,PID_OUT:66.96,INT:0.0985,EL:-2586,ER:-3830,VEL:271.2,MOT:1,TILT:25.0,TRIM:0.000,ATE:0,LATCH:0,TORQ:1,CR:0.0,FX1:1.00,FY1:-151.10,FX2:-6.00,FY2:-149.60,IK1:1,IK2:1,MOVE:0
[2026-09-10 22:23:35.612] [RX] PITCH:0.35,PID_OUT:71.11,INT:0.0985,EL:-2565,ER:-3861,VEL:258.7,MOT:1,TILT:25.0,TRIM:0.000,ATE:0,LATCH:0,TORQ:1,CR:0.0,FX1:1.00,FY1:-151.10,FX2:-6.00,FY2:-149.60,IK1:1,IK2:1,MOVE:0
[2026-09-10 22:23:35.714] [RX] PITCH:0.56,PID_OUT:66.27,INT:0.0985,EL:-2546,ER:-3891,VEL:239.0,MOT:1,TILT:25.0,TRIM:0.000,ATE:0,LATCH:0,TORQ:1,CR:0.0,FX1:1.00,FY1:-151.10,FX2:-6.00,FY2:-149.60,IK1:1,IK2:1,MOVE:0
[2026-09-10 22:23:35.815] [RX] PITCH:0.67,PID_OUT:36.29,INT:0.0985,EL:-2529,ER:-3920,VEL:230.3,MOT:1,TILT:25.0,TRIM:0.000,ATE:0,LATCH:0,TORQ:1,CR:0.0,FX1:1.00,FY1:-151.10,FX2:-6.00,FY2:-149.60,IK1:1,IK2:1,MOVE:0
[2026-09-10 22:23:35.822] [RX] AX12:MODE:0,TQ:1,TL:1023,CM:1,CS:4,MS:0,MT:800
[2026-09-10 22:23:35.920] [RX] PITCH:0.89,PID_OUT:19.14,INT:0.0985,EL:-2516,ER:-3948,VEL:210.4,MOT:1,TILT:25.0,TRIM:0.000,ATE:0,LATCH:0,TORQ:1,CR:0.0,FX1:1.00,FY1:-151.10,FX2:-6.00,FY2:-149.60,IK1:1,IK2:1,MOVE:0
[2026-09-10 22:23:35.920] [RX] SRV:1,36,0.0,0,0
[2026-09-10 22:23:36.012] [RX] PITCH:1.93,PID_OUT:-83.97,INT:0.0563,EL:-2522,ER:-3959,VEL:25.8,MOT:1,TILT:25.0,TRIM:0.000,ATE:0,LATCH:0,TORQ:1,CR:0.0,FX1:1.00,FY1:-151.10,FX2:-6.00,FY2:-149.60,IK1:1,IK2:1,MOVE:0
[2026-09-10 22:23:36.116] [RX] PITCH:1.75,PID_OUT:-96.54,INT:-0.0205,EL:-2540,ER:-3960,VEL:-26.9,MOT:1,TILT:25.0,TRIM:0.000,ATE:0,LATCH:0,TORQ:1,CR:0.0,FX1:1.00,FY1:-151.10,FX2:-6.00,FY2:-149.60,IK1:1,IK2:1,MOVE:0
[2026-09-10 22:23:36.212] [RX] PITCH:1.55,PID_OUT:-73.76,INT:-0.0985,EL:-2567,ER:-3955,VEL:-140.8,MOT:1,TILT:25.0,TRIM:0.000,ATE:0,LATCH:0,TORQ:1,CR:0.0,FX1:1.00,FY1:-151.10,FX2:-6.00,FY2:-149.60,IK1:1,IK2:1,MOVE:0
[2026-09-10 22:23:36.322] [RX] PITCH:0.63,PID_OUT:-35.33,INT:-0.0868,EL:-2597,ER:-3946,VEL:-175.2,MOT:1,TILT:25.0,TRIM:0.000,ATE:0,LATCH:0,TORQ:1,CR:0.0,FX1:1.00,FY1:-151.10,FX2:-6.00,FY2:-149.60,IK1:1,IK2:1,MOVE:0
[2026-09-10 22:23:36.322] [RX] AX12:MODE:0,TQ:1,TL:1023,CM:1,CS:4,MS:0,MT:800
[2026-09-10 22:23:36.411] [RX] PITCH:1.21,PID_OUT:-102.76,INT:-0.0823,EL:-2624,ER:-3942,VEL:-158.7,MOT:1,TILT:25.0,TRIM:0.000,ATE:0,LATCH:0,TORQ:1,CR:0.0,FX1:1.00,FY1:-151.10,FX2:-6.00,FY2:-149.60,IK1:1,IK2:1,MOVE:0
[2026-09-10 22:23:36.512] [RX] PITCH:1.48,PID_OUT:-86.97,INT:-0.0985,EL:-2646,ER:-3938,VEL:-130.0,MOT:1,TILT:25.0,TRIM:0.000,ATE:0,LATCH:0,TORQ:1,CR:0.0,FX1:1.00,FY1:-151.10,FX2:-6.00,FY2:-149.60,IK1:1,IK2:1,MOVE:0
[2026-09-10 22:23:36.611] [RX] PITCH:0.80,PID_OUT:-53.13,INT:-0.0970,EL:-2668,ER:-3935,VEL:-119.4,MOT:1,TILT:25.0,TRIM:0.000,ATE:0,LATCH:0,TORQ:1,CR:0.0,FX1:1.00,FY1:-151.10,FX2:-6.00,FY2:-149.60,IK1:1,IK2:1,MOVE:0
[2026-09-10 22:23:36.709] [RX] PITCH:0.89,PID_OUT:-58.49,INT:-0.0891,EL:-2684,ER:-3935,VEL:-87.1,MOT:1,TILT:25.0,TRIM:0.000,ATE:0,LATCH:0,TORQ:1,CR:0.0,FX1:1.00,FY1:-151.10,FX2:-6.00,FY2:-149.60,IK1:1,IK2:1,MOVE:0
[2026-09-10 22:23:36.811] [RX] PITCH:0.92,PID_OUT:-58.76,INT:-0.0911,EL:-2698,ER:-3935,VEL:-72.5,MOT:1,TILT:25.0,TRIM:0.000,ATE:0,LATCH:0,TORQ:1,CR:0.0,FX1:1.00,FY1:-151.10,FX2:-6.00,FY2:-149.60,IK1:1,IK2:1,MOVE:0
[2026-09-10 22:23:36.820] [RX] AX12:MODE:0,TQ:1,TL:1023,CM:1,CS:4,MS:0,MT:800
[2026-09-10 22:23:36.915] [RX] PITCH:0.68,PID_OUT:-27.46,INT:-0.0818,EL:-2719,ER:-3935,VEL:-108.9,MOT:1,TILT:25.0,TRIM:0.000,ATE:0,LATCH:0,TORQ:1,CR:0.0,FX1:1.00,FY1:-151.10,FX2:-6.00,FY2:-149.60,IK1:1,IK2:1,MOVE:0
[2026-09-10 22:23:36.915] [RX] SRV:6,35,0.0,0,0
[2026-09-10 22:23:37.012] [RX] PITCH:0.33,PID_OUT:12.39,INT:-0.0385,EL:-2739,ER:-3935,VEL:-83.5,MOT:1,TILT:25.0,TRIM:0.000,ATE:0,LATCH:0,TORQ:1,CR:0.0,FX1:1.00,FY1:-151.10,FX2:-6.00,FY2:-149.60,IK1:1,IK2:1,MOVE:0
[2026-09-10 22:23:37.110] [RX] PITCH:0.49,PID_OUT:16.63,INT:0.0120,EL:-2742,ER:-3935,VEL:-25.9,MOT:1,TILT:25.0,TRIM:0.000,ATE:0,LATCH:0,TORQ:1,CR:0.0,FX1:1.00,FY1:-151.10,FX2:-6.00,FY2:-149.60,IK1:1,IK2:1,MOVE:0
[2026-09-10 22:23:37.212] [RX] PITCH:0.87,PID_OUT:10.80,INT:0.0252,EL:-2742,ER:-3935,VEL:-5.1,MOT:1,TILT:25.0,TRIM:0.000,ATE:0,LATCH:0,TORQ:1,CR:0.0,FX1:1.00,FY1:-151.10,FX2:-6.00,FY2:-149.60,IK1:1,IK2:1,MOVE:0
[2026-09-10 22:23:37.317] [RX] PITCH:0.75,PID_OUT:28.37,INT:0.0310,EL:-2742,ER:-3935,VEL:-1.0,MOT:1,TILT:25.0,TRIM:0.000,ATE:0,LATCH:0,TORQ:1,CR:0.0,FX1:1.00,FY1:-151.10,FX2:-6.00,FY2:-149.60,IK1:1,IK2:1,MOVE:0
[2026-09-10 22:23:37.323] [RX] AX12:MODE:0,TQ:1,TL:1023,CM:1,CS:4,MS:0,MT:800
[2026-09-10 22:23:37.409] [RX] PITCH:0.45,PID_OUT:65.75,INT:0.0641,EL:-2741,ER:-3935,VEL:5.2,MOT:1,TILT:25.0,TRIM:0.000,ATE:0,LATCH:0,TORQ:1,CR:0.0,FX1:1.00,FY1:-151.10,FX2:-6.00,FY2:-149.60,IK1:1,IK2:1,MOVE:0
[2026-09-10 22:23:37.512] [RX] PITCH:0.74,PID_OUT:36.72,INT:0.0985,EL:-2741,ER:-3945,VEL:48.4,MOT:1,TILT:25.0,TRIM:0.000,ATE:0,LATCH:0,TORQ:1,CR:0.0,FX1:1.00,FY1:-151.10,FX2:-6.00,FY2:-149.60,IK1:1,IK2:1,MOVE:0
[2026-09-10 22:23:37.608] [RX] PITCH:1.25,PID_OUT:8.12,INT:0.0792,EL:-2741,ER:-3963,VEL:69.8,MOT:1,TILT:25.0,TRIM:0.000,ATE:0,LATCH:0,TORQ:1,CR:0.0,FX1:1.00,FY1:-151.10,FX2:-6.00,FY2:-149.60,IK1:1,IK2:1,MOVE:0
[2026-09-10 22:23:37.709] [RX] PITCH:1.18,PID_OUT:-3.66,INT:0.0485,EL:-2748,ER:-3963,VEL:-19.3,MOT:1,TILT:25.0,TRIM:0.000,ATE:0,LATCH:0,TORQ:1,CR:0.0,FX1:1.00,FY1:-151.10,FX2:-6.00,FY2:-149.60,IK1:1,IK2:1,MOVE:0
[2026-09-10 22:23:37.818] [RX] PITCH:1.35,PID_OUT:-40.23,INT:0.0125,EL:-2827,ER:-3962,VEL:-372.6,MOT:1,TILT:25.0,TRIM:0.000,ATE:0,LATCH:0,TORQ:1,CR:0.0,FX1:1.00,FY1:-151.10,FX2:-6.00,FY2:-149.60,IK1:1,IK2:1,MOVE:0
[2026-09-10 22:23:37.818] [RX] AX12:MODE:0,TQ:1,TL:1023,CM:1,CS:4,MS:0,MT:800
[2026-09-10 22:23:37.914] [RX] PITCH:1.45,PID_OUT:-74.69,INT:-0.0380,EL:-2880,ER:-3962,VEL:-240.1,MOT:1,TILT:25.0,TRIM:0.000,ATE:0,LATCH:0,TORQ:1,CR:0.0,FX1:1.00,FY1:-151.10,FX2:-6.00,FY2:-149.60,IK1:1,IK2:1,MOVE:0
[2026-09-10 22:23:37.914] [RX] SRV:0,35,0.0,0,0
[2026-09-10 22:23:38.008] [RX] PITCH:1.04,PID_OUT:-52.81,INT:-0.0772,EL:-2903,ER:-3961,VEL:-141.2,MOT:1,TILT:25.0,TRIM:0.000,ATE:0,LATCH:0,TORQ:1,CR:0.0,FX1:1.00,FY1:-151.10,FX2:-6.00,FY2:-149.60,IK1:1,IK2:1,MOVE:0
[2026-09-10 22:23:38.109] [RX] PITCH:0.74,PID_OUT:-42.55,INT:-0.0682,EL:-2926,ER:-3961,VEL:-108.7,MOT:1,TILT:25.0,TRIM:0.000,ATE:0,LATCH:0,TORQ:1,CR:0.0,FX1:1.00,FY1:-151.10,FX2:-6.00,FY2:-149.60,IK1:1,IK2:1,MOVE:0
[2026-09-10 22:23:38.210] [RX] PITCH:1.10,PID_OUT:-71.65,INT:-0.0714,EL:-2926,ER:-3961,VEL:-21.4,MOT:1,TILT:25.0,TRIM:0.000,ATE:0,LATCH:0,TORQ:1,CR:0.0,FX1:1.00,FY1:-151.10,FX2:-6.00,FY2:-149.60,IK1:1,IK2:1,MOVE:0
[2026-09-10 22:23:38.315] [RX] PITCH:0.97,PID_OUT:-66.08,INT:-0.0890,EL:-2969,ER:-3960,VEL:-204.1,MOT:1,TILT:25.0,TRIM:0.000,ATE:0,LATCH:0,TORQ:1,CR:0.0,FX1:1.00,FY1:-151.10,FX2:-6.00,FY2:-149.60,IK1:1,IK2:1,MOVE:0
[2026-09-10 22:23:38.315] [RX] AX12:MODE:0,TQ:1,TL:1023,CM:1,CS:4,MS:0,MT:800
[2026-09-10 22:23:38.407] [RX] PITCH:0.70,PID_OUT:-46.49,INT:-0.0793,EL:-2969,ER:-3960,VEL:-40.2,MOT:1,TILT:25.0,TRIM:0.000,ATE:0,LATCH:0,TORQ:1,CR:0.0,FX1:1.00,FY1:-151.10,FX2:-6.00,FY2:-149.60,IK1:1,IK2:1,MOVE:0
[2026-09-10 22:23:38.513] [RX] PITCH:0.75,PID_OUT:-39.73,INT:-0.0603,EL:-2969,ER:-3960,VEL:-7.9,MOT:1,TILT:25.0,TRIM:0.000,ATE:0,LATCH:0,TORQ:1,CR:0.0,FX1:1.00,FY1:-151.10,FX2:-6.00,FY2:-149.60,IK1:1,IK2:1,MOVE:0
[2026-09-10 22:23:38.609] [RX] PITCH:0.87,PID_OUT:-40.78,INT:-0.0524,EL:-2969,ER:-3960,VEL:-1.6,MOT:1,TILT:25.0,TRIM:0.000,ATE:0,LATCH:0,TORQ:1,CR:0.0,FX1:1.00,FY1:-151.10,FX2:-6.00,FY2:-149.60,IK1:1,IK2:1,MOVE:0
[2026-09-10 22:23:38.707] [RX] PITCH:0.84,PID_OUT:-35.57,INT:-0.0487,EL:-2969,ER:-3960,VEL:-0.3,MOT:1,TILT:25.0,TRIM:0.000,ATE:0,LATCH:0,TORQ:1,CR:0.0,FX1:1.00,FY1:-151.10,FX2:-6.00,FY2:-149.60,IK1:1,IK2:1,MOVE:0
[2026-09-10 22:23:38.818] [RX] PITCH:0.80,PID_OUT:-28.30,INT:-0.0410,EL:-2969,ER:-3960,VEL:-0.1,MOT:1,TILT:25.0,TRIM:0.000,ATE:0,LATCH:0,TORQ:1,CR:0.0,FX1:1.00,FY1:-151.10,FX2:-6.00,FY2:-149.60,IK1:1,IK2:1,MOVE:0
[2026-09-10 22:23:38.818] [RX] AX12:MODE:0,TQ:1,TL:1023,CM:1,CS:4,MS:0,MT:800
[2026-09-10 22:23:38.907] [RX] PITCH:0.83,PID_OUT:-24.80,INT:-0.0321,EL:-2969,ER:-3960,VEL:-0.0,MOT:1,TILT:25.0,TRIM:0.000,ATE:0,LATCH:0,TORQ:1,CR:0.0,FX1:1.00,FY1:-151.10,FX2:-6.00,FY2:-149.60,IK1:1,IK2:1,MOVE:0
[2026-09-10 22:23:38.910] [RX] SRV:14,35,0.0,0,0
[2026-09-10 22:23:39.006] [RX] PITCH:0.84,PID_OUT:-22.49,INT:-0.0263,EL:-2969,ER:-3960,VEL:-0.0,MOT:1,TILT:25.0,TRIM:0.000,ATE:0,LATCH:0,TORQ:1,CR:0.0,FX1:1.00,FY1:-151.10,FX2:-6.00,FY2:-149.60,IK1:1,IK2:1,MOVE:0
[2026-09-10 22:23:39.108] [RX] PITCH:0.82,PID_OUT:-17.10,INT:-0.0190,EL:-2969,ER:-3960,VEL:-0.0,MOT:1,TILT:25.0,TRIM:0.000,ATE:0,LATCH:0,TORQ:1,CR:0.0,FX1:1.00,FY1:-151.10,FX2:-6.00,FY2:-149.60,IK1:1,IK2:1,MOVE:0
[2026-09-10 22:23:39.205] [RX] PITCH:0.88,PID_OUT:-17.84,INT:-0.0146,EL:-2969,ER:-3960,VEL:-0.0,MOT:1,TILT:25.0,TRIM:0.000,ATE:0,LATCH:0,TORQ:1,CR:0.0,FX1:1.00,FY1:-151.10,FX2:-6.00,FY2:-149.60,IK1:1,IK2:1,MOVE:0
[2026-09-10 22:23:39.307] [RX] PITCH:0.94,PID_OUT:-23.20,INT:-0.0169,EL:-2969,ER:-3960,VEL:-0.0,MOT:1,TILT:25.0,TRIM:0.000,ATE:0,LATCH:0,TORQ:1,CR:0.0,FX1:1.00,FY1:-151.10,FX2:-6.00,FY2:-149.60,IK1:1,IK2:1,MOVE:0
[2026-09-10 22:23:39.315] [RX] AX12:MODE:0,TQ:1,TL:1023,CM:1,CS:4,MS:0,MT:800
[2026-09-10 22:23:39.404] [RX] PITCH:0.90,PID_OUT:-21.84,INT:-0.0184,EL:-2969,ER:-3960,VEL:-0.0,MOT:1,TILT:25.0,TRIM:0.000,ATE:0,LATCH:0,TORQ:1,CR:0.0,FX1:1.00,FY1:-151.10,FX2:-6.00,FY2:-149.60,IK1:1,IK2:1,MOVE:0
[2026-09-10 22:23:39.505] [RX] PITCH:0.89,PID_OUT:-20.77,INT:-0.0176,EL:-2969,ER:-3960,VEL:-0.0,MOT:1,TILT:25.0,TRIM:0.000,ATE:0,LATCH:0,TORQ:1,CR:0.0,FX1:1.00,FY1:-151.10,FX2:-6.00,FY2:-149.60,IK1:1,IK2:1,MOVE:0
[2026-09-10 22:23:39.605] [RX] PITCH:0.91,PID_OUT:-21.04,INT:-0.0178,EL:-2969,ER:-3960,VEL:-0.0,MOT:1,TILT:25.0,TRIM:0.000,ATE:0,LATCH:0,TORQ:1,CR:0.0,FX1:1.00,FY1:-151.10,FX2:-6.00,FY2:-149.60,IK1:1,IK2:1,MOVE:0
[2026-09-10 22:23:39.611] [TX] S1.4000000000000001
[2026-09-10 22:23:39.672] [RX] Updated -> P:78.000 I:650.000 D:3.520 Offset:-2.4097 Target:1.400 Alpha:0.9600 Tilt:25.00 TrimGain:0.0015 Crouch:0.00 VP:0.0030
[2026-09-10 22:23:39.707] [RX] PITCH:0.91,PID_OUT:26.66,INT:-0.0033,EL:-2969,ER:-3979,VEL:132.4,MOT:1,TILT:25.0,TRIM:0.000,ATE:0,LATCH:0,TORQ:1,CR:0.0,FX1:1.00,FY1:-151.10,FX2:-6.00,FY2:-149.60,IK1:1,IK2:1,MOVE:0
[2026-09-10 22:23:39.808] [RX] PITCH:0.96,PID_OUT:51.58,INT:0.0449,EL:-2969,ER:-3991,VEL:47.5,MOT:1,TILT:25.0,TRIM:0.000,ATE:0,LATCH:0,TORQ:1,CR:0.0,FX1:1.00,FY1:-151.10,FX2:-6.00,FY2:-149.60,IK1:1,IK2:1,MOVE:0
[2026-09-10 22:23:39.816] [RX] AX12:MODE:0,TQ:1,TL:1023,CM:1,CS:4,MS:0,MT:800
[2026-09-10 22:23:39.905] [RX] PITCH:1.04,PID_OUT:60.08,INT:0.0881,EL:-2968,ER:-4006,VEL:92.8,MOT:1,TILT:25.0,TRIM:0.000,ATE:0,LATCH:0,TORQ:1,CR:0.0,FX1:1.00,FY1:-151.10,FX2:-6.00,FY2:-149.60,IK1:1,IK2:1,MOVE:0
[2026-09-10 22:23:39.910] [RX] SRV:1,36,0.0,0,0
[2026-09-10 22:23:40.006] [RX] PITCH:1.37,PID_OUT:50.73,INT:0.0985,EL:-2967,ER:-4021,VEL:72.2,MOT:1,TILT:25.0,TRIM:0.000,ATE:0,LATCH:0,TORQ:1,CR:0.0,FX1:1.00,FY1:-151.10,FX2:-6.00,FY2:-149.60,IK1:1,IK2:1,MOVE:0
[2026-09-10 22:23:40.105] [RX] PITCH:1.46,PID_OUT:39.59,INT:0.0972,EL:-2967,ER:-4021,VEL:14.2,MOT:1,TILT:25.0,TRIM:0.000,ATE:0,LATCH:0,TORQ:1,CR:0.0,FX1:1.00,FY1:-151.10,FX2:-6.00,FY2:-149.60,IK1:1,IK2:1,MOVE:0
[2026-09-10 22:23:40.203] [RX] PITCH:1.71,PID_OUT:2.30,INT:0.0795,EL:-2967,ER:-4021,VEL:2.8,MOT:1,TILT:25.0,TRIM:0.000,ATE:0,LATCH:0,TORQ:1,CR:0.0,FX1:1.00,FY1:-151.10,FX2:-6.00,FY2:-149.60,IK1:1,IK2:1,MOVE:0
[2026-09-10 22:23:40.304] [RX] PITCH:2.14,PID_OUT:-75.05,INT:0.0262,EL:-2967,ER:-4021,VEL:0.6,MOT:1,TILT:25.0,TRIM:0.000,ATE:0,LATCH:0,TORQ:1,CR:0.0,FX1:1.00,FY1:-151.10,FX2:-6.00,FY2:-149.60,IK1:1,IK2:1,MOVE:0
[2026-09-10 22:23:40.314] [RX] AX12:MODE:0,TQ:1,TL:1023,CM:1,CS:4,MS:0,MT:800
[2026-09-10 22:23:40.405] [RX] PITCH:2.33,PID_OUT:-98.55,INT:-0.0804,EL:-2990,ER:-4016,VEL:-132.0,MOT:1,TILT:25.0,TRIM:0.000,ATE:0,LATCH:0,TORQ:1,CR:0.0,FX1:1.00,FY1:-151.10,FX2:-6.00,FY2:-149.60,IK1:1,IK2:1,MOVE:0
[2026-09-10 22:23:40.502] [RX] PITCH:1.27,PID_OUT:-36.12,INT:-0.0966,EL:-3019,ER:-4010,VEL:-170.0,MOT:1,TILT:25.0,TRIM:0.000,ATE:0,LATCH:0,TORQ:1,CR:0.0,FX1:1.00,FY1:-151.10,FX2:-6.00,FY2:-149.60,IK1:1,IK2:1,MOVE:0
[2026-09-10 22:23:40.605] [RX] PITCH:1.09,PID_OUT:-26.69,INT:-0.0670,EL:-3049,ER:-4009,VEL:-158.1,MOT:1,TILT:25.0,TRIM:0.000,ATE:0,LATCH:0,TORQ:1,CR:0.0,FX1:1.00,FY1:-151.10,FX2:-6.00,FY2:-149.60,IK1:1,IK2:1,MOVE:0
[2026-09-10 22:23:40.702] [RX] PITCH:1.42,PID_OUT:-56.06,INT:-0.0517,EL:-3074,ER:-4009,VEL:-130.1,MOT:1,TILT:25.0,TRIM:0.000,ATE:0,LATCH:0,TORQ:1,CR:0.0,FX1:1.00,FY1:-151.10,FX2:-6.00,FY2:-149.60,IK1:1,IK2:1,MOVE:0
[2026-09-10 22:23:40.803] [RX] PITCH:1.72,PID_OUT:-84.49,INT:-0.0727,EL:-3095,ER:-4009,VEL:-116.9,MOT:1,TILT:25.0,TRIM:0.000,ATE:0,LATCH:0,TORQ:1,CR:0.0,FX1:1.00,FY1:-151.10,FX2:-6.00,FY2:-149.60,IK1:1,IK2:1,MOVE:0
[2026-09-10 22:23:40.813] [RX] AX12:MODE:0,TQ:1,TL:1023,CM:1,CS:4,MS:0,MT:800
[2026-09-10 22:23:40.909] [RX] PITCH:1.54,PID_OUT:-70.85,INT:-0.0985,EL:-3117,ER:-4009,VEL:-110.2,MOT:1,TILT:25.0,TRIM:0.000,ATE:0,LATCH:0,TORQ:1,CR:0.0,FX1:1.00,FY1:-151.10,FX2:-6.00,FY2:-149.60,IK1:1,IK2:1,MOVE:0
[2026-09-10 22:23:40.909] [RX] SRV:6,35,0.0,0,0
[2026-09-10 22:23:40.923] [TX] S1.0
[2026-09-10 22:23:40.981] [RX] Updated -> P:78.000 I:650.000 D:3.520 Offset:-2.4097 Target:1.000 Alpha:0.9600 Tilt:25.00 TrimGain:0.0015 Crouch:0.00 VP:0.0030
[2026-09-10 22:23:41.103] [RX] PITCH:0.88,PID_OUT:-42.61,INT:-0.0912,EL:-3168,ER:-4009,VEL:-130.1,MOT:1,TILT:25.0,TRIM:0.000,ATE:0,LATCH:0,TORQ:1,CR:0.0,FX1:1.00,FY1:-151.10,FX2:-6.00,FY2:-149.60,IK1:1,IK2:1,MOVE:0
[2026-09-10 22:23:41.204] [RX] PITCH:0.68,PID_OUT:-16.86,INT:-0.0659,EL:-3189,ER:-4009,VEL:-95.7,MOT:1,TILT:25.0,TRIM:0.000,ATE:0,LATCH:0,TORQ:1,CR:0.0,FX1:1.00,FY1:-151.10,FX2:-6.00,FY2:-149.60,IK1:1,IK2:1,MOVE:0
[2026-09-10 22:23:41.304] [RX] PITCH:0.38,PID_OUT:56.84,INT:-0.0227,EL:-3189,ER:-4024,VEL:44.0,MOT:1,TILT:25.0,TRIM:0.000,ATE:0,LATCH:0,TORQ:1,CR:0.0,FX1:1.00,FY1:-151.10,FX2:-6.00,FY2:-149.60,IK1:1,IK2:1,MOVE:0
[2026-09-10 22:23:41.316] [RX] AX12:MODE:0,TQ:1,TL:1023,CM:1,CS:4,MS:0,MT:800
[2026-09-10 22:23:41.400] [RX] PITCH:-0.38,PID_OUT:115.49,INT:0.0872,EL:-3185,ER:-4040,VEL:98.8,MOT:1,TILT:25.0,TRIM:0.000,ATE:0,LATCH:0,TORQ:1,CR:0.0,FX1:1.00,FY1:-151.10,FX2:-6.00,FY2:-149.60,IK1:1,IK2:1,MOVE:0
[2026-09-10 22:23:41.501] [RX] PITCH:1.01,PID_OUT:8.34,INT:0.0983,EL:-3175,ER:-4064,VEL:146.7,MOT:1,TILT:25.0,TRIM:0.000,ATE:0,LATCH:0,TORQ:1,CR:0.0,FX1:1.00,FY1:-151.10,FX2:-6.00,FY2:-149.60,IK1:1,IK2:1,MOVE:0
[2026-09-10 22:23:41.602] [RX] PITCH:1.10,PID_OUT:24.54,INT:0.0832,EL:-3173,ER:-4080,VEL:94.0,MOT:1,TILT:25.0,TRIM:0.000,ATE:0,LATCH:0,TORQ:1,CR:0.0,FX1:1.00,FY1:-151.10,FX2:-6.00,FY2:-149.60,IK1:1,IK2:1,MOVE:0
[2026-09-10 22:23:41.700] [RX] PITCH:1.18,PID_OUT:7.21,INT:0.0733,EL:-3173,ER:-4169,VEL:400.6,MOT:1,TILT:25.0,TRIM:0.000,ATE:0,LATCH:0,TORQ:1,CR:0.0,FX1:1.00,FY1:-151.10,FX2:-6.00,FY2:-149.60,IK1:1,IK2:1,MOVE:0
[2026-09-10 22:23:41.811] [RX] PITCH:1.76,PID_OUT:-78.85,INT:0.0252,EL:-3173,ER:-4170,VEL:80.6,MOT:1,TILT:25.0,TRIM:0.000,ATE:0,LATCH:0,TORQ:1,CR:0.0,FX1:1.00,FY1:-151.10,FX2:-6.00,FY2:-149.60,IK1:1,IK2:1,MOVE:0
[2026-09-10 22:23:41.813] [RX] AX12:MODE:0,TQ:1,TL:1023,CM:1,CS:4,MS:0,MT:800
[2026-09-10 22:23:41.905] [RX] PITCH:1.72,PID_OUT:-82.18,INT:-0.0549,EL:-3197,ER:-4164,VEL:-109.4,MOT:1,TILT:25.0,TRIM:0.000,ATE:0,LATCH:0,TORQ:1,CR:0.0,FX1:1.00,FY1:-151.10,FX2:-6.00,FY2:-149.60,IK1:1,IK2:1,MOVE:0
[2026-09-10 22:23:41.905] [RX] SRV:0,35,0.0,0,0
[2026-09-10 22:23:42.001] [RX] PITCH:1.06,PID_OUT:-57.55,INT:-0.0934,EL:-3228,ER:-4156,VEL:-182.9,MOT:1,TILT:25.0,TRIM:0.000,ATE:0,LATCH:0,TORQ:1,CR:0.0,FX1:1.00,FY1:-151.10,FX2:-6.00,FY2:-149.60,IK1:1,IK2:1,MOVE:0
[2026-09-10 22:23:42.102] [RX] PITCH:1.30,PID_OUT:-79.28,INT:-0.0985,EL:-3258,ER:-4150,VEL:-178.0,MOT:1,TILT:25.0,TRIM:0.000,ATE:0,LATCH:0,TORQ:1,CR:0.0,FX1:1.00,FY1:-151.10,FX2:-6.00,FY2:-149.60,IK1:1,IK2:1,MOVE:0
[2026-09-10 22:23:42.204] [RX] PITCH:1.04,PID_OUT:-38.07,INT:-0.0985,EL:-3287,ER:-4145,VEL:-171.6,MOT:1,TILT:25.0,TRIM:0.000,ATE:0,LATCH:0,TORQ:1,CR:0.0,FX1:1.00,FY1:-151.10,FX2:-6.00,FY2:-149.60,IK1:1,IK2:1,MOVE:0
[2026-09-10 22:23:42.306] [RX] PITCH:0.47,PID_OUT:8.85,INT:-0.0606,EL:-3304,ER:-4144,VEL:-85.8,MOT:1,TILT:25.0,TRIM:0.000,ATE:0,LATCH:0,TORQ:1,CR:0.0,FX1:1.00,FY1:-151.10,FX2:-6.00,FY2:-149.60,IK1:1,IK2:1,MOVE:0
[2026-09-10 22:23:42.313] [RX] AX12:MODE:0,TQ:1,TL:1023,CM:1,CS:4,MS:0,MT:800
[2026-09-10 22:23:42.402] [RX] PITCH:0.37,PID_OUT:60.73,INT:-0.0020,EL:-3303,ER:-4233,VEL:369.8,MOT:1,TILT:25.0,TRIM:0.000,ATE:0,LATCH:0,TORQ:1,CR:0.0,FX1:1.00,FY1:-151.10,FX2:-6.00,FY2:-149.60,IK1:1,IK2:1,MOVE:0
[2026-09-10 22:23:42.504] [RX] PITCH:0.16,PID_OUT:107.72,INT:0.0802,EL:-3301,ER:-4244,VEL:141.4,MOT:1,TILT:25.0,TRIM:0.000,ATE:0,LATCH:0,TORQ:1,CR:0.0,FX1:1.00,FY1:-151.10,FX2:-6.00,FY2:-149.60,IK1:1,IK2:1,MOVE:0
[2026-09-10 22:23:42.598] [RX] PITCH:0.42,PID_OUT:69.75,INT:0.0985,EL:-3294,ER:-4265,VEL:148.4,MOT:1,TILT:25.0,TRIM:0.000,ATE:0,LATCH:0,TORQ:1,CR:0.0,FX1:1.00,FY1:-151.10,FX2:-6.00,FY2:-149.60,IK1:1,IK2:1,MOVE:0
[2026-09-10 22:23:42.700] [RX] PITCH:0.52,PID_OUT:40.37,INT:0.0985,EL:-3286,ER:-4289,VEL:161.7,MOT:1,TILT:25.0,TRIM:0.000,ATE:0,LATCH:0,TORQ:1,CR:0.0,FX1:1.00,FY1:-151.10,FX2:-6.00,FY2:-149.60,IK1:1,IK2:1,MOVE:0
[2026-09-10 22:23:42.800] [RX] PITCH:1.44,PID_OUT:-15.20,INT:0.0848,EL:-3282,ER:-4313,VEL:147.7,MOT:1,TILT:25.0,TRIM:0.000,ATE:0,LATCH:0,TORQ:1,CR:0.0,FX1:1.00,FY1:-151.10,FX2:-6.00,FY2:-149.60,IK1:1,IK2:1,MOVE:0
[2026-09-10 22:23:42.809] [RX] AX12:MODE:0,TQ:1,TL:1023,CM:1,CS:4,MS:0,MT:800
[2026-09-10 22:23:42.904] [RX] PITCH:1.96,PID_OUT:-97.27,INT:0.0119,EL:-3288,ER:-4312,VEL:-23.4,MOT:1,TILT:25.0,TRIM:0.000,ATE:0,LATCH:0,TORQ:1,CR:0.0,FX1:1.00,FY1:-151.10,FX2:-6.00,FY2:-149.60,IK1:1,IK2:1,MOVE:0
[2026-09-10 22:23:42.904] [RX] SRV:14,35,0.0,0,0
[2026-09-10 22:23:42.999] [RX] PITCH:1.54,PID_OUT:-63.61,INT:-0.0795,EL:-3312,ER:-4307,VEL:-130.5,MOT:1,TILT:25.0,TRIM:0.000,ATE:0,LATCH:0,TORQ:1,CR:0.0,FX1:1.00,FY1:-151.10,FX2:-6.00,FY2:-149.60,IK1:1,IK2:1,MOVE:0
[2026-09-10 22:23:43.100] [RX] PITCH:0.79,PID_OUT:-32.36,INT:-0.0857,EL:-3342,ER:-4299,VEL:-175.7,MOT:1,TILT:25.0,TRIM:0.000,ATE:0,LATCH:0,TORQ:1,CR:0.0,FX1:1.00,FY1:-151.10,FX2:-6.00,FY2:-149.60,IK1:1,IK2:1,MOVE:0
[2026-09-10 22:23:43.198] [RX] PITCH:1.06,PID_OUT:-64.89,INT:-0.0684,EL:-3357,ER:-4294,VEL:-97.0,MOT:1,TILT:25.0,TRIM:0.000,ATE:0,LATCH:0,TORQ:1,CR:0.0,FX1:1.00,FY1:-151.10,FX2:-6.00,FY2:-149.60,IK1:1,IK2:1,MOVE:0
[2026-09-10 22:23:43.308] [RX] PITCH:1.45,PID_OUT:-71.02,INT:-0.0985,EL:-3390,ER:-4289,VEL:-148.6,MOT:1,TILT:25.0,TRIM:0.000,ATE:0,LATCH:0,TORQ:1,CR:0.0,FX1:1.00,FY1:-151.10,FX2:-6.00,FY2:-149.60,IK1:1,IK2:1,MOVE:0
[2026-09-10 22:23:43.309] [RX] AX12:MODE:0,TQ:1,TL:1023,CM:1,CS:4,MS:0,MT:800
[2026-09-10 22:23:43.398] [RX] PITCH:0.73,PID_OUT:-33.34,INT:-0.0888,EL:-3415,ER:-4284,VEL:-130.6,MOT:1,TILT:25.0,TRIM:0.000,ATE:0,LATCH:0,TORQ:1,CR:0.0,FX1:1.00,FY1:-151.10,FX2:-6.00,FY2:-149.60,IK1:1,IK2:1,MOVE:0
[2026-09-10 22:23:43.500] [RX] PITCH:0.69,PID_OUT:0.08,INT:-0.0636,EL:-3415,ER:-4284,VEL:-25.7,MOT:1,TILT:25.0,TRIM:0.000,ATE:0,LATCH:0,TORQ:1,CR:0.0,FX1:1.00,FY1:-151.10,FX2:-6.00,FY2:-149.60,IK1:1,IK2:1,MOVE:0
[2026-09-10 22:23:43.598] [RX] PITCH:-0.19,PID_OUT:126.33,INT:0.0023,EL:-3414,ER:-4284,VEL:2.4,MOT:1,TILT:25.0,TRIM:0.000,ATE:0,LATCH:0,TORQ:1,CR:0.0,FX1:1.00,FY1:-151.10,FX2:-6.00,FY2:-149.60,IK1:1,IK2:1,MOVE:0
[2026-09-10 22:23:43.699] [RX] PITCH:0.37,PID_OUT:16.23,INT:0.0985,EL:-3403,ER:-4313,VEL:161.5,MOT:1,TILT:25.0,TRIM:0.000,ATE:0,LATCH:0,TORQ:1,CR:0.0,FX1:1.00,FY1:-151.10,FX2:-6.00,FY2:-149.60,IK1:1,IK2:1,MOVE:0
[2026-09-10 22:23:43.802] [RX] PITCH:1.70,PID_OUT:-38.51,INT:0.0596,EL:-3414,ER:-4325,VEL:-3.5,MOT:1,TILT:25.0,TRIM:0.000,ATE:0,LATCH:0,TORQ:1,CR:0.0,FX1:1.00,FY1:-151.10,FX2:-6.00,FY2:-149.60,IK1:1,IK2:1,MOVE:0
[2026-09-10 22:23:43.809] [RX] AX12:MODE:0,TQ:1,TL:1023,CM:1,CS:4,MS:0,MT:800
[2026-09-10 22:23:43.904] [RX] PITCH:0.87,PID_OUT:20.77,INT:0.0347,EL:-3414,ER:-4325,VEL:-0.7,MOT:1,TILT:25.0,TRIM:0.000,ATE:0,LATCH:0,TORQ:1,CR:0.0,FX1:1.00,FY1:-151.10,FX2:-6.00,FY2:-149.60,IK1:1,IK2:1,MOVE:0
[2026-09-10 22:23:43.905] [RX] SRV:1,36,0.0,0,0
[2026-09-10 22:23:43.999] [RX] PITCH:1.30,PID_OUT:-31.23,INT:0.0308,EL:-3414,ER:-4325,VEL:-0.1,MOT:1,TILT:25.0,TRIM:0.000,ATE:0,LATCH:0,TORQ:1,CR:0.0,FX1:1.00,FY1:-151.10,FX2:-6.00,FY2:-149.60,IK1:1,IK2:1,MOVE:0
[2026-09-10 22:23:44.096] [RX] PITCH:1.79,PID_OUT:-92.94,INT:-0.0273,EL:-3424,ER:-4323,VEL:-68.5,MOT:1,TILT:25.0,TRIM:0.000,ATE:0,LATCH:0,TORQ:1,CR:0.0,FX1:1.00,FY1:-151.10,FX2:-6.00,FY2:-149.60,IK1:1,IK2:1,MOVE:0
[2026-09-10 22:23:44.196] [RX] PITCH:1.48,PID_OUT:-76.51,INT:-0.0985,EL:-3453,ER:-4316,VEL:-169.3,MOT:1,TILT:25.0,TRIM:0.000,ATE:0,LATCH:0,TORQ:1,CR:0.0,FX1:1.00,FY1:-151.10,FX2:-6.00,FY2:-149.60,IK1:1,IK2:1,MOVE:0
[2026-09-10 22:23:44.302] [RX] PITCH:0.99,PID_OUT:-56.02,INT:-0.0981,EL:-3479,ER:-4307,VEL:-177.2,MOT:1,TILT:25.0,TRIM:0.000,ATE:0,LATCH:0,TORQ:1,CR:0.0,FX1:1.00,FY1:-151.10,FX2:-6.00,FY2:-149.60,IK1:1,IK2:1,MOVE:0
[2026-09-10 22:23:44.309] [RX] AX12:MODE:0,TQ:1,TL:1023,CM:1,CS:4,MS:0,MT:800
[2026-09-10 22:23:44.396] [RX] PITCH:1.12,PID_OUT:-49.67,INT:-0.0985,EL:-3507,ER:-4303,VEL:-165.3,MOT:1,TILT:25.0,TRIM:0.000,ATE:0,LATCH:0,TORQ:1,CR:0.0,FX1:1.00,FY1:-151.10,FX2:-6.00,FY2:-149.60,IK1:1,IK2:1,MOVE:0
[2026-09-10 22:23:44.496] [RX] PITCH:0.65,PID_OUT:-15.83,INT:-0.0796,EL:-3530,ER:-4301,VEL:-143.2,MOT:1,TILT:25.0,TRIM:0.000,ATE:0,LATCH:0,TORQ:1,CR:0.0,FX1:1.00,FY1:-151.10,FX2:-6.00,FY2:-149.60,IK1:1,IK2:1,MOVE:0
[2026-09-10 22:23:44.598] [RX] PITCH:0.29,PID_OUT:64.06,INT:-0.0265,EL:-3541,ER:-4301,VEL:-47.6,MOT:1,TILT:25.0,TRIM:0.000,ATE:0,LATCH:0,TORQ:1,CR:0.0,FX1:1.00,FY1:-151.10,FX2:-6.00,FY2:-149.60,IK1:1,IK2:1,MOVE:0
[2026-09-10 22:23:44.695] [RX] PITCH:-0.31,PID_OUT:120.05,INT:0.0889,EL:-3536,ER:-4317,VEL:94.6,MOT:1,TILT:25.0,TRIM:0.000,ATE:0,LATCH:0,TORQ:1,CR:0.0,FX1:1.00,FY1:-151.10,FX2:-6.00,FY2:-149.60,IK1:1,IK2:1,MOVE:0
[2026-09-10 22:23:44.801] [RX] PITCH:0.73,PID_OUT:21.70,INT:0.0985,EL:-3523,ER:-4345,VEL:183.1,MOT:1,TILT:25.0,TRIM:0.000,ATE:0,LATCH:0,TORQ:1,CR:0.0,FX1:1.00,FY1:-151.10,FX2:-6.00,FY2:-149.60,IK1:1,IK2:1,MOVE:0
[2026-09-10 22:23:44.806] [RX] AX12:MODE:0,TQ:1,TL:1023,CM:1,CS:4,MS:0,MT:800
[2026-09-10 22:23:44.900] [RX] PITCH:1.20,PID_OUT:14.20,INT:0.0903,EL:-3516,ER:-4369,VEL:150.1,MOT:1,TILT:25.0,TRIM:0.000,ATE:0,LATCH:0,TORQ:1,CR:0.0,FX1:1.00,FY1:-151.10,FX2:-6.00,FY2:-149.60,IK1:1,IK2:1,MOVE:0
[2026-09-10 22:23:44.900] [RX] SRV:6,36,0.0,0,0
[2026-09-10 22:23:44.997] [RX] PITCH:1.14,PID_OUT:13.75,INT:0.0747,EL:-3515,ER:-4377,VEL:50.5,MOT:1,TILT:25.0,TRIM:0.000,ATE:0,LATCH:0,TORQ:1,CR:0.0,FX1:1.00,FY1:-151.10,FX2:-6.00,FY2:-149.60,IK1:1,IK2:1,MOVE:0
[2026-09-10 22:23:45.097] [RX] PITCH:1.65,PID_OUT:-62.75,INT:0.0365,EL:-3515,ER:-4377,VEL:9.9,MOT:1,TILT:25.0,TRIM:0.000,ATE:0,LATCH:0,TORQ:1,CR:0.0,FX1:1.00,FY1:-151.10,FX2:-6.00,FY2:-149.60,IK1:1,IK2:1,MOVE:0
[2026-09-10 22:23:45.193] [RX] PITCH:1.92,PID_OUT:-86.54,INT:-0.0618,EL:-3532,ER:-4372,VEL:-102.1,MOT:1,TILT:25.0,TRIM:0.000,ATE:0,LATCH:0,TORQ:1,CR:0.0,FX1:1.00,FY1:-151.10,FX2:-6.00,FY2:-149.60,IK1:1,IK2:1,MOVE:0
[2026-09-10 22:23:45.296] [RX] PITCH:0.93,PID_OUT:-31.38,INT:-0.0978,EL:-3562,ER:-4362,VEL:-176.2,MOT:1,TILT:25.0,TRIM:0.000,ATE:0,LATCH:0,TORQ:1,CR:0.0,FX1:1.00,FY1:-151.10,FX2:-6.00,FY2:-149.60,IK1:1,IK2:1,MOVE:0
[2026-09-10 22:23:45.306] [RX] AX12:MODE:0,TQ:1,TL:1023,CM:1,CS:4,MS:0,MT:800
[2026-09-10 22:23:45.394] [RX] PITCH:0.96,PID_OUT:-62.71,INT:-0.0723,EL:-3587,ER:-4356,VEL:-146.4,MOT:1,TILT:25.0,TRIM:0.000,ATE:0,LATCH:0,TORQ:1,CR:0.0,FX1:1.00,FY1:-151.10,FX2:-6.00,FY2:-149.60,IK1:1,IK2:1,MOVE:0
[2026-09-10 22:23:45.493] [RX] PITCH:1.47,PID_OUT:-72.91,INT:-0.0985,EL:-3609,ER:-4356,VEL:-107.4,MOT:1,TILT:25.0,TRIM:0.000,ATE:0,LATCH:0,TORQ:1,CR:0.0,FX1:1.00,FY1:-151.10,FX2:-6.00,FY2:-149.60,IK1:1,IK2:1,MOVE:0
[2026-09-10 22:23:45.594] [RX] PITCH:0.40,PID_OUT:37.27,INT:-0.0796,EL:-3630,ER:-4356,VEL:-93.9,MOT:1,TILT:25.0,TRIM:0.000,ATE:0,LATCH:0,TORQ:1,CR:0.0,FX1:1.00,FY1:-151.10,FX2:-6.00,FY2:-149.60,IK1:1,IK2:1,MOVE:0
[2026-09-10 22:23:45.695] [RX] PITCH:-0.67,PID_OUT:136.77,INT:0.0330,EL:-3629,ER:-4369,VEL:43.6,MOT:1,TILT:25.0,TRIM:0.000,ATE:0,LATCH:0,TORQ:1,CR:0.0,FX1:1.00,FY1:-151.10,FX2:-6.00,FY2:-149.60,IK1:1,IK2:1,MOVE:0
[2026-09-10 22:23:45.804] [RX] PITCH:0.68,PID_OUT:18.79,INT:0.0985,EL:-3618,ER:-4394,VEL:163.4,MOT:1,TILT:25.0,TRIM:0.000,ATE:0,LATCH:0,TORQ:1,CR:0.0,FX1:1.00,FY1:-151.10,FX2:-6.00,FY2:-149.60,IK1:1,IK2:1,MOVE:0
[2026-09-10 22:23:45.804] [RX] AX12:MODE:0,TQ:1,TL:1023,CM:1,CS:4,MS:0,MT:800
[2026-09-10 22:23:45.894] [RX] PITCH:1.31,PID_OUT:11.44,INT:0.0701,EL:-3615,ER:-4404,VEL:65.9,MOT:1,TILT:25.0,TRIM:0.000,ATE:0,LATCH:0,TORQ:1,CR:0.0,FX1:1.00,FY1:-151.10,FX2:-6.00,FY2:-149.60,IK1:1,IK2:1,MOVE:0
[2026-09-10 22:23:45.896] [RX] SRV:0,35,0.0,0,0
[2026-09-10 22:23:45.993] [RX] PITCH:0.67,PID_OUT:58.70,INT:0.0811,EL:-3614,ER:-4404,VEL:14.7,MOT:1,TILT:25.0,TRIM:0.000,ATE:0,LATCH:0,TORQ:1,CR:0.0,FX1:1.00,FY1:-151.10,FX2:-6.00,FY2:-149.60,IK1:1,IK2:1,MOVE:0
[2026-09-10 22:23:46.092] [RX] PITCH:1.18,PID_OUT:15.51,INT:0.0885,EL:-3614,ER:-4404,VEL:2.9,MOT:1,TILT:25.0,TRIM:0.000,ATE:0,LATCH:0,TORQ:1,CR:0.0,FX1:1.00,FY1:-151.10,FX2:-6.00,FY2:-149.60,IK1:1,IK2:1,MOVE:0
[2026-09-10 22:23:46.194] [RX] PITCH:1.78,PID_OUT:-69.87,INT:0.0385,EL:-3641,ER:-4404,VEL:-158.3,MOT:1,TILT:25.0,TRIM:0.000,ATE:0,LATCH:0,TORQ:1,CR:0.0,FX1:1.00,FY1:-151.10,FX2:-6.00,FY2:-149.60,IK1:1,IK2:1,MOVE:0
[2026-09-10 22:23:46.295] [RX] PITCH:2.01,PID_OUT:-86.89,INT:-0.0685,EL:-3663,ER:-4398,VEL:-156.1,MOT:1,TILT:25.0,TRIM:0.000,ATE:0,LATCH:0,TORQ:1,CR:0.0,FX1:1.00,FY1:-151.10,FX2:-6.00,FY2:-149.60,IK1:1,IK2:1,MOVE:0
[2026-09-10 22:23:46.304] [RX] AX12:MODE:0,TQ:1,TL:1023,CM:1,CS:4,MS:0,MT:800
[2026-09-10 22:23:46.392] [RX] PITCH:0.89,PID_OUT:-25.56,INT:-0.0966,EL:-3693,ER:-4389,VEL:-177.3,MOT:1,TILT:25.0,TRIM:0.000,ATE:0,LATCH:0,TORQ:1,CR:0.0,FX1:1.00,FY1:-151.10,FX2:-6.00,FY2:-149.60,IK1:1,IK2:1,MOVE:0
[2026-09-10 22:23:46.495] [RX] PITCH:0.68,PID_OUT:-21.22,INT:-0.0608,EL:-3701,ER:-4387,VEL:-51.7,MOT:1,TILT:25.0,TRIM:0.000,ATE:0,LATCH:0,TORQ:1,CR:0.0,FX1:1.00,FY1:-151.10,FX2:-6.00,FY2:-149.60,IK1:1,IK2:1,MOVE:0
[2026-09-10 22:23:46.592] [RX] PITCH:0.74,PID_OUT:8.69,INT:-0.0369,EL:-3701,ER:-4388,VEL:-8.4,MOT:1,TILT:25.0,TRIM:0.000,ATE:0,LATCH:0,TORQ:1,CR:0.0,FX1:1.00,FY1:-151.10,FX2:-6.00,FY2:-149.60,IK1:1,IK2:1,MOVE:0
[2026-09-10 22:23:46.693] [RX] PITCH:-0.03,PID_OUT:122.29,INT:0.0205,EL:-3700,ER:-4389,VEL:13.3,MOT:1,TILT:25.0,TRIM:0.000,ATE:0,LATCH:0,TORQ:1,CR:0.0,FX1:1.00,FY1:-151.10,FX2:-6.00,FY2:-149.60,IK1:1,IK2:1,MOVE:0
[2026-09-10 22:23:46.798] [RX] PITCH:0.46,PID_OUT:24.38,INT:0.0985,EL:-3691,ER:-4413,VEL:159.6,MOT:1,TILT:25.0,TRIM:0.000,ATE:0,LATCH:0,TORQ:1,CR:0.0,FX1:1.00,FY1:-151.10,FX2:-6.00,FY2:-149.60,IK1:1,IK2:1,MOVE:0
[2026-09-10 22:23:46.802] [RX] AX12:MODE:0,TQ:1,TL:1023,CM:1,CS:4,MS:0,MT:800
[2026-09-10 22:23:46.896] [RX] PITCH:1.40,PID_OUT:-4.97,INT:0.0769,EL:-3684,ER:-4423,VEL:83.3,MOT:1,TILT:25.0,TRIM:0.000,ATE:0,LATCH:0,TORQ:1,CR:0.0,FX1:1.00,FY1:-151.10,FX2:-6.00,FY2:-149.60,IK1:1,IK2:1,MOVE:0
[2026-09-10 22:23:46.897] [RX] SRV:14,35,0.0,0,0
[2026-09-10 22:23:46.987] [RX] PITCH:0.90,PID_OUT:29.20,INT:0.0661,EL:-3683,ER:-4493,VEL:357.0,MOT:1,TILT:25.0,TRIM:0.000,ATE:0,LATCH:0,TORQ:1,CR:0.0,FX1:1.00,FY1:-151.10,FX2:-6.00,FY2:-149.60,IK1:1,IK2:1,MOVE:0
[2026-09-10 22:23:47.092] [RX] PITCH:1.35,PID_OUT:-21.12,INT:0.0538,EL:-3683,ER:-4554,VEL:237.4,MOT:1,TILT:25.0,TRIM:0.000,ATE:0,LATCH:0,TORQ:1,CR:0.0,FX1:1.00,FY1:-151.10,FX2:-6.00,FY2:-149.60,IK1:1,IK2:1,MOVE:0
[2026-09-10 22:23:47.190] [RX] PITCH:2.09,PID_OUT:-96.66,INT:-0.0155,EL:-3689,ER:-4552,VEL:-2.5,MOT:1,TILT:25.0,TRIM:0.000,ATE:0,LATCH:0,TORQ:1,CR:0.0,FX1:1.00,FY1:-151.10,FX2:-6.00,FY2:-149.60,IK1:1,IK2:1,MOVE:0
[2026-09-10 22:23:47.302] [RX] PITCH:1.23,PID_OUT:-48.52,INT:-0.0876,EL:-3718,ER:-4544,VEL:-148.1,MOT:1,TILT:25.0,TRIM:0.000,ATE:0,LATCH:0,TORQ:1,CR:0.0,FX1:1.00,FY1:-151.10,FX2:-6.00,FY2:-149.60,IK1:1,IK2:1,MOVE:0
[2026-09-10 22:23:47.302] [RX] AX12:MODE:0,TQ:1,TL:1023,CM:1,CS:4,MS:0,MT:800
[2026-09-10 22:23:47.390] [RX] PITCH:1.07,PID_OUT:-52.40,INT:-0.0901,EL:-3743,ER:-4537,VEL:-138.9,MOT:1,TILT:25.0,TRIM:0.000,ATE:0,LATCH:0,TORQ:1,CR:0.0,FX1:1.00,FY1:-151.10,FX2:-6.00,FY2:-149.60,IK1:1,IK2:1,MOVE:0
[2026-09-10 22:23:47.491] [RX] PITCH:0.95,PID_OUT:-46.78,INT:-0.0961,EL:-3772,ER:-4534,VEL:-160.3,MOT:1,TILT:25.0,TRIM:0.000,ATE:0,LATCH:0,TORQ:1,CR:0.0,FX1:1.00,FY1:-151.10,FX2:-6.00,FY2:-149.60,IK1:1,IK2:1,MOVE:0
[2026-09-10 22:23:47.528] [TX] S1.4000000000000001
[2026-09-10 22:23:47.591] [RX] PITCH:0.67,PID_OUT:-4.69,INT:-0.0763,EL:-3836,ER:-4534,VEL:-354.3,MOT:1,TILT:25.0,TRIM:0.000,ATE:0,LATCH:0,TORQ:1,CR:0.0,FX1:1.00,FY1:-151.10,FX2:-6.00,FY2:-149.60,IK1:1,IK2:1,MOVE:0
[2026-09-10 22:23:47.690] [RX] PITCH:-0.72,PID_OUT:135.28,INT:0.0499,EL:-3835,ER:-4541,VEL:-11.6,MOT:1,TILT:25.0,TRIM:0.000,ATE:0,LATCH:0,TORQ:1,CR:0.0,FX1:1.00,FY1:-151.10,FX2:-6.00,FY2:-149.60,IK1:1,IK2:1,MOVE:0
[2026-09-10 22:23:47.792] [RX] PITCH:1.46,PID_OUT:-12.26,INT:0.0978,EL:-3822,ER:-4563,VEL:126.7,MOT:1,TILT:25.0,TRIM:0.000,ATE:0,LATCH:0,TORQ:1,CR:0.0,FX1:1.00,FY1:-151.10,FX2:-6.00,FY2:-149.60,IK1:1,IK2:1,MOVE:0
[2026-09-10 22:23:47.800] [RX] AX12:MODE:0,TQ:1,TL:1023,CM:1,CS:4,MS:0,MT:800
[2026-09-10 22:23:47.890] [RX] PITCH:2.11,PID_OUT:-32.07,INT:0.0390,EL:-3841,ER:-4568,VEL:-45.8,MOT:1,TILT:25.0,TRIM:0.000,ATE:0,LATCH:0,TORQ:1,CR:0.0,FX1:1.00,FY1:-151.10,FX2:-6.00,FY2:-149.60,IK1:1,IK2:1,MOVE:0
[2026-09-10 22:23:47.893] [RX] SRV:1,36,0.0,0,0
[2026-09-10 22:23:47.989] [RX] PITCH:1.56,PID_OUT:-28.18,INT:0.0140,EL:-3841,ER:-4575,VEL:24.0,MOT:1,TILT:25.0,TRIM:0.000,ATE:0,LATCH:0,TORQ:1,CR:0.0,FX1:1.00,FY1:-151.10,FX2:-6.00,FY2:-149.60,IK1:1,IK2:1,MOVE:0
[2026-09-10 22:23:48.090] [RX] PITCH:2.01,PID_OUT:-88.62,INT:-0.0252,EL:-3844,ER:-4575,VEL:-17.8,MOT:1,TILT:25.0,TRIM:0.000,ATE:0,LATCH:0,TORQ:1,CR:0.0,FX1:1.00,FY1:-151.10,FX2:-6.00,FY2:-149.60,IK1:1,IK2:1,MOVE:0
[2026-09-10 22:23:48.186] [RX] PITCH:1.91,PID_OUT:-81.71,INT:-0.0938,EL:-3873,ER:-4569,VEL:-136.8,MOT:1,TILT:25.0,TRIM:0.000,ATE:0,LATCH:0,TORQ:1,CR:0.0,FX1:1.00,FY1:-151.10,FX2:-6.00,FY2:-149.60,IK1:1,IK2:1,MOVE:0
[2026-09-10 22:23:48.298] [RX] PITCH:1.64,PID_OUT:-54.99,INT:-0.0985,EL:-3901,ER:-4559,VEL:-178.9,MOT:1,TILT:25.0,TRIM:0.000,ATE:0,LATCH:0,TORQ:1,CR:0.0,FX1:1.00,FY1:-151.10,FX2:-6.00,FY2:-149.60,IK1:1,IK2:1,MOVE:0
[2026-09-10 22:23:48.301] [RX] AX12:MODE:0,TQ:1,TL:1023,CM:1,CS:4,MS:0,MT:800
[2026-09-10 22:23:48.388] [RX] PITCH:1.27,PID_OUT:-30.09,INT:-0.0963,EL:-3927,ER:-4553,VEL:-150.3,MOT:1,TILT:25.0,TRIM:0.000,ATE:0,LATCH:0,TORQ:1,CR:0.0,FX1:1.00,FY1:-151.10,FX2:-6.00,FY2:-149.60,IK1:1,IK2:1,MOVE:0
[2026-09-10 22:23:48.490] [RX] PITCH:1.00,PID_OUT:-12.77,INT:-0.0635,EL:-3942,ER:-4552,VEL:-70.5,MOT:1,TILT:25.0,TRIM:0.000,ATE:0,LATCH:0,TORQ:1,CR:0.0,FX1:1.00,FY1:-151.10,FX2:-6.00,FY2:-149.60,IK1:1,IK2:1,MOVE:0
[2026-09-10 22:23:48.586] [RX] PITCH:0.74,PID_OUT:59.24,INT:-0.0149,EL:-3942,ER:-4552,VEL:-13.9,MOT:1,TILT:25.0,TRIM:0.000,ATE:0,LATCH:0,TORQ:1,CR:0.0,FX1:1.00,FY1:-151.10,FX2:-6.00,FY2:-149.60,IK1:1,IK2:1,MOVE:0
[2026-09-10 22:23:48.688] [RX] PITCH:0.53,PID_OUT:76.94,INT:0.0807,EL:-3937,ER:-4569,VEL:99.9,MOT:1,TILT:25.0,TRIM:0.000,ATE:0,LATCH:0,TORQ:1,CR:0.0,FX1:1.00,FY1:-151.10,FX2:-6.00,FY2:-149.60,IK1:1,IK2:1,MOVE:0
[2026-09-10 22:23:48.790] [RX] PITCH:1.17,PID_OUT:23.14,INT:0.0985,EL:-3928,ER:-4593,VEL:159.4,MOT:1,TILT:25.0,TRIM:0.000,ATE:0,LATCH:0,TORQ:1,CR:0.0,FX1:1.00,FY1:-151.10,FX2:-6.00,FY2:-149.60,IK1:1,IK2:1,MOVE:0
[2026-09-10 22:23:48.801] [RX] AX12:MODE:0,TQ:1,TL:1023,CM:1,CS:4,MS:0,MT:800
[2026-09-10 22:23:48.892] [RX] PITCH:1.61,PID_OUT:21.69,INT:0.0876,EL:-3924,ER:-4617,VEL:138.5,MOT:1,TILT:25.0,TRIM:0.000,ATE:0,LATCH:0,TORQ:1,CR:0.0,FX1:1.00,FY1:-151.10,FX2:-6.00,FY2:-149.60,IK1:1,IK2:1,MOVE:0
[2026-09-10 22:23:48.893] [RX] SRV:6,36,0.0,0,0
[2026-09-10 22:23:48.988] [RX] PITCH:1.55,PID_OUT:15.56,INT:0.0738,EL:-3924,ER:-4617,VEL:27.3,MOT:1,TILT:25.0,TRIM:0.000,ATE:0,LATCH:0,TORQ:1,CR:0.0,FX1:1.00,FY1:-151.10,FX2:-6.00,FY2:-149.60,IK1:1,IK2:1,MOVE:0
[2026-09-10 22:23:49.088] [RX] PITCH:1.90,PID_OUT:-46.02,INT:0.0416,EL:-3951,ER:-4617,VEL:-109.5,MOT:1,TILT:25.0,TRIM:0.000,ATE:0,LATCH:0,TORQ:1,CR:0.0,FX1:1.00,FY1:-151.10,FX2:-6.00,FY2:-149.60,IK1:1,IK2:1,MOVE:0
[2026-09-10 22:23:49.188] [RX] PITCH:2.57,PID_OUT:-107.64,INT:-0.0480,EL:-3971,ER:-4614,VEL:-134.8,MOT:1,TILT:25.0,TRIM:0.000,ATE:0,LATCH:0,TORQ:1,CR:0.0,FX1:1.00,FY1:-151.10,FX2:-6.00,FY2:-149.60,IK1:1,IK2:1,MOVE:0
[2026-09-10 22:23:49.290] [RX] PITCH:1.43,PID_OUT:-18.08,INT:-0.0985,EL:-3997,ER:-4603,VEL:-178.8,MOT:1,TILT:25.0,TRIM:0.000,ATE:0,LATCH:0,TORQ:1,CR:0.0,FX1:1.00,FY1:-151.10,FX2:-6.00,FY2:-149.60,IK1:1,IK2:1,MOVE:0
[2026-09-10 22:23:49.297] [RX] AX12:MODE:0,TQ:1,TL:1023,CM:1,CS:4,MS:0,MT:800
[2026-09-10 22:23:49.386] [RX] PITCH:0.98,PID_OUT:-8.18,INT:-0.0601,EL:-4008,ER:-4598,VEL:-79.2,MOT:1,TILT:25.0,TRIM:0.000,ATE:0,LATCH:0,TORQ:1,CR:0.0,FX1:1.00,FY1:-151.10,FX2:-6.00,FY2:-149.60,IK1:1,IK2:1,MOVE:0
[2026-09-10 22:23:49.472] [TX] S1.2000000000000002
[2026-09-10 22:23:49.487] [RX] PITCH:0.97,PID_OUT:29.25,INT:-0.0214,EL:-4020,ER:-4598,VEL:-54.5,MOT:1,TILT:25.0,TRIM:0.000,ATE:0,LATCH:0,TORQ:1,CR:0.0,FX1:1.00,FY1:-151.10,FX2:-6.00,FY2:-149.60,IK1:1,IK2:1,MOVE:0
[2026-09-10 22:23:49.537] [RX] Updated -> P:78.000 I:650.000 D:3.520 Offset:-2.4097 Target:1.200 Alpha:0.9600 Tilt:25.00 TrimGain:0.0015 Crouch:0.00 VP:0.0030
[2026-09-10 22:23:49.586] [RX] PITCH:0.44,PID_OUT:96.16,INT:0.0372,EL:-4019,ER:-4608,VEL:55.2,MOT:1,TILT:25.0,TRIM:0.000,ATE:0,LATCH:0,TORQ:1,CR:0.0,FX1:1.00,FY1:-151.10,FX2:-6.00,FY2:-149.60,IK1:1,IK2:1,MOVE:0
[2026-09-10 22:23:49.686] [RX] PITCH:0.22,PID_OUT:58.66,INT:0.0985,EL:-4013,ER:-4627,VEL:130.3,MOT:1,TILT:25.0,TRIM:0.000,ATE:0,LATCH:0,TORQ:1,CR:0.0,FX1:1.00,FY1:-151.10,FX2:-6.00,FY2:-149.60,IK1:1,IK2:1,MOVE:0
[2026-09-10 22:23:49.786] [RX] PITCH:1.65,PID_OUT:-13.47,INT:0.0843,EL:-4006,ER:-4641,VEL:90.9,MOT:1,TILT:25.0,TRIM:0.000,ATE:0,LATCH:0,TORQ:1,CR:0.0,FX1:1.00,FY1:-151.10,FX2:-6.00,FY2:-149.60,IK1:1,IK2:1,MOVE:0
[2026-09-10 22:23:49.795] [RX] AX12:MODE:0,TQ:1,TL:1023,CM:1,CS:4,MS:0,MT:800
[2026-09-10 22:23:49.890] [RX] PITCH:1.43,PID_OUT:-4.28,INT:0.0424,EL:-4016,ER:-4643,VEL:-1.2,MOT:1,TILT:25.0,TRIM:0.000,ATE:0,LATCH:0,TORQ:1,CR:0.0,FX1:1.00,FY1:-151.10,FX2:-6.00,FY2:-149.60,IK1:1,IK2:1,MOVE:0
[2026-09-10 22:23:49.890] [RX] SRV:0,35,0.0,0,0
[2026-09-10 22:23:49.988] [RX] PITCH:1.59,PID_OUT:-46.35,INT:0.0155,EL:-4016,ER:-4643,VEL:-0.2,MOT:1,TILT:25.0,TRIM:0.000,ATE:0,LATCH:0,TORQ:1,CR:0.0,FX1:1.00,FY1:-151.10,FX2:-6.00,FY2:-149.60,IK1:1,IK2:1,MOVE:0
[2026-09-10 22:23:50.086] [RX] PITCH:2.05,PID_OUT:-88.26,INT:-0.0547,EL:-4041,ER:-4640,VEL:-125.6,MOT:1,TILT:25.0,TRIM:0.000,ATE:0,LATCH:0,TORQ:1,CR:0.0,FX1:1.00,FY1:-151.10,FX2:-6.00,FY2:-149.60,IK1:1,IK2:1,MOVE:0
[2026-09-10 22:23:50.184] [RX] PITCH:1.18,PID_OUT:-38.98,INT:-0.0948,EL:-4068,ER:-4632,VEL:-167.5,MOT:1,TILT:25.0,TRIM:0.000,ATE:0,LATCH:0,TORQ:1,CR:0.0,FX1:1.00,FY1:-151.10,FX2:-6.00,FY2:-149.60,IK1:1,IK2:1,MOVE:0
[2026-09-10 22:23:50.298] [RX] PITCH:1.03,PID_OUT:-49.95,INT:-0.0755,EL:-4087,ER:-4626,VEL:-130.1,MOT:1,TILT:25.0,TRIM:0.000,ATE:0,LATCH:0,TORQ:1,CR:0.0,FX1:1.00,FY1:-151.10,FX2:-6.00,FY2:-149.60,IK1:1,IK2:1,MOVE:0
[2026-09-10 22:23:50.298] [RX] AX12:MODE:0,TQ:1,TL:1023,CM:1,CS:4,MS:0,MT:800
[2026-09-10 22:23:50.385] [RX] PITCH:1.80,PID_OUT:-90.19,INT:-0.0985,EL:-4133,ER:-4624,VEL:-163.9,MOT:1,TILT:25.0,TRIM:0.000,ATE:0,LATCH:0,TORQ:1,CR:0.0,FX1:1.00,FY1:-151.10,FX2:-6.00,FY2:-149.60,IK1:1,IK2:1,MOVE:0
[2026-09-10 22:23:50.486] [RX] PITCH:1.00,PID_OUT:-19.08,INT:-0.0952,EL:-4160,ER:-4624,VEL:-143.1,MOT:1,TILT:25.0,TRIM:0.000,ATE:0,LATCH:0,TORQ:1,CR:0.0,FX1:1.00,FY1:-151.10,FX2:-6.00,FY2:-149.60,IK1:1,IK2:1,MOVE:0
[2026-09-10 22:23:50.583] [RX] PITCH:0.16,PID_OUT:74.17,INT:-0.0342,EL:-4164,ER:-4638,VEL:21.2,MOT:1,TILT:25.0,TRIM:0.000,ATE:0,LATCH:0,TORQ:1,CR:0.0,FX1:1.00,FY1:-151.10,FX2:-6.00,FY2:-149.60,IK1:1,IK2:1,MOVE:0
[2026-09-10 22:23:50.683] [RX] PITCH:0.13,PID_OUT:73.15,INT:0.0985,EL:-4157,ER:-4655,VEL:117.1,MOT:1,TILT:25.0,TRIM:0.000,ATE:0,LATCH:0,TORQ:1,CR:0.0,FX1:1.00,FY1:-151.10,FX2:-6.00,FY2:-149.60,IK1:1,IK2:1,MOVE:0
[2026-09-10 22:23:50.784] [RX] PITCH:1.57,PID_OUT:4.75,INT:0.0861,EL:-4152,ER:-4674,VEL:98.9,MOT:1,TILT:25.0,TRIM:0.000,ATE:0,LATCH:0,TORQ:1,CR:0.0,FX1:1.00,FY1:-151.10,FX2:-6.00,FY2:-149.60,IK1:1,IK2:1,MOVE:0
[2026-09-10 22:23:50.792] [RX] AX12:MODE:0,TQ:1,TL:1023,CM:1,CS:4,MS:0,MT:800
[2026-09-10 22:23:50.883] [RX] PITCH:1.12,PID_OUT:40.60,INT:0.0659,EL:-4157,ER:-4674,VEL:11.9,MOT:1,TILT:25.0,TRIM:0.000,ATE:0,LATCH:0,TORQ:1,CR:0.0,FX1:1.00,FY1:-151.10,FX2:-6.00,FY2:-149.60,IK1:1,IK2:1,MOVE:0
[2026-09-10 22:23:50.887] [RX] SRV:14,35,0.0,0,0
[2026-09-10 22:23:50.984] [RX] PITCH:1.17,PID_OUT:33.43,INT:0.0790,EL:-4157,ER:-4674,VEL:2.3,MOT:1,TILT:25.0,TRIM:0.000,ATE:0,LATCH:0,TORQ:1,CR:0.0,FX1:1.00,FY1:-151.10,FX2:-6.00,FY2:-149.60,IK1:1,IK2:1,MOVE:0
[2026-09-10 22:23:51.086] [RX] PITCH:1.58,PID_OUT:-16.20,INT:0.0593,EL:-4157,ER:-4674,VEL:0.5,MOT:1,TILT:25.0,TRIM:0.000,ATE:0,LATCH:0,TORQ:1,CR:0.0,FX1:1.00,FY1:-151.10,FX2:-6.00,FY2:-149.60,IK1:1,IK2:1,MOVE:0
[2026-09-10 22:23:51.185] [RX] PITCH:2.19,PID_OUT:-83.72,INT:-0.0053,EL:-4165,ER:-4672,VEL:-54.5,MOT:1,TILT:25.0,TRIM:0.000,ATE:0,LATCH:0,TORQ:1,CR:0.0,FX1:1.00,FY1:-151.10,FX2:-6.00,FY2:-149.60,IK1:1,IK2:1,MOVE:0
[2026-09-10 22:23:51.293] [RX] PITCH:1.60,PID_OUT:-45.90,INT:-0.0970,EL:-4193,ER:-4665,VEL:-152.8,MOT:1,TILT:25.0,TRIM:0.000,ATE:0,LATCH:0,TORQ:1,CR:0.0,FX1:1.00,FY1:-151.10,FX2:-6.00,FY2:-149.60,IK1:1,IK2:1,MOVE:0
[2026-09-10 22:23:51.294] [RX] AX12:MODE:0,TQ:1,TL:1023,CM:1,CS:4,MS:0,MT:800
[2026-09-10 22:23:51.385] [RX] PITCH:0.65,PID_OUT:-6.29,INT:-0.0693,EL:-4208,ER:-4660,VEL:-83.8,MOT:1,TILT:25.0,TRIM:0.000,ATE:0,LATCH:0,TORQ:1,CR:0.0,FX1:1.00,FY1:-151.10,FX2:-6.00,FY2:-149.60,IK1:1,IK2:1,MOVE:0
[2026-09-10 22:23:51.482] [RX] PITCH:0.81,PID_OUT:20.99,INT:-0.0277,EL:-4209,ER:-4660,VEL:-18.5,MOT:1,TILT:25.0,TRIM:0.000,ATE:0,LATCH:0,TORQ:1,CR:0.0,FX1:1.00,FY1:-151.10,FX2:-6.00,FY2:-149.60,IK1:1,IK2:1,MOVE:0
[2026-09-10 22:23:51.584] [RX] PITCH:-0.12,PID_OUT:131.42,INT:0.0421,EL:-4208,ER:-4661,VEL:10.2,MOT:1,TILT:25.0,TRIM:0.000,ATE:0,LATCH:0,TORQ:1,CR:0.0,FX1:1.00,FY1:-151.10,FX2:-6.00,FY2:-149.60,IK1:1,IK2:1,MOVE:0
[2026-09-10 22:23:51.683] [RX] PITCH:0.96,PID_OUT:20.34,INT:0.0985,EL:-4201,ER:-4687,VEL:135.7,MOT:1,TILT:25.0,TRIM:0.000,ATE:0,LATCH:0,TORQ:1,CR:0.0,FX1:1.00,FY1:-151.10,FX2:-6.00,FY2:-149.60,IK1:1,IK2:1,MOVE:0
[2026-09-10 22:23:51.791] [RX] PITCH:1.52,PID_OUT:12.41,INT:0.0746,EL:-4209,ER:-4697,VEL:3.2,MOT:1,TILT:25.0,TRIM:0.000,ATE:0,LATCH:0,TORQ:1,CR:0.0,FX1:1.00,FY1:-151.10,FX2:-6.00,FY2:-149.60,IK1:1,IK2:1,MOVE:0
[2026-09-10 22:23:51.791] [RX] AX12:MODE:0,TQ:1,TL:1023,CM:1,CS:4,MS:0,MT:800
[2026-09-10 22:23:51.886] [RX] PITCH:1.19,PID_OUT:25.55,INT:0.0680,EL:-4209,ER:-4697,VEL:0.6,MOT:1,TILT:25.0,TRIM:0.000,ATE:0,LATCH:0,TORQ:1,CR:0.0,FX1:1.00,FY1:-151.10,FX2:-6.00,FY2:-149.60,IK1:1,IK2:1,MOVE:0
[2026-09-10 22:23:51.886] [RX] SRV:1,36,0.0,0,0
[2026-09-10 22:23:51.981] [RX] PITCH:1.58,PID_OUT:-24.08,INT:0.0492,EL:-4228,ER:-4697,VEL:-132.2,MOT:1,TILT:25.0,TRIM:0.000,ATE:0,LATCH:0,TORQ:1,CR:0.0,FX1:1.00,FY1:-151.10,FX2:-6.00,FY2:-149.60,IK1:1,IK2:1,MOVE:0
[2026-09-10 22:23:52.082] [RX] PITCH:2.25,PID_OUT:-103.53,INT:-0.0204,EL:-4284,ER:-4695,VEL:-202.7,MOT:1,TILT:25.0,TRIM:0.000,ATE:0,LATCH:0,TORQ:1,CR:0.0,FX1:1.00,FY1:-151.10,FX2:-6.00,FY2:-149.60,IK1:1,IK2:1,MOVE:0
[2026-09-10 22:23:52.184] [RX] PITCH:1.48,PID_OUT:-57.58,INT:-0.0796,EL:-4309,ER:-4689,VEL:-165.1,MOT:1,TILT:25.0,TRIM:0.000,ATE:0,LATCH:0,TORQ:1,CR:0.0,FX1:1.00,FY1:-151.10,FX2:-6.00,FY2:-149.60,IK1:1,IK2:1,MOVE:0
[2026-09-10 22:23:52.293] [RX] PITCH:1.25,PID_OUT:-67.80,INT:-0.0869,EL:-4333,ER:-4684,VEL:-145.2,MOT:1,TILT:25.0,TRIM:0.000,ATE:0,LATCH:0,TORQ:1,CR:0.0,FX1:1.00,FY1:-151.10,FX2:-6.00,FY2:-149.60,IK1:1,IK2:1,MOVE:0
[2026-09-10 22:23:52.293] [RX] AX12:MODE:0,TQ:1,TL:1023,CM:1,CS:4,MS:0,MT:800
[2026-09-10 22:23:52.386] [RX] PITCH:1.48,PID_OUT:-81.78,INT:-0.0985,EL:-4360,ER:-4682,VEL:-139.3,MOT:1,TILT:25.0,TRIM:0.000,ATE:0,LATCH:0,TORQ:1,CR:0.0,FX1:1.00,FY1:-151.10,FX2:-6.00,FY2:-149.60,IK1:1,IK2:1,MOVE:0
[2026-09-10 22:23:52.483] [RX] PITCH:1.30,PID_OUT:-51.90,INT:-0.0985,EL:-4381,ER:-4682,VEL:-113.0,MOT:1,TILT:25.0,TRIM:0.000,ATE:0,LATCH:0,TORQ:1,CR:0.0,FX1:1.00,FY1:-151.10,FX2:-6.00,FY2:-149.60,IK1:1,IK2:1,MOVE:0
[2026-09-10 22:23:52.582] [RX] PITCH:0.79,PID_OUT:-1.50,INT:-0.0819,EL:-4405,ER:-4690,VEL:-47.2,MOT:1,TILT:25.0,TRIM:0.000,ATE:0,LATCH:0,TORQ:1,CR:0.0,FX1:1.00,FY1:-151.10,FX2:-6.00,FY2:-149.60,IK1:1,IK2:1,MOVE:0
[2026-09-10 22:23:52.683] [RX] PITCH:0.24,PID_OUT:90.50,INT:-0.0115,EL:-4404,ER:-4732,VEL:130.4,MOT:1,TILT:25.0,TRIM:0.000,ATE:0,LATCH:0,TORQ:1,CR:0.0,FX1:1.00,FY1:-151.10,FX2:-6.00,FY2:-149.60,IK1:1,IK2:1,MOVE:0
[2026-09-10 22:23:52.781] [RX] PITCH:-0.03,PID_OUT:103.34,INT:0.0985,EL:-4398,ER:-4751,VEL:152.8,MOT:1,TILT:25.0,TRIM:0.000,ATE:0,LATCH:0,TORQ:1,CR:0.0,FX1:1.00,FY1:-151.10,FX2:-6.00,FY2:-149.60,IK1:1,IK2:1,MOVE:0
[2026-09-10 22:23:52.790] [RX] AX12:MODE:0,TQ:1,TL:1023,CM:1,CS:4,MS:0,MT:800
[2026-09-10 22:23:52.880] [RX] PITCH:1.18,PID_OUT:31.51,INT:0.0985,EL:-4387,ER:-4776,VEL:176.4,MOT:1,TILT:25.0,TRIM:0.000,ATE:0,LATCH:0,TORQ:1,CR:0.0,FX1:1.00,FY1:-151.10,FX2:-6.00,FY2:-149.60,IK1:1,IK2:1,MOVE:0
[2026-09-10 22:23:52.883] [RX] SRV:6,36,0.0,0,0
[2026-09-10 22:23:52.980] [RX] PITCH:0.97,PID_OUT:54.34,INT:0.0985,EL:-4380,ER:-4799,VEL:163.1,MOT:1,TILT:25.0,TRIM:0.000,ATE:0,LATCH:0,TORQ:1,CR:0.0,FX1:1.00,FY1:-151.10,FX2:-6.00,FY2:-149.60,IK1:1,IK2:1,MOVE:0
[2026-09-10 22:23:53.080] [RX] PITCH:1.16,PID_OUT:32.16,INT:0.0985,EL:-4376,ER:-4817,VEL:119.1,MOT:1,TILT:25.0,TRIM:0.000,ATE:0,LATCH:0,TORQ:1,CR:0.0,FX1:1.00,FY1:-151.10,FX2:-6.00,FY2:-149.60,IK1:1,IK2:1,MOVE:0
[2026-09-10 22:23:53.179] [RX] PITCH:1.61,PID_OUT:-14.93,INT:0.0760,EL:-4376,ER:-4817,VEL:23.5,MOT:1,TILT:25.0,TRIM:0.000,ATE:0,LATCH:0,TORQ:1,CR:0.0,FX1:1.00,FY1:-151.10,FX2:-6.00,FY2:-149.60,IK1:1,IK2:1,MOVE:0
[2026-09-10 22:23:53.290] [RX] PITCH:2.79,PID_OUT:-132.85,INT:-0.0112,EL:-4389,ER:-4815,VEL:-83.5,MOT:1,TILT:25.0,TRIM:0.000,ATE:0,LATCH:0,TORQ:1,CR:0.0,FX1:1.00,FY1:-151.10,FX2:-6.00,FY2:-149.60,IK1:1,IK2:1,MOVE:0
[2026-09-10 22:23:53.290] [RX] AX12:MODE:0,TQ:1,TL:1023,CM:1,CS:4,MS:0,MT:800
[2026-09-10 22:23:53.377] [RX] PITCH:1.45,PID_OUT:-47.18,INT:-0.0985,EL:-4420,ER:-4805,VEL:-189.7,MOT:1,TILT:25.0,TRIM:0.000,ATE:0,LATCH:0,TORQ:1,CR:0.0,FX1:1.00,FY1:-151.10,FX2:-6.00,FY2:-149.60,IK1:1,IK2:1,MOVE:0
[2026-09-10 22:23:53.478] [RX] PITCH:0.99,PID_OUT:-34.98,INT:-0.0787,EL:-4446,ER:-4795,VEL:-166.9,MOT:1,TILT:25.0,TRIM:0.000,ATE:0,LATCH:0,TORQ:1,CR:0.0,FX1:1.00,FY1:-151.10,FX2:-6.00,FY2:-149.60,IK1:1,IK2:1,MOVE:0
[2026-09-10 22:23:53.579] [RX] PITCH:1.47,PID_OUT:-52.93,INT:-0.0985,EL:-4473,ER:-4788,VEL:-167.8,MOT:1,TILT:25.0,TRIM:0.000,ATE:0,LATCH:0,TORQ:1,CR:0.0,FX1:1.00,FY1:-151.10,FX2:-6.00,FY2:-149.60,IK1:1,IK2:1,MOVE:0
[2026-09-10 22:23:53.683] [RX] PITCH:0.76,PID_OUT:-2.02,INT:-0.0771,EL:-4501,ER:-4786,VEL:-166.5,MOT:1,TILT:25.0,TRIM:0.000,ATE:0,LATCH:0,TORQ:1,CR:0.0,FX1:1.00,FY1:-151.10,FX2:-6.00,FY2:-149.60,IK1:1,IK2:1,MOVE:0
[2026-09-10 22:23:53.786] [RX] PITCH:0.23,PID_OUT:104.52,INT:-0.0083,EL:-4501,ER:-4793,VEL:13.0,MOT:1,TILT:25.0,TRIM:0.000,ATE:0,LATCH:0,TORQ:1,CR:0.0,FX1:1.00,FY1:-151.10,FX2:-6.00,FY2:-149.60,IK1:1,IK2:1,MOVE:0
[2026-09-10 22:23:53.788] [RX] AX12:MODE:0,TQ:1,TL:1023,CM:1,CS:4,MS:0,MT:800
[2026-09-10 22:23:53.883] [RX] PITCH:0.19,PID_OUT:68.80,INT:0.0985,EL:-4492,ER:-4818,VEL:148.8,MOT:1,TILT:25.0,TRIM:0.000,ATE:0,LATCH:0,TORQ:1,CR:0.0,FX1:1.00,FY1:-151.10,FX2:-6.00,FY2:-149.60,IK1:1,IK2:1,MOVE:0
[2026-09-10 22:23:53.883] [RX] SRV:0,35,0.0,0,0
[2026-09-10 22:23:53.981] [RX] PITCH:1.01,PID_OUT:43.21,INT:0.0985,EL:-4481,ER:-4846,VEL:176.2,MOT:1,TILT:25.0,TRIM:0.000,ATE:0,LATCH:0,TORQ:1,CR:0.0,FX1:1.00,FY1:-151.10,FX2:-6.00,FY2:-149.60,IK1:1,IK2:1,MOVE:0
[2026-09-10 22:23:54.081] [RX] PITCH:1.04,PID_OUT:31.52,INT:0.0985,EL:-4474,ER:-4868,VEL:147.1,MOT:1,TILT:25.0,TRIM:0.000,ATE:0,LATCH:0,TORQ:1,CR:0.0,FX1:1.00,FY1:-151.10,FX2:-6.00,FY2:-149.60,IK1:1,IK2:1,MOVE:0
[2026-09-10 22:23:54.178] [RX] PITCH:1.55,PID_OUT:1.62,INT:0.0838,EL:-4472,ER:-4888,VEL:124.7,MOT:1,TILT:25.0,TRIM:0.000,ATE:0,LATCH:0,TORQ:1,CR:0.0,FX1:1.00,FY1:-151.10,FX2:-6.00,FY2:-149.60,IK1:1,IK2:1,MOVE:0
[2026-09-10 22:23:54.287] [RX] PITCH:2.11,PID_OUT:-97.69,INT:0.0228,EL:-4479,ER:-4889,VEL:-25.1,MOT:1,TILT:25.0,TRIM:0.000,ATE:0,LATCH:0,TORQ:1,CR:0.0,FX1:1.00,FY1:-151.10,FX2:-6.00,FY2:-149.60,IK1:1,IK2:1,MOVE:0
[2026-09-10 22:23:54.293] [RX] AX12:MODE:0,TQ:1,TL:1023,CM:1,CS:4,MS:0,MT:800
[2026-09-10 22:23:54.377] [RX] PITCH:2.01,PID_OUT:-85.70,INT:-0.0819,EL:-4504,ER:-4882,VEL:-148.2,MOT:1,TILT:25.0,TRIM:0.000,ATE:0,LATCH:0,TORQ:1,CR:0.0,FX1:1.00,FY1:-151.10,FX2:-6.00,FY2:-149.60,IK1:1,IK2:1,MOVE:0
[2026-09-10 22:23:54.478] [RX] PITCH:0.97,PID_OUT:-35.92,INT:-0.0930,EL:-4534,ER:-4871,VEL:-190.7,MOT:1,TILT:25.0,TRIM:0.000,ATE:0,LATCH:0,TORQ:1,CR:0.0,FX1:1.00,FY1:-151.10,FX2:-6.00,FY2:-149.60,IK1:1,IK2:1,MOVE:0
[2026-09-10 22:23:54.578] [RX] PITCH:1.68,PID_OUT:-66.82,INT:-0.0985,EL:-4562,ER:-4862,VEL:-194.7,MOT:1,TILT:25.0,TRIM:0.000,ATE:0,LATCH:0,TORQ:1,CR:0.0,FX1:1.00,FY1:-151.10,FX2:-6.00,FY2:-149.60,IK1:1,IK2:1,MOVE:0
[2026-09-10 22:23:54.673] [RX] PITCH:0.73,PID_OUT:0.79,INT:-0.0850,EL:-4588,ER:-4855,VEL:-165.6,MOT:1,TILT:25.0,TRIM:0.000,ATE:0,LATCH:0,TORQ:1,CR:0.0,FX1:1.00,FY1:-151.10,FX2:-6.00,FY2:-149.60,IK1:1,IK2:1,MOVE:0
[2026-09-10 22:23:54.786] [RX] PITCH:0.49,PID_OUT:55.89,INT:-0.0203,EL:-4588,ER:-4855,VEL:-32.6,MOT:1,TILT:25.0,TRIM:0.000,ATE:0,LATCH:0,TORQ:1,CR:0.0,FX1:1.00,FY1:-151.10,FX2:-6.00,FY2:-149.60,IK1:1,IK2:1,MOVE:0
[2026-09-10 22:23:54.788] [RX] AX12:MODE:0,TQ:1,TL:1023,CM:1,CS:4,MS:0,MT:800
[2026-09-10 22:23:54.879] [RX] PITCH:0.26,PID_OUT:92.79,INT:0.0760,EL:-4585,ER:-4872,VEL:83.0,MOT:1,TILT:25.0,TRIM:0.000,ATE:0,LATCH:0,TORQ:1,CR:0.0,FX1:1.00,FY1:-151.10,FX2:-6.00,FY2:-149.60,IK1:1,IK2:1,MOVE:0
[2026-09-10 22:23:54.879] [RX] SRV:14,35,0.0,0,0
[2026-09-10 22:23:54.976] [RX] PITCH:0.75,PID_OUT:62.39,INT:0.0985,EL:-4577,ER:-4895,VEL:144.7,MOT:1,TILT:25.0,TRIM:0.000,ATE:0,LATCH:0,TORQ:1,CR:0.0,FX1:1.00,FY1:-151.10,FX2:-6.00,FY2:-149.60,IK1:1,IK2:1,MOVE:0
[2026-09-10 22:23:55.080] [RX] PITCH:0.84,PID_OUT:48.46,INT:0.0985,EL:-4570,ER:-4918,VEL:148.0,MOT:1,TILT:25.0,TRIM:0.000,ATE:0,LATCH:0,TORQ:1,CR:0.0,FX1:1.00,FY1:-151.10,FX2:-6.00,FY2:-149.60,IK1:1,IK2:1,MOVE:0
[2026-09-10 22:23:55.176] [RX] PITCH:1.47,PID_OUT:7.25,INT:0.0924,EL:-4566,ER:-4939,VEL:122.5,MOT:1,TILT:25.0,TRIM:0.000,ATE:0,LATCH:0,TORQ:1,CR:0.0,FX1:1.00,FY1:-151.10,FX2:-6.00,FY2:-149.60,IK1:1,IK2:1,MOVE:0
[2026-09-10 22:23:55.286] [RX] PITCH:1.71,PID_OUT:-31.05,INT:0.0525,EL:-4566,ER:-4939,VEL:24.1,MOT:1,TILT:25.0,TRIM:0.000,ATE:0,LATCH:0,TORQ:1,CR:0.0,FX1:1.00,FY1:-151.10,FX2:-6.00,FY2:-149.60,IK1:1,IK2:1,MOVE:0
[2026-09-10 22:23:55.286] [RX] AX12:MODE:0,TQ:1,TL:1023,CM:1,CS:4,MS:0,MT:800
[2026-09-10 22:23:55.377] [RX] PITCH:2.24,PID_OUT:-92.48,INT:-0.0270,EL:-4579,ER:-4936,VEL:-94.1,MOT:1,TILT:25.0,TRIM:0.000,ATE:0,LATCH:0,TORQ:1,CR:0.0,FX1:1.00,FY1:-151.10,FX2:-6.00,FY2:-149.60,IK1:1,IK2:1,MOVE:0
[2026-09-10 22:23:55.477] [RX] PITCH:1.47,PID_OUT:-61.45,INT:-0.0937,EL:-4605,ER:-4929,VEL:-161.8,MOT:1,TILT:25.0,TRIM:0.000,ATE:0,LATCH:0,TORQ:1,CR:0.0,FX1:1.00,FY1:-151.10,FX2:-6.00,FY2:-149.60,IK1:1,IK2:1,MOVE:0
[2026-09-10 22:23:55.574] [RX] PITCH:0.99,PID_OUT:-43.49,INT:-0.0804,EL:-4635,ER:-4921,VEL:-191.6,MOT:1,TILT:25.0,TRIM:0.000,ATE:0,LATCH:0,TORQ:1,CR:0.0,FX1:1.00,FY1:-151.10,FX2:-6.00,FY2:-149.60,IK1:1,IK2:1,MOVE:0
[2026-09-10 22:23:55.675] [RX] PITCH:1.49,PID_OUT:-54.00,INT:-0.0985,EL:-4658,ER:-4915,VEL:-158.2,MOT:1,TILT:25.0,TRIM:0.000,ATE:0,LATCH:0,TORQ:1,CR:0.0,FX1:1.00,FY1:-151.10,FX2:-6.00,FY2:-149.60,IK1:1,IK2:1,MOVE:0
[2026-09-10 22:23:55.780] [RX] PITCH:0.93,PID_OUT:-29.04,INT:-0.0855,EL:-4693,ER:-4911,VEL:-222.2,MOT:1,TILT:25.0,TRIM:0.000,ATE:0,LATCH:0,TORQ:1,CR:0.0,FX1:1.00,FY1:-151.10,FX2:-6.00,FY2:-149.60,IK1:1,IK2:1,MOVE:0
[2026-09-10 22:23:55.787] [RX] AX12:MODE:0,TQ:1,TL:1023,CM:1,CS:4,MS:0,MT:800
[2026-09-10 22:23:55.877] [RX] PITCH:0.53,PID_OUT:42.54,INT:-0.0445,EL:-4696,ER:-4911,VEL:-49.0,MOT:1,TILT:25.0,TRIM:0.000,ATE:0,LATCH:0,TORQ:1,CR:0.0,FX1:1.00,FY1:-151.10,FX2:-6.00,FY2:-149.60,IK1:1,IK2:1,MOVE:0
[2026-09-10 22:23:55.877] [RX] SRV:1,36,0.0,0,0
[2026-09-10 22:23:55.973] [RX] PITCH:-0.26,PID_OUT:83.03,INT:0.0866,EL:-4692,ER:-4923,VEL:80.6,MOT:1,TILT:25.0,TRIM:0.000,ATE:0,LATCH:0,TORQ:1,CR:0.0,FX1:1.00,FY1:-151.10,FX2:-6.00,FY2:-149.60,IK1:1,IK2:1,MOVE:0
[2026-09-10 22:23:56.072] [RX] PITCH:1.58,PID_OUT:-23.04,INT:0.0910,EL:-4690,ER:-4939,VEL:56.8,MOT:1,TILT:25.0,TRIM:0.000,ATE:0,LATCH:0,TORQ:1,CR:0.0,FX1:1.00,FY1:-151.10,FX2:-6.00,FY2:-149.60,IK1:1,IK2:1,MOVE:0
[2026-09-10 22:23:56.172] [RX] PITCH:1.53,PID_OUT:-11.69,INT:0.0346,EL:-4695,ER:-4941,VEL:4.8,MOT:1,TILT:25.0,TRIM:0.000,ATE:0,LATCH:0,TORQ:1,CR:0.0,FX1:1.00,FY1:-151.10,FX2:-6.00,FY2:-149.60,IK1:1,IK2:1,MOVE:0
[2026-09-10 22:23:56.278] [RX] PITCH:1.43,PID_OUT:-30.10,INT:0.0146,EL:-4695,ER:-4941,VEL:0.9,MOT:1,TILT:25.0,TRIM:0.000,ATE:0,LATCH:0,TORQ:1,CR:0.0,FX1:1.00,FY1:-151.10,FX2:-6.00,FY2:-149.60,IK1:1,IK2:1,MOVE:0
[2026-09-10 22:23:56.285] [RX] AX12:MODE:0,TQ:1,TL:1023,CM:1,CS:4,MS:0,MT:800
[2026-09-10 22:23:56.375] [RX] PITCH:1.84,PID_OUT:-75.24,INT:-0.0316,EL:-4713,ER:-4939,VEL:-113.7,MOT:1,TILT:25.0,TRIM:0.000,ATE:0,LATCH:0,TORQ:1,CR:0.0,FX1:1.00,FY1:-151.10,FX2:-6.00,FY2:-149.60,IK1:1,IK2:1,MOVE:0
[2026-09-10 22:23:56.474] [RX] PITCH:1.72,PID_OUT:-83.76,INT:-0.0866,EL:-4735,ER:-4933,VEL:-136.7,MOT:1,TILT:25.0,TRIM:0.000,ATE:0,LATCH:0,TORQ:1,CR:0.0,FX1:1.00,FY1:-151.10,FX2:-6.00,FY2:-149.60,IK1:1,IK2:1,MOVE:0
[2026-09-10 22:23:56.574] [RX] PITCH:1.07,PID_OUT:-35.14,INT:-0.0963,EL:-4760,ER:-4926,VEL:-150.9,MOT:1,TILT:25.0,TRIM:0.000,ATE:0,LATCH:0,TORQ:1,CR:0.0,FX1:1.00,FY1:-151.10,FX2:-6.00,FY2:-149.60,IK1:1,IK2:1,MOVE:0
[2026-09-10 22:23:56.674] [RX] PITCH:1.09,PID_OUT:-41.10,INT:-0.0816,EL:-4784,ER:-4925,VEL:-120.2,MOT:1,TILT:25.0,TRIM:0.000,ATE:0,LATCH:0,TORQ:1,CR:0.0,FX1:1.00,FY1:-151.10,FX2:-6.00,FY2:-149.60,IK1:1,IK2:1,MOVE:0
[2026-09-10 22:23:56.773] [RX] PITCH:0.97,PID_OUT:-13.10,INT:-0.0681,EL:-4784,ER:-4925,VEL:-23.7,MOT:1,TILT:25.0,TRIM:0.000,ATE:0,LATCH:0,TORQ:1,CR:0.0,FX1:1.00,FY1:-151.10,FX2:-6.00,FY2:-149.60,IK1:1,IK2:1,MOVE:0
[2026-09-10 22:23:56.782] [RX] AX12:MODE:0,TQ:1,TL:1023,CM:1,CS:4,MS:0,MT:800
[2026-09-10 22:23:56.877] [RX] PITCH:-0.05,PID_OUT:111.03,INT:0.0065,EL:-4783,ER:-4952,VEL:100.1,MOT:1,TILT:25.0,TRIM:0.000,ATE:0,LATCH:0,TORQ:1,CR:0.0,FX1:1.00,FY1:-151.10,FX2:-6.00,FY2:-149.60,IK1:1,IK2:1,MOVE:0
[2026-09-10 22:23:56.877] [RX] SRV:6,36,0.0,0,0
[2026-09-10 22:23:56.974] [RX] PITCH:0.90,PID_OUT:-0.09,INT:0.0985,EL:-4774,ER:-4973,VEL:138.1,MOT:1,TILT:25.0,TRIM:0.000,ATE:0,LATCH:0,TORQ:1,CR:0.0,FX1:1.00,FY1:-151.10,FX2:-6.00,FY2:-149.60,IK1:1,IK2:1,MOVE:0
[2026-09-10 22:23:57.067] [RX] PITCH:2.16,PID_OUT:-52.39,INT:0.0305,EL:-4781,ER:-4978,VEL:19.1,MOT:1,TILT:25.0,TRIM:0.000,ATE:0,LATCH:0,TORQ:1,CR:0.0,FX1:1.00,FY1:-151.10,FX2:-6.00,FY2:-149.60,IK1:1,IK2:1,MOVE:0
[2026-09-10 22:23:57.173] [RX] PITCH:1.88,PID_OUT:-82.05,INT:-0.0393,EL:-4797,ER:-4977,VEL:-112.8,MOT:1,TILT:25.0,TRIM:0.000,ATE:0,LATCH:0,TORQ:1,CR:0.0,FX1:1.00,FY1:-151.10,FX2:-6.00,FY2:-149.60,IK1:1,IK2:1,MOVE:0
[2026-09-10 22:23:57.273] [RX] PITCH:1.41,PID_OUT:-62.16,INT:-0.0855,EL:-4821,ER:-4972,VEL:-130.9,MOT:1,TILT:25.0,TRIM:0.000,ATE:0,LATCH:0,TORQ:1,CR:0.0,FX1:1.00,FY1:-151.10,FX2:-6.00,FY2:-149.60,IK1:1,IK2:1,MOVE:0
[2026-09-10 22:23:57.281] [RX] AX12:MODE:0,TQ:1,TL:1023,CM:1,CS:4,MS:0,MT:800
[2026-09-10 22:23:57.374] [RX] PITCH:1.11,PID_OUT:-53.03,INT:-0.0886,EL:-4840,ER:-4967,VEL:-104.2,MOT:1,TILT:25.0,TRIM:0.000,ATE:0,LATCH:0,TORQ:1,CR:0.0,FX1:1.00,FY1:-151.10,FX2:-6.00,FY2:-149.60,IK1:1,IK2:1,MOVE:0
[2026-09-10 22:23:57.407] [TX] S1.4000000000000001
[2026-09-10 22:23:57.477] [RX] PITCH:1.41,PID_OUT:-84.20,INT:-0.0932,EL:-4919,ER:-4965,VEL:-311.1,MOT:1,TILT:25.0,TRIM:0.000,ATE:0,LATCH:0,TORQ:1,CR:0.0,FX1:1.00,FY1:-151.10,FX2:-6.00,FY2:-149.60,IK1:1,IK2:1,MOVE:0
[2026-09-10 22:23:57.502] [RX] Updated -> P:78.000 I:650.000 D:3.520 Offset:-2.4097 Target:1.400 Alpha:0.9600 Tilt:25.00 TrimGain:0.0015 Crouch:0.00 VP:0.0030
[2026-09-10 22:23:57.573] [RX] PITCH:1.40,PID_OUT:-51.99,INT:-0.0984,EL:-4936,ER:-4965,VEL:-150.8,MOT:1,TILT:25.0,TRIM:0.000,ATE:0,LATCH:0,TORQ:1,CR:0.0,FX1:1.00,FY1:-151.10,FX2:-6.00,FY2:-149.60,IK1:1,IK2:1,MOVE:0
[2026-09-10 22:23:57.676] [RX] PITCH:0.94,PID_OUT:-2.63,INT:-0.0726,EL:-4944,ER:-4965,VEL:-48.6,MOT:1,TILT:25.0,TRIM:0.000,ATE:0,LATCH:0,TORQ:1,CR:0.0,FX1:1.00,FY1:-151.10,FX2:-6.00,FY2:-149.60,IK1:1,IK2:1,MOVE:0
[2026-09-10 22:23:57.784] [RX] PITCH:0.01,PID_OUT:115.05,INT:0.0155,EL:-4943,ER:-4971,VEL:30.3,MOT:1,TILT:25.0,TRIM:0.000,ATE:0,LATCH:0,TORQ:1,CR:0.0,FX1:1.00,FY1:-151.10,FX2:-6.00,FY2:-149.60,IK1:1,IK2:1,MOVE:0
[2026-09-10 22:23:57.784] [RX] AX12:MODE:0,TQ:1,TL:1023,CM:1,CS:4,MS:0,MT:800
[2026-09-10 22:23:57.875] [RX] PITCH:1.03,PID_OUT:35.30,INT:0.0985,EL:-4937,ER:-4993,VEL:119.0,MOT:1,TILT:25.0,TRIM:0.000,ATE:0,LATCH:0,TORQ:1,CR:0.0,FX1:1.00,FY1:-151.10,FX2:-6.00,FY2:-149.60,IK1:1,IK2:1,MOVE:0
[2026-09-10 22:23:57.875] [RX] SRV:0,35,0.0,0,0
[2026-09-10 22:23:57.968] [RX] PITCH:1.76,PID_OUT:9.26,INT:0.0760,EL:-4941,ER:-5003,VEL:30.3,MOT:1,TILT:25.0,TRIM:0.000,ATE:0,LATCH:0,TORQ:1,CR:0.0,FX1:1.00,FY1:-151.10,FX2:-6.00,FY2:-149.60,IK1:1,IK2:1,MOVE:0
[2026-09-10 22:23:58.068] [RX] PITCH:1.65,PID_OUT:-6.60,INT:0.0488,EL:-4941,ER:-5003,VEL:6.0,MOT:1,TILT:25.0,TRIM:0.000,ATE:0,LATCH:0,TORQ:1,CR:0.0,FX1:1.00,FY1:-151.10,FX2:-6.00,FY2:-149.60,IK1:1,IK2:1,MOVE:0
[2026-09-10 22:23:58.170] [RX] PITCH:1.88,PID_OUT:-54.41,INT:0.0129,EL:-4941,ER:-5003,VEL:1.2,MOT:1,TILT:25.0,TRIM:0.000,ATE:0,LATCH:0,TORQ:1,CR:0.0,FX1:1.00,FY1:-151.10,FX2:-6.00,FY2:-149.60,IK1:1,IK2:1,MOVE:0
[2026-09-10 22:23:58.271] [RX] PITCH:2.32,PID_OUT:-80.91,INT:-0.0793,EL:-4968,ER:-4999,VEL:-137.3,MOT:1,TILT:25.0,TRIM:0.000,ATE:0,LATCH:0,TORQ:1,CR:0.0,FX1:1.00,FY1:-151.10,FX2:-6.00,FY2:-149.60,IK1:1,IK2:1,MOVE:0
[2026-09-10 22:23:58.280] [RX] AX12:MODE:0,TQ:1,TL:1023,CM:1,CS:4,MS:0,MT:800
[2026-09-10 22:23:58.369] [RX] PITCH:0.84,PID_OUT:10.83,INT:-0.0791,EL:-4992,ER:-4996,VEL:-115.9,MOT:1,TILT:25.0,TRIM:0.000,ATE:0,LATCH:0,TORQ:1,CR:0.0,FX1:1.00,FY1:-151.10,FX2:-6.00,FY2:-149.60,IK1:1,IK2:1,MOVE:0
[2026-09-10 22:23:58.467] [RX] PITCH:0.89,PID_OUT:27.80,INT:-0.0180,EL:-4993,ER:-4995,VEL:-26.6,MOT:1,TILT:25.0,TRIM:0.000,ATE:0,LATCH:0,TORQ:1,CR:0.0,FX1:1.00,FY1:-151.10,FX2:-6.00,FY2:-149.60,IK1:1,IK2:1,MOVE:0
[2026-09-10 22:23:58.569] [RX] PITCH:0.29,PID_OUT:108.58,INT:0.0507,EL:-4992,ER:-5004,VEL:54.7,MOT:1,TILT:25.0,TRIM:0.000,ATE:0,LATCH:0,TORQ:1,CR:0.0,FX1:1.00,FY1:-151.10,FX2:-6.00,FY2:-149.60,IK1:1,IK2:1,MOVE:0
[2026-09-10 22:23:58.672] [RX] PITCH:1.12,PID_OUT:39.37,INT:0.0985,EL:-4987,ER:-5024,VEL:114.4,MOT:1,TILT:25.0,TRIM:0.000,ATE:0,LATCH:0,TORQ:1,CR:0.0,FX1:1.00,FY1:-151.10,FX2:-6.00,FY2:-149.60,IK1:1,IK2:1,MOVE:0
[2026-09-10 22:23:58.776] [RX] PITCH:1.67,PID_OUT:28.86,INT:0.0811,EL:-4984,ER:-5041,VEL:87.9,MOT:1,TILT:25.0,TRIM:0.000,ATE:0,LATCH:0,TORQ:1,CR:0.0,FX1:1.00,FY1:-151.10,FX2:-6.00,FY2:-149.60,IK1:1,IK2:1,MOVE:0
[2026-09-10 22:23:58.781] [RX] AX12:MODE:0,TQ:1,TL:1023,CM:1,CS:4,MS:0,MT:800
[2026-09-10 22:23:58.877] [RX] PITCH:1.30,PID_OUT:43.42,INT:0.0779,EL:-4984,ER:-5041,VEL:17.3,MOT:1,TILT:25.0,TRIM:0.000,ATE:0,LATCH:0,TORQ:1,CR:0.0,FX1:1.00,FY1:-151.10,FX2:-6.00,FY2:-149.60,IK1:1,IK2:1,MOVE:0
[2026-09-10 22:23:58.877] [RX] SRV:14,35,0.0,0,0
[2026-09-10 22:23:58.967] [RX] PITCH:1.47,PID_OUT:26.77,INT:0.0824,EL:-4984,ER:-5041,VEL:3.4,MOT:1,TILT:25.0,TRIM:0.000,ATE:0,LATCH:0,TORQ:1,CR:0.0,FX1:1.00,FY1:-151.10,FX2:-6.00,FY2:-149.60,IK1:1,IK2:1,MOVE:0
[2026-09-10 22:23:59.068] [RX] PITCH:1.91,PID_OUT:-27.94,INT:0.0538,EL:-4984,ER:-5041,VEL:0.7,MOT:1,TILT:25.0,TRIM:0.000,ATE:0,LATCH:0,TORQ:1,CR:0.0,FX1:1.00,FY1:-151.10,FX2:-6.00,FY2:-149.60,IK1:1,IK2:1,MOVE:0
[2026-09-10 22:23:59.167] [RX] PITCH:2.54,PID_OUT:-71.33,INT:-0.0433,EL:-4992,ER:-5038,VEL:-58.4,MOT:1,TILT:25.0,TRIM:0.000,ATE:0,LATCH:0,TORQ:1,CR:0.0,FX1:1.00,FY1:-151.10,FX2:-6.00,FY2:-149.60,IK1:1,IK2:1,MOVE:0
[2026-09-10 22:23:59.269] [RX] PITCH:1.10,PID_OUT:-4.59,INT:-0.0730,EL:-5021,ER:-5032,VEL:-146.1,MOT:1,TILT:25.0,TRIM:0.000,ATE:0,LATCH:0,TORQ:1,CR:0.0,FX1:1.00,FY1:-151.10,FX2:-6.00,FY2:-149.60,IK1:1,IK2:1,MOVE:0
[2026-09-10 22:23:59.278] [RX] AX12:MODE:0,TQ:1,TL:1023,CM:1,CS:4,MS:0,MT:800
[2026-09-10 22:23:59.366] [RX] PITCH:0.70,PID_OUT:40.83,INT:-0.0129,EL:-5021,ER:-5101,VEL:308.1,MOT:1,TILT:25.0,TRIM:0.000,ATE:0,LATCH:0,TORQ:1,CR:0.0,FX1:1.00,FY1:-151.10,FX2:-6.00,FY2:-149.60,IK1:1,IK2:1,MOVE:0
[2026-09-10 22:23:59.465] [RX] PITCH:0.69,PID_OUT:70.95,INT:0.0641,EL:-5019,ER:-5135,VEL:166.3,MOT:1,TILT:25.0,TRIM:0.000,ATE:0,LATCH:0,TORQ:1,CR:0.0,FX1:1.00,FY1:-151.10,FX2:-6.00,FY2:-149.60,IK1:1,IK2:1,MOVE:0
[2026-09-10 22:23:59.566] [RX] PITCH:1.24,PID_OUT:54.40,INT:0.0985,EL:-5017,ER:-5155,VEL:117.4,MOT:1,TILT:25.0,TRIM:0.000,ATE:0,LATCH:0,TORQ:1,CR:0.0,FX1:1.00,FY1:-151.10,FX2:-6.00,FY2:-149.60,IK1:1,IK2:1,MOVE:0
[2026-09-10 22:23:59.666] [RX] PITCH:1.31,PID_OUT:55.78,INT:0.0985,EL:-5017,ER:-5170,VEL:98.1,MOT:1,TILT:25.0,TRIM:0.000,ATE:0,LATCH:0,TORQ:1,CR:0.0,FX1:1.00,FY1:-151.10,FX2:-6.00,FY2:-149.60,IK1:1,IK2:1,MOVE:0
[2026-09-10 22:23:59.773] [RX] PITCH:1.31,PID_OUT:59.91,INT:0.0985,EL:-5017,ER:-5170,VEL:19.3,MOT:1,TILT:25.0,TRIM:0.000,ATE:0,LATCH:0,TORQ:1,CR:0.0,FX1:1.00,FY1:-151.10,FX2:-6.00,FY2:-149.60,IK1:1,IK2:1,MOVE:0
[2026-09-10 22:23:59.776] [RX] AX12:MODE:0,TQ:1,TL:1023,CM:1,CS:4,MS:0,MT:800
[2026-09-10 22:23:59.870] [RX] PITCH:1.36,PID_OUT:53.43,INT:0.0985,EL:-5017,ER:-5170,VEL:3.8,MOT:1,TILT:25.0,TRIM:0.000,ATE:0,LATCH:0,TORQ:1,CR:0.0,FX1:1.00,FY1:-151.10,FX2:-6.00,FY2:-149.60,IK1:1,IK2:1,MOVE:0
[2026-09-10 22:23:59.870] [RX] SRV:1,37,0.0,0,0
[2026-09-10 22:23:59.967] [RX] PITCH:1.52,PID_OUT:34.82,INT:0.0940,EL:-5017,ER:-5170,VEL:0.7,MOT:1,TILT:25.0,TRIM:0.000,ATE:0,LATCH:0,TORQ:1,CR:0.0,FX1:1.00,FY1:-151.10,FX2:-6.00,FY2:-149.60,IK1:1,IK2:1,MOVE:0
[2026-09-10 22:24:00.064] [RX] PITCH:1.85,PID_OUT:-3.60,INT:0.0642,EL:-5017,ER:-5170,VEL:0.1,MOT:1,TILT:25.0,TRIM:0.000,ATE:0,LATCH:0,TORQ:1,CR:0.0,FX1:1.00,FY1:-151.10,FX2:-6.00,FY2:-149.60,IK1:1,IK2:1,MOVE:0
[2026-09-10 22:24:00.088] [TX] S1.3
[2026-09-10 22:24:00.148] [RX] Updated -> P:78.000 I:650.000 D:3.520 Offset:-2.4097 Target:1.300 Alpha:0.9600 Tilt:25.00 TrimGain:0.0015 Crouch:0.00 VP:0.0030
[2026-09-10 22:24:00.269] [RX] PITCH:1.64,PID_OUT:-52.38,INT:-0.0303,EL:-5076,ER:-5169,VEL:-179.1,MOT:1,TILT:25.0,TRIM:0.000,ATE:0,LATCH:0,TORQ:1,CR:0.0,FX1:1.00,FY1:-151.10,FX2:-6.00,FY2:-149.60,IK1:1,IK2:1,MOVE:0
[2026-09-10 22:24:00.277] [RX] AX12:MODE:0,TQ:1,TL:1023,CM:1,CS:4,MS:0,MT:800
[2026-09-10 22:24:00.367] [RX] PITCH:1.61,PID_OUT:-62.93,INT:-0.0620,EL:-5076,ER:-5168,VEL:-40.7,MOT:1,TILT:25.0,TRIM:0.000,ATE:0,LATCH:0,TORQ:1,CR:0.0,FX1:1.00,FY1:-151.10,FX2:-6.00,FY2:-149.60,IK1:1,IK2:1,MOVE:0
[2026-09-10 22:24:00.467] [RX] PITCH:1.39,PID_OUT:-63.63,INT:-0.0755,EL:-5105,ER:-5167,VEL:-136.0,MOT:1,TILT:25.0,TRIM:0.000,ATE:0,LATCH:0,TORQ:1,CR:0.0,FX1:1.00,FY1:-151.10,FX2:-6.00,FY2:-149.60,IK1:1,IK2:1,MOVE:0
[2026-09-10 22:24:00.568] [RX] PITCH:1.33,PID_OUT:-60.23,INT:-0.0825,EL:-5105,ER:-5166,VEL:-29.6,MOT:1,TILT:25.0,TRIM:0.000,ATE:0,LATCH:0,TORQ:1,CR:0.0,FX1:1.00,FY1:-151.10,FX2:-6.00,FY2:-149.60,IK1:1,IK2:1,MOVE:0
[2026-09-10 22:24:00.665] [RX] PITCH:1.22,PID_OUT:-50.07,INT:-0.0784,EL:-5105,ER:-5166,VEL:-5.8,MOT:1,TILT:25.0,TRIM:0.000,ATE:0,LATCH:0,TORQ:1,CR:0.0,FX1:1.00,FY1:-151.10,FX2:-6.00,FY2:-149.60,IK1:1,IK2:1,MOVE:0
[2026-09-10 22:24:00.767] [RX] PITCH:1.11,PID_OUT:-30.32,INT:-0.0648,EL:-5105,ER:-5166,VEL:-1.1,MOT:1,TILT:25.0,TRIM:0.000,ATE:0,LATCH:0,TORQ:1,CR:0.0,FX1:1.00,FY1:-151.10,FX2:-6.00,FY2:-149.60,IK1:1,IK2:1,MOVE:0
[2026-09-10 22:24:00.775] [RX] AX12:MODE:0,TQ:1,TL:1023,CM:1,CS:4,MS:0,MT:800
[2026-09-10 22:24:00.865] [RX] PITCH:0.92,PID_OUT:2.16,INT:-0.0354,EL:-5105,ER:-5166,VEL:-0.2,MOT:1,TILT:25.0,TRIM:0.000,ATE:0,LATCH:0,TORQ:1,CR:0.0,FX1:1.00,FY1:-151.10,FX2:-6.00,FY2:-149.60,IK1:1,IK2:1,MOVE:0
[2026-09-10 22:24:00.867] [RX] SRV:6,36,0.0,0,0
[2026-09-10 22:24:00.965] [RX] PITCH:0.83,PID_OUT:35.66,INT:0.0089,EL:-5105,ER:-5166,VEL:-0.0,MOT:1,TILT:25.0,TRIM:0.000,ATE:0,LATCH:0,TORQ:1,CR:0.0,FX1:1.00,FY1:-151.10,FX2:-6.00,FY2:-149.60,IK1:1,IK2:1,MOVE:0
[2026-09-10 22:24:01.062] [RX] PITCH:0.78,PID_OUT:73.07,INT:0.0561,EL:-5104,ER:-5175,VEL:67.1,MOT:1,TILT:25.0,TRIM:0.000,ATE:0,LATCH:0,TORQ:1,CR:0.0,FX1:1.00,FY1:-151.10,FX2:-6.00,FY2:-149.60,IK1:1,IK2:1,MOVE:0
[2026-09-10 22:24:01.165] [RX] PITCH:1.01,PID_OUT:73.84,INT:0.0927,EL:-5103,ER:-5187,VEL:55.9,MOT:1,TILT:25.0,TRIM:0.000,ATE:0,LATCH:0,TORQ:1,CR:0.0,FX1:1.00,FY1:-151.10,FX2:-6.00,FY2:-149.60,IK1:1,IK2:1,MOVE:0
[2026-09-10 22:24:01.263] [RX] PITCH:1.07,PID_OUT:67.39,INT:0.0985,EL:-5103,ER:-5204,VEL:91.3,MOT:1,TILT:25.0,TRIM:0.000,ATE:0,LATCH:0,TORQ:1,CR:0.0,FX1:1.00,FY1:-151.10,FX2:-6.00,FY2:-149.60,IK1:1,IK2:1,MOVE:0
[2026-09-10 22:24:01.272] [RX] AX12:MODE:0,TQ:1,TL:1023,CM:1,CS:4,MS:0,MT:800
[2026-09-10 22:24:01.359] [RX] PITCH:1.01,PID_OUT:82.22,INT:0.0985,EL:-5103,ER:-5256,VEL:301.0,MOT:1,TILT:25.0,TRIM:0.000,ATE:0,LATCH:0,TORQ:1,CR:0.0,FX1:1.00,FY1:-151.10,FX2:-6.00,FY2:-149.60,IK1:1,IK2:1,MOVE:0
[2026-09-10 22:24:01.464] [RX] PITCH:0.84,PID_OUT:94.43,INT:0.0985,EL:-5102,ER:-5356,VEL:467.2,MOT:1,TILT:25.0,TRIM:0.000,ATE:0,LATCH:0,TORQ:1,CR:0.0,FX1:1.00,FY1:-151.10,FX2:-6.00,FY2:-149.60,IK1:1,IK2:1,MOVE:0
[2026-09-10 22:24:01.563] [RX] PITCH:0.95,PID_OUT:79.14,INT:0.0985,EL:-5099,ER:-5456,VEL:505.2,MOT:1,TILT:25.0,TRIM:0.000,ATE:0,LATCH:0,TORQ:1,CR:0.0,FX1:1.00,FY1:-151.10,FX2:-6.00,FY2:-149.60,IK1:1,IK2:1,MOVE:0
[2026-09-10 22:24:01.666] [RX] PITCH:1.08,PID_OUT:68.54,INT:0.0985,EL:-5094,ER:-5556,VEL:519.4,MOT:1,TILT:25.0,TRIM:0.000,ATE:0,LATCH:0,TORQ:1,CR:0.0,FX1:1.00,FY1:-151.10,FX2:-6.00,FY2:-149.60,IK1:1,IK2:1,MOVE:0
[2026-09-10 22:24:01.764] [RX] PITCH:1.10,PID_OUT:72.65,INT:0.0985,EL:-5090,ER:-5656,VEL:520.8,MOT:1,TILT:25.0,TRIM:0.000,ATE:0,LATCH:0,TORQ:1,CR:0.0,FX1:1.00,FY1:-151.10,FX2:-6.00,FY2:-149.60,IK1:1,IK2:1,MOVE:0
[2026-09-10 22:24:01.774] [RX] AX12:MODE:0,TQ:1,TL:1023,CM:1,CS:4,MS:0,MT:800
[2026-09-10 22:24:01.870] [RX] PITCH:1.06,PID_OUT:76.91,INT:0.0985,EL:-5086,ER:-5756,VEL:522.7,MOT:1,TILT:25.0,TRIM:0.000,ATE:0,LATCH:0,TORQ:1,CR:0.0,FX1:1.00,FY1:-151.10,FX2:-6.00,FY2:-149.60,IK1:1,IK2:1,MOVE:0
[2026-09-10 22:24:01.870] [RX] SRV:0,35,0.0,0,0
[2026-09-10 22:24:01.963] [RX] PITCH:1.03,PID_OUT:79.76,INT:0.0985,EL:-5082,ER:-5856,VEL:522.2,MOT:1,TILT:25.0,TRIM:0.000,ATE:0,LATCH:0,TORQ:1,CR:0.0,FX1:1.00,FY1:-151.10,FX2:-6.00,FY2:-149.60,IK1:1,IK2:1,MOVE:0
[2026-09-10 22:24:02.061] [RX] PITCH:1.01,PID_OUT:76.41,INT:0.0985,EL:-5077,ER:-5956,VEL:526.0,MOT:1,TILT:25.0,TRIM:0.000,ATE:0,LATCH:0,TORQ:1,CR:0.0,FX1:1.00,FY1:-151.10,FX2:-6.00,FY2:-149.60,IK1:1,IK2:1,MOVE:0
[2026-09-10 22:24:02.161] [RX] PITCH:1.10,PID_OUT:70.31,INT:0.0985,EL:-5071,ER:-6056,VEL:531.0,MOT:1,TILT:25.0,TRIM:0.000,ATE:0,LATCH:0,TORQ:1,CR:0.0,FX1:1.00,FY1:-151.10,FX2:-6.00,FY2:-149.60,IK1:1,IK2:1,MOVE:0
[2026-09-10 22:24:02.262] [RX] PITCH:1.03,PID_OUT:77.63,INT:0.0985,EL:-5066,ER:-6156,VEL:526.6,MOT:1,TILT:25.0,TRIM:0.000,ATE:0,LATCH:0,TORQ:1,CR:0.0,FX1:1.00,FY1:-151.10,FX2:-6.00,FY2:-149.60,IK1:1,IK2:1,MOVE:0
[2026-09-10 22:24:02.271] [RX] AX12:MODE:0,TQ:1,TL:1023,CM:1,CS:4,MS:0,MT:800
[2026-09-10 22:24:02.362] [RX] PITCH:0.99,PID_OUT:77.28,INT:0.0985,EL:-5059,ER:-6256,VEL:534.6,MOT:1,TILT:25.0,TRIM:0.000,ATE:0,LATCH:0,TORQ:1,CR:0.0,FX1:1.00,FY1:-151.10,FX2:-6.00,FY2:-149.60,IK1:1,IK2:1,MOVE:0
[2026-09-10 22:24:02.459] [RX] PITCH:1.01,PID_OUT:78.78,INT:0.0985,EL:-5053,ER:-6356,VEL:530.2,MOT:1,TILT:25.0,TRIM:0.000,ATE:0,LATCH:0,TORQ:1,CR:0.0,FX1:1.00,FY1:-151.10,FX2:-6.00,FY2:-149.60,IK1:1,IK2:1,MOVE:0
[2026-09-10 22:24:02.559] [RX] PITCH:1.03,PID_OUT:76.86,INT:0.0985,EL:-5046,ER:-6456,VEL:533.3,MOT:1,TILT:25.0,TRIM:0.000,ATE:0,LATCH:0,TORQ:1,CR:0.0,FX1:1.00,FY1:-151.10,FX2:-6.00,FY2:-149.60,IK1:1,IK2:1,MOVE:0
[2026-09-10 22:24:02.660] [RX] PITCH:1.07,PID_OUT:71.87,INT:0.0985,EL:-5039,ER:-6556,VEL:532.9,MOT:1,TILT:25.0,TRIM:0.000,ATE:0,LATCH:0,TORQ:1,CR:0.0,FX1:1.00,FY1:-151.10,FX2:-6.00,FY2:-149.60,IK1:1,IK2:1,MOVE:0
[2026-09-10 22:24:02.766] [RX] PITCH:1.01,PID_OUT:76.05,INT:0.0985,EL:-5031,ER:-6656,VEL:539.1,MOT:1,TILT:25.0,TRIM:0.000,ATE:0,LATCH:0,TORQ:1,CR:0.0,FX1:1.00,FY1:-151.10,FX2:-6.00,FY2:-149.60,IK1:1,IK2:1,MOVE:0
[2026-09-10 22:24:02.771] [RX] AX12:MODE:0,TQ:1,TL:1023,CM:1,CS:4,MS:0,MT:800
[2026-09-10 22:24:02.863] [RX] PITCH:0.98,PID_OUT:80.65,INT:0.0985,EL:-5024,ER:-6755,VEL:532.4,MOT:1,TILT:25.0,TRIM:0.000,ATE:0,LATCH:0,TORQ:1,CR:0.0,FX1:1.00,FY1:-151.10,FX2:-6.00,FY2:-149.60,IK1:1,IK2:1,MOVE:0
[2026-09-10 22:24:02.869] [RX] SRV:14,35,0.0,0,0
[2026-09-10 22:24:02.960] [RX] PITCH:0.97,PID_OUT:80.14,INT:0.0985,EL:-5016,ER:-6855,VEL:538.6,MOT:1,TILT:25.0,TRIM:0.000,ATE:0,LATCH:0,TORQ:1,CR:0.0,FX1:1.00,FY1:-151.10,FX2:-6.00,FY2:-149.60,IK1:1,IK2:1,MOVE:0
[2026-09-10 22:24:03.062] [RX] PITCH:1.03,PID_OUT:75.04,INT:0.0985,EL:-5008,ER:-6955,VEL:537.4,MOT:1,TILT:25.0,TRIM:0.000,ATE:0,LATCH:0,TORQ:1,CR:0.0,FX1:1.00,FY1:-151.10,FX2:-6.00,FY2:-149.60,IK1:1,IK2:1,MOVE:0
[2026-09-10 22:24:03.164] [RX] PITCH:1.03,PID_OUT:73.90,INT:0.0985,EL:-5000,ER:-7055,VEL:536.6,MOT:1,TILT:25.0,TRIM:0.000,ATE:0,LATCH:0,TORQ:1,CR:0.0,FX1:1.00,FY1:-151.10,FX2:-6.00,FY2:-149.60,IK1:1,IK2:1,MOVE:0
[2026-09-10 22:24:03.269] [RX] PITCH:0.96,PID_OUT:77.74,INT:0.0985,EL:-4991,ER:-7155,VEL:544.0,MOT:1,TILT:25.0,TRIM:0.000,ATE:0,LATCH:0,TORQ:1,CR:0.0,FX1:1.00,FY1:-151.10,FX2:-6.00,FY2:-149.60,IK1:1,IK2:1,MOVE:0
[2026-09-10 22:24:03.270] [RX] AX12:MODE:0,TQ:1,TL:1023,CM:1,CS:4,MS:0,MT:800
[2026-09-10 22:24:03.360] [RX] PITCH:1.10,PID_OUT:71.29,INT:0.0985,EL:-4983,ER:-7255,VEL:542.4,MOT:1,TILT:25.0,TRIM:0.000,ATE:0,LATCH:0,TORQ:1,CR:0.0,FX1:1.00,FY1:-151.10,FX2:-6.00,FY2:-149.60,IK1:1,IK2:1,MOVE:0
[2026-09-10 22:24:03.459] [RX] PITCH:1.00,PID_OUT:77.21,INT:0.0985,EL:-4975,ER:-7356,VEL:544.3,MOT:1,TILT:25.0,TRIM:0.000,ATE:0,LATCH:0,TORQ:1,CR:0.0,FX1:1.00,FY1:-151.10,FX2:-6.00,FY2:-149.60,IK1:1,IK2:1,MOVE:0
[2026-09-10 22:24:03.560] [RX] PITCH:1.05,PID_OUT:71.60,INT:0.0985,EL:-4967,ER:-7369,VEL:163.4,MOT:1,TILT:25.0,TRIM:0.000,ATE:0,LATCH:0,TORQ:1,CR:0.0,FX1:1.00,FY1:-151.10,FX2:-6.00,FY2:-149.60,IK1:1,IK2:1,MOVE:0
[2026-09-10 22:24:03.657] [RX] PITCH:1.02,PID_OUT:76.51,INT:0.0985,EL:-4958,ER:-7369,VEL:69.0,MOT:1,TILT:25.0,TRIM:0.000,ATE:0,LATCH:0,TORQ:1,CR:0.0,FX1:1.00,FY1:-151.10,FX2:-6.00,FY2:-149.60,IK1:1,IK2:1,MOVE:0
[2026-09-10 22:24:03.760] [RX] PITCH:1.13,PID_OUT:61.84,INT:0.0985,EL:-4950,ER:-7379,VEL:103.3,MOT:1,TILT:25.0,TRIM:0.000,ATE:0,LATCH:0,TORQ:1,CR:0.0,FX1:1.00,FY1:-151.10,FX2:-6.00,FY2:-149.60,IK1:1,IK2:1,MOVE:0
[2026-09-10 22:24:03.768] [RX] AX12:MODE:0,TQ:1,TL:1023,CM:1,CS:4,MS:0,MT:800
[2026-09-10 22:24:03.858] [RX] PITCH:1.05,PID_OUT:68.02,INT:0.0985,EL:-4943,ER:-7396,VEL:126.2,MOT:1,TILT:25.0,TRIM:0.000,ATE:0,LATCH:0,TORQ:1,CR:0.0,FX1:1.00,FY1:-151.10,FX2:-6.00,FY2:-149.60,IK1:1,IK2:1,MOVE:0
[2026-09-10 22:24:03.862] [RX] SRV:1,37,0.0,0,0
[2026-09-10 22:24:03.958] [RX] PITCH:1.21,PID_OUT:65.24,INT:0.0985,EL:-4937,ER:-7407,VEL:80.0,MOT:1,TILT:25.0,TRIM:0.000,ATE:0,LATCH:0,TORQ:1,CR:0.0,FX1:1.00,FY1:-151.10,FX2:-6.00,FY2:-149.60,IK1:1,IK2:1,MOVE:0
[2026-09-10 22:24:04.058] [RX] PITCH:1.15,PID_OUT:67.17,INT:0.0985,EL:-4932,ER:-7407,VEL:34.9,MOT:1,TILT:25.0,TRIM:0.000,ATE:0,LATCH:0,TORQ:1,CR:0.0,FX1:1.00,FY1:-151.10,FX2:-6.00,FY2:-149.60,IK1:1,IK2:1,MOVE:0
[2026-09-10 22:24:04.159] [RX] PITCH:1.19,PID_OUT:63.17,INT:0.0985,EL:-4927,ER:-7407,VEL:27.3,MOT:1,TILT:25.0,TRIM:0.000,ATE:0,LATCH:0,TORQ:1,CR:0.0,FX1:1.00,FY1:-151.10,FX2:-6.00,FY2:-149.60,IK1:1,IK2:1,MOVE:0
[2026-09-10 22:24:04.268] [RX] PITCH:1.21,PID_OUT:61.14,INT:0.0985,EL:-4924,ER:-7407,VEL:16.2,MOT:1,TILT:25.0,TRIM:0.000,ATE:0,LATCH:0,TORQ:1,CR:0.0,FX1:1.00,FY1:-151.10,FX2:-6.00,FY2:-149.60,IK1:1,IK2:1,MOVE:0
[2026-09-10 22:24:04.268] [RX] AX12:MODE:0,TQ:1,TL:1023,CM:1,CS:4,MS:0,MT:800
[2026-09-10 22:24:04.360] [RX] PITCH:1.21,PID_OUT:63.14,INT:0.0985,EL:-4922,ER:-7407,VEL:9.1,MOT:1,TILT:25.0,TRIM:0.000,ATE:0,LATCH:0,TORQ:1,CR:0.0,FX1:1.00,FY1:-151.10,FX2:-6.00,FY2:-149.60,IK1:1,IK2:1,MOVE:0
[2026-09-10 22:24:04.455] [RX] PITCH:1.14,PID_OUT:68.17,INT:0.0985,EL:-4922,ER:-7407,VEL:1.8,MOT:1,TILT:25.0,TRIM:0.000,ATE:0,LATCH:0,TORQ:1,CR:0.0,FX1:1.00,FY1:-151.10,FX2:-6.00,FY2:-149.60,IK1:1,IK2:1,MOVE:0
[2026-09-10 22:24:04.556] [RX] PITCH:1.20,PID_OUT:59.13,INT:0.0985,EL:-4922,ER:-7407,VEL:0.4,MOT:1,TILT:25.0,TRIM:0.000,ATE:0,LATCH:0,TORQ:1,CR:0.0,FX1:1.00,FY1:-151.10,FX2:-6.00,FY2:-149.60,IK1:1,IK2:1,MOVE:0
[2026-09-10 22:24:04.657] [RX] PITCH:1.34,PID_OUT:43.47,INT:0.0977,EL:-4922,ER:-7407,VEL:0.1,MOT:1,TILT:25.0,TRIM:0.000,ATE:0,LATCH:0,TORQ:1,CR:0.0,FX1:1.00,FY1:-151.10,FX2:-6.00,FY2:-149.60,IK1:1,IK2:1,MOVE:0
[2026-09-10 22:24:04.762] [RX] PITCH:1.61,PID_OUT:5.40,INT:0.0793,EL:-4922,ER:-7407,VEL:0.0,MOT:1,TILT:25.0,TRIM:0.000,ATE:0,LATCH:0,TORQ:1,CR:0.0,FX1:1.00,FY1:-151.10,FX2:-6.00,FY2:-149.60,IK1:1,IK2:1,MOVE:0
[2026-09-10 22:24:04.765] [RX] AX12:MODE:0,TQ:1,TL:1023,CM:1,CS:4,MS:0,MT:800
[2026-09-10 22:24:04.861] [RX] PITCH:1.96,PID_OUT:-61.90,INT:0.0304,EL:-4922,ER:-7406,VEL:-6.4,MOT:1,TILT:25.0,TRIM:0.000,ATE:0,LATCH:0,TORQ:1,CR:0.0,FX1:1.00,FY1:-151.10,FX2:-6.00,FY2:-149.60,IK1:1,IK2:1,MOVE:0
[2026-09-10 22:24:04.861] [RX] SRV:6,36,0.0,0,0
[2026-09-10 22:24:04.957] [RX] PITCH:2.04,PID_OUT:-85.40,INT:-0.0543,EL:-4948,ER:-7402,VEL:-117.8,MOT:1,TILT:25.0,TRIM:0.000,ATE:0,LATCH:0,TORQ:1,CR:0.0,FX1:1.00,FY1:-151.10,FX2:-6.00,FY2:-149.60,IK1:1,IK2:1,MOVE:0
[2026-09-10 22:24:05.055] [RX] PITCH:1.32,PID_OUT:-53.73,INT:-0.0866,EL:-4977,ER:-7395,VEL:-168.9,MOT:1,TILT:25.0,TRIM:0.000,ATE:0,LATCH:0,TORQ:1,CR:0.0,FX1:1.00,FY1:-151.10,FX2:-6.00,FY2:-149.60,IK1:1,IK2:1,MOVE:0
[2026-09-10 22:24:05.156] [RX] PITCH:1.49,PID_OUT:-84.54,INT:-0.0881,EL:-5002,ER:-7393,VEL:-134.4,MOT:1,TILT:25.0,TRIM:0.000,ATE:0,LATCH:0,TORQ:1,CR:0.0,FX1:1.00,FY1:-151.10,FX2:-6.00,FY2:-149.60,IK1:1,IK2:1,MOVE:0
[2026-09-10 22:24:05.262] [RX] PITCH:1.54,PID_OUT:-68.36,INT:-0.0985,EL:-5016,ER:-7393,VEL:-85.4,MOT:1,TILT:25.0,TRIM:0.000,ATE:0,LATCH:0,TORQ:1,CR:0.0,FX1:1.00,FY1:-151.10,FX2:-6.00,FY2:-149.60,IK1:1,IK2:1,MOVE:0
[2026-09-10 22:24:05.265] [RX] AX12:MODE:0,TQ:1,TL:1023,CM:1,CS:4,MS:0,MT:800
[2026-09-10 22:24:05.357] [RX] PITCH:0.95,PID_OUT:-14.67,INT:-0.0859,EL:-5037,ER:-7393,VEL:-109.3,MOT:1,TILT:25.0,TRIM:0.000,ATE:0,LATCH:0,TORQ:1,CR:0.0,FX1:1.00,FY1:-151.10,FX2:-6.00,FY2:-149.60,IK1:1,IK2:1,MOVE:0
[2026-09-10 22:24:05.460] [RX] PITCH:0.60,PID_OUT:32.15,INT:-0.0293,EL:-5046,ER:-7393,VEL:-46.2,MOT:1,TILT:25.0,TRIM:0.000,ATE:0,LATCH:0,TORQ:1,CR:0.0,FX1:1.00,FY1:-151.10,FX2:-6.00,FY2:-149.60,IK1:1,IK2:1,MOVE:0
[2026-09-10 22:24:05.556] [RX] PITCH:0.75,PID_OUT:63.44,INT:0.0305,EL:-5047,ER:-7434,VEL:136.1,MOT:1,TILT:25.0,TRIM:0.000,ATE:0,LATCH:0,TORQ:1,CR:0.0,FX1:1.00,FY1:-151.10,FX2:-6.00,FY2:-149.60,IK1:1,IK2:1,MOVE:0
[2026-09-10 22:24:05.654] [RX] PITCH:0.71,PID_OUT:89.37,INT:0.0956,EL:-5045,ER:-7451,VEL:119.9,MOT:1,TILT:25.0,TRIM:0.000,ATE:0,LATCH:0,TORQ:1,CR:0.0,FX1:1.00,FY1:-151.10,FX2:-6.00,FY2:-149.60,IK1:1,IK2:1,MOVE:0
[2026-09-10 22:24:05.756] [RX] PITCH:1.13,PID_OUT:60.73,INT:0.0985,EL:-5041,ER:-7468,VEL:108.8,MOT:1,TILT:25.0,TRIM:0.000,ATE:0,LATCH:0,TORQ:1,CR:0.0,FX1:1.00,FY1:-151.10,FX2:-6.00,FY2:-149.60,IK1:1,IK2:1,MOVE:0
[2026-09-10 22:24:05.763] [RX] AX12:MODE:0,TQ:1,TL:1023,CM:1,CS:4,MS:0,MT:800
[2026-09-10 22:24:05.869] [RX] PITCH:0.99,PID_OUT:87.41,INT:0.0985,EL:-5038,ER:-7489,VEL:126.2,MOT:1,TILT:25.0,TRIM:0.000,ATE:0,LATCH:0,TORQ:1,CR:0.0,FX1:1.00,FY1:-151.10,FX2:-6.00,FY2:-149.60,IK1:1,IK2:1,MOVE:0
[2026-09-10 22:24:05.871] [RX] SRV:0,35,0.0,0,0
[2026-09-10 22:24:05.953] [RX] PITCH:0.95,PID_OUT:80.54,INT:0.0985,EL:-5034,ER:-7509,VEL:122.6,MOT:1,TILT:25.0,TRIM:0.000,ATE:0,LATCH:0,TORQ:1,CR:0.0,FX1:1.00,FY1:-151.10,FX2:-6.00,FY2:-149.60,IK1:1,IK2:1,MOVE:0
[2026-09-10 22:24:06.054] [RX] PITCH:0.95,PID_OUT:75.73,INT:0.0985,EL:-5029,ER:-7528,VEL:122.6,MOT:1,TILT:25.0,TRIM:0.000,ATE:0,LATCH:0,TORQ:1,CR:0.0,FX1:1.00,FY1:-151.10,FX2:-6.00,FY2:-149.60,IK1:1,IK2:1,MOVE:0
[2026-09-10 22:24:06.155] [RX] PITCH:1.00,PID_OUT:75.29,INT:0.0985,EL:-5024,ER:-7549,VEL:131.9,MOT:1,TILT:25.0,TRIM:0.000,ATE:0,LATCH:0,TORQ:1,CR:0.0,FX1:1.00,FY1:-151.10,FX2:-6.00,FY2:-149.60,IK1:1,IK2:1,MOVE:0
[2026-09-10 22:24:06.255] [RX] PITCH:1.05,PID_OUT:71.61,INT:0.0985,EL:-5019,ER:-7570,VEL:126.3,MOT:1,TILT:25.0,TRIM:0.000,ATE:0,LATCH:0,TORQ:1,CR:0.0,FX1:1.00,FY1:-151.10,FX2:-6.00,FY2:-149.60,IK1:1,IK2:1,MOVE:0
[2026-09-10 22:24:06.264] [RX] AX12:MODE:0,TQ:1,TL:1023,CM:1,CS:4,MS:0,MT:800
[2026-09-10 22:24:06.353] [RX] PITCH:1.04,PID_OUT:75.49,INT:0.0985,EL:-5014,ER:-7589,VEL:121.6,MOT:1,TILT:25.0,TRIM:0.000,ATE:0,LATCH:0,TORQ:1,CR:0.0,FX1:1.00,FY1:-151.10,FX2:-6.00,FY2:-149.60,IK1:1,IK2:1,MOVE:0
[2026-09-10 22:24:06.454] [RX] PITCH:1.06,PID_OUT:77.65,INT:0.0985,EL:-5008,ER:-7610,VEL:133.1,MOT:1,TILT:25.0,TRIM:0.000,ATE:0,LATCH:0,TORQ:1,CR:0.0,FX1:1.00,FY1:-151.10,FX2:-6.00,FY2:-149.60,IK1:1,IK2:1,MOVE:0
[2026-09-10 22:24:06.557] [RX] PITCH:1.14,PID_OUT:67.84,INT:0.0985,EL:-5003,ER:-7630,VEL:122.2,MOT:1,TILT:25.0,TRIM:0.000,ATE:0,LATCH:0,TORQ:1,CR:0.0,FX1:1.00,FY1:-151.10,FX2:-6.00,FY2:-149.60,IK1:1,IK2:1,MOVE:0
[2026-09-10 22:24:06.654] [RX] PITCH:0.99,PID_OUT:80.03,INT:0.0985,EL:-4997,ER:-7653,VEL:138.0,MOT:1,TILT:25.0,TRIM:0.000,ATE:0,LATCH:0,TORQ:1,CR:0.0,FX1:1.00,FY1:-151.10,FX2:-6.00,FY2:-149.60,IK1:1,IK2:1,MOVE:0
[2026-09-10 22:24:06.767] [RX] PITCH:1.14,PID_OUT:68.39,INT:0.0985,EL:-4990,ER:-7672,VEL:130.8,MOT:1,TILT:25.0,TRIM:0.000,ATE:0,LATCH:0,TORQ:1,CR:0.0,FX1:1.00,FY1:-151.10,FX2:-6.00,FY2:-149.60,IK1:1,IK2:1,MOVE:0
[2026-09-10 22:24:06.767] [RX] AX12:MODE:0,TQ:1,TL:1023,CM:1,CS:4,MS:0,MT:800
[2026-09-10 22:24:06.856] [RX] PITCH:1.10,PID_OUT:68.41,INT:0.0985,EL:-4984,ER:-7691,VEL:130.3,MOT:1,TILT:25.0,TRIM:0.000,ATE:0,LATCH:0,TORQ:1,CR:0.0,FX1:1.00,FY1:-151.10,FX2:-6.00,FY2:-149.60,IK1:1,IK2:1,MOVE:0
[2026-09-10 22:24:06.856] [RX] SRV:14,36,0.0,0,0
[2026-09-10 22:24:06.950] [RX] PITCH:0.94,PID_OUT:96.21,INT:0.0985,EL:-4978,ER:-7713,VEL:140.7,MOT:1,TILT:25.0,TRIM:0.000,ATE:0,LATCH:0,TORQ:1,CR:0.0,FX1:1.00,FY1:-151.10,FX2:-6.00,FY2:-149.60,IK1:1,IK2:1,MOVE:0
[2026-09-10 22:24:07.050] [RX] PITCH:0.87,PID_OUT:80.69,INT:0.0985,EL:-4968,ER:-7734,VEL:154.9,MOT:1,TILT:25.0,TRIM:0.000,ATE:0,LATCH:0,TORQ:1,CR:0.0,FX1:1.00,FY1:-151.10,FX2:-6.00,FY2:-149.60,IK1:1,IK2:1,MOVE:0
[2026-09-10 22:24:07.150] [RX] PITCH:1.17,PID_OUT:68.18,INT:0.0985,EL:-4958,ER:-7759,VEL:172.6,MOT:1,TILT:25.0,TRIM:0.000,ATE:0,LATCH:0,TORQ:1,CR:0.0,FX1:1.00,FY1:-151.10,FX2:-6.00,FY2:-149.60,IK1:1,IK2:1,MOVE:0
[2026-09-10 22:24:07.257] [RX] PITCH:0.81,PID_OUT:90.24,INT:0.0985,EL:-4949,ER:-7780,VEL:157.5,MOT:1,TILT:25.0,TRIM:0.000,ATE:0,LATCH:0,TORQ:1,CR:0.0,FX1:1.00,FY1:-151.10,FX2:-6.00,FY2:-149.60,IK1:1,IK2:1,MOVE:0
[2026-09-10 22:24:07.263] [RX] AX12:MODE:0,TQ:1,TL:1023,CM:1,CS:4,MS:0,MT:800
[2026-09-10 22:24:07.350] [RX] PITCH:1.10,PID_OUT:71.13,INT:0.0985,EL:-4937,ER:-7805,VEL:187.6,MOT:1,TILT:25.0,TRIM:0.000,ATE:0,LATCH:0,TORQ:1,CR:0.0,FX1:1.00,FY1:-151.10,FX2:-6.00,FY2:-149.60,IK1:1,IK2:1,MOVE:0
[2026-09-10 22:24:07.451] [RX] PITCH:0.89,PID_OUT:86.90,INT:0.0985,EL:-4926,ER:-7828,VEL:177.0,MOT:1,TILT:25.0,TRIM:0.000,ATE:0,LATCH:0,TORQ:1,CR:0.0,FX1:1.00,FY1:-151.10,FX2:-6.00,FY2:-149.60,IK1:1,IK2:1,MOVE:0
[2026-09-10 22:24:07.549] [RX] PITCH:1.07,PID_OUT:68.33,INT:0.0985,EL:-4913,ER:-7854,VEL:191.8,MOT:1,TILT:25.0,TRIM:0.000,ATE:0,LATCH:0,TORQ:1,CR:0.0,FX1:1.00,FY1:-151.10,FX2:-6.00,FY2:-149.60,IK1:1,IK2:1,MOVE:0
[2026-09-10 22:24:07.651] [RX] PITCH:1.01,PID_OUT:84.02,INT:0.0985,EL:-4899,ER:-7883,VEL:208.7,MOT:1,TILT:25.0,TRIM:0.000,ATE:0,LATCH:0,TORQ:1,CR:0.0,FX1:1.00,FY1:-151.10,FX2:-6.00,FY2:-149.60,IK1:1,IK2:1,MOVE:0
[2026-09-10 22:24:07.760] [RX] PITCH:0.94,PID_OUT:92.67,INT:0.0985,EL:-4884,ER:-7911,VEL:212.3,MOT:1,TILT:25.0,TRIM:0.000,ATE:0,LATCH:0,TORQ:1,CR:0.0,FX1:1.00,FY1:-151.10,FX2:-6.00,FY2:-149.60,IK1:1,IK2:1,MOVE:0
[2026-09-10 22:24:07.760] [RX] AX12:MODE:0,TQ:1,TL:1023,CM:1,CS:4,MS:0,MT:800
[2026-09-10 22:24:07.853] [RX] PITCH:0.87,PID_OUT:71.57,INT:0.0985,EL:-4866,ER:-7940,VEL:235.7,MOT:1,TILT:25.0,TRIM:0.000,ATE:0,LATCH:0,TORQ:1,CR:0.0,FX1:1.00,FY1:-151.10,FX2:-6.00,FY2:-149.60,IK1:1,IK2:1,MOVE:0
[2026-09-10 22:24:07.854] [RX] SRV:1,37,0.0,0,0
[2026-09-10 22:24:07.947] [RX] PITCH:0.91,PID_OUT:81.70,INT:0.0985,EL:-4847,ER:-7975,VEL:262.6,MOT:1,TILT:25.0,TRIM:0.000,ATE:0,LATCH:0,TORQ:1,CR:0.0,FX1:1.00,FY1:-151.10,FX2:-6.00,FY2:-149.60,IK1:1,IK2:1,MOVE:0
[2026-09-10 22:24:08.049] [RX] PITCH:0.97,PID_OUT:80.04,INT:0.0985,EL:-4826,ER:-8011,VEL:279.1,MOT:1,TILT:25.0,TRIM:0.000,ATE:0,LATCH:0,TORQ:1,CR:0.0,FX1:1.00,FY1:-151.10,FX2:-6.00,FY2:-149.60,IK1:1,IK2:1,MOVE:0
[2026-09-10 22:24:08.148] [RX] PITCH:0.86,PID_OUT:94.20,INT:0.0985,EL:-4803,ER:-8051,VEL:305.2,MOT:1,TILT:25.0,TRIM:0.000,ATE:0,LATCH:0,TORQ:1,CR:0.0,FX1:1.00,FY1:-151.10,FX2:-6.00,FY2:-149.60,IK1:1,IK2:1,MOVE:0
[2026-09-10 22:24:08.255] [RX] PITCH:0.87,PID_OUT:80.96,INT:0.0985,EL:-4778,ER:-8089,VEL:316.8,MOT:1,TILT:25.0,TRIM:0.000,ATE:0,LATCH:0,TORQ:1,CR:0.0,FX1:1.00,FY1:-151.10,FX2:-6.00,FY2:-149.60,IK1:1,IK2:1,MOVE:0
[2026-09-10 22:24:08.260] [RX] AX12:MODE:0,TQ:1,TL:1023,CM:1,CS:4,MS:0,MT:800
[2026-09-10 22:24:08.348] [RX] PITCH:1.05,PID_OUT:84.37,INT:0.0985,EL:-4753,ER:-8130,VEL:330.4,MOT:1,TILT:25.0,TRIM:0.000,ATE:0,LATCH:0,TORQ:1,CR:0.0,FX1:1.00,FY1:-151.10,FX2:-6.00,FY2:-149.60,IK1:1,IK2:1,MOVE:0
[2026-09-10 22:24:08.450] [RX] PITCH:0.85,PID_OUT:84.08,INT:0.0985,EL:-4727,ER:-8168,VEL:320.2,MOT:1,TILT:25.0,TRIM:0.000,ATE:0,LATCH:0,TORQ:1,CR:0.0,FX1:1.00,FY1:-151.10,FX2:-6.00,FY2:-149.60,IK1:1,IK2:1,MOVE:0
[2026-09-10 22:24:08.548] [RX] PITCH:-0.16,PID_OUT:279.61,INT:0.0985,EL:-4698,ER:-8201,VEL:291.1,MOT:1,TILT:25.0,TRIM:0.000,ATE:0,LATCH:0,TORQ:1,CR:0.0,FX1:1.00,FY1:-151.10,FX2:-6.00,FY2:-149.60,IK1:1,IK2:1,MOVE:0
[2026-09-10 22:24:08.649] [RX] PITCH:-0.30,PID_OUT:-23.17,INT:0.0985,EL:-4636,ER:-8202,VEL:319.4,MOT:1,TILT:25.0,TRIM:0.000,ATE:0,LATCH:0,TORQ:1,CR:0.0,FX1:1.00,FY1:-151.10,FX2:-6.00,FY2:-149.60,IK1:1,IK2:1,MOVE:0
[2026-09-10 22:24:08.759] [RX] PITCH:3.26,PID_OUT:-118.57,INT:0.0022,EL:-4601,ER:-8191,VEL:112.5,MOT:1,TILT:25.0,TRIM:0.000,ATE:0,LATCH:0,TORQ:1,CR:0.0,FX1:1.00,FY1:-151.10,FX2:-6.00,FY2:-149.60,IK1:1,IK2:1,MOVE:0
[2026-09-10 22:24:08.759] [RX] AX12:MODE:0,TQ:1,TL:1023,CM:1,CS:4,MS:0,MT:800
[2026-09-10 22:24:08.852] [RX] PITCH:1.05,PID_OUT:16.64,INT:-0.0620,EL:-4607,ER:-8167,VEL:-76.9,MOT:1,TILT:25.0,TRIM:0.000,ATE:0,LATCH:0,TORQ:1,CR:0.0,FX1:1.00,FY1:-151.10,FX2:-6.00,FY2:-149.60,IK1:1,IK2:1,MOVE:0
[2026-09-10 22:24:08.853] [RX] SRV:6,36,0.0,0,0
[2026-09-10 22:24:08.948] [RX] PITCH:0.75,PID_OUT:20.86,INT:-0.0068,EL:-4605,ER:-8173,VEL:21.3,MOT:1,TILT:25.0,TRIM:0.000,ATE:0,LATCH:0,TORQ:1,CR:0.0,FX1:1.00,FY1:-151.10,FX2:-6.00,FY2:-149.60,IK1:1,IK2:1,MOVE:0
[2026-09-10 22:24:09.049] [RX] PITCH:2.28,PID_OUT:-135.86,INT:-0.0246,EL:-4607,ER:-8173,VEL:-10.9,MOT:1,TILT:25.0,TRIM:0.000,ATE:0,LATCH:0,TORQ:1,CR:0.0,FX1:1.00,FY1:-151.10,FX2:-6.00,FY2:-149.60,IK1:1,IK2:1,MOVE:0
[2026-09-10 22:24:09.149] [RX] PITCH:2.38,PID_OUT:-88.19,INT:-0.0985,EL:-4631,ER:-8167,VEL:-129.3,MOT:1,TILT:25.0,TRIM:0.000,ATE:0,LATCH:0,TORQ:1,CR:0.0,FX1:1.00,FY1:-151.10,FX2:-6.00,FY2:-149.60,IK1:1,IK2:1,MOVE:0
[2026-09-10 22:24:09.259] [RX] PITCH:1.10,PID_OUT:-30.06,INT:-0.0937,EL:-4669,ER:-8159,VEL:-211.8,MOT:1,TILT:25.0,TRIM:0.000,ATE:0,LATCH:0,TORQ:1,CR:0.0,FX1:1.00,FY1:-151.10,FX2:-6.00,FY2:-149.60,IK1:1,IK2:1,MOVE:0
[2026-09-10 22:24:09.259] [RX] AX12:MODE:0,TQ:1,TL:1023,CM:1,CS:4,MS:0,MT:800
[2026-09-10 22:24:09.346] [RX] PITCH:1.10,PID_OUT:-54.90,INT:-0.0616,EL:-4704,ER:-8154,VEL:-200.7,MOT:1,TILT:25.0,TRIM:0.000,ATE:0,LATCH:0,TORQ:1,CR:0.0,FX1:1.00,FY1:-151.10,FX2:-6.00,FY2:-149.60,IK1:1,IK2:1,MOVE:0
[2026-09-10 22:24:09.446] [RX] PITCH:1.63,PID_OUT:-91.98,INT:-0.0816,EL:-4735,ER:-8148,VEL:-199.9,MOT:1,TILT:25.0,TRIM:0.000,ATE:0,LATCH:0,TORQ:1,CR:0.0,FX1:1.00,FY1:-151.10,FX2:-6.00,FY2:-149.60,IK1:1,IK2:1,MOVE:0
[2026-09-10 22:24:09.547] [RX] PITCH:1.49,PID_OUT:-68.90,INT:-0.0985,EL:-4765,ER:-8137,VEL:-204.0,MOT:1,TILT:25.0,TRIM:0.000,ATE:0,LATCH:0,TORQ:1,CR:0.0,FX1:1.00,FY1:-151.10,FX2:-6.00,FY2:-149.60,IK1:1,IK2:1,MOVE:0
[2026-09-10 22:24:09.648] [RX] PITCH:1.31,PID_OUT:-62.86,INT:-0.0985,EL:-4796,ER:-8127,VEL:-198.1,MOT:1,TILT:25.0,TRIM:0.000,ATE:0,LATCH:0,TORQ:1,CR:0.0,FX1:1.00,FY1:-151.10,FX2:-6.00,FY2:-149.60,IK1:1,IK2:1,MOVE:0
[2026-09-10 22:24:09.748] [RX] PITCH:1.29,PID_OUT:-68.82,INT:-0.0921,EL:-4829,ER:-8119,VEL:-192.8,MOT:1,TILT:25.0,TRIM:0.000,ATE:0,LATCH:0,TORQ:1,CR:0.0,FX1:1.00,FY1:-151.10,FX2:-6.00,FY2:-149.60,IK1:1,IK2:1,MOVE:0
[2026-09-10 22:24:09.757] [RX] AX12:MODE:0,TQ:1,TL:1023,CM:1,CS:4,MS:0,MT:800
[2026-09-10 22:24:09.847] [RX] PITCH:1.40,PID_OUT:-67.38,INT:-0.0985,EL:-4861,ER:-8111,VEL:-194.4,MOT:1,TILT:25.0,TRIM:0.000,ATE:0,LATCH:0,TORQ:1,CR:0.0,FX1:1.00,FY1:-151.10,FX2:-6.00,FY2:-149.60,IK1:1,IK2:1,MOVE:0
[2026-09-10 22:24:09.850] [RX] SRV:0,36,0.0,0,0
[2026-09-10 22:24:09.946] [RX] PITCH:1.11,PID_OUT:-45.31,INT:-0.0914,EL:-4894,ER:-8102,VEL:-203.5,MOT:1,TILT:25.0,TRIM:0.000,ATE:0,LATCH:0,TORQ:1,CR:0.0,FX1:1.00,FY1:-151.10,FX2:-6.00,FY2:-149.60,IK1:1,IK2:1,MOVE:0
[2026-09-10 22:24:10.048] [RX] PITCH:1.25,PID_OUT:-57.12,INT:-0.0760,EL:-4922,ER:-8096,VEL:-173.5,MOT:1,TILT:25.0,TRIM:0.000,ATE:0,LATCH:0,TORQ:1,CR:0.0,FX1:1.00,FY1:-151.10,FX2:-6.00,FY2:-149.60,IK1:1,IK2:1,MOVE:0
[2026-09-10 22:24:10.145] [RX] PITCH:1.33,PID_OUT:-57.80,INT:-0.0778,EL:-4949,ER:-8091,VEL:-156.2,MOT:1,TILT:25.0,TRIM:0.000,ATE:0,LATCH:0,TORQ:1,CR:0.0,FX1:1.00,FY1:-151.10,FX2:-6.00,FY2:-149.60,IK1:1,IK2:1,MOVE:0
[2026-09-10 22:24:10.248] [RX] PITCH:1.36,PID_OUT:-60.55,INT:-0.0805,EL:-4978,ER:-8085,VEL:-171.7,MOT:1,TILT:25.0,TRIM:0.000,ATE:0,LATCH:0,TORQ:1,CR:0.0,FX1:1.00,FY1:-151.10,FX2:-6.00,FY2:-149.60,IK1:1,IK2:1,MOVE:0
[2026-09-10 22:24:10.258] [RX] AX12:MODE:0,TQ:1,TL:1023,CM:1,CS:4,MS:0,MT:800
[2026-09-10 22:24:10.345] [RX] PITCH:1.33,PID_OUT:-59.65,INT:-0.0817,EL:-4997,ER:-8079,VEL:-128.9,MOT:1,TILT:25.0,TRIM:0.000,ATE:0,LATCH:0,TORQ:1,CR:0.0,FX1:1.00,FY1:-151.10,FX2:-6.00,FY2:-149.60,IK1:1,IK2:1,MOVE:0
[2026-09-10 22:24:10.445] [RX] PITCH:1.23,PID_OUT:-54.19,INT:-0.0764,EL:-5045,ER:-8074,VEL:-298.6,MOT:1,TILT:25.0,TRIM:0.000,ATE:0,LATCH:0,TORQ:1,CR:0.0,FX1:1.00,FY1:-151.10,FX2:-6.00,FY2:-149.60,IK1:1,IK2:1,MOVE:0
[2026-09-10 22:24:10.548] [RX] PITCH:0.95,PID_OUT:-27.34,INT:-0.0677,EL:-5145,ER:-8071,VEL:-471.4,MOT:1,TILT:25.0,TRIM:0.000,ATE:0,LATCH:0,TORQ:1,CR:0.0,FX1:1.00,FY1:-151.10,FX2:-6.00,FY2:-149.60,IK1:1,IK2:1,MOVE:0
[2026-09-10 22:24:10.645] [RX] PITCH:0.09,PID_OUT:-75.27,INT:0.0985,EL:-5169,ER:-8080,VEL:-111.0,MOT:1,TILT:25.0,TRIM:0.000,ATE:0,LATCH:0,TORQ:1,CR:0.0,FX1:1.00,FY1:-151.10,FX2:-6.00,FY2:-149.60,IK1:1,IK2:1,MOVE:0
[2026-09-10 22:24:10.753] [RX] PITCH:3.04,PID_OUT:-118.20,INT:-0.0786,EL:-5194,ER:-8062,VEL:-256.2,MOT:1,TILT:25.0,TRIM:0.000,ATE:0,LATCH:0,TORQ:1,CR:0.0,FX1:1.00,FY1:-151.10,FX2:-6.00,FY2:-149.60,IK1:1,IK2:1,MOVE:0
[2026-09-10 22:24:10.759] [RX] AX12:MODE:0,TQ:1,TL:1023,CM:1,CS:4,MS:0,MT:800
[2026-09-10 22:24:10.848] [RX] PITCH:1.28,PID_OUT:-60.93,INT:-0.0969,EL:-5234,ER:-8030,VEL:-335.0,MOT:1,TILT:25.0,TRIM:0.000,ATE:0,LATCH:0,TORQ:1,CR:0.0,FX1:1.00,FY1:-151.10,FX2:-6.00,FY2:-149.60,IK1:1,IK2:1,MOVE:0
[2026-09-10 22:24:10.848] [RX] SRV:14,36,0.0,0,0
[2026-09-10 22:24:10.944] [RX] PITCH:2.03,PID_OUT:-147.46,INT:-0.0985,EL:-5276,ER:-8003,VEL:-337.8,MOT:1,TILT:25.0,TRIM:0.000,ATE:0,LATCH:0,TORQ:1,CR:0.0,FX1:1.00,FY1:-151.10,FX2:-6.00,FY2:-149.60,IK1:1,IK2:1,MOVE:0
[2026-09-10 22:24:11.046] [RX] PITCH:1.82,PID_OUT:-98.23,INT:-0.0985,EL:-5323,ER:-7970,VEL:-386.3,MOT:1,TILT:25.0,TRIM:0.000,ATE:0,LATCH:0,TORQ:1,CR:0.0,FX1:1.00,FY1:-151.10,FX2:-6.00,FY2:-149.60,IK1:1,IK2:1,MOVE:0
[2026-09-10 22:24:11.140] [RX] PITCH:1.75,PID_OUT:-100.39,INT:-0.0985,EL:-5367,ER:-7934,VEL:-401.2,MOT:1,TILT:25.0,TRIM:0.000,ATE:0,LATCH:0,TORQ:1,CR:0.0,FX1:1.00,FY1:-151.10,FX2:-6.00,FY2:-149.60,IK1:1,IK2:1,MOVE:0
[2026-09-10 22:24:11.253] [RX] PITCH:1.90,PID_OUT:-115.94,INT:-0.0985,EL:-5412,ER:-7898,VEL:-402.2,MOT:1,TILT:25.0,TRIM:0.000,ATE:0,LATCH:0,TORQ:1,CR:0.0,FX1:1.00,FY1:-151.10,FX2:-6.00,FY2:-149.60,IK1:1,IK2:1,MOVE:0
[2026-09-10 22:24:11.255] [RX] AX12:MODE:0,TQ:1,TL:1023,CM:1,CS:4,MS:0,MT:800
[2026-09-10 22:24:11.343] [RX] PITCH:1.76,PID_OUT:-97.58,INT:-0.0985,EL:-5461,ER:-7860,VEL:-421.8,MOT:1,TILT:25.0,TRIM:0.000,ATE:0,LATCH:0,TORQ:1,CR:0.0,FX1:1.00,FY1:-151.10,FX2:-6.00,FY2:-149.60,IK1:1,IK2:1,MOVE:0
[2026-09-10 22:24:11.444] [RX] PITCH:1.67,PID_OUT:-89.86,INT:-0.0985,EL:-5511,ER:-7820,VEL:-446.9,MOT:1,TILT:25.0,TRIM:0.000,ATE:0,LATCH:0,TORQ:1,CR:0.0,FX1:1.00,FY1:-151.10,FX2:-6.00,FY2:-149.60,IK1:1,IK2:1,MOVE:0
[2026-09-10 22:24:11.544] [RX] PITCH:1.86,PID_OUT:-115.25,INT:-0.0985,EL:-5560,ER:-7780,VEL:-446.9,MOT:1,TILT:25.0,TRIM:0.000,ATE:0,LATCH:0,TORQ:1,CR:0.0,FX1:1.00,FY1:-151.10,FX2:-6.00,FY2:-149.60,IK1:1,IK2:1,MOVE:0
[2026-09-10 22:24:11.646] [RX] PITCH:1.55,PID_OUT:-100.81,INT:-0.0985,EL:-5610,ER:-7737,VEL:-462.8,MOT:1,TILT:25.0,TRIM:0.000,ATE:0,LATCH:0,TORQ:1,CR:0.0,FX1:1.00,FY1:-151.10,FX2:-6.00,FY2:-149.60,IK1:1,IK2:1,MOVE:0
[2026-09-10 22:24:11.747] [RX] PITCH:1.92,PID_OUT:-107.32,INT:-0.0985,EL:-5664,ER:-7694,VEL:-479.2,MOT:1,TILT:25.0,TRIM:0.000,ATE:0,LATCH:0,TORQ:1,CR:0.0,FX1:1.00,FY1:-151.10,FX2:-6.00,FY2:-149.60,IK1:1,IK2:1,MOVE:0
[2026-09-10 22:24:11.756] [RX] AX12:MODE:0,TQ:1,TL:1023,CM:1,CS:4,MS:0,MT:800
[2026-09-10 22:24:11.847] [RX] PITCH:1.64,PID_OUT:-82.65,INT:-0.0985,EL:-5720,ER:-7646,VEL:-514.5,MOT:1,TILT:25.0,TRIM:0.000,ATE:0,LATCH:0,TORQ:1,CR:0.0,FX1:1.00,FY1:-151.10,FX2:-6.00,FY2:-149.60,IK1:1,IK2:1,MOVE:0
[2026-09-10 22:24:11.847] [RX] SRV:1,37,0.8,0,0
[2026-09-10 22:24:11.941] [RX] PITCH:1.55,PID_OUT:-93.24,INT:-0.0985,EL:-5773,ER:-7598,VEL:-500.7,MOT:1,TILT:25.0,TRIM:0.000,ATE:0,LATCH:0,TORQ:1,CR:0.0,FX1:1.00,FY1:-151.10,FX2:-6.00,FY2:-149.60,IK1:1,IK2:1,MOVE:0
[2026-09-10 22:24:12.040] [RX] PITCH:1.78,PID_OUT:-86.70,INT:-0.0985,EL:-5829,ER:-7549,VEL:-524.2,MOT:1,TILT:25.0,TRIM:0.000,ATE:0,LATCH:0,TORQ:1,CR:0.0,FX1:1.00,FY1:-151.10,FX2:-6.00,FY2:-149.60,IK1:1,IK2:1,MOVE:0
[2026-09-10 22:24:12.141] [RX] PITCH:1.49,PID_OUT:-92.57,INT:-0.0985,EL:-5885,ER:-7499,VEL:-528.4,MOT:1,TILT:25.0,TRIM:0.000,ATE:0,LATCH:0,TORQ:1,CR:0.0,FX1:1.00,FY1:-151.10,FX2:-6.00,FY2:-149.60,IK1:1,IK2:1,MOVE:0
[2026-09-10 22:24:12.246] [RX] PITCH:1.43,PID_OUT:-85.16,INT:-0.0985,EL:-5939,ER:-7450,VEL:-519.2,MOT:1,TILT:25.0,TRIM:0.000,ATE:0,LATCH:0,TORQ:1,CR:0.0,FX1:1.00,FY1:-151.10,FX2:-6.00,FY2:-149.60,IK1:1,IK2:1,MOVE:0
[2026-09-10 22:24:12.254] [RX] AX12:MODE:0,TQ:1,TL:1023,CM:1,CS:4,MS:0,MT:800
[2026-09-10 22:24:12.341] [RX] PITCH:7.13,PID_OUT:-309.92,INT:-0.0985,EL:-5993,ER:-7400,VEL:-526.0,MOT:1,TILT:25.0,TRIM:0.000,ATE:0,LATCH:0,TORQ:1,CR:0.0,FX1:1.00,FY1:-151.10,FX2:-6.00,FY2:-149.60,IK1:1,IK2:1,MOVE:0
[2026-09-10 22:24:12.444] [RX] PITCH:1.67,PID_OUT:477.14,INT:-0.0985,EL:-6058,ER:-7369,VEL:-454.3,MOT:1,TILT:25.0,TRIM:0.000,ATE:0,LATCH:0,TORQ:1,CR:0.0,FX1:1.00,FY1:-151.10,FX2:-6.00,FY2:-149.60,IK1:1,IK2:1,MOVE:0
[2026-09-10 22:24:12.540] [RX] PITCH:-10.94,PID_OUT:1112.59,INT:0.0985,EL:-6017,ER:-7414,VEL:333.0,MOT:1,TILT:25.0,TRIM:0.000,ATE:0,LATCH:0,TORQ:1,CR:0.0,FX1:1.00,FY1:-151.10,FX2:-6.00,FY2:-149.60,IK1:1,IK2:1,MOVE:0
[2026-09-10 22:24:12.642] [RX] PITCH:-7.21,PID_OUT:532.65,INT:0.0985,EL:-5945,ER:-7505,VEL:757.6,MOT:1,TILT:25.0,TRIM:0.000,ATE:0,LATCH:0,TORQ:1,CR:0.0,FX1:1.00,FY1:-151.10,FX2:-6.00,FY2:-149.60,IK1:1,IK2:1,MOVE:0
[2026-09-10 22:24:12.747] [RX] PITCH:0.87,PID_OUT:-210.31,INT:0.0985,EL:-5860,ER:-7607,VEL:875.5,MOT:1,TILT:25.0,TRIM:0.000,ATE:0,LATCH:0,TORQ:1,CR:0.0,FX1:1.00,FY1:-151.10,FX2:-6.00,FY2:-149.60,IK1:1,IK2:1,MOVE:0
[2026-09-10 22:24:12.752] [RX] AX12:MODE:0,TQ:1,TL:1023,CM:1,CS:4,MS:0,MT:800
[2026-09-10 22:24:12.844] [RX] PITCH:-2.19,PID_OUT:265.70,INT:0.0985,EL:-5822,ER:-7660,VEL:555.9,MOT:1,TILT:25.0,TRIM:0.000,ATE:0,LATCH:0,TORQ:1,CR:0.0,FX1:1.00,FY1:-151.10,FX2:-6.00,FY2:-149.60,IK1:1,IK2:1,MOVE:0
[2026-09-10 22:24:12.844] [RX] SRV:6,36,0.0,0,0
[2026-09-10 22:24:12.939] [RX] PITCH:0.98,PID_OUT:-166.89,INT:0.0985,EL:-5767,ER:-7729,VEL:587.4,MOT:1,TILT:25.0,TRIM:0.000,ATE:0,LATCH:0,TORQ:1,CR:0.0,FX1:1.00,FY1:-151.10,FX2:-6.00,FY2:-149.60,IK1:1,IK2:1,MOVE:0
[2026-09-10 22:24:13.039] [RX] PITCH:0.30,PID_OUT:-105.72,INT:0.0985,EL:-5751,ER:-7767,VEL:321.9,MOT:1,TILT:25.0,TRIM:0.000,ATE:0,LATCH:0,TORQ:1,CR:0.0,FX1:1.00,FY1:-151.10,FX2:-6.00,FY2:-149.60,IK1:1,IK2:1,MOVE:0
[2026-09-10 22:24:13.139] [RX] PITCH:2.45,PID_OUT:-74.04,INT:0.0397,EL:-5761,ER:-7795,VEL:89.8,MOT:1,TILT:25.0,TRIM:0.000,ATE:0,LATCH:0,TORQ:1,CR:0.0,FX1:1.00,FY1:-151.10,FX2:-6.00,FY2:-149.60,IK1:1,IK2:1,MOVE:0
[2026-09-10 22:24:13.245] [RX] PITCH:1.96,PID_OUT:-117.65,INT:-0.0247,EL:-5787,ER:-7797,VEL:-73.3,MOT:1,TILT:25.0,TRIM:0.000,ATE:0,LATCH:0,TORQ:1,CR:0.0,FX1:1.00,FY1:-151.10,FX2:-6.00,FY2:-149.60,IK1:1,IK2:1,MOVE:0
[2026-09-10 22:24:13.252] [RX] AX12:MODE:0,TQ:1,TL:1023,CM:1,CS:4,MS:0,MT:800
[2026-09-10 22:24:13.341] [RX] PITCH:2.58,PID_OUT:-132.99,INT:-0.0985,EL:-5810,ER:-7791,VEL:-148.0,MOT:1,TILT:25.0,TRIM:0.000,ATE:0,LATCH:0,TORQ:1,CR:0.0,FX1:1.00,FY1:-151.10,FX2:-6.00,FY2:-149.60,IK1:1,IK2:1,MOVE:0
[2026-09-10 22:24:13.439] [RX] PITCH:2.27,PID_OUT:-112.70,INT:-0.0985,EL:-5842,ER:-7774,VEL:-234.5,MOT:1,TILT:25.0,TRIM:0.000,ATE:0,LATCH:0,TORQ:1,CR:0.0,FX1:1.00,FY1:-151.10,FX2:-6.00,FY2:-149.60,IK1:1,IK2:1,MOVE:0
[2026-09-10 22:24:13.542] [RX] PITCH:2.39,PID_OUT:-120.45,INT:-0.0985,EL:-5880,ER:-7751,VEL:-301.4,MOT:1,TILT:25.0,TRIM:0.000,ATE:0,LATCH:0,TORQ:1,CR:0.0,FX1:1.00,FY1:-151.10,FX2:-6.00,FY2:-149.60,IK1:1,IK2:1,MOVE:0
[2026-09-10 22:24:13.639] [RX] PITCH:2.76,PID_OUT:-46.63,INT:-0.0985,EL:-5924,ER:-7721,VEL:-360.2,MOT:1,TILT:25.0,TRIM:0.000,ATE:0,LATCH:0,TORQ:1,CR:0.0,FX1:1.00,FY1:-151.10,FX2:-6.00,FY2:-149.60,IK1:1,IK2:1,MOVE:0
[2026-09-10 22:24:13.746] [RX] PITCH:0.00,PID_OUT:108.94,INT:-0.0641,EL:-5965,ER:-7697,VEL:-309.1,MOT:1,TILT:25.0,TRIM:0.000,ATE:0,LATCH:0,TORQ:1,CR:0.0,FX1:1.00,FY1:-151.10,FX2:-6.00,FY2:-149.60,IK1:1,IK2:1,MOVE:0
[2026-09-10 22:24:13.751] [RX] AX12:MODE:0,TQ:1,TL:1023,CM:1,CS:4,MS:0,MT:800
[2026-09-10 22:24:13.840] [RX] PITCH:1.20,PID_OUT:-13.51,INT:0.0353,EL:-5982,ER:-7712,VEL:-45.9,MOT:1,TILT:25.0,TRIM:0.000,ATE:0,LATCH:0,TORQ:1,CR:0.0,FX1:1.00,FY1:-151.10,FX2:-6.00,FY2:-149.60,IK1:1,IK2:1,MOVE:0
[2026-09-10 22:24:13.844] [RX] SRV:0,36,0.0,0,0
[2026-09-10 22:24:13.938] [RX] PITCH:2.23,PID_OUT:-74.09,INT:-0.0278,EL:-6010,ER:-7710,VEL:-139.7,MOT:1,TILT:25.0,TRIM:0.000,ATE:0,LATCH:0,TORQ:1,CR:0.0,FX1:1.00,FY1:-151.10,FX2:-6.00,FY2:-149.60,IK1:1,IK2:1,MOVE:0
[2026-09-10 22:24:14.039] [RX] PITCH:1.17,PID_OUT:-14.67,INT:-0.0642,EL:-6043,ER:-7703,VEL:-194.1,MOT:1,TILT:25.0,TRIM:0.000,ATE:0,LATCH:0,TORQ:1,CR:0.0,FX1:1.00,FY1:-151.10,FX2:-6.00,FY2:-149.60,IK1:1,IK2:1,MOVE:0
[2026-09-10 22:24:14.140] [RX] PITCH:1.27,PID_OUT:-70.66,INT:-0.0382,EL:-6068,ER:-7699,VEL:-159.6,MOT:1,TILT:25.0,TRIM:0.000,ATE:0,LATCH:0,TORQ:1,CR:0.0,FX1:1.00,FY1:-151.10,FX2:-6.00,FY2:-149.60,IK1:1,IK2:1,MOVE:0
[2026-09-10 22:24:14.247] [RX] PITCH:1.78,PID_OUT:-82.48,INT:-0.0754,EL:-6093,ER:-7697,VEL:-137.3,MOT:1,TILT:25.0,TRIM:0.000,ATE:0,LATCH:0,TORQ:1,CR:0.0,FX1:1.00,FY1:-151.10,FX2:-6.00,FY2:-149.60,IK1:1,IK2:1,MOVE:0
[2026-09-10 22:24:14.247] [RX] AX12:MODE:0,TQ:1,TL:1023,CM:1,CS:4,MS:0,MT:800
[2026-09-10 22:24:14.350] [RX] PITCH:1.20,PID_OUT:-47.79,INT:-0.0912,EL:-6117,ER:-7694,VEL:-141.4,MOT:1,TILT:25.0,TRIM:0.000,ATE:0,LATCH:0,TORQ:1,CR:0.0,FX1:1.00,FY1:-151.10,FX2:-6.00,FY2:-149.60,IK1:1,IK2:1,MOVE:0
[2026-09-10 22:24:14.437] [RX] PITCH:1.12,PID_OUT:-40.04,INT:-0.0691,EL:-6149,ER:-7694,VEL:-152.5,MOT:1,TILT:25.0,TRIM:0.000,ATE:0,LATCH:0,TORQ:1,CR:0.0,FX1:1.00,FY1:-151.10,FX2:-6.00,FY2:-149.60,IK1:1,IK2:1,MOVE:0
[2026-09-10 22:24:14.538] [RX] PITCH:1.18,PID_OUT:-41.52,INT:-0.0533,EL:-6178,ER:-7694,VEL:-152.9,MOT:1,TILT:25.0,TRIM:0.000,ATE:0,LATCH:0,TORQ:1,CR:0.0,FX1:1.00,FY1:-151.10,FX2:-6.00,FY2:-149.60,IK1:1,IK2:1,MOVE:0
[2026-09-10 22:24:14.636] [RX] PITCH:1.43,PID_OUT:-65.58,INT:-0.0549,EL:-6203,ER:-7694,VEL:-127.5,MOT:1,TILT:25.0,TRIM:0.000,ATE:0,LATCH:0,TORQ:1,CR:0.0,FX1:1.00,FY1:-151.10,FX2:-6.00,FY2:-149.60,IK1:1,IK2:1,MOVE:0
[2026-09-10 22:24:14.739] [RX] PITCH:1.59,PID_OUT:-82.43,INT:-0.0777,EL:-6227,ER:-7694,VEL:-124.1,MOT:1,TILT:25.0,TRIM:0.000,ATE:0,LATCH:0,TORQ:1,CR:0.0,FX1:1.00,FY1:-151.10,FX2:-6.00,FY2:-149.60,IK1:1,IK2:1,MOVE:0
[2026-09-10 22:24:14.750] [RX] AX12:MODE:0,TQ:1,TL:1023,CM:1,CS:4,MS:0,MT:800
[2026-09-10 22:24:14.838] [RX] PITCH:1.35,PID_OUT:-66.61,INT:-0.0938,EL:-6247,ER:-7694,VEL:-100.5,MOT:1,TILT:25.0,TRIM:0.000,ATE:0,LATCH:0,TORQ:1,CR:0.0,FX1:1.00,FY1:-151.10,FX2:-6.00,FY2:-149.60,IK1:1,IK2:1,MOVE:0
[2026-09-10 22:24:14.843] [RX] SRV:14,36,0.0,0,0
[2026-09-10 22:24:14.937] [RX] PITCH:1.01,PID_OUT:-29.48,INT:-0.0812,EL:-6270,ER:-7694,VEL:-109.9,MOT:1,TILT:25.0,TRIM:0.000,ATE:0,LATCH:0,TORQ:1,CR:0.0,FX1:1.00,FY1:-151.10,FX2:-6.00,FY2:-149.60,IK1:1,IK2:1,MOVE:0
[2026-09-10 22:24:15.035] [RX] PITCH:0.93,PID_OUT:-14.77,INT:-0.0445,EL:-6313,ER:-7694,VEL:-240.6,MOT:1,TILT:25.0,TRIM:0.000,ATE:0,LATCH:0,TORQ:1,CR:0.0,FX1:1.00,FY1:-151.10,FX2:-6.00,FY2:-149.60,IK1:1,IK2:1,MOVE:0
[2026-09-10 22:24:15.135] [RX] PITCH:1.09,PID_OUT:-0.05,INT:-0.0196,EL:-6374,ER:-7694,VEL:-214.5,MOT:1,TILT:25.0,TRIM:0.000,ATE:0,LATCH:0,TORQ:1,CR:0.0,FX1:1.00,FY1:-151.10,FX2:-6.00,FY2:-149.60,IK1:1,IK2:1,MOVE:0
[2026-09-10 22:24:15.246] [RX] PITCH:0.91,PID_OUT:42.89,INT:0.0098,EL:-6384,ER:-7694,VEL:-63.0,MOT:1,TILT:25.0,TRIM:0.000,ATE:0,LATCH:0,TORQ:1,CR:0.0,FX1:1.00,FY1:-151.10,FX2:-6.00,FY2:-149.60,IK1:1,IK2:1,MOVE:0
[2026-09-10 22:24:15.246] [RX] AX12:MODE:0,TQ:1,TL:1023,CM:1,CS:4,MS:0,MT:800
[2026-09-10 22:24:15.333] [RX] PITCH:0.71,PID_OUT:81.34,INT:0.0670,EL:-6382,ER:-7714,VEL:74.0,MOT:1,TILT:25.0,TRIM:0.000,ATE:0,LATCH:0,TORQ:1,CR:0.0,FX1:1.00,FY1:-151.10,FX2:-6.00,FY2:-149.60,IK1:1,IK2:1,MOVE:0
[2026-09-10 22:24:15.433] [RX] PITCH:0.74,PID_OUT:82.97,INT:0.0985,EL:-6378,ER:-7733,VEL:121.7,MOT:1,TILT:25.0,TRIM:0.000,ATE:0,LATCH:0,TORQ:1,CR:0.0,FX1:1.00,FY1:-151.10,FX2:-6.00,FY2:-149.60,IK1:1,IK2:1,MOVE:0
[2026-09-10 22:24:15.534] [RX] PITCH:0.99,PID_OUT:73.39,INT:0.0985,EL:-6374,ER:-7754,VEL:130.7,MOT:1,TILT:25.0,TRIM:0.000,ATE:0,LATCH:0,TORQ:1,CR:0.0,FX1:1.00,FY1:-151.10,FX2:-6.00,FY2:-149.60,IK1:1,IK2:1,MOVE:0
[2026-09-10 22:24:15.635] [RX] PITCH:1.04,PID_OUT:77.29,INT:0.0985,EL:-6369,ER:-7772,VEL:112.0,MOT:1,TILT:25.0,TRIM:0.000,ATE:0,LATCH:0,TORQ:1,CR:0.0,FX1:1.00,FY1:-151.10,FX2:-6.00,FY2:-149.60,IK1:1,IK2:1,MOVE:0
[2026-09-10 22:24:15.741] [RX] PITCH:1.02,PID_OUT:79.01,INT:0.0985,EL:-6363,ER:-7792,VEL:121.1,MOT:1,TILT:25.0,TRIM:0.000,ATE:0,LATCH:0,TORQ:1,CR:0.0,FX1:1.00,FY1:-151.10,FX2:-6.00,FY2:-149.60,IK1:1,IK2:1,MOVE:0
[2026-09-10 22:24:15.743] [RX] AX12:MODE:0,TQ:1,TL:1023,CM:1,CS:4,MS:0,MT:800
[2026-09-10 22:24:15.839] [RX] PITCH:0.91,PID_OUT:76.83,INT:0.0985,EL:-6357,ER:-7814,VEL:146.3,MOT:1,TILT:25.0,TRIM:0.000,ATE:0,LATCH:0,TORQ:1,CR:0.0,FX1:1.00,FY1:-151.10,FX2:-6.00,FY2:-149.60,IK1:1,IK2:1,MOVE:0
[2026-09-10 22:24:15.839] [RX] SRV:1,37,0.0,0,0
[2026-09-10 22:24:15.934] [RX] PITCH:0.96,PID_OUT:75.18,INT:0.0985,EL:-6350,ER:-7832,VEL:134.9,MOT:1,TILT:25.0,TRIM:0.000,ATE:0,LATCH:0,TORQ:1,CR:0.0,FX1:1.00,FY1:-151.10,FX2:-6.00,FY2:-149.60,IK1:1,IK2:1,MOVE:0
[2026-09-10 22:24:16.035] [RX] PITCH:3.30,PID_OUT:-280.42,INT:0.0314,EL:-6350,ER:-7850,VEL:74.3,MOT:1,TILT:25.0,TRIM:0.000,ATE:0,LATCH:0,TORQ:1,CR:0.0,FX1:1.00,FY1:-151.10,FX2:-6.00,FY2:-149.60,IK1:1,IK2:1,MOVE:0
[2026-09-10 22:24:16.134] [RX] PITCH:1.76,PID_OUT:-104.56,INT:-0.0536,EL:-6385,ER:-7831,VEL:-204.6,MOT:1,TILT:25.0,TRIM:0.000,ATE:0,LATCH:0,TORQ:1,CR:0.0,FX1:1.00,FY1:-151.10,FX2:-6.00,FY2:-149.60,IK1:1,IK2:1,MOVE:0
[2026-09-10 22:24:16.237] [RX] PITCH:1.95,PID_OUT:-94.97,INT:-0.0985,EL:-6425,ER:-7809,VEL:-288.6,MOT:1,TILT:25.0,TRIM:0.000,ATE:0,LATCH:0,TORQ:1,CR:0.0,FX1:1.00,FY1:-151.10,FX2:-6.00,FY2:-149.60,IK1:1,IK2:1,MOVE:0
[2026-09-10 22:24:16.245] [RX] AX12:MODE:0,TQ:1,TL:1023,CM:1,CS:4,MS:0,MT:800
[2026-09-10 22:24:16.332] [RX] PITCH:1.28,PID_OUT:-71.25,INT:-0.0978,EL:-6465,ER:-7785,VEL:-321.8,MOT:1,TILT:25.0,TRIM:0.000,ATE:0,LATCH:0,TORQ:1,CR:0.0,FX1:1.00,FY1:-151.10,FX2:-6.00,FY2:-149.60,IK1:1,IK2:1,MOVE:0
[2026-09-10 22:24:16.433] [RX] PITCH:1.24,PID_OUT:-76.76,INT:-0.0923,EL:-6512,ER:-7763,VEL:-340.2,MOT:1,TILT:25.0,TRIM:0.000,ATE:0,LATCH:0,TORQ:1,CR:0.0,FX1:1.00,FY1:-151.10,FX2:-6.00,FY2:-149.60,IK1:1,IK2:1,MOVE:0
[2026-09-10 22:24:16.535] [RX] PITCH:1.62,PID_OUT:-103.14,INT:-0.0985,EL:-6559,ER:-7739,VEL:-355.6,MOT:1,TILT:25.0,TRIM:0.000,ATE:0,LATCH:0,TORQ:1,CR:0.0,FX1:1.00,FY1:-151.10,FX2:-6.00,FY2:-149.60,IK1:1,IK2:1,MOVE:0
[2026-09-10 22:24:16.629] [RX] PITCH:1.36,PID_OUT:-70.01,INT:-0.0985,EL:-6602,ER:-7714,VEL:-344.6,MOT:1,TILT:25.0,TRIM:0.000,ATE:0,LATCH:0,TORQ:1,CR:0.0,FX1:1.00,FY1:-151.10,FX2:-6.00,FY2:-149.60,IK1:1,IK2:1,MOVE:0
[2026-09-10 22:24:16.742] [RX] PITCH:1.61,PID_OUT:-99.27,INT:-0.0969,EL:-6646,ER:-7690,VEL:-347.6,MOT:1,TILT:25.0,TRIM:0.000,ATE:0,LATCH:0,TORQ:1,CR:0.0,FX1:1.00,FY1:-151.10,FX2:-6.00,FY2:-149.60,IK1:1,IK2:1,MOVE:0
[2026-09-10 22:24:16.744] [RX] AX12:MODE:0,TQ:1,TL:1023,CM:1,CS:4,MS:0,MT:800
[2026-09-10 22:24:16.836] [RX] PITCH:1.60,PID_OUT:-84.77,INT:-0.0985,EL:-6690,ER:-7665,VEL:-345.0,MOT:1,TILT:25.0,TRIM:0.000,ATE:0,LATCH:0,TORQ:1,CR:0.0,FX1:1.00,FY1:-151.10,FX2:-6.00,FY2:-149.60,IK1:1,IK2:1,MOVE:0
[2026-09-10 22:24:16.836] [RX] SRV:6,36,0.0,0,0
[2026-09-10 22:24:16.932] [RX] PITCH:1.22,PID_OUT:-63.68,INT:-0.0976,EL:-6730,ER:-7640,VEL:-333.1,MOT:1,TILT:25.0,TRIM:0.000,ATE:0,LATCH:0,TORQ:1,CR:0.0,FX1:1.00,FY1:-151.10,FX2:-6.00,FY2:-149.60,IK1:1,IK2:1,MOVE:0
[2026-09-10 22:24:17.034] [RX] PITCH:1.38,PID_OUT:-78.54,INT:-0.0958,EL:-6773,ER:-7618,VEL:-325.9,MOT:1,TILT:25.0,TRIM:0.000,ATE:0,LATCH:0,TORQ:1,CR:0.0,FX1:1.00,FY1:-151.10,FX2:-6.00,FY2:-149.60,IK1:1,IK2:1,MOVE:0
[2026-09-10 22:24:17.136] [RX] PITCH:1.69,PID_OUT:-100.01,INT:-0.0985,EL:-6818,ER:-7596,VEL:-330.6,MOT:1,TILT:25.0,TRIM:0.000,ATE:0,LATCH:0,TORQ:1,CR:0.0,FX1:1.00,FY1:-151.10,FX2:-6.00,FY2:-149.60,IK1:1,IK2:1,MOVE:0
[2026-09-10 22:24:17.234] [RX] PITCH:1.02,PID_OUT:-37.42,INT:-0.0921,EL:-6860,ER:-7572,VEL:-329.2,MOT:1,TILT:25.0,TRIM:0.000,ATE:0,LATCH:0,TORQ:1,CR:0.0,FX1:1.00,FY1:-151.10,FX2:-6.00,FY2:-149.60,IK1:1,IK2:1,MOVE:0
[2026-09-10 22:24:17.245] [RX] AX12:MODE:0,TQ:1,TL:1023,CM:1,CS:4,MS:0,MT:800
[2026-09-10 22:24:17.330] [RX] PITCH:1.39,PID_OUT:-79.70,INT:-0.0851,EL:-6904,ER:-7551,VEL:-336.2,MOT:1,TILT:25.0,TRIM:0.000,ATE:0,LATCH:0,TORQ:1,CR:0.0,FX1:1.00,FY1:-151.10,FX2:-6.00,FY2:-149.60,IK1:1,IK2:1,MOVE:0
[2026-09-10 22:24:17.431] [RX] PITCH:2.13,PID_OUT:19.47,INT:-0.0840,EL:-6937,ER:-7537,VEL:-226.6,MOT:1,TILT:25.0,TRIM:0.000,ATE:0,LATCH:0,TORQ:1,CR:0.0,FX1:1.00,FY1:-151.10,FX2:-6.00,FY2:-149.60,IK1:1,IK2:1,MOVE:0
[2026-09-10 22:24:17.532] [RX] PITCH:-1.13,PID_OUT:193.62,INT:0.0378,EL:-6940,ER:-7539,VEL:-17.4,MOT:1,TILT:25.0,TRIM:0.000,ATE:0,LATCH:0,TORQ:1,CR:0.0,FX1:1.00,FY1:-151.10,FX2:-6.00,FY2:-149.60,IK1:1,IK2:1,MOVE:0
[2026-09-10 22:24:17.630] [RX] PITCH:0.99,PID_OUT:29.10,INT:0.0985,EL:-6918,ER:-7569,VEL:213.0,MOT:1,TILT:25.0,TRIM:0.000,ATE:0,LATCH:0,TORQ:1,CR:0.0,FX1:1.00,FY1:-151.10,FX2:-6.00,FY2:-149.60,IK1:1,IK2:1,MOVE:0
[2026-09-10 22:24:17.740] [RX] PITCH:0.79,PID_OUT:116.56,INT:0.0985,EL:-6898,ER:-7598,VEL:232.2,MOT:1,TILT:25.0,TRIM:0.000,ATE:0,LATCH:0,TORQ:1,CR:0.0,FX1:1.00,FY1:-151.10,FX2:-6.00,FY2:-149.60,IK1:1,IK2:1,MOVE:0
[2026-09-10 22:24:17.741] [RX] AX12:MODE:0,TQ:1,TL:1023,CM:1,CS:4,MS:0,MT:800
[2026-09-10 22:24:17.834] [RX] PITCH:0.53,PID_OUT:109.71,INT:0.0985,EL:-6874,ER:-7633,VEL:292.8,MOT:1,TILT:25.0,TRIM:0.000,ATE:0,LATCH:0,TORQ:1,CR:0.0,FX1:1.00,FY1:-151.10,FX2:-6.00,FY2:-149.60,IK1:1,IK2:1,MOVE:0
[2026-09-10 22:24:17.834] [RX] SRV:0,36,0.0,0,0
[2026-09-10 22:24:17.929] [RX] PITCH:0.56,PID_OUT:115.83,INT:0.0985,EL:-6846,ER:-7670,VEL:326.7,MOT:1,TILT:25.0,TRIM:0.000,ATE:0,LATCH:0,TORQ:1,CR:0.0,FX1:1.00,FY1:-151.10,FX2:-6.00,FY2:-149.60,IK1:1,IK2:1,MOVE:0
[2026-09-10 22:24:18.029] [RX] PITCH:0.42,PID_OUT:124.03,INT:0.0985,EL:-6813,ER:-7712,VEL:368.1,MOT:1,TILT:25.0,TRIM:0.000,ATE:0,LATCH:0,TORQ:1,CR:0.0,FX1:1.00,FY1:-151.10,FX2:-6.00,FY2:-149.60,IK1:1,IK2:1,MOVE:0
[2026-09-10 22:24:18.129] [RX] PITCH:0.44,PID_OUT:110.29,INT:0.0985,EL:-6776,ER:-7751,VEL:378.0,MOT:1,TILT:25.0,TRIM:0.000,ATE:0,LATCH:0,TORQ:1,CR:0.0,FX1:1.00,FY1:-151.10,FX2:-6.00,FY2:-149.60,IK1:1,IK2:1,MOVE:0
[2026-09-10 22:24:18.237] [RX] PITCH:0.60,PID_OUT:118.25,INT:0.0985,EL:-6738,ER:-7790,VEL:381.7,MOT:1,TILT:25.0,TRIM:0.000,ATE:0,LATCH:0,TORQ:1,CR:0.0,FX1:1.00,FY1:-151.10,FX2:-6.00,FY2:-149.60,IK1:1,IK2:1,MOVE:0
[2026-09-10 22:24:18.242] [RX] AX12:MODE:0,TQ:1,TL:1023,CM:1,CS:4,MS:0,MT:800
[2026-09-10 22:24:18.329] [RX] PITCH:0.55,PID_OUT:119.35,INT:0.0985,EL:-6696,ER:-7831,VEL:409.8,MOT:1,TILT:25.0,TRIM:0.000,ATE:0,LATCH:0,TORQ:1,CR:0.0,FX1:1.00,FY1:-151.10,FX2:-6.00,FY2:-149.60,IK1:1,IK2:1,MOVE:0
[2026-09-10 22:24:18.431] [RX] PITCH:0.21,PID_OUT:149.50,INT:0.0985,EL:-6651,ER:-7875,VEL:441.3,MOT:1,TILT:25.0,TRIM:0.000,ATE:0,LATCH:0,TORQ:1,CR:0.0,FX1:1.00,FY1:-151.10,FX2:-6.00,FY2:-149.60,IK1:1,IK2:1,MOVE:0
[2026-09-10 22:24:18.529] [RX] PITCH:-0.39,PID_OUT:99.64,INT:0.0985,EL:-6600,ER:-7925,VEL:499.6,MOT:1,TILT:25.0,TRIM:0.000,ATE:0,LATCH:0,TORQ:1,CR:0.0,FX1:1.00,FY1:-151.10,FX2:-6.00,FY2:-149.60,IK1:1,IK2:1,MOVE:0
[2026-09-10 22:24:18.628] [RX] PITCH:0.58,PID_OUT:-64.47,INT:0.0985,EL:-6551,ER:-7977,VEL:484.8,MOT:1,TILT:25.0,TRIM:0.000,ATE:0,LATCH:0,TORQ:1,CR:0.0,FX1:1.00,FY1:-151.10,FX2:-6.00,FY2:-149.60,IK1:1,IK2:1,MOVE:0
[2026-09-10 22:24:18.729] [RX] PITCH:1.88,PID_OUT:-91.10,INT:0.0463,EL:-6536,ER:-8010,VEL:270.2,MOT:1,TILT:25.0,TRIM:0.000,ATE:0,LATCH:0,TORQ:1,CR:0.0,FX1:1.00,FY1:-151.10,FX2:-6.00,FY2:-149.60,IK1:1,IK2:1,MOVE:0
[2026-09-10 22:24:18.738] [RX] AX12:MODE:0,TQ:1,TL:1023,CM:1,CS:4,MS:0,MT:800
[2026-09-10 22:24:18.831] [RX] PITCH:1.77,PID_OUT:-108.77,INT:0.0073,EL:-6536,ER:-8023,VEL:99.3,MOT:1,TILT:25.0,TRIM:0.000,ATE:0,LATCH:0,TORQ:1,CR:0.0,FX1:1.00,FY1:-151.10,FX2:-6.00,FY2:-149.60,IK1:1,IK2:1,MOVE:0
[2026-09-10 22:24:18.831] [RX] SRV:14,36,0.0,0,0
[2026-09-10 22:24:18.929] [RX] PITCH:2.65,PID_OUT:-154.20,INT:-0.0854,EL:-6549,ER:-8017,VEL:-84.3,MOT:1,TILT:25.0,TRIM:0.000,ATE:0,LATCH:0,TORQ:1,CR:0.0,FX1:1.00,FY1:-151.10,FX2:-6.00,FY2:-149.60,IK1:1,IK2:1,MOVE:0
[2026-09-10 22:24:19.029] [RX] PITCH:2.56,PID_OUT:-148.13,INT:-0.0985,EL:-6586,ER:-7992,VEL:-278.2,MOT:1,TILT:25.0,TRIM:0.000,ATE:0,LATCH:0,TORQ:1,CR:0.0,FX1:1.00,FY1:-151.10,FX2:-6.00,FY2:-149.60,IK1:1,IK2:1,MOVE:0
[2026-09-10 22:24:19.127] [RX] PITCH:1.92,PID_OUT:-114.05,INT:-0.0985,EL:-6635,ER:-7957,VEL:-399.0,MOT:1,TILT:25.0,TRIM:0.000,ATE:0,LATCH:0,TORQ:1,CR:0.0,FX1:1.00,FY1:-151.10,FX2:-6.00,FY2:-149.60,IK1:1,IK2:1,MOVE:0
[2026-09-10 22:24:19.233] [RX] PITCH:2.93,PID_OUT:-175.27,INT:-0.0985,EL:-6685,ER:-7916,VEL:-451.7,MOT:1,TILT:25.0,TRIM:0.000,ATE:0,LATCH:0,TORQ:1,CR:0.0,FX1:1.00,FY1:-151.10,FX2:-6.00,FY2:-149.60,IK1:1,IK2:1,MOVE:0
[2026-09-10 22:24:19.238] [RX] AX12:MODE:0,TQ:1,TL:1023,CM:1,CS:4,MS:0,MT:800
[2026-09-10 22:24:19.327] [RX] PITCH:2.48,PID_OUT:-156.85,INT:-0.0985,EL:-6744,ER:-7867,VEL:-522.4,MOT:1,TILT:25.0,TRIM:0.000,ATE:0,LATCH:0,TORQ:1,CR:0.0,FX1:1.00,FY1:-151.10,FX2:-6.00,FY2:-149.60,IK1:1,IK2:1,MOVE:0
[2026-09-10 22:24:19.428] [RX] PITCH:2.51,PID_OUT:-166.16,INT:-0.0985,EL:-6806,ER:-7814,VEL:-572.1,MOT:1,TILT:25.0,TRIM:0.000,ATE:0,LATCH:0,TORQ:1,CR:0.0,FX1:1.00,FY1:-151.10,FX2:-6.00,FY2:-149.60,IK1:1,IK2:1,MOVE:0
[2026-09-10 22:24:19.528] [RX] PITCH:2.66,PID_OUT:-162.49,INT:-0.0985,EL:-6875,ER:-7754,VEL:-640.9,MOT:1,TILT:25.0,TRIM:0.000,ATE:0,LATCH:0,TORQ:1,CR:0.0,FX1:1.00,FY1:-151.10,FX2:-6.00,FY2:-149.60,IK1:1,IK2:1,MOVE:0
[2026-09-10 22:24:19.631] [RX] PITCH:2.68,PID_OUT:-122.73,INT:-0.0985,EL:-6955,ER:-7687,VEL:-726.3,MOT:1,TILT:25.0,TRIM:0.000,ATE:0,LATCH:0,TORQ:1,CR:0.0,FX1:1.00,FY1:-151.10,FX2:-6.00,FY2:-149.60,IK1:1,IK2:1,MOVE:0
[2026-09-10 22:24:19.737] [RX] PITCH:2.25,PID_OUT:-86.90,INT:-0.0985,EL:-7035,ER:-7617,VEL:-737.7,MOT:1,TILT:25.0,TRIM:0.000,ATE:0,LATCH:0,TORQ:1,CR:0.0,FX1:1.00,FY1:-151.10,FX2:-6.00,FY2:-149.60,IK1:1,IK2:1,MOVE:0
[2026-09-10 22:24:19.737] [RX] AX12:MODE:0,TQ:1,TL:1023,CM:1,CS:4,MS:0,MT:800
[2026-09-10 22:24:19.833] [RX] PITCH:2.29,PID_OUT:-38.29,INT:-0.0985,EL:-7110,ER:-7550,VEL:-711.1,MOT:1,TILT:25.0,TRIM:0.000,ATE:0,LATCH:0,TORQ:1,CR:0.0,FX1:1.00,FY1:-151.10,FX2:-6.00,FY2:-149.60,IK1:1,IK2:1,MOVE:0
[2026-09-10 22:24:19.833] [RX] SRV:1,37,0.0,0,0
[2026-09-10 22:24:19.925] [RX] PITCH:0.80,PID_OUT:73.17,INT:-0.0759,EL:-7178,ER:-7496,VEL:-609.1,MOT:1,TILT:25.0,TRIM:0.000,ATE:0,LATCH:0,TORQ:1,CR:0.0,FX1:1.00,FY1:-151.10,FX2:-6.00,FY2:-149.60,IK1:1,IK2:1,MOVE:0
[2026-09-10 22:24:20.025] [RX] PITCH:1.14,PID_OUT:89.79,INT:-0.0510,EL:-7227,ER:-7463,VEL:-432.3,MOT:1,TILT:25.0,TRIM:0.000,ATE:0,LATCH:0,TORQ:1,CR:0.0,FX1:1.00,FY1:-151.10,FX2:-6.00,FY2:-149.60,IK1:1,IK2:1,MOVE:0
[2026-09-10 22:24:20.127] [RX] PITCH:0.20,PID_OUT:136.64,INT:0.0141,EL:-7250,ER:-7446,VEL:-210.1,MOT:1,TILT:25.0,TRIM:0.000,ATE:0,LATCH:0,TORQ:1,CR:0.0,FX1:1.00,FY1:-151.10,FX2:-6.00,FY2:-149.60,IK1:1,IK2:1,MOVE:0
[2026-09-10 22:24:20.236] [RX] PITCH:-0.17,PID_OUT:84.81,INT:0.0985,EL:-7242,ER:-7457,VEL:64.1,MOT:1,TILT:25.0,TRIM:0.000,ATE:0,LATCH:0,TORQ:1,CR:0.0,FX1:1.00,FY1:-151.10,FX2:-6.00,FY2:-149.60,IK1:1,IK2:1,MOVE:0
[2026-09-10 22:24:20.236] [RX] AX12:MODE:0,TQ:1,TL:1023,CM:1,CS:4,MS:0,MT:800
[2026-09-10 22:24:20.324] [RX] PITCH:0.25,PID_OUT:141.43,INT:0.0985,EL:-7224,ER:-7485,VEL:198.6,MOT:1,TILT:25.0,TRIM:0.000,ATE:0,LATCH:0,TORQ:1,CR:0.0,FX1:1.00,FY1:-151.10,FX2:-6.00,FY2:-149.60,IK1:1,IK2:1,MOVE:0
[2026-09-10 22:24:20.424] [RX] PITCH:-0.21,PID_OUT:155.67,INT:0.0985,EL:-7199,ER:-7519,VEL:299.0,MOT:1,TILT:25.0,TRIM:0.000,ATE:0,LATCH:0,TORQ:1,CR:0.0,FX1:1.00,FY1:-151.10,FX2:-6.00,FY2:-149.60,IK1:1,IK2:1,MOVE:0
[2026-09-10 22:24:20.524] [RX] PITCH:0.20,PID_OUT:131.31,INT:0.0985,EL:-7165,ER:-7560,VEL:367.7,MOT:1,TILT:25.0,TRIM:0.000,ATE:0,LATCH:0,TORQ:1,CR:0.0,FX1:1.00,FY1:-151.10,FX2:-6.00,FY2:-149.60,IK1:1,IK2:1,MOVE:0
[2026-09-10 22:24:20.624] [RX] PITCH:-0.01,PID_OUT:175.50,INT:0.0985,EL:-7126,ER:-7602,VEL:400.1,MOT:1,TILT:25.0,TRIM:0.000,ATE:0,LATCH:0,TORQ:1,CR:0.0,FX1:1.00,FY1:-151.10,FX2:-6.00,FY2:-149.60,IK1:1,IK2:1,MOVE:0
[2026-09-10 22:24:20.731] [RX] PITCH:-0.17,PID_OUT:165.07,INT:0.0985,EL:-7079,ER:-7654,VEL:483.0,MOT:1,TILT:25.0,TRIM:0.000,ATE:0,LATCH:0,TORQ:1,CR:0.0,FX1:1.00,FY1:-151.10,FX2:-6.00,FY2:-149.60,IK1:1,IK2:1,MOVE:0
[2026-09-10 22:24:20.734] [RX] AX12:MODE:0,TQ:1,TL:1023,CM:1,CS:4,MS:0,MT:800
[2026-09-10 22:24:20.829] [RX] PITCH:-1.10,PID_OUT:172.09,INT:0.0985,EL:-7023,ER:-7712,VEL:560.0,MOT:1,TILT:25.0,TRIM:0.000,ATE:0,LATCH:0,TORQ:1,CR:0.0,FX1:1.00,FY1:-151.10,FX2:-6.00,FY2:-149.60,IK1:1,IK2:1,MOVE:0
[2026-09-10 22:24:20.829] [RX] SRV:6,37,0.0,0,0
[2026-09-10 22:24:20.922] [RX] PITCH:-0.02,PID_OUT:146.67,INT:0.0985,EL:-6956,ER:-7776,VEL:637.2,MOT:1,TILT:25.0,TRIM:0.000,ATE:0,LATCH:0,TORQ:1,CR:0.0,FX1:1.00,FY1:-151.10,FX2:-6.00,FY2:-149.60,IK1:1,IK2:1,MOVE:0
[2026-09-10 22:24:21.028] [RX] PITCH:-0.02,PID_OUT:141.87,INT:0.0985,EL:-6888,ER:-7841,VEL:665.7,MOT:1,TILT:25.0,TRIM:0.000,ATE:0,LATCH:0,TORQ:1,CR:0.0,FX1:1.00,FY1:-151.10,FX2:-6.00,FY2:-149.60,IK1:1,IK2:1,MOVE:0
[2026-09-10 22:24:21.124] [RX] PITCH:0.09,PID_OUT:165.04,INT:0.0985,EL:-6817,ER:-7911,VEL:698.2,MOT:1,TILT:25.0,TRIM:0.000,ATE:0,LATCH:0,TORQ:1,CR:0.0,FX1:1.00,FY1:-151.10,FX2:-6.00,FY2:-149.60,IK1:1,IK2:1,MOVE:0
[2026-09-10 22:24:21.234] [RX] PITCH:-0.11,PID_OUT:173.37,INT:0.0985,EL:-6741,ER:-7988,VEL:755.2,MOT:1,TILT:25.0,TRIM:0.000,ATE:0,LATCH:0,TORQ:1,CR:0.0,FX1:1.00,FY1:-151.10,FX2:-6.00,FY2:-149.60,IK1:1,IK2:1,MOVE:0
[2026-09-10 22:24:21.234] [RX] AX12:MODE:0,TQ:1,TL:1023,CM:1,CS:4,MS:0,MT:800
[2026-09-10 22:24:21.322] [RX] PITCH:-1.09,PID_OUT:111.33,INT:0.0985,EL:-6656,ER:-8073,VEL:854.9,MOT:1,TILT:25.0,TRIM:0.000,ATE:0,LATCH:0,TORQ:1,CR:0.0,FX1:1.00,FY1:-151.10,FX2:-6.00,FY2:-149.60,IK1:1,IK2:1,MOVE:0
[2026-09-10 22:24:21.423] [RX] PITCH:-1.34,PID_OUT:146.93,INT:0.0985,EL:-6560,ER:-8168,VEL:930.7,MOT:1,TILT:25.0,TRIM:0.000,ATE:0,LATCH:0,TORQ:1,CR:0.0,FX1:1.00,FY1:-151.10,FX2:-6.00,FY2:-149.60,IK1:1,IK2:1,MOVE:0
[2026-09-10 22:24:21.523] [RX] PITCH:1.14,PID_OUT:-175.08,INT:0.0985,EL:-6472,ER:-8260,VEL:880.2,MOT:1,TILT:25.0,TRIM:0.000,ATE:0,LATCH:0,TORQ:1,CR:0.0,FX1:1.00,FY1:-151.10,FX2:-6.00,FY2:-149.60,IK1:1,IK2:1,MOVE:0
[2026-09-10 22:24:21.622] [RX] PITCH:1.50,PID_OUT:-50.10,INT:0.0626,EL:-6435,ER:-8311,VEL:494.5,MOT:1,TILT:25.0,TRIM:0.000,ATE:0,LATCH:0,TORQ:1,CR:0.0,FX1:1.00,FY1:-151.10,FX2:-6.00,FY2:-149.60,IK1:1,IK2:1,MOVE:0
[2026-09-10 22:24:21.731] [RX] PITCH:2.44,PID_OUT:-132.79,INT:-0.0257,EL:-6427,ER:-8337,VEL:200.1,MOT:1,TILT:25.0,TRIM:0.000,ATE:0,LATCH:0,TORQ:1,CR:0.0,FX1:1.00,FY1:-151.10,FX2:-6.00,FY2:-149.60,IK1:1,IK2:1,MOVE:0
[2026-09-10 22:24:21.735] [RX] AX12:MODE:0,TQ:1,TL:1023,CM:1,CS:4,MS:0,MT:800
[2026-09-10 22:24:21.826] [RX] PITCH:2.07,PID_OUT:-123.27,INT:-0.0985,EL:-6439,ER:-8339,VEL:-28.7,MOT:1,TILT:25.0,TRIM:0.000,ATE:0,LATCH:0,TORQ:1,CR:0.0,FX1:1.00,FY1:-151.10,FX2:-6.00,FY2:-149.60,IK1:1,IK2:1,MOVE:0
[2026-09-10 22:24:21.826] [RX] SRV:0,36,0.0,0,0
[2026-09-10 22:24:21.922] [RX] PITCH:2.48,PID_OUT:-137.19,INT:-0.0985,EL:-6468,ER:-8332,VEL:-165.8,MOT:1,TILT:25.0,TRIM:0.000,ATE:0,LATCH:0,TORQ:1,CR:0.0,FX1:1.00,FY1:-151.10,FX2:-6.00,FY2:-149.60,IK1:1,IK2:1,MOVE:0
[2026-09-10 22:24:22.023] [RX] PITCH:2.21,PID_OUT:-130.42,INT:-0.0985,EL:-6507,ER:-8316,VEL:-261.6,MOT:1,TILT:25.0,TRIM:0.000,ATE:0,LATCH:0,TORQ:1,CR:0.0,FX1:1.00,FY1:-151.10,FX2:-6.00,FY2:-149.60,IK1:1,IK2:1,MOVE:0
[2026-09-10 22:24:22.121] [RX] PITCH:2.34,PID_OUT:-148.43,INT:-0.0985,EL:-6549,ER:-8291,VEL:-336.0,MOT:1,TILT:25.0,TRIM:0.000,ATE:0,LATCH:0,TORQ:1,CR:0.0,FX1:1.00,FY1:-151.10,FX2:-6.00,FY2:-149.60,IK1:1,IK2:1,MOVE:0
[2026-09-10 22:24:22.233] [RX] PITCH:2.30,PID_OUT:-139.77,INT:-0.0985,EL:-6593,ER:-8260,VEL:-362.5,MOT:1,TILT:25.0,TRIM:0.000,ATE:0,LATCH:0,TORQ:1,CR:0.0,FX1:1.00,FY1:-151.10,FX2:-6.00,FY2:-149.60,IK1:1,IK2:1,MOVE:0
[2026-09-10 22:24:22.234] [RX] AX12:MODE:0,TQ:1,TL:1023,CM:1,CS:4,MS:0,MT:800
[2026-09-10 22:24:22.324] [RX] PITCH:2.29,PID_OUT:-155.43,INT:-0.0985,EL:-6641,ER:-8221,VEL:-430.4,MOT:1,TILT:25.0,TRIM:0.000,ATE:0,LATCH:0,TORQ:1,CR:0.0,FX1:1.00,FY1:-151.10,FX2:-6.00,FY2:-149.60,IK1:1,IK2:1,MOVE:0
[2026-09-10 22:24:22.422] [RX] PITCH:2.60,PID_OUT:-154.83,INT:-0.0985,EL:-6699,ER:-8176,VEL:-508.4,MOT:1,TILT:25.0,TRIM:0.000,ATE:0,LATCH:0,TORQ:1,CR:0.0,FX1:1.00,FY1:-151.10,FX2:-6.00,FY2:-149.60,IK1:1,IK2:1,MOVE:0
[2026-09-10 22:24:22.519] [RX] PITCH:2.84,PID_OUT:-170.15,INT:-0.0985,EL:-6764,ER:-8122,VEL:-587.5,MOT:1,TILT:25.0,TRIM:0.000,ATE:0,LATCH:0,TORQ:1,CR:0.0,FX1:1.00,FY1:-151.10,FX2:-6.00,FY2:-149.60,IK1:1,IK2:1,MOVE:0
[2026-09-10 22:24:22.620] [RX] PITCH:2.92,PID_OUT:-157.16,INT:-0.0985,EL:-6837,ER:-8060,VEL:-670.8,MOT:1,TILT:25.0,TRIM:0.000,ATE:0,LATCH:0,TORQ:1,CR:0.0,FX1:1.00,FY1:-151.10,FX2:-6.00,FY2:-149.60,IK1:1,IK2:1,MOVE:0
[2026-09-10 22:24:22.724] [RX] PITCH:2.81,PID_OUT:-196.60,INT:-0.0985,EL:-6915,ER:-7992,VEL:-719.9,MOT:1,TILT:25.0,TRIM:0.000,ATE:0,LATCH:0,TORQ:1,CR:0.0,FX1:1.00,FY1:-151.10,FX2:-6.00,FY2:-149.60,IK1:1,IK2:1,MOVE:0
[2026-09-10 22:24:22.733] [RX] AX12:MODE:0,TQ:1,TL:1023,CM:1,CS:4,MS:0,MT:800
[2026-09-10 22:24:22.824] [RX] PITCH:3.09,PID_OUT:-102.22,INT:-0.0985,EL:-7002,ER:-7916,VEL:-805.2,MOT:1,TILT:25.0,TRIM:0.000,ATE:0,LATCH:0,TORQ:1,CR:0.0,FX1:1.00,FY1:-151.10,FX2:-6.00,FY2:-149.60,IK1:1,IK2:1,MOVE:0
[2026-09-10 22:24:22.824] [RX] SRV:14,36,0.0,0,0
[2026-09-10 22:24:22.919] [RX] PITCH:2.83,PID_OUT:-4.50,INT:-0.0985,EL:-7089,ER:-7842,VEL:-799.4,MOT:1,TILT:25.0,TRIM:0.000,ATE:0,LATCH:0,TORQ:1,CR:0.0,FX1:1.00,FY1:-151.10,FX2:-6.00,FY2:-149.60,IK1:1,IK2:1,MOVE:0
[2026-09-10 22:24:23.018] [RX] PITCH:0.18,PID_OUT:141.69,INT:-0.0762,EL:-7163,ER:-7784,VEL:-647.7,MOT:1,TILT:25.0,TRIM:0.000,ATE:0,LATCH:0,TORQ:1,CR:0.0,FX1:1.00,FY1:-151.10,FX2:-6.00,FY2:-149.60,IK1:1,IK2:1,MOVE:0
[2026-09-10 22:24:23.118] [RX] PITCH:-0.23,PID_OUT:94.37,INT:0.0422,EL:-7192,ER:-7765,VEL:-300.0,MOT:1,TILT:25.0,TRIM:0.000,ATE:0,LATCH:0,TORQ:1,CR:0.0,FX1:1.00,FY1:-151.10,FX2:-6.00,FY2:-149.60,IK1:1,IK2:1,MOVE:0
[2026-09-10 22:24:23.224] [RX] PITCH:1.17,PID_OUT:2.50,INT:0.0985,EL:-7199,ER:-7771,VEL:-62.3,MOT:1,TILT:25.0,TRIM:0.000,ATE:0,LATCH:0,TORQ:1,CR:0.0,FX1:1.00,FY1:-151.10,FX2:-6.00,FY2:-149.60,IK1:1,IK2:1,MOVE:0
[2026-09-10 22:24:23.230] [RX] AX12:MODE:0,TQ:1,TL:1023,CM:1,CS:4,MS:0,MT:800
[2026-09-10 22:24:23.322] [RX] PITCH:1.98,PID_OUT:-49.84,INT:0.0548,EL:-7213,ER:-7771,VEL:-112.7,MOT:1,TILT:25.0,TRIM:0.000,ATE:0,LATCH:0,TORQ:1,CR:0.0,FX1:1.00,FY1:-151.10,FX2:-6.00,FY2:-149.60,IK1:1,IK2:1,MOVE:0
[2026-09-10 22:24:23.422] [RX] PITCH:1.43,PID_OUT:14.56,INT:0.0048,EL:-7236,ER:-7769,VEL:-139.8,MOT:1,TILT:25.0,TRIM:0.000,ATE:0,LATCH:0,TORQ:1,CR:0.0,FX1:1.00,FY1:-151.10,FX2:-6.00,FY2:-149.60,IK1:1,IK2:1,MOVE:0
[2026-09-10 22:24:23.517] [RX] PITCH:-0.11,PID_OUT:165.30,INT:0.0770,EL:-7235,ER:-7774,VEL:17.5,MOT:1,TILT:25.0,TRIM:0.000,ATE:0,LATCH:0,TORQ:1,CR:0.0,FX1:1.00,FY1:-151.10,FX2:-6.00,FY2:-149.60,IK1:1,IK2:1,MOVE:0
[2026-09-10 22:24:23.618] [RX] PITCH:0.48,PID_OUT:90.18,INT:0.0985,EL:-7222,ER:-7796,VEL:163.6,MOT:1,TILT:25.0,TRIM:0.000,ATE:0,LATCH:0,TORQ:1,CR:0.0,FX1:1.00,FY1:-151.10,FX2:-6.00,FY2:-149.60,IK1:1,IK2:1,MOVE:0
[2026-09-10 22:24:23.719] [RX] PITCH:0.79,PID_OUT:105.16,INT:0.0985,EL:-7205,ER:-7822,VEL:201.9,MOT:1,TILT:25.0,TRIM:0.000,ATE:0,LATCH:0,TORQ:1,CR:0.0,FX1:1.00,FY1:-151.10,FX2:-6.00,FY2:-149.60,IK1:1,IK2:1,MOVE:0
[2026-09-10 22:24:23.727] [RX] AX12:MODE:0,TQ:1,TL:1023,CM:1,CS:4,MS:0,MT:800
[2026-09-10 22:24:23.822] [RX] PITCH:0.45,PID_OUT:106.05,INT:0.0985,EL:-7184,ER:-7856,VEL:267.4,MOT:1,TILT:25.0,TRIM:0.000,ATE:0,LATCH:0,TORQ:1,CR:0.0,FX1:1.00,FY1:-151.10,FX2:-6.00,FY2:-149.60,IK1:1,IK2:1,MOVE:0
[2026-09-10 22:24:23.822] [RX] SRV:1,37,0.0,0,0
[2026-09-10 22:24:23.920] [RX] PITCH:0.36,PID_OUT:130.88,INT:0.0985,EL:-7157,ER:-7894,VEL:316.3,MOT:1,TILT:25.0,TRIM:0.000,ATE:0,LATCH:0,TORQ:1,CR:0.0,FX1:1.00,FY1:-151.10,FX2:-6.00,FY2:-149.60,IK1:1,IK2:1,MOVE:0
[2026-09-10 22:24:24.014] [RX] PITCH:0.39,PID_OUT:108.96,INT:0.0985,EL:-7124,ER:-7937,VEL:371.8,MOT:1,TILT:25.0,TRIM:0.000,ATE:0,LATCH:0,TORQ:1,CR:0.0,FX1:1.00,FY1:-151.10,FX2:-6.00,FY2:-149.60,IK1:1,IK2:1,MOVE:0
[2026-09-10 22:24:24.119] [RX] PITCH:0.80,PID_OUT:109.21,INT:0.0985,EL:-7088,ER:-7977,VEL:377.9,MOT:1,TILT:25.0,TRIM:0.000,ATE:0,LATCH:0,TORQ:1,CR:0.0,FX1:1.00,FY1:-151.10,FX2:-6.00,FY2:-149.60,IK1:1,IK2:1,MOVE:0
[2026-09-10 22:24:24.226] [RX] PITCH:0.14,PID_OUT:144.60,INT:0.0985,EL:-7050,ER:-8019,VEL:402.4,MOT:1,TILT:25.0,TRIM:0.000,ATE:0,LATCH:0,TORQ:1,CR:0.0,FX1:1.00,FY1:-151.10,FX2:-6.00,FY2:-149.60,IK1:1,IK2:1,MOVE:0
[2026-09-10 22:24:24.226] [RX] AX12:MODE:0,TQ:1,TL:1023,CM:1,CS:4,MS:0,MT:800
[2026-09-10 22:24:24.316] [RX] PITCH:0.70,PID_OUT:103.58,INT:0.0985,EL:-7005,ER:-8061,VEL:425.9,MOT:1,TILT:25.0,TRIM:0.000,ATE:0,LATCH:0,TORQ:1,CR:0.0,FX1:1.00,FY1:-151.10,FX2:-6.00,FY2:-149.60,IK1:1,IK2:1,MOVE:0
[2026-09-10 22:24:24.416] [RX] PITCH:0.24,PID_OUT:130.58,INT:0.0985,EL:-6959,ER:-8104,VEL:438.8,MOT:1,TILT:25.0,TRIM:0.000,ATE:0,LATCH:0,TORQ:1,CR:0.0,FX1:1.00,FY1:-151.10,FX2:-6.00,FY2:-149.60,IK1:1,IK2:1,MOVE:0
[2026-09-10 22:24:24.518] [RX] PITCH:0.25,PID_OUT:134.38,INT:0.0985,EL:-6908,ER:-8153,VEL:490.9,MOT:1,TILT:25.0,TRIM:0.000,ATE:0,LATCH:0,TORQ:1,CR:0.0,FX1:1.00,FY1:-151.10,FX2:-6.00,FY2:-149.60,IK1:1,IK2:1,MOVE:0
[2026-09-10 22:24:24.618] [RX] PITCH:0.40,PID_OUT:118.49,INT:0.0985,EL:-6853,ER:-8207,VEL:539.5,MOT:1,TILT:25.0,TRIM:0.000,ATE:0,LATCH:0,TORQ:1,CR:0.0,FX1:1.00,FY1:-151.10,FX2:-6.00,FY2:-149.60,IK1:1,IK2:1,MOVE:0
[2026-09-10 22:24:24.725] [RX] PITCH:0.35,PID_OUT:127.54,INT:0.0985,EL:-6795,ER:-8264,VEL:574.3,MOT:1,TILT:25.0,TRIM:0.000,ATE:0,LATCH:0,TORQ:1,CR:0.0,FX1:1.00,FY1:-151.10,FX2:-6.00,FY2:-149.60,IK1:1,IK2:1,MOVE:0
[2026-09-10 22:24:24.726] [RX] AX12:MODE:0,TQ:1,TL:1023,CM:1,CS:4,MS:0,MT:800
[2026-09-10 22:24:24.822] [RX] PITCH:-0.48,PID_OUT:115.76,INT:0.0985,EL:-6731,ER:-8326,VEL:623.3,MOT:1,TILT:25.0,TRIM:0.000,ATE:0,LATCH:0,TORQ:1,CR:0.0,FX1:1.00,FY1:-151.10,FX2:-6.00,FY2:-149.60,IK1:1,IK2:1,MOVE:0
[2026-09-10 22:24:24.822] [RX] SRV:6,37,0.0,0,0
[2026-09-10 22:24:24.914] [RX] PITCH:0.15,PID_OUT:-22.96,INT:0.0985,EL:-6664,ER:-8391,VEL:646.9,MOT:1,TILT:25.0,TRIM:0.000,ATE:0,LATCH:0,TORQ:1,CR:0.0,FX1:1.00,FY1:-151.10,FX2:-6.00,FY2:-149.60,IK1:1,IK2:1,MOVE:0
[2026-09-10 22:24:25.016] [RX] PITCH:1.93,PID_OUT:-112.66,INT:0.0759,EL:-6625,ER:-8442,VEL:457.0,MOT:1,TILT:25.0,TRIM:0.000,ATE:0,LATCH:0,TORQ:1,CR:0.0,FX1:1.00,FY1:-151.10,FX2:-6.00,FY2:-149.60,IK1:1,IK2:1,MOVE:0
[2026-09-10 22:24:25.118] [RX] PITCH:2.10,PID_OUT:-116.60,INT:0.0062,EL:-6614,ER:-8465,VEL:199.8,MOT:1,TILT:25.0,TRIM:0.000,ATE:0,LATCH:0,TORQ:1,CR:0.0,FX1:1.00,FY1:-151.10,FX2:-6.00,FY2:-149.60,IK1:1,IK2:1,MOVE:0
[2026-09-10 22:24:25.231] [RX] PITCH:2.44,PID_OUT:-156.34,INT:-0.0985,EL:-6631,ER:-8467,VEL:-38.3,MOT:1,TILT:25.0,TRIM:0.000,ATE:0,LATCH:0,TORQ:1,CR:0.0,FX1:1.00,FY1:-151.10,FX2:-6.00,FY2:-149.60,IK1:1,IK2:1,MOVE:0
[2026-09-10 22:24:25.231] [RX] AX12:MODE:0,TQ:1,TL:1023,CM:1,CS:4,MS:0,MT:800
[2026-09-10 22:24:25.315] [RX] PITCH:2.27,PID_OUT:-119.08,INT:-0.0985,EL:-6652,ER:-8462,VEL:-121.7,MOT:1,TILT:25.0,TRIM:0.000,ATE:0,LATCH:0,TORQ:1,CR:0.0,FX1:1.00,FY1:-151.10,FX2:-6.00,FY2:-149.60,IK1:1,IK2:1,MOVE:0
[2026-09-10 22:24:25.414] [RX] PITCH:2.39,PID_OUT:-134.27,INT:-0.0985,EL:-6679,ER:-8452,VEL:-180.1,MOT:1,TILT:25.0,TRIM:0.000,ATE:0,LATCH:0,TORQ:1,CR:0.0,FX1:1.00,FY1:-151.10,FX2:-6.00,FY2:-149.60,IK1:1,IK2:1,MOVE:0
[2026-09-10 22:24:25.515] [RX] PITCH:1.66,PID_OUT:-99.40,INT:-0.0985,EL:-6712,ER:-8437,VEL:-225.8,MOT:1,TILT:25.0,TRIM:0.000,ATE:0,LATCH:0,TORQ:1,CR:0.0,FX1:1.00,FY1:-151.10,FX2:-6.00,FY2:-149.60,IK1:1,IK2:1,MOVE:0
[2026-09-10 22:24:25.616] [RX] PITCH:2.35,PID_OUT:-132.72,INT:-0.0985,EL:-6748,ER:-8417,VEL:-276.1,MOT:1,TILT:25.0,TRIM:0.000,ATE:0,LATCH:0,TORQ:1,CR:0.0,FX1:1.00,FY1:-151.10,FX2:-6.00,FY2:-149.60,IK1:1,IK2:1,MOVE:0
[2026-09-10 22:24:25.726] [RX] PITCH:1.83,PID_OUT:-113.57,INT:-0.0985,EL:-6791,ER:-8388,VEL:-345.4,MOT:1,TILT:25.0,TRIM:0.000,ATE:0,LATCH:0,TORQ:1,CR:0.0,FX1:1.00,FY1:-151.10,FX2:-6.00,FY2:-149.60,IK1:1,IK2:1,MOVE:0
[2026-09-10 22:24:25.726] [RX] AX12:MODE:0,TQ:1,TL:1023,CM:1,CS:4,MS:0,MT:800
[2026-09-10 22:24:25.813] [RX] PITCH:1.85,PID_OUT:-107.58,INT:-0.0985,EL:-6839,ER:-8355,VEL:-395.9,MOT:1,TILT:25.0,TRIM:0.000,ATE:0,LATCH:0,TORQ:1,CR:0.0,FX1:1.00,FY1:-151.10,FX2:-6.00,FY2:-149.60,IK1:1,IK2:1,MOVE:0
[2026-09-10 22:24:25.817] [RX] SRV:0,36,0.0,0,0
[2026-09-10 22:24:25.914] [RX] PITCH:2.10,PID_OUT:-137.22,INT:-0.0985,EL:-6888,ER:-8317,VEL:-427.4,MOT:1,TILT:25.0,TRIM:0.000,ATE:0,LATCH:0,TORQ:1,CR:0.0,FX1:1.00,FY1:-151.10,FX2:-6.00,FY2:-149.60,IK1:1,IK2:1,MOVE:0
[2026-09-10 22:24:26.015] [RX] PITCH:2.37,PID_OUT:-132.80,INT:-0.0985,EL:-6946,ER:-8273,VEL:-501.7,MOT:1,TILT:25.0,TRIM:0.000,ATE:0,LATCH:0,TORQ:1,CR:0.0,FX1:1.00,FY1:-151.10,FX2:-6.00,FY2:-149.60,IK1:1,IK2:1,MOVE:0
[2026-09-10 22:24:26.114] [RX] PITCH:2.31,PID_OUT:-118.59,INT:-0.0985,EL:-7009,ER:-8223,VEL:-561.9,MOT:1,TILT:25.0,TRIM:0.000,ATE:0,LATCH:0,TORQ:1,CR:0.0,FX1:1.00,FY1:-151.10,FX2:-6.00,FY2:-149.60,IK1:1,IK2:1,MOVE:0
[2026-09-10 22:24:26.216] [RX] PITCH:3.16,PID_OUT:-107.77,INT:-0.0985,EL:-7074,ER:-8168,VEL:-600.5,MOT:1,TILT:25.0,TRIM:0.000,ATE:0,LATCH:0,TORQ:1,CR:0.0,FX1:1.00,FY1:-151.10,FX2:-6.00,FY2:-149.60,IK1:1,IK2:1,MOVE:0
[2026-09-10 22:24:26.226] [RX] AX12:MODE:0,TQ:1,TL:1023,CM:1,CS:4,MS:0,MT:800
[2026-09-10 22:24:26.316] [RX] PITCH:0.88,PID_OUT:86.04,INT:-0.0916,EL:-7138,ER:-8116,VEL:-565.9,MOT:1,TILT:25.0,TRIM:0.000,ATE:0,LATCH:0,TORQ:1,CR:0.0,FX1:1.00,FY1:-151.10,FX2:-6.00,FY2:-149.60,IK1:1,IK2:1,MOVE:0
[2026-09-10 22:24:26.412] [RX] PITCH:0.57,PID_OUT:89.03,INT:-0.0046,EL:-7175,ER:-8095,VEL:-310.5,MOT:1,TILT:25.0,TRIM:0.000,ATE:0,LATCH:0,TORQ:1,CR:0.0,FX1:1.00,FY1:-151.10,FX2:-6.00,FY2:-149.60,IK1:1,IK2:1,MOVE:0
[2026-09-10 22:24:26.513] [RX] PITCH:1.01,PID_OUT:33.33,INT:0.0549,EL:-7189,ER:-8093,VEL:-117.3,MOT:1,TILT:25.0,TRIM:0.000,ATE:0,LATCH:0,TORQ:1,CR:0.0,FX1:1.00,FY1:-151.10,FX2:-6.00,FY2:-149.60,IK1:1,IK2:1,MOVE:0
[2026-09-10 22:24:26.612] [RX] PITCH:1.24,PID_OUT:33.04,INT:0.0650,EL:-7192,ER:-8101,VEL:3.2,MOT:1,TILT:25.0,TRIM:0.000,ATE:0,LATCH:0,TORQ:1,CR:0.0,FX1:1.00,FY1:-151.10,FX2:-6.00,FY2:-149.60,IK1:1,IK2:1,MOVE:0
[2026-09-10 22:24:26.718] [RX] PITCH:0.89,PID_OUT:90.10,INT:0.0830,EL:-7192,ER:-8115,VEL:52.3,MOT:1,TILT:25.0,TRIM:0.000,ATE:0,LATCH:0,TORQ:1,CR:0.0,FX1:1.00,FY1:-151.10,FX2:-6.00,FY2:-149.60,IK1:1,IK2:1,MOVE:0
[2026-09-10 22:24:26.721] [RX] AX12:MODE:0,TQ:1,TL:1023,CM:1,CS:4,MS:0,MT:800
[2026-09-10 22:24:26.817] [RX] PITCH:0.44,PID_OUT:114.22,INT:0.0985,EL:-7186,ER:-8148,VEL:150.2,MOT:1,TILT:25.0,TRIM:0.000,ATE:0,LATCH:0,TORQ:1,CR:0.0,FX1:1.00,FY1:-151.10,FX2:-6.00,FY2:-149.60,IK1:1,IK2:1,MOVE:0
[2026-09-10 22:24:26.817] [RX] SRV:14,36,0.0,0,0
[2026-09-10 22:24:26.913] [RX] PITCH:0.59,PID_OUT:106.68,INT:0.0985,EL:-7172,ER:-8174,VEL:207.2,MOT:1,TILT:25.0,TRIM:0.000,ATE:0,LATCH:0,TORQ:1,CR:0.0,FX1:1.00,FY1:-151.10,FX2:-6.00,FY2:-149.60,IK1:1,IK2:1,MOVE:0
[2026-09-10 22:24:27.013] [RX] PITCH:0.30,PID_OUT:107.39,INT:0.0985,EL:-7152,ER:-8205,VEL:247.2,MOT:1,TILT:25.0,TRIM:0.000,ATE:0,LATCH:0,TORQ:1,CR:0.0,FX1:1.00,FY1:-151.10,FX2:-6.00,FY2:-149.60,IK1:1,IK2:1,MOVE:0
[2026-09-10 22:24:27.110] [RX] PITCH:0.69,PID_OUT:95.33,INT:0.0985,EL:-7125,ER:-8237,VEL:283.8,MOT:1,TILT:25.0,TRIM:0.000,ATE:0,LATCH:0,TORQ:1,CR:0.0,FX1:1.00,FY1:-151.10,FX2:-6.00,FY2:-149.60,IK1:1,IK2:1,MOVE:0
[2026-09-10 22:24:27.211] [RX] PITCH:0.53,PID_OUT:106.11,INT:0.0985,EL:-7096,ER:-8273,VEL:320.4,MOT:1,TILT:25.0,TRIM:0.000,ATE:0,LATCH:0,TORQ:1,CR:0.0,FX1:1.00,FY1:-151.10,FX2:-6.00,FY2:-149.60,IK1:1,IK2:1,MOVE:0
[2026-09-10 22:24:27.221] [RX] AX12:MODE:0,TQ:1,TL:1023,CM:1,CS:4,MS:0,MT:800
[2026-09-10 22:24:27.312] [RX] PITCH:0.73,PID_OUT:105.25,INT:0.0985,EL:-7063,ER:-8315,VEL:368.1,MOT:1,TILT:25.0,TRIM:0.000,ATE:0,LATCH:0,TORQ:1,CR:0.0,FX1:1.00,FY1:-151.10,FX2:-6.00,FY2:-149.60,IK1:1,IK2:1,MOVE:0
[2026-09-10 22:24:27.412] [RX] PITCH:0.74,PID_OUT:112.46,INT:0.0985,EL:-7028,ER:-8358,VEL:381.2,MOT:1,TILT:25.0,TRIM:0.000,ATE:0,LATCH:0,TORQ:1,CR:0.0,FX1:1.00,FY1:-151.10,FX2:-6.00,FY2:-149.60,IK1:1,IK2:1,MOVE:0
[2026-09-10 22:24:27.514] [RX] PITCH:0.11,PID_OUT:126.69,INT:0.0985,EL:-6991,ER:-8399,VEL:391.0,MOT:1,TILT:25.0,TRIM:0.000,ATE:0,LATCH:0,TORQ:1,CR:0.0,FX1:1.00,FY1:-151.10,FX2:-6.00,FY2:-149.60,IK1:1,IK2:1,MOVE:0
[2026-09-10 22:24:27.609] [RX] PITCH:0.33,PID_OUT:108.15,INT:0.0985,EL:-6947,ER:-8442,VEL:423.6,MOT:1,TILT:25.0,TRIM:0.000,ATE:0,LATCH:0,TORQ:1,CR:0.0,FX1:1.00,FY1:-151.10,FX2:-6.00,FY2:-149.60,IK1:1,IK2:1,MOVE:0
[2026-09-10 22:24:27.714] [RX] PITCH:0.73,PID_OUT:89.39,INT:0.0985,EL:-6902,ER:-8483,VEL:429.0,MOT:1,TILT:25.0,TRIM:0.000,ATE:0,LATCH:0,TORQ:1,CR:0.0,FX1:1.00,FY1:-151.10,FX2:-6.00,FY2:-149.60,IK1:1,IK2:1,MOVE:0
[2026-09-10 22:24:27.721] [RX] AX12:MODE:0,TQ:1,TL:1023,CM:1,CS:4,MS:0,MT:800
[2026-09-10 22:24:27.811] [RX] PITCH:0.61,PID_OUT:102.68,INT:0.0985,EL:-6856,ER:-8524,VEL:436.2,MOT:1,TILT:25.0,TRIM:0.000,ATE:0,LATCH:0,TORQ:1,CR:0.0,FX1:1.00,FY1:-151.10,FX2:-6.00,FY2:-149.60,IK1:1,IK2:1,MOVE:0
[2026-09-10 22:24:27.814] [RX] SRV:1,37,0.0,0,0
[2026-09-10 22:24:27.910] [RX] PITCH:0.83,PID_OUT:92.68,INT:0.0985,EL:-6807,ER:-8569,VEL:471.8,MOT:1,TILT:25.0,TRIM:0.000,ATE:0,LATCH:0,TORQ:1,CR:0.0,FX1:1.00,FY1:-151.10,FX2:-6.00,FY2:-149.60,IK1:1,IK2:1,MOVE:0
[2026-09-10 22:24:28.009] [RX] PITCH:0.14,PID_OUT:107.10,INT:0.0985,EL:-6758,ER:-8615,VEL:475.3,MOT:1,TILT:25.0,TRIM:0.000,ATE:0,LATCH:0,TORQ:1,CR:0.0,FX1:1.00,FY1:-151.10,FX2:-6.00,FY2:-149.60,IK1:1,IK2:1,MOVE:0
[2026-09-10 22:24:28.109] [RX] PITCH:0.05,PID_OUT:36.41,INT:0.0985,EL:-6706,ER:-8663,VEL:488.2,MOT:1,TILT:25.0,TRIM:0.000,ATE:0,LATCH:0,TORQ:1,CR:0.0,FX1:1.00,FY1:-151.10,FX2:-6.00,FY2:-149.60,IK1:1,IK2:1,MOVE:0
[2026-09-10 22:24:28.209] [RX] PITCH:2.24,PID_OUT:-116.56,INT:0.0712,EL:-6675,ER:-8704,VEL:353.5,MOT:1,TILT:25.0,TRIM:0.000,ATE:0,LATCH:0,TORQ:1,CR:0.0,FX1:1.00,FY1:-151.10,FX2:-6.00,FY2:-149.60,IK1:1,IK2:1,MOVE:0
[2026-09-10 22:24:28.218] [RX] AX12:MODE:0,TQ:1,TL:1023,CM:1,CS:4,MS:0,MT:800
[2026-09-10 22:24:28.305] [RX] PITCH:1.72,PID_OUT:-89.19,INT:0.0138,EL:-6676,ER:-8723,VEL:116.8,MOT:1,TILT:25.0,TRIM:0.000,ATE:0,LATCH:0,TORQ:1,CR:0.0,FX1:1.00,FY1:-151.10,FX2:-6.00,FY2:-149.60,IK1:1,IK2:1,MOVE:0
[2026-09-10 22:24:28.410] [RX] PITCH:2.54,PID_OUT:-159.38,INT:-0.0721,EL:-6697,ER:-8726,VEL:-67.6,MOT:1,TILT:25.0,TRIM:0.000,ATE:0,LATCH:0,TORQ:1,CR:0.0,FX1:1.00,FY1:-151.10,FX2:-6.00,FY2:-149.60,IK1:1,IK2:1,MOVE:0
[2026-09-10 22:24:28.509] [RX] PITCH:2.01,PID_OUT:-101.46,INT:-0.0985,EL:-6730,ER:-8715,VEL:-199.2,MOT:1,TILT:25.0,TRIM:0.000,ATE:0,LATCH:0,TORQ:1,CR:0.0,FX1:1.00,FY1:-151.10,FX2:-6.00,FY2:-149.60,IK1:1,IK2:1,MOVE:0
[2026-09-10 22:24:28.609] [RX] PITCH:1.96,PID_OUT:-118.43,INT:-0.0985,EL:-6769,ER:-8701,VEL:-253.2,MOT:1,TILT:25.0,TRIM:0.000,ATE:0,LATCH:0,TORQ:1,CR:0.0,FX1:1.00,FY1:-151.10,FX2:-6.00,FY2:-149.60,IK1:1,IK2:1,MOVE:0
[2026-09-10 22:24:28.709] [RX] PITCH:2.03,PID_OUT:-118.30,INT:-0.0985,EL:-6811,ER:-8683,VEL:-297.2,MOT:1,TILT:25.0,TRIM:0.000,ATE:0,LATCH:0,TORQ:1,CR:0.0,FX1:1.00,FY1:-151.10,FX2:-6.00,FY2:-149.60,IK1:1,IK2:1,MOVE:0
[2026-09-10 22:24:28.718] [RX] AX12:MODE:0,TQ:1,TL:1023,CM:1,CS:4,MS:0,MT:800
[2026-09-10 22:24:28.813] [RX] PITCH:2.19,PID_OUT:-142.21,INT:-0.0985,EL:-6851,ER:-8660,VEL:-316.6,MOT:1,TILT:25.0,TRIM:0.000,ATE:0,LATCH:0,TORQ:1,CR:0.0,FX1:1.00,FY1:-151.10,FX2:-6.00,FY2:-149.60,IK1:1,IK2:1,MOVE:0
[2026-09-10 22:24:28.815] [RX] SRV:6,37,0.0,0,0
[2026-09-10 22:24:28.909] [RX] PITCH:2.10,PID_OUT:-126.81,INT:-0.0985,EL:-6893,ER:-8631,VEL:-357.3,MOT:1,TILT:25.0,TRIM:0.000,ATE:0,LATCH:0,TORQ:1,CR:0.0,FX1:1.00,FY1:-151.10,FX2:-6.00,FY2:-149.60,IK1:1,IK2:1,MOVE:0
[2026-09-10 22:24:29.009] [RX] PITCH:2.34,PID_OUT:-128.55,INT:-0.0985,EL:-6939,ER:-8596,VEL:-405.6,MOT:1,TILT:25.0,TRIM:0.000,ATE:0,LATCH:0,TORQ:1,CR:0.0,FX1:1.00,FY1:-151.10,FX2:-6.00,FY2:-149.60,IK1:1,IK2:1,MOVE:0
[2026-09-10 22:24:29.109] [RX] PITCH:2.04,PID_OUT:-109.20,INT:-0.0985,EL:-6990,ER:-8556,VEL:-456.4,MOT:1,TILT:25.0,TRIM:0.000,ATE:0,LATCH:0,TORQ:1,CR:0.0,FX1:1.00,FY1:-151.10,FX2:-6.00,FY2:-149.60,IK1:1,IK2:1,MOVE:0
[2026-09-10 22:24:29.208] [RX] PITCH:1.85,PID_OUT:-124.90,INT:-0.0985,EL:-7041,ER:-8514,VEL:-461.9,MOT:1,TILT:25.0,TRIM:0.000,ATE:0,LATCH:0,TORQ:1,CR:0.0,FX1:1.00,FY1:-151.10,FX2:-6.00,FY2:-149.60,IK1:1,IK2:1,MOVE:0
[2026-09-10 22:24:29.217] [RX] AX12:MODE:0,TQ:1,TL:1023,CM:1,CS:4,MS:0,MT:800
[2026-09-10 22:24:29.309] [RX] PITCH:2.66,PID_OUT:-131.90,INT:-0.0985,EL:-7095,ER:-8470,VEL:-492.1,MOT:1,TILT:25.0,TRIM:0.000,ATE:0,LATCH:0,TORQ:1,CR:0.0,FX1:1.00,FY1:-151.10,FX2:-6.00,FY2:-149.60,IK1:1,IK2:1,MOVE:0
[2026-09-10 22:24:29.408] [RX] PITCH:1.61,PID_OUT:-28.29,INT:-0.0985,EL:-7155,ER:-8419,VEL:-546.2,MOT:1,TILT:25.0,TRIM:0.000,ATE:0,LATCH:0,TORQ:1,CR:0.0,FX1:1.00,FY1:-151.10,FX2:-6.00,FY2:-149.60,IK1:1,IK2:1,MOVE:0
[2026-09-10 22:24:29.503] [RX] PITCH:0.88,PID_OUT:-8.86,INT:-0.0747,EL:-7209,ER:-8374,VEL:-499.6,MOT:1,TILT:25.0,TRIM:0.000,ATE:0,LATCH:0,TORQ:1,CR:0.0,FX1:1.00,FY1:-151.10,FX2:-6.00,FY2:-149.60,IK1:1,IK2:1,MOVE:0
[2026-09-10 22:24:29.607] [RX] PITCH:1.59,PID_OUT:-56.21,INT:-0.0784,EL:-7258,ER:-8333,VEL:-456.0,MOT:1,TILT:25.0,TRIM:0.000,ATE:0,LATCH:0,TORQ:1,CR:0.0,FX1:1.00,FY1:-151.10,FX2:-6.00,FY2:-149.60,IK1:1,IK2:1,MOVE:0
[2026-09-10 22:24:29.716] [RX] PITCH:1.13,PID_OUT:-17.90,INT:-0.0907,EL:-7303,ER:-8296,VEL:-416.7,MOT:1,TILT:25.0,TRIM:0.000,ATE:0,LATCH:0,TORQ:1,CR:0.0,FX1:1.00,FY1:-151.10,FX2:-6.00,FY2:-149.60,IK1:1,IK2:1,MOVE:0
[2026-09-10 22:24:29.716] [RX] AX12:MODE:0,TQ:1,TL:1023,CM:1,CS:4,MS:0,MT:800
[2026-09-10 22:24:29.815] [RX] PITCH:0.67,PID_OUT:-5.84,INT:-0.0373,EL:-7344,ER:-8269,VEL:-346.6,MOT:1,TILT:25.0,TRIM:0.000,ATE:0,LATCH:0,TORQ:1,CR:0.0,FX1:1.00,FY1:-151.10,FX2:-6.00,FY2:-149.60,IK1:1,IK2:1,MOVE:0
[2026-09-10 22:24:29.815] [RX] SRV:0,36,0.0,0,0
[2026-09-10 22:24:29.911] [RX] PITCH:1.69,PID_OUT:-103.09,INT:-0.0219,EL:-7379,ER:-8242,VEL:-321.3,MOT:1,TILT:25.0,TRIM:0.000,ATE:0,LATCH:0,TORQ:1,CR:0.0,FX1:1.00,FY1:-151.10,FX2:-6.00,FY2:-149.60,IK1:1,IK2:1,MOVE:0
[2026-09-10 22:24:30.008] [RX] PITCH:2.17,PID_OUT:-103.42,INT:-0.0900,EL:-7428,ER:-8213,VEL:-392.0,MOT:1,TILT:25.0,TRIM:0.000,ATE:0,LATCH:0,TORQ:1,CR:0.0,FX1:1.00,FY1:-151.10,FX2:-6.00,FY2:-149.60,IK1:1,IK2:1,MOVE:0
[2026-09-10 22:24:30.106] [RX] PITCH:0.84,PID_OUT:8.09,INT:-0.0875,EL:-7468,ER:-8182,VEL:-359.3,MOT:1,TILT:25.0,TRIM:0.000,ATE:0,LATCH:0,TORQ:1,CR:0.0,FX1:1.00,FY1:-151.10,FX2:-6.00,FY2:-149.60,IK1:1,IK2:1,MOVE:0
[2026-09-10 22:24:30.212] [RX] PITCH:0.63,PID_OUT:13.07,INT:-0.0064,EL:-7498,ER:-8171,VEL:-228.9,MOT:1,TILT:25.0,TRIM:0.000,ATE:0,LATCH:0,TORQ:1,CR:0.0,FX1:1.00,FY1:-151.10,FX2:-6.00,FY2:-149.60,IK1:1,IK2:1,MOVE:0
[2026-09-10 22:24:30.212] [RX] AX12:MODE:0,TQ:1,TL:1023,CM:1,CS:4,MS:0,MT:800
[2026-09-10 22:24:30.305] [RX] PITCH:2.04,PID_OUT:-116.99,INT:0.0050,EL:-7531,ER:-8156,VEL:-259.2,MOT:1,TILT:25.0,TRIM:0.000,ATE:0,LATCH:0,TORQ:1,CR:0.0,FX1:1.00,FY1:-151.10,FX2:-6.00,FY2:-149.60,IK1:1,IK2:1,MOVE:0
[2026-09-10 22:24:30.406] [RX] PITCH:1.98,PID_OUT:-88.59,INT:-0.0898,EL:-7574,ER:-8135,VEL:-318.7,MOT:1,TILT:25.0,TRIM:0.000,ATE:0,LATCH:0,TORQ:1,CR:0.0,FX1:1.00,FY1:-151.10,FX2:-6.00,FY2:-149.60,IK1:1,IK2:1,MOVE:0
[2026-09-10 22:24:30.504] [RX] PITCH:0.60,PID_OUT:34.72,INT:-0.0748,EL:-7609,ER:-8114,VEL:-259.7,MOT:1,TILT:25.0,TRIM:0.000,ATE:0,LATCH:0,TORQ:1,CR:0.0,FX1:1.00,FY1:-151.10,FX2:-6.00,FY2:-149.60,IK1:1,IK2:1,MOVE:0
[2026-09-10 22:24:30.604] [RX] PITCH:0.69,PID_OUT:1.41,INT:0.0123,EL:-7632,ER:-8110,VEL:-144.7,MOT:1,TILT:25.0,TRIM:0.000,ATE:0,LATCH:0,TORQ:1,CR:0.0,FX1:1.00,FY1:-151.10,FX2:-6.00,FY2:-149.60,IK1:1,IK2:1,MOVE:0
[2026-09-10 22:24:30.715] [RX] PITCH:2.06,PID_OUT:-102.61,INT:-0.0015,EL:-7665,ER:-8097,VEL:-224.2,MOT:1,TILT:25.0,TRIM:0.000,ATE:0,LATCH:0,TORQ:1,CR:0.0,FX1:1.00,FY1:-151.10,FX2:-6.00,FY2:-149.60,IK1:1,IK2:1,MOVE:0
[2026-09-10 22:24:30.717] [RX] AX12:MODE:0,TQ:1,TL:1023,CM:1,CS:4,MS:0,MT:800
[2026-09-10 22:24:30.804] [RX] PITCH:2.19,PID_OUT:-105.34,INT:-0.0922,EL:-7704,ER:-8078,VEL:-282.6,MOT:1,TILT:25.0,TRIM:0.000,ATE:0,LATCH:0,TORQ:1,CR:0.0,FX1:1.00,FY1:-151.10,FX2:-6.00,FY2:-149.60,IK1:1,IK2:1,MOVE:0
[2026-09-10 22:24:30.807] [RX] SRV:14,36,0.0,0,0
[2026-09-10 22:24:30.904] [RX] PITCH:1.02,PID_OUT:-50.05,INT:-0.0821,EL:-7742,ER:-8055,VEL:-295.2,MOT:1,TILT:25.0,TRIM:0.000,ATE:0,LATCH:0,TORQ:1,CR:0.0,FX1:1.00,FY1:-151.10,FX2:-6.00,FY2:-149.60,IK1:1,IK2:1,MOVE:0
[2026-09-10 22:24:31.006] [RX] PITCH:1.14,PID_OUT:-55.39,INT:-0.0667,EL:-7783,ER:-8040,VEL:-285.6,MOT:1,TILT:25.0,TRIM:0.000,ATE:0,LATCH:0,TORQ:1,CR:0.0,FX1:1.00,FY1:-151.10,FX2:-6.00,FY2:-149.60,IK1:1,IK2:1,MOVE:0
[2026-09-10 22:24:31.105] [RX] PITCH:1.55,PID_OUT:-79.50,INT:-0.0791,EL:-7824,ER:-8024,VEL:-289.0,MOT:1,TILT:25.0,TRIM:0.000,ATE:0,LATCH:0,TORQ:1,CR:0.0,FX1:1.00,FY1:-151.10,FX2:-6.00,FY2:-149.60,IK1:1,IK2:1,MOVE:0
[2026-09-10 22:24:31.205] [RX] PITCH:1.61,PID_OUT:-80.75,INT:-0.0985,EL:-7865,ER:-8005,VEL:-301.6,MOT:1,TILT:25.0,TRIM:0.000,ATE:0,LATCH:0,TORQ:1,CR:0.0,FX1:1.00,FY1:-151.10,FX2:-6.00,FY2:-149.60,IK1:1,IK2:1,MOVE:0
[2026-09-10 22:24:31.213] [RX] AX12:MODE:0,TQ:1,TL:1023,CM:1,CS:4,MS:0,MT:800
[2026-09-10 22:24:31.302] [RX] PITCH:1.03,PID_OUT:-38.22,INT:-0.0893,EL:-7908,ER:-7983,VEL:-316.6,MOT:1,TILT:25.0,TRIM:0.000,ATE:0,LATCH:0,TORQ:1,CR:0.0,FX1:1.00,FY1:-151.10,FX2:-6.00,FY2:-149.60,IK1:1,IK2:1,MOVE:0
[2026-09-10 22:24:31.402] [RX] PITCH:1.29,PID_OUT:-70.68,INT:-0.0684,EL:-7948,ER:-7963,VEL:-297.6,MOT:1,TILT:25.0,TRIM:0.000,ATE:0,LATCH:0,TORQ:1,CR:0.0,FX1:1.00,FY1:-151.10,FX2:-6.00,FY2:-149.60,IK1:1,IK2:1,MOVE:0
[2026-09-10 22:24:31.503] [RX] PITCH:3.71,PID_OUT:-244.10,INT:-0.0985,EL:-7982,ER:-7940,VEL:-296.5,MOT:1,TILT:25.0,TRIM:0.000,ATE:0,LATCH:0,TORQ:1,CR:0.0,FX1:1.00,FY1:-151.10,FX2:-6.00,FY2:-149.60,IK1:1,IK2:1,MOVE:0
[2026-09-10 22:24:31.603] [RX] PITCH:2.31,PID_OUT:51.34,INT:-0.0985,EL:-8030,ER:-7894,VEL:-395.6,MOT:1,TILT:25.0,TRIM:0.000,ATE:0,LATCH:0,TORQ:1,CR:0.0,FX1:1.00,FY1:-151.10,FX2:-6.00,FY2:-149.60,IK1:1,IK2:1,MOVE:0
[2026-09-10 22:24:31.709] [RX] PITCH:0.29,PID_OUT:-40.67,INT:0.0425,EL:-8010,ER:-7884,VEL:9.7,MOT:1,TILT:25.0,TRIM:0.000,ATE:0,LATCH:0,TORQ:1,CR:0.0,FX1:1.00,FY1:-151.10,FX2:-6.00,FY2:-149.60,IK1:1,IK2:1,MOVE:0
[2026-09-10 22:24:31.711] [RX] AX12:MODE:0,TQ:1,TL:1023,CM:1,CS:4,MS:0,MT:800
[2026-09-10 22:24:31.806] [RX] PITCH:1.04,PID_OUT:50.48,INT:0.0585,EL:-7993,ER:-7885,VEL:74.4,MOT:1,TILT:25.0,TRIM:0.000,ATE:0,LATCH:0,TORQ:1,CR:0.0,FX1:1.00,FY1:-151.10,FX2:-6.00,FY2:-149.60,IK1:1,IK2:1,MOVE:0
[2026-09-10 22:24:31.806] [RX] SRV:1,37,0.0,0,0
[2026-09-10 22:24:31.903] [RX] PITCH:-0.14,PID_OUT:155.43,INT:0.0985,EL:-7973,ER:-7905,VEL:191.9,MOT:1,TILT:25.0,TRIM:0.000,ATE:0,LATCH:0,TORQ:1,CR:0.0,FX1:1.00,FY1:-151.10,FX2:-6.00,FY2:-149.60,IK1:1,IK2:1,MOVE:0
[2026-09-10 22:24:32.003] [RX] PITCH:0.48,PID_OUT:92.52,INT:0.0985,EL:-7943,ER:-7936,VEL:297.1,MOT:1,TILT:25.0,TRIM:0.000,ATE:0,LATCH:0,TORQ:1,CR:0.0,FX1:1.00,FY1:-151.10,FX2:-6.00,FY2:-149.60,IK1:1,IK2:1,MOVE:0
[2026-09-10 22:24:32.101] [RX] PITCH:0.54,PID_OUT:95.73,INT:0.0985,EL:-7913,ER:-7966,VEL:302.5,MOT:1,TILT:25.0,TRIM:0.000,ATE:0,LATCH:0,TORQ:1,CR:0.0,FX1:1.00,FY1:-151.10,FX2:-6.00,FY2:-149.60,IK1:1,IK2:1,MOVE:0
[2026-09-10 22:24:32.203] [RX] PITCH:0.43,PID_OUT:110.91,INT:0.0985,EL:-7880,ER:-8004,VEL:341.2,MOT:1,TILT:25.0,TRIM:0.000,ATE:0,LATCH:0,TORQ:1,CR:0.0,FX1:1.00,FY1:-151.10,FX2:-6.00,FY2:-149.60,IK1:1,IK2:1,MOVE:0
[2026-09-10 22:24:32.211] [RX] AX12:MODE:0,TQ:1,TL:1023,CM:1,CS:4,MS:0,MT:800
[2026-09-10 22:24:32.303] [RX] PITCH:0.58,PID_OUT:90.86,INT:0.0985,EL:-7845,ER:-8045,VEL:373.3,MOT:1,TILT:25.0,TRIM:0.000,ATE:0,LATCH:0,TORQ:1,CR:0.0,FX1:1.00,FY1:-151.10,FX2:-6.00,FY2:-149.60,IK1:1,IK2:1,MOVE:0
[2026-09-10 22:24:32.403] [RX] PITCH:0.47,PID_OUT:103.62,INT:0.0985,EL:-7809,ER:-8084,VEL:371.3,MOT:1,TILT:25.0,TRIM:0.000,ATE:0,LATCH:0,TORQ:1,CR:0.0,FX1:1.00,FY1:-151.10,FX2:-6.00,FY2:-149.60,IK1:1,IK2:1,MOVE:0
[2026-09-10 22:24:32.501] [RX] PITCH:0.68,PID_OUT:115.75,INT:0.0985,EL:-7772,ER:-8127,VEL:392.5,MOT:1,TILT:25.0,TRIM:0.000,ATE:0,LATCH:0,TORQ:1,CR:0.0,FX1:1.00,FY1:-151.10,FX2:-6.00,FY2:-149.60,IK1:1,IK2:1,MOVE:0
[2026-09-10 22:24:32.602] [RX] PITCH:0.69,PID_OUT:84.00,INT:0.0985,EL:-7734,ER:-8171,VEL:405.5,MOT:1,TILT:25.0,TRIM:0.000,ATE:0,LATCH:0,TORQ:1,CR:0.0,FX1:1.00,FY1:-151.10,FX2:-6.00,FY2:-149.60,IK1:1,IK2:1,MOVE:0
[2026-09-10 22:24:32.702] [RX] PITCH:0.67,PID_OUT:94.35,INT:0.0985,EL:-7695,ER:-8212,VEL:404.2,MOT:1,TILT:25.0,TRIM:0.000,ATE:0,LATCH:0,TORQ:1,CR:0.0,FX1:1.00,FY1:-151.10,FX2:-6.00,FY2:-149.60,IK1:1,IK2:1,MOVE:0
[2026-09-10 22:24:32.713] [RX] AX12:MODE:0,TQ:1,TL:1023,CM:1,CS:4,MS:0,MT:800
[2026-09-10 22:24:32.801] [RX] PITCH:1.21,PID_OUT:76.45,INT:0.0985,EL:-7656,ER:-8251,VEL:389.9,MOT:1,TILT:25.0,TRIM:0.000,ATE:0,LATCH:0,TORQ:1,CR:0.0,FX1:1.00,FY1:-151.10,FX2:-6.00,FY2:-149.60,IK1:1,IK2:1,MOVE:0
[2026-09-10 22:24:32.803] [RX] SRV:6,37,0.0,0,0
[2026-09-10 22:24:32.899] [RX] PITCH:0.47,PID_OUT:128.45,INT:0.0985,EL:-7617,ER:-8291,VEL:401.7,MOT:1,TILT:25.0,TRIM:0.000,ATE:0,LATCH:0,TORQ:1,CR:0.0,FX1:1.00,FY1:-151.10,FX2:-6.00,FY2:-149.60,IK1:1,IK2:1,MOVE:0
[2026-09-10 22:24:32.999] [RX] PITCH:0.41,PID_OUT:114.88,INT:0.0985,EL:-7574,ER:-8330,VEL:410.5,MOT:1,TILT:25.0,TRIM:0.000,ATE:0,LATCH:0,TORQ:1,CR:0.0,FX1:1.00,FY1:-151.10,FX2:-6.00,FY2:-149.60,IK1:1,IK2:1,MOVE:0
[2026-09-10 22:24:33.100] [RX] PITCH:0.99,PID_OUT:84.24,INT:0.0985,EL:-7528,ER:-8370,VEL:427.4,MOT:1,TILT:25.0,TRIM:0.000,ATE:0,LATCH:0,TORQ:1,CR:0.0,FX1:1.00,FY1:-151.10,FX2:-6.00,FY2:-149.60,IK1:1,IK2:1,MOVE:0
[2026-09-10 22:24:33.199] [RX] PITCH:0.68,PID_OUT:86.31,INT:0.0985,EL:-7484,ER:-8412,VEL:433.9,MOT:1,TILT:25.0,TRIM:0.000,ATE:0,LATCH:0,TORQ:1,CR:0.0,FX1:1.00,FY1:-151.10,FX2:-6.00,FY2:-149.60,IK1:1,IK2:1,MOVE:0
[2026-09-10 22:24:33.207] [RX] AX12:MODE:0,TQ:1,TL:1023,CM:1,CS:4,MS:0,MT:800
[2026-09-10 22:24:33.297] [RX] PITCH:0.81,PID_OUT:108.14,INT:0.0985,EL:-7439,ER:-8452,VEL:426.2,MOT:1,TILT:25.0,TRIM:0.000,ATE:0,LATCH:0,TORQ:1,CR:0.0,FX1:1.00,FY1:-151.10,FX2:-6.00,FY2:-149.60,IK1:1,IK2:1,MOVE:0
[2026-09-10 22:24:33.398] [RX] PITCH:0.62,PID_OUT:98.88,INT:0.0985,EL:-7394,ER:-8497,VEL:450.6,MOT:1,TILT:25.0,TRIM:0.000,ATE:0,LATCH:0,TORQ:1,CR:0.0,FX1:1.00,FY1:-151.10,FX2:-6.00,FY2:-149.60,IK1:1,IK2:1,MOVE:0
[2026-09-10 22:24:33.497] [RX] PITCH:0.99,PID_OUT:73.59,INT:0.0985,EL:-7348,ER:-8542,VEL:460.8,MOT:1,TILT:25.0,TRIM:0.000,ATE:0,LATCH:0,TORQ:1,CR:0.0,FX1:1.00,FY1:-151.10,FX2:-6.00,FY2:-149.60,IK1:1,IK2:1,MOVE:0
[2026-09-10 22:24:33.600] [RX] PITCH:0.23,PID_OUT:30.67,INT:0.0985,EL:-7303,ER:-8589,VEL:464.6,MOT:1,TILT:25.0,TRIM:0.000,ATE:0,LATCH:0,TORQ:1,CR:0.0,FX1:1.00,FY1:-151.10,FX2:-6.00,FY2:-149.60,IK1:1,IK2:1,MOVE:0
[2026-09-10 22:24:33.706] [RX] PITCH:2.64,PID_OUT:-92.34,INT:0.0589,EL:-7270,ER:-8628,VEL:349.3,MOT:1,TILT:25.0,TRIM:0.000,ATE:0,LATCH:0,TORQ:1,CR:0.0,FX1:1.00,FY1:-151.10,FX2:-6.00,FY2:-149.60,IK1:1,IK2:1,MOVE:0
[2026-09-10 22:24:33.709] [RX] AX12:MODE:0,TQ:1,TL:1023,CM:1,CS:4,MS:0,MT:800
[2026-09-10 22:24:33.802] [RX] PITCH:1.22,PID_OUT:20.91,INT:-0.0361,EL:-7264,ER:-8643,VEL:143.0,MOT:1,TILT:25.0,TRIM:0.000,ATE:0,LATCH:0,TORQ:1,CR:0.0,FX1:1.00,FY1:-151.10,FX2:-6.00,FY2:-149.60,IK1:1,IK2:1,MOVE:0
[2026-09-10 22:24:33.802] [RX] SRV:0,36,0.8,0,0
[2026-09-10 22:24:33.901] [RX] PITCH:0.34,PID_OUT:75.38,INT:0.0440,EL:-7237,ER:-8665,VEL:233.0,MOT:1,TILT:25.0,TRIM:0.000,ATE:0,LATCH:0,TORQ:1,CR:0.0,FX1:1.00,FY1:-151.10,FX2:-6.00,FY2:-149.60,IK1:1,IK2:1,MOVE:0
[2026-09-10 22:24:33.996] [RX] PITCH:1.33,PID_OUT:-29.31,INT:0.0866,EL:-7204,ER:-8679,VEL:222.2,MOT:1,TILT:25.0,TRIM:0.000,ATE:0,LATCH:0,TORQ:1,CR:0.0,FX1:1.00,FY1:-151.10,FX2:-6.00,FY2:-149.60,IK1:1,IK2:1,MOVE:0
[2026-09-10 22:24:34.097] [RX] PITCH:3.00,PID_OUT:-136.82,INT:-0.0160,EL:-7193,ER:-8674,VEL:37.5,MOT:1,TILT:25.0,TRIM:0.000,ATE:0,LATCH:0,TORQ:1,CR:0.0,FX1:1.00,FY1:-151.10,FX2:-6.00,FY2:-149.60,IK1:1,IK2:1,MOVE:0
[2026-09-10 22:24:34.202] [RX] PITCH:1.19,PID_OUT:-47.63,INT:-0.0909,EL:-7201,ER:-8656,VEL:-84.4,MOT:1,TILT:25.0,TRIM:0.000,ATE:0,LATCH:0,TORQ:1,CR:0.0,FX1:1.00,FY1:-151.10,FX2:-6.00,FY2:-149.60,IK1:1,IK2:1,MOVE:0
[2026-09-10 22:24:34.209] [RX] AX12:MODE:0,TQ:1,TL:1023,CM:1,CS:4,MS:0,MT:800
[2026-09-10 22:24:34.297] [RX] PITCH:2.23,PID_OUT:-164.49,INT:-0.0985,EL:-7214,ER:-8642,VEL:-149.4,MOT:1,TILT:25.0,TRIM:0.000,ATE:0,LATCH:0,TORQ:1,CR:0.0,FX1:1.00,FY1:-151.10,FX2:-6.00,FY2:-149.60,IK1:1,IK2:1,MOVE:0
[2026-09-10 22:24:34.396] [RX] PITCH:1.98,PID_OUT:-91.03,INT:-0.0985,EL:-7248,ER:-8619,VEL:-273.1,MOT:1,TILT:25.0,TRIM:0.000,ATE:0,LATCH:0,TORQ:1,CR:0.0,FX1:1.00,FY1:-151.10,FX2:-6.00,FY2:-149.60,IK1:1,IK2:1,MOVE:0
[2026-09-10 22:24:34.493] [RX] PITCH:1.51,PID_OUT:-90.04,INT:-0.0985,EL:-7289,ER:-8595,VEL:-312.0,MOT:1,TILT:25.0,TRIM:0.000,ATE:0,LATCH:0,TORQ:1,CR:0.0,FX1:1.00,FY1:-151.10,FX2:-6.00,FY2:-149.60,IK1:1,IK2:1,MOVE:0
[2026-09-10 22:24:34.597] [RX] PITCH:1.74,PID_OUT:-105.31,INT:-0.0985,EL:-7330,ER:-8569,VEL:-332.0,MOT:1,TILT:25.0,TRIM:0.000,ATE:0,LATCH:0,TORQ:1,CR:0.0,FX1:1.00,FY1:-151.10,FX2:-6.00,FY2:-149.60,IK1:1,IK2:1,MOVE:0
[2026-09-10 22:24:34.697] [RX] PITCH:1.99,PID_OUT:-135.85,INT:-0.0985,EL:-7374,ER:-8542,VEL:-353.1,MOT:1,TILT:25.0,TRIM:0.000,ATE:0,LATCH:0,TORQ:1,CR:0.0,FX1:1.00,FY1:-151.10,FX2:-6.00,FY2:-149.60,IK1:1,IK2:1,MOVE:0
[2026-09-10 22:24:34.706] [RX] AX12:MODE:0,TQ:1,TL:1023,CM:1,CS:4,MS:0,MT:800
[2026-09-10 22:24:34.801] [RX] PITCH:1.74,PID_OUT:-82.35,INT:-0.0985,EL:-7420,ER:-8508,VEL:-388.9,MOT:1,TILT:25.0,TRIM:0.000,ATE:0,LATCH:0,TORQ:1,CR:0.0,FX1:1.00,FY1:-151.10,FX2:-6.00,FY2:-149.60,IK1:1,IK2:1,MOVE:0
[2026-09-10 22:24:34.801] [RX] SRV:14,36,0.0,0,0
[2026-09-10 22:24:34.898] [RX] PITCH:1.71,PID_OUT:-111.97,INT:-0.0985,EL:-7464,ER:-8470,VEL:-404.7,MOT:1,TILT:25.0,TRIM:0.000,ATE:0,LATCH:0,TORQ:1,CR:0.0,FX1:1.00,FY1:-151.10,FX2:-6.00,FY2:-149.60,IK1:1,IK2:1,MOVE:0
[2026-09-10 22:24:34.994] [RX] PITCH:2.37,PID_OUT:-127.72,INT:-0.0985,EL:-7513,ER:-8430,VEL:-437.9,MOT:1,TILT:25.0,TRIM:0.000,ATE:0,LATCH:0,TORQ:1,CR:0.0,FX1:1.00,FY1:-151.10,FX2:-6.00,FY2:-149.60,IK1:1,IK2:1,MOVE:0
[2026-09-10 22:24:35.100] [RX] PITCH:1.95,PID_OUT:-49.70,INT:-0.0985,EL:-7564,ER:-8386,VEL:-465.4,MOT:1,TILT:25.0,TRIM:0.000,ATE:0,LATCH:0,TORQ:1,CR:0.0,FX1:1.00,FY1:-151.10,FX2:-6.00,FY2:-149.60,IK1:1,IK2:1,MOVE:0
[2026-09-10 22:24:35.209] [RX] PITCH:1.61,PID_OUT:26.13,INT:-0.0985,EL:-7610,ER:-8344,VEL:-440.8,MOT:1,TILT:25.0,TRIM:0.000,ATE:0,LATCH:0,TORQ:1,CR:0.0,FX1:1.00,FY1:-151.10,FX2:-6.00,FY2:-149.60,IK1:1,IK2:1,MOVE:0
[2026-09-10 22:24:35.209] [RX] AX12:MODE:0,TQ:1,TL:1023,CM:1,CS:4,MS:0,MT:800
[2026-09-10 22:24:35.296] [RX] PITCH:0.06,PID_OUT:146.84,INT:-0.0595,EL:-7646,ER:-8318,VEL:-316.3,MOT:1,TILT:25.0,TRIM:0.000,ATE:0,LATCH:0,TORQ:1,CR:0.0,FX1:1.00,FY1:-151.10,FX2:-6.00,FY2:-149.60,IK1:1,IK2:1,MOVE:0
[2026-09-10 22:24:35.393] [RX] PITCH:0.30,PID_OUT:74.51,INT:0.0837,EL:-7653,ER:-8337,VEL:32.9,MOT:1,TILT:25.0,TRIM:0.000,ATE:0,LATCH:0,TORQ:1,CR:0.0,FX1:1.00,FY1:-151.10,FX2:-6.00,FY2:-149.60,IK1:1,IK2:1,MOVE:0
[2026-09-10 22:24:35.494] [RX] PITCH:0.83,PID_OUT:84.28,INT:0.0985,EL:-7652,ER:-8345,VEL:36.5,MOT:1,TILT:25.0,TRIM:0.000,ATE:0,LATCH:0,TORQ:1,CR:0.0,FX1:1.00,FY1:-151.10,FX2:-6.00,FY2:-149.60,IK1:1,IK2:1,MOVE:0
[2026-09-10 22:24:35.595] [RX] PITCH:0.45,PID_OUT:116.78,INT:0.0985,EL:-7650,ER:-8356,VEL:70.8,MOT:1,TILT:25.0,TRIM:0.000,ATE:0,LATCH:0,TORQ:1,CR:0.0,FX1:1.00,FY1:-151.10,FX2:-6.00,FY2:-149.60,IK1:1,IK2:1,MOVE:0
[2026-09-10 22:24:35.701] [RX] PITCH:0.50,PID_OUT:104.97,INT:0.0985,EL:-7643,ER:-8375,VEL:115.0,MOT:1,TILT:25.0,TRIM:0.000,ATE:0,LATCH:0,TORQ:1,CR:0.0,FX1:1.00,FY1:-151.10,FX2:-6.00,FY2:-149.60,IK1:1,IK2:1,MOVE:0
[2026-09-10 22:24:35.701] [RX] AX12:MODE:0,TQ:1,TL:1023,CM:1,CS:4,MS:0,MT:800
[2026-09-10 22:24:35.796] [RX] PITCH:0.68,PID_OUT:90.27,INT:0.0985,EL:-7633,ER:-8399,VEL:156.0,MOT:1,TILT:25.0,TRIM:0.000,ATE:0,LATCH:0,TORQ:1,CR:0.0,FX1:1.00,FY1:-151.10,FX2:-6.00,FY2:-149.60,IK1:1,IK2:1,MOVE:0
[2026-09-10 22:24:35.798] [RX] SRV:1,37,0.0,0,0
[2026-09-10 22:24:35.893] [RX] PITCH:0.52,PID_OUT:121.54,INT:0.0985,EL:-7620,ER:-8427,VEL:194.3,MOT:1,TILT:25.0,TRIM:0.000,ATE:0,LATCH:0,TORQ:1,CR:0.0,FX1:1.00,FY1:-151.10,FX2:-6.00,FY2:-149.60,IK1:1,IK2:1,MOVE:0
[2026-09-10 22:24:35.994] [RX] PITCH:0.70,PID_OUT:101.35,INT:0.0985,EL:-7603,ER:-8458,VEL:243.0,MOT:1,TILT:25.0,TRIM:0.000,ATE:0,LATCH:0,TORQ:1,CR:0.0,FX1:1.00,FY1:-151.10,FX2:-6.00,FY2:-149.60,IK1:1,IK2:1,MOVE:0
[2026-09-10 22:24:36.091] [RX] PITCH:0.46,PID_OUT:111.89,INT:0.0985,EL:-7583,ER:-8494,VEL:279.4,MOT:1,TILT:25.0,TRIM:0.000,ATE:0,LATCH:0,TORQ:1,CR:0.0,FX1:1.00,FY1:-151.10,FX2:-6.00,FY2:-149.60,IK1:1,IK2:1,MOVE:0
[2026-09-10 22:24:36.196] [RX] PITCH:0.51,PID_OUT:101.73,INT:0.0985,EL:-7560,ER:-8529,VEL:300.0,MOT:1,TILT:25.0,TRIM:0.000,ATE:0,LATCH:0,TORQ:1,CR:0.0,FX1:1.00,FY1:-151.10,FX2:-6.00,FY2:-149.60,IK1:1,IK2:1,MOVE:0
[2026-09-10 22:24:36.203] [RX] AX12:MODE:0,TQ:1,TL:1023,CM:1,CS:4,MS:0,MT:800
[2026-09-10 22:24:36.294] [RX] PITCH:0.76,PID_OUT:98.56,INT:0.0985,EL:-7535,ER:-8563,VEL:299.9,MOT:1,TILT:25.0,TRIM:0.000,ATE:0,LATCH:0,TORQ:1,CR:0.0,FX1:1.00,FY1:-151.10,FX2:-6.00,FY2:-149.60,IK1:1,IK2:1,MOVE:0
[2026-09-10 22:24:36.391] [RX] PITCH:0.54,PID_OUT:114.77,INT:0.0985,EL:-7510,ER:-8598,VEL:297.7,MOT:1,TILT:25.0,TRIM:0.000,ATE:0,LATCH:0,TORQ:1,CR:0.0,FX1:1.00,FY1:-151.10,FX2:-6.00,FY2:-149.60,IK1:1,IK2:1,MOVE:0
[2026-09-10 22:24:36.492] [RX] PITCH:0.69,PID_OUT:86.26,INT:0.0985,EL:-7482,ER:-8633,VEL:310.6,MOT:1,TILT:25.0,TRIM:0.000,ATE:0,LATCH:0,TORQ:1,CR:0.0,FX1:1.00,FY1:-151.10,FX2:-6.00,FY2:-149.60,IK1:1,IK2:1,MOVE:0
[2026-09-10 22:24:36.593] [RX] PITCH:1.06,PID_OUT:77.50,INT:0.0985,EL:-7452,ER:-8673,VEL:338.0,MOT:1,TILT:25.0,TRIM:0.000,ATE:0,LATCH:0,TORQ:1,CR:0.0,FX1:1.00,FY1:-151.10,FX2:-6.00,FY2:-149.60,IK1:1,IK2:1,MOVE:0
[2026-09-10 22:24:36.698] [RX] PITCH:0.96,PID_OUT:81.54,INT:0.0985,EL:-7420,ER:-8710,VEL:353.4,MOT:1,TILT:25.0,TRIM:0.000,ATE:0,LATCH:0,TORQ:1,CR:0.0,FX1:1.00,FY1:-151.10,FX2:-6.00,FY2:-149.60,IK1:1,IK2:1,MOVE:0
[2026-09-10 22:24:36.702] [RX] AX12:MODE:0,TQ:1,TL:1023,CM:1,CS:4,MS:0,MT:800
[2026-09-10 22:24:36.797] [RX] PITCH:0.30,PID_OUT:129.22,INT:0.0985,EL:-7387,ER:-8746,VEL:351.5,MOT:1,TILT:25.0,TRIM:0.000,ATE:0,LATCH:0,TORQ:1,CR:0.0,FX1:1.00,FY1:-151.10,FX2:-6.00,FY2:-149.60,IK1:1,IK2:1,MOVE:0
[2026-09-10 22:24:36.799] [RX] SRV:6,37,0.0,0,0
[2026-09-10 22:24:36.888] [RX] PITCH:1.11,PID_OUT:64.17,INT:0.0985,EL:-7350,ER:-8784,VEL:371.9,MOT:1,TILT:25.0,TRIM:0.000,ATE:0,LATCH:0,TORQ:1,CR:0.0,FX1:1.00,FY1:-151.10,FX2:-6.00,FY2:-149.60,IK1:1,IK2:1,MOVE:0
[2026-09-10 22:24:36.993] [RX] PITCH:1.04,PID_OUT:89.48,INT:0.0985,EL:-7315,ER:-8820,VEL:352.2,MOT:1,TILT:25.0,TRIM:0.000,ATE:0,LATCH:0,TORQ:1,CR:0.0,FX1:1.00,FY1:-151.10,FX2:-6.00,FY2:-149.60,IK1:1,IK2:1,MOVE:0
[2026-09-10 22:24:37.091] [RX] PITCH:0.53,PID_OUT:114.11,INT:0.0985,EL:-7279,ER:-8859,VEL:371.7,MOT:1,TILT:25.0,TRIM:0.000,ATE:0,LATCH:0,TORQ:1,CR:0.0,FX1:1.00,FY1:-151.10,FX2:-6.00,FY2:-149.60,IK1:1,IK2:1,MOVE:0
[2026-09-10 22:24:37.202] [RX] PITCH:-0.13,PID_OUT:125.18,INT:0.0985,EL:-7237,ER:-8900,VEL:411.8,MOT:1,TILT:25.0,TRIM:0.000,ATE:0,LATCH:0,TORQ:1,CR:0.0,FX1:1.00,FY1:-151.10,FX2:-6.00,FY2:-149.60,IK1:1,IK2:1,MOVE:0
[2026-09-10 22:24:37.202] [RX] AX12:MODE:0,TQ:1,TL:1023,CM:1,CS:4,MS:0,MT:800
[2026-09-10 22:24:37.293] [RX] PITCH:0.85,PID_OUT:77.71,INT:0.0985,EL:-7188,ER:-8941,VEL:444.9,MOT:1,TILT:25.0,TRIM:0.000,ATE:0,LATCH:0,TORQ:1,CR:0.0,FX1:1.00,FY1:-151.10,FX2:-6.00,FY2:-149.60,IK1:1,IK2:1,MOVE:0
[2026-09-10 22:24:37.392] [RX] PITCH:-1.09,PID_OUT:226.81,INT:0.0985,EL:-7136,ER:-8969,VEL:404.8,MOT:1,TILT:25.0,TRIM:0.000,ATE:0,LATCH:0,TORQ:1,CR:0.0,FX1:1.00,FY1:-151.10,FX2:-6.00,FY2:-149.60,IK1:1,IK2:1,MOVE:0
[2026-09-10 22:24:37.489] [RX] PITCH:1.95,PID_OUT:-77.91,INT:0.0847,EL:-7070,ER:-8979,VEL:350.5,MOT:1,TILT:25.0,TRIM:0.000,ATE:0,LATCH:0,TORQ:1,CR:0.0,FX1:1.00,FY1:-151.10,FX2:-6.00,FY2:-149.60,IK1:1,IK2:1,MOVE:0
[2026-09-10 22:24:37.591] [RX] PITCH:1.22,PID_OUT:-139.21,INT:0.0985,EL:-7031,ER:-8981,VEL:230.7,MOT:1,TILT:25.0,TRIM:0.000,ATE:0,LATCH:0,TORQ:1,CR:0.0,FX1:1.00,FY1:-151.10,FX2:-6.00,FY2:-149.60,IK1:1,IK2:1,MOVE:0
[2026-09-10 22:24:37.699] [RX] PITCH:2.96,PID_OUT:-41.53,INT:-0.0985,EL:-7057,ER:-8950,VEL:-250.3,MOT:1,TILT:25.0,TRIM:0.000,ATE:0,LATCH:0,TORQ:1,CR:0.0,FX1:1.00,FY1:-151.10,FX2:-6.00,FY2:-149.60,IK1:1,IK2:1,MOVE:0
[2026-09-10 22:24:37.703] [RX] AX12:MODE:0,TQ:1,TL:1023,CM:1,CS:4,MS:0,MT:800
[2026-09-10 22:24:37.794] [RX] PITCH:0.19,PID_OUT:8.67,INT:-0.0220,EL:-7071,ER:-8934,VEL:-120.0,MOT:1,TILT:25.0,TRIM:0.000,ATE:0,LATCH:0,TORQ:1,CR:0.0,FX1:1.00,FY1:-151.10,FX2:-6.00,FY2:-149.60,IK1:1,IK2:1,MOVE:0
[2026-09-10 22:24:37.794] [RX] SRV:0,36,0.0,0,0
[2026-09-10 22:24:37.890] [RX] PITCH:3.14,PID_OUT:-193.45,INT:-0.0781,EL:-7085,ER:-8922,VEL:-144.4,MOT:1,TILT:25.0,TRIM:0.000,ATE:0,LATCH:0,TORQ:1,CR:0.0,FX1:1.00,FY1:-151.10,FX2:-6.00,FY2:-149.60,IK1:1,IK2:1,MOVE:0
[2026-09-10 22:24:37.992] [RX] PITCH:1.18,PID_OUT:-18.46,INT:-0.0973,EL:-7126,ER:-8892,VEL:-306.9,MOT:1,TILT:25.0,TRIM:0.000,ATE:0,LATCH:0,TORQ:1,CR:0.0,FX1:1.00,FY1:-151.10,FX2:-6.00,FY2:-149.60,IK1:1,IK2:1,MOVE:0
[2026-09-10 22:24:38.086] [RX] PITCH:1.48,PID_OUT:-96.74,INT:-0.0785,EL:-7161,ER:-8871,VEL:-291.1,MOT:1,TILT:25.0,TRIM:0.000,ATE:0,LATCH:0,TORQ:1,CR:0.0,FX1:1.00,FY1:-151.10,FX2:-6.00,FY2:-149.60,IK1:1,IK2:1,MOVE:0
[2026-09-10 22:24:38.199] [RX] PITCH:1.88,PID_OUT:-100.80,INT:-0.0985,EL:-7206,ER:-8847,VEL:-346.6,MOT:1,TILT:25.0,TRIM:0.000,ATE:0,LATCH:0,TORQ:1,CR:0.0,FX1:1.00,FY1:-151.10,FX2:-6.00,FY2:-149.60,IK1:1,IK2:1,MOVE:0
[2026-09-10 22:24:38.202] [RX] AX12:MODE:0,TQ:1,TL:1023,CM:1,CS:4,MS:0,MT:800
[2026-09-10 22:24:38.289] [RX] PITCH:1.48,PID_OUT:-84.38,INT:-0.0985,EL:-7250,ER:-8819,VEL:-358.6,MOT:1,TILT:25.0,TRIM:0.000,ATE:0,LATCH:0,TORQ:1,CR:0.0,FX1:1.00,FY1:-151.10,FX2:-6.00,FY2:-149.60,IK1:1,IK2:1,MOVE:0
[2026-09-10 22:24:38.391] [RX] PITCH:1.52,PID_OUT:-99.61,INT:-0.0985,EL:-7292,ER:-8791,VEL:-352.7,MOT:1,TILT:25.0,TRIM:0.000,ATE:0,LATCH:0,TORQ:1,CR:0.0,FX1:1.00,FY1:-151.10,FX2:-6.00,FY2:-149.60,IK1:1,IK2:1,MOVE:0
[2026-09-10 22:24:38.491] [RX] PITCH:1.86,PID_OUT:-119.85,INT:-0.0985,EL:-7339,ER:-8762,VEL:-381.0,MOT:1,TILT:25.0,TRIM:0.000,ATE:0,LATCH:0,TORQ:1,CR:0.0,FX1:1.00,FY1:-151.10,FX2:-6.00,FY2:-149.60,IK1:1,IK2:1,MOVE:0
[2026-09-10 22:24:38.591] [RX] PITCH:1.68,PID_OUT:-89.57,INT:-0.0985,EL:-7385,ER:-8730,VEL:-392.7,MOT:1,TILT:25.0,TRIM:0.000,ATE:0,LATCH:0,TORQ:1,CR:0.0,FX1:1.00,FY1:-151.10,FX2:-6.00,FY2:-149.60,IK1:1,IK2:1,MOVE:0
[2026-09-10 22:24:38.697] [RX] PITCH:1.41,PID_OUT:-75.36,INT:-0.0985,EL:-7424,ER:-8698,VEL:-367.2,MOT:1,TILT:25.0,TRIM:0.000,ATE:0,LATCH:0,TORQ:1,CR:0.0,FX1:1.00,FY1:-151.10,FX2:-6.00,FY2:-149.60,IK1:1,IK2:1,MOVE:0
[2026-09-10 22:24:38.703] [RX] AX12:MODE:0,TQ:1,TL:1023,CM:1,CS:4,MS:0,MT:800
[2026-09-10 22:24:38.793] [RX] PITCH:1.16,PID_OUT:-76.71,INT:-0.0886,EL:-7472,ER:-8666,VEL:-396.5,MOT:1,TILT:25.0,TRIM:0.000,ATE:0,LATCH:0,TORQ:1,CR:0.0,FX1:1.00,FY1:-151.10,FX2:-6.00,FY2:-149.60,IK1:1,IK2:1,MOVE:0
[2026-09-10 22:24:38.793] [RX] SRV:14,36,0.0,0,0
[2026-09-10 22:24:38.889] [RX] PITCH:1.76,PID_OUT:-103.30,INT:-0.0985,EL:-7516,ER:-8634,VEL:-391.3,MOT:1,TILT:25.0,TRIM:0.000,ATE:0,LATCH:0,TORQ:1,CR:0.0,FX1:1.00,FY1:-151.10,FX2:-6.00,FY2:-149.60,IK1:1,IK2:1,MOVE:0
[2026-09-10 22:24:38.986] [RX] PITCH:2.57,PID_OUT:-97.15,INT:-0.0985,EL:-7563,ER:-8598,VEL:-411.4,MOT:1,TILT:25.0,TRIM:0.000,ATE:0,LATCH:0,TORQ:1,CR:0.0,FX1:1.00,FY1:-151.10,FX2:-6.00,FY2:-149.60,IK1:1,IK2:1,MOVE:0
[2026-09-10 22:24:39.087] [RX] PITCH:0.38,PID_OUT:87.59,INT:-0.0789,EL:-7609,ER:-8564,VEL:-382.8,MOT:1,TILT:25.0,TRIM:0.000,ATE:0,LATCH:0,TORQ:1,CR:0.0,FX1:1.00,FY1:-151.10,FX2:-6.00,FY2:-149.60,IK1:1,IK2:1,MOVE:0
[2026-09-10 22:24:39.192] [RX] PITCH:0.72,PID_OUT:-7.10,INT:0.0430,EL:-7635,ER:-8553,VEL:-201.1,MOT:1,TILT:25.0,TRIM:0.000,ATE:0,LATCH:0,TORQ:1,CR:0.0,FX1:1.00,FY1:-151.10,FX2:-6.00,FY2:-149.60,IK1:1,IK2:1,MOVE:0
[2026-09-10 22:24:39.200] [RX] AX12:MODE:0,TQ:1,TL:1023,CM:1,CS:4,MS:0,MT:800
[2026-09-10 22:24:39.287] [RX] PITCH:2.64,PID_OUT:-88.58,INT:-0.0234,EL:-7673,ER:-8533,VEL:-288.0,MOT:1,TILT:25.0,TRIM:0.000,ATE:0,LATCH:0,TORQ:1,CR:0.0,FX1:1.00,FY1:-151.10,FX2:-6.00,FY2:-149.60,IK1:1,IK2:1,MOVE:0
[2026-09-10 22:24:39.389] [RX] PITCH:1.58,PID_OUT:-62.66,INT:-0.0925,EL:-7718,ER:-8505,VEL:-343.9,MOT:1,TILT:25.0,TRIM:0.000,ATE:0,LATCH:0,TORQ:1,CR:0.0,FX1:1.00,FY1:-151.10,FX2:-6.00,FY2:-149.60,IK1:1,IK2:1,MOVE:0
[2026-09-10 22:24:39.485] [RX] PITCH:0.68,PID_OUT:6.86,INT:-0.0676,EL:-7754,ER:-8481,VEL:-288.7,MOT:1,TILT:25.0,TRIM:0.000,ATE:0,LATCH:0,TORQ:1,CR:0.0,FX1:1.00,FY1:-151.10,FX2:-6.00,FY2:-149.60,IK1:1,IK2:1,MOVE:0
[2026-09-10 22:24:39.586] [RX] PITCH:0.86,PID_OUT:-16.69,INT:-0.0066,EL:-7777,ER:-8462,VEL:-223.9,MOT:1,TILT:25.0,TRIM:0.000,ATE:0,LATCH:0,TORQ:1,CR:0.0,FX1:1.00,FY1:-151.10,FX2:-6.00,FY2:-149.60,IK1:1,IK2:1,MOVE:0
[2026-09-10 22:24:39.693] [RX] PITCH:2.71,PID_OUT:-227.76,INT:-0.0456,EL:-7811,ER:-8443,VEL:-251.8,MOT:1,TILT:25.0,TRIM:0.000,ATE:0,LATCH:0,TORQ:1,CR:0.0,FX1:1.00,FY1:-151.10,FX2:-6.00,FY2:-149.60,IK1:1,IK2:1,MOVE:0
[2026-09-10 22:24:39.698] [RX] AX12:MODE:0,TQ:1,TL:1023,CM:1,CS:4,MS:0,MT:800
[2026-09-10 22:24:39.790] [RX] PITCH:2.05,PID_OUT:6.64,INT:-0.0985,EL:-7855,ER:-8397,VEL:-408.9,MOT:1,TILT:25.0,TRIM:0.000,ATE:0,LATCH:0,TORQ:1,CR:0.0,FX1:1.00,FY1:-151.10,FX2:-6.00,FY2:-149.60,IK1:1,IK2:1,MOVE:0
[2026-09-10 22:24:39.790] [RX] SRV:1,37,0.0,0,0
[2026-09-10 22:24:39.888] [RX] PITCH:-0.60,PID_OUT:114.21,INT:0.0206,EL:-7853,ER:-8376,VEL:-123.5,MOT:1,TILT:25.0,TRIM:0.000,ATE:0,LATCH:0,TORQ:1,CR:0.0,FX1:1.00,FY1:-151.10,FX2:-6.00,FY2:-149.60,IK1:1,IK2:1,MOVE:0
[2026-09-10 22:24:39.985] [RX] PITCH:1.49,PID_OUT:-25.95,INT:0.0936,EL:-7848,ER:-8375,VEL:-20.2,MOT:1,TILT:25.0,TRIM:0.000,ATE:0,LATCH:0,TORQ:1,CR:0.0,FX1:1.00,FY1:-151.10,FX2:-6.00,FY2:-149.60,IK1:1,IK2:1,MOVE:0
[2026-09-10 22:24:40.085] [RX] PITCH:2.34,PID_OUT:-74.96,INT:0.0071,EL:-7877,ER:-8367,VEL:-158.7,MOT:1,TILT:25.0,TRIM:0.000,ATE:0,LATCH:0,TORQ:1,CR:0.0,FX1:1.00,FY1:-151.10,FX2:-6.00,FY2:-149.60,IK1:1,IK2:1,MOVE:0
[2026-09-10 22:24:40.191] [RX] PITCH:1.52,PID_OUT:-36.70,INT:-0.0613,EL:-7906,ER:-8356,VEL:-188.1,MOT:1,TILT:25.0,TRIM:0.000,ATE:0,LATCH:0,TORQ:1,CR:0.0,FX1:1.00,FY1:-151.10,FX2:-6.00,FY2:-149.60,IK1:1,IK2:1,MOVE:0
[2026-09-10 22:24:40.201] [RX] AX12:MODE:0,TQ:1,TL:1023,CM:1,CS:4,MS:0,MT:800
[2026-09-10 22:24:40.284] [RX] PITCH:0.60,PID_OUT:26.59,INT:-0.0267,EL:-7925,ER:-8355,VEL:-76.9,MOT:1,TILT:25.0,TRIM:0.000,ATE:0,LATCH:0,TORQ:1,CR:0.0,FX1:1.00,FY1:-151.10,FX2:-6.00,FY2:-149.60,IK1:1,IK2:1,MOVE:0
[2026-09-10 22:24:40.385] [RX] PITCH:1.23,PID_OUT:-27.47,INT:0.0160,EL:-7926,ER:-8361,VEL:-0.8,MOT:1,TILT:25.0,TRIM:0.000,ATE:0,LATCH:0,TORQ:1,CR:0.0,FX1:1.00,FY1:-151.10,FX2:-6.00,FY2:-149.60,IK1:1,IK2:1,MOVE:0
[2026-09-10 22:24:40.486] [RX] PITCH:2.13,PID_OUT:-115.83,INT:-0.0239,EL:-7938,ER:-8360,VEL:-82.0,MOT:1,TILT:25.0,TRIM:0.000,ATE:0,LATCH:0,TORQ:1,CR:0.0,FX1:1.00,FY1:-151.10,FX2:-6.00,FY2:-149.60,IK1:1,IK2:1,MOVE:0
[2026-09-10 22:24:40.584] [RX] PITCH:1.81,PID_OUT:-95.09,INT:-0.0786,EL:-7958,ER:-8356,VEL:-97.9,MOT:1,TILT:25.0,TRIM:0.000,ATE:0,LATCH:0,TORQ:1,CR:0.0,FX1:1.00,FY1:-151.10,FX2:-6.00,FY2:-149.60,IK1:1,IK2:1,MOVE:0
[2026-09-10 22:24:40.690] [RX] PITCH:1.58,PID_OUT:-43.17,INT:-0.0985,EL:-7958,ER:-8350,VEL:-42.5,MOT:1,TILT:25.0,TRIM:0.000,ATE:0,LATCH:0,TORQ:1,CR:0.0,FX1:1.00,FY1:-151.10,FX2:-6.00,FY2:-149.60,IK1:1,IK2:1,MOVE:0
[2026-09-10 22:24:40.695] [RX] AX12:MODE:0,TQ:1,TL:1023,CM:1,CS:4,MS:0,MT:800
[2026-09-10 22:24:40.785] [RX] PITCH:0.05,PID_OUT:102.81,INT:-0.0408,EL:-7957,ER:-8355,VEL:47.2,MOT:1,TILT:25.0,TRIM:0.000,ATE:0,LATCH:0,TORQ:1,CR:0.0,FX1:1.00,FY1:-151.10,FX2:-6.00,FY2:-149.60,IK1:1,IK2:1,MOVE:0
[2026-09-10 22:24:40.788] [RX] SRV:6,37,0.0,0,0
[2026-09-10 22:24:40.883] [RX] PITCH:0.04,PID_OUT:83.91,INT:0.0985,EL:-7948,ER:-8383,VEL:153.2,MOT:1,TILT:25.0,TRIM:0.000,ATE:0,LATCH:0,TORQ:1,CR:0.0,FX1:1.00,FY1:-151.10,FX2:-6.00,FY2:-149.60,IK1:1,IK2:1,MOVE:0
[2026-09-10 22:24:40.984] [RX] PITCH:1.53,PID_OUT:20.19,INT:0.0941,EL:-7934,ER:-8411,VEL:188.1,MOT:1,TILT:25.0,TRIM:0.000,ATE:0,LATCH:0,TORQ:1,CR:0.0,FX1:1.00,FY1:-151.10,FX2:-6.00,FY2:-149.60,IK1:1,IK2:1,MOVE:0
[2026-09-10 22:24:41.083] [RX] PITCH:0.88,PID_OUT:104.64,INT:0.0930,EL:-7927,ER:-8433,VEL:154.0,MOT:1,TILT:25.0,TRIM:0.000,ATE:0,LATCH:0,TORQ:1,CR:0.0,FX1:1.00,FY1:-151.10,FX2:-6.00,FY2:-149.60,IK1:1,IK2:1,MOVE:0
[2026-09-10 22:24:41.185] [RX] PITCH:0.77,PID_OUT:74.95,INT:0.0985,EL:-7917,ER:-8457,VEL:170.0,MOT:1,TILT:25.0,TRIM:0.000,ATE:0,LATCH:0,TORQ:1,CR:0.0,FX1:1.00,FY1:-151.10,FX2:-6.00,FY2:-149.60,IK1:1,IK2:1,MOVE:0
[2026-09-10 22:24:41.197] [RX] AX12:MODE:0,TQ:1,TL:1023,CM:1,CS:4,MS:0,MT:800
[2026-09-10 22:24:41.285] [RX] PITCH:1.10,PID_OUT:65.15,INT:0.0985,EL:-7906,ER:-8482,VEL:184.2,MOT:1,TILT:25.0,TRIM:0.000,ATE:0,LATCH:0,TORQ:1,CR:0.0,FX1:1.00,FY1:-151.10,FX2:-6.00,FY2:-149.60,IK1:1,IK2:1,MOVE:0
[2026-09-10 22:24:41.381] [RX] PITCH:1.06,PID_OUT:71.31,INT:0.0985,EL:-7896,ER:-8506,VEL:166.8,MOT:1,TILT:25.0,TRIM:0.000,ATE:0,LATCH:0,TORQ:1,CR:0.0,FX1:1.00,FY1:-151.10,FX2:-6.00,FY2:-149.60,IK1:1,IK2:1,MOVE:0
[2026-09-10 22:24:41.482] [RX] PITCH:0.85,PID_OUT:92.72,INT:0.0985,EL:-7887,ER:-8533,VEL:182.0,MOT:1,TILT:25.0,TRIM:0.000,ATE:0,LATCH:0,TORQ:1,CR:0.0,FX1:1.00,FY1:-151.10,FX2:-6.00,FY2:-149.60,IK1:1,IK2:1,MOVE:0
[2026-09-10 22:24:41.584] [RX] PITCH:1.00,PID_OUT:66.49,INT:0.0985,EL:-7875,ER:-8558,VEL:190.2,MOT:1,TILT:25.0,TRIM:0.000,ATE:0,LATCH:0,TORQ:1,CR:0.0,FX1:1.00,FY1:-151.10,FX2:-6.00,FY2:-149.60,IK1:1,IK2:1,MOVE:0
[2026-09-10 22:24:41.684] [RX] PITCH:1.12,PID_OUT:62.70,INT:0.0985,EL:-7864,ER:-8585,VEL:192.3,MOT:1,TILT:25.0,TRIM:0.000,ATE:0,LATCH:0,TORQ:1,CR:0.0,FX1:1.00,FY1:-151.10,FX2:-6.00,FY2:-149.60,IK1:1,IK2:1,MOVE:0
[2026-09-10 22:24:41.691] [RX] AX12:MODE:0,TQ:1,TL:1023,CM:1,CS:4,MS:0,MT:800
[2026-09-10 22:24:41.782] [RX] PITCH:1.02,PID_OUT:75.61,INT:0.0985,EL:-7853,ER:-8613,VEL:194.1,MOT:1,TILT:25.0,TRIM:0.000,ATE:0,LATCH:0,TORQ:1,CR:0.0,FX1:1.00,FY1:-151.10,FX2:-6.00,FY2:-149.60,IK1:1,IK2:1,MOVE:0
[2026-09-10 22:24:41.784] [RX] SRV:0,36,0.0,0,0
[2026-09-10 22:24:41.881] [RX] PITCH:1.33,PID_OUT:46.74,INT:0.0978,EL:-7843,ER:-8642,VEL:198.2,MOT:1,TILT:25.0,TRIM:0.000,ATE:0,LATCH:0,TORQ:1,CR:0.0,FX1:1.00,FY1:-151.10,FX2:-6.00,FY2:-149.60,IK1:1,IK2:1,MOVE:0
[2026-09-10 22:24:41.982] [RX] PITCH:1.15,PID_OUT:72.66,INT:0.0985,EL:-7835,ER:-8665,VEL:152.2,MOT:1,TILT:25.0,TRIM:0.000,ATE:0,LATCH:0,TORQ:1,CR:0.0,FX1:1.00,FY1:-151.10,FX2:-6.00,FY2:-149.60,IK1:1,IK2:1,MOVE:0
[2026-09-10 22:24:42.079] [RX] PITCH:1.10,PID_OUT:61.64,INT:0.0985,EL:-7826,ER:-8690,VEL:174.9,MOT:1,TILT:25.0,TRIM:0.000,ATE:0,LATCH:0,TORQ:1,CR:0.0,FX1:1.00,FY1:-151.10,FX2:-6.00,FY2:-149.60,IK1:1,IK2:1,MOVE:0
[2026-09-10 22:24:42.192] [RX] PITCH:1.46,PID_OUT:46.16,INT:0.0895,EL:-7817,ER:-8719,VEL:186.3,MOT:1,TILT:25.0,TRIM:0.000,ATE:0,LATCH:0,TORQ:1,CR:0.0,FX1:1.00,FY1:-151.10,FX2:-6.00,FY2:-149.60,IK1:1,IK2:1,MOVE:0
[2026-09-10 22:24:42.192] [RX] AX12:MODE:0,TQ:1,TL:1023,CM:1,CS:4,MS:0,MT:800
[2026-09-10 22:24:42.279] [RX] PITCH:0.91,PID_OUT:89.26,INT:0.0985,EL:-7810,ER:-8741,VEL:157.9,MOT:1,TILT:25.0,TRIM:0.000,ATE:0,LATCH:0,TORQ:1,CR:0.0,FX1:1.00,FY1:-151.10,FX2:-6.00,FY2:-149.60,IK1:1,IK2:1,MOVE:0
[2026-09-10 22:24:42.379] [RX] PITCH:1.02,PID_OUT:64.39,INT:0.0985,EL:-7800,ER:-8764,VEL:170.6,MOT:1,TILT:25.0,TRIM:0.000,ATE:0,LATCH:0,TORQ:1,CR:0.0,FX1:1.00,FY1:-151.10,FX2:-6.00,FY2:-149.60,IK1:1,IK2:1,MOVE:0
[2026-09-10 22:24:42.479] [RX] PITCH:1.31,PID_OUT:53.89,INT:0.0977,EL:-7790,ER:-8790,VEL:184.1,MOT:1,TILT:25.0,TRIM:0.000,ATE:0,LATCH:0,TORQ:1,CR:0.0,FX1:1.00,FY1:-151.10,FX2:-6.00,FY2:-149.60,IK1:1,IK2:1,MOVE:0
[2026-09-10 22:24:42.581] [RX] PITCH:1.33,PID_OUT:59.58,INT:0.0905,EL:-7782,ER:-8820,VEL:181.9,MOT:1,TILT:25.0,TRIM:0.000,ATE:0,LATCH:0,TORQ:1,CR:0.0,FX1:1.00,FY1:-151.10,FX2:-6.00,FY2:-149.60,IK1:1,IK2:1,MOVE:0
[2026-09-10 22:24:42.686] [RX] PITCH:1.06,PID_OUT:73.32,INT:0.0985,EL:-7773,ER:-8844,VEL:169.5,MOT:1,TILT:25.0,TRIM:0.000,ATE:0,LATCH:0,TORQ:1,CR:0.0,FX1:1.00,FY1:-151.10,FX2:-6.00,FY2:-149.60,IK1:1,IK2:1,MOVE:0
[2026-09-10 22:24:42.689] [RX] AX12:MODE:0,TQ:1,TL:1023,CM:1,CS:4,MS:0,MT:800
[2026-09-10 22:24:42.784] [RX] PITCH:1.08,PID_OUT:78.63,INT:0.0985,EL:-7763,ER:-8870,VEL:180.0,MOT:1,TILT:25.0,TRIM:0.000,ATE:0,LATCH:0,TORQ:1,CR:0.0,FX1:1.00,FY1:-151.10,FX2:-6.00,FY2:-149.60,IK1:1,IK2:1,MOVE:0
[2026-09-10 22:24:42.784] [RX] SRV:14,36,0.0,0,0
[2026-09-10 22:24:42.880] [RX] PITCH:1.16,PID_OUT:52.28,INT:0.0985,EL:-7752,ER:-8895,VEL:189.0,MOT:1,TILT:25.0,TRIM:0.000,ATE:0,LATCH:0,TORQ:1,CR:0.0,FX1:1.00,FY1:-151.10,FX2:-6.00,FY2:-149.60,IK1:1,IK2:1,MOVE:0
[2026-09-10 22:24:42.978] [RX] PITCH:1.30,PID_OUT:63.77,INT:0.0946,EL:-7741,ER:-8923,VEL:186.0,MOT:1,TILT:25.0,TRIM:0.000,ATE:0,LATCH:0,TORQ:1,CR:0.0,FX1:1.00,FY1:-151.10,FX2:-6.00,FY2:-149.60,IK1:1,IK2:1,MOVE:0
[2026-09-10 22:24:43.078] [RX] PITCH:1.16,PID_OUT:56.73,INT:0.0985,EL:-7730,ER:-8949,VEL:184.3,MOT:1,TILT:25.0,TRIM:0.000,ATE:0,LATCH:0,TORQ:1,CR:0.0,FX1:1.00,FY1:-151.10,FX2:-6.00,FY2:-149.60,IK1:1,IK2:1,MOVE:0
[2026-09-10 22:24:43.181] [RX] PITCH:1.21,PID_OUT:63.34,INT:0.0985,EL:-7719,ER:-8976,VEL:185.6,MOT:1,TILT:25.0,TRIM:0.000,ATE:0,LATCH:0,TORQ:1,CR:0.0,FX1:1.00,FY1:-151.10,FX2:-6.00,FY2:-149.60,IK1:1,IK2:1,MOVE:0
[2026-09-10 22:24:43.190] [RX] AX12:MODE:0,TQ:1,TL:1023,CM:1,CS:4,MS:0,MT:800
[2026-09-10 22:24:43.277] [RX] PITCH:0.91,PID_OUT:74.97,INT:0.0985,EL:-7707,ER:-9002,VEL:194.1,MOT:1,TILT:25.0,TRIM:0.000,ATE:0,LATCH:0,TORQ:1,CR:0.0,FX1:1.00,FY1:-151.10,FX2:-6.00,FY2:-149.60,IK1:1,IK2:1,MOVE:0
[2026-09-10 22:24:43.381] [RX] PITCH:1.37,PID_OUT:49.23,INT:0.0972,EL:-7696,ER:-9028,VEL:183.0,MOT:1,TILT:25.0,TRIM:0.000,ATE:0,LATCH:0,TORQ:1,CR:0.0,FX1:1.00,FY1:-151.10,FX2:-6.00,FY2:-149.60,IK1:1,IK2:1,MOVE:0
[2026-09-10 22:24:43.481] [RX] PITCH:1.14,PID_OUT:71.03,INT:0.0985,EL:-7686,ER:-9049,VEL:145.5,MOT:1,TILT:25.0,TRIM:0.000,ATE:0,LATCH:0,TORQ:1,CR:0.0,FX1:1.00,FY1:-151.10,FX2:-6.00,FY2:-149.60,IK1:1,IK2:1,MOVE:0
[2026-09-10 22:24:43.578] [RX] PITCH:1.14,PID_OUT:56.10,INT:0.0985,EL:-7676,ER:-9075,VEL:171.6,MOT:1,TILT:25.0,TRIM:0.000,ATE:0,LATCH:0,TORQ:1,CR:0.0,FX1:1.00,FY1:-151.10,FX2:-6.00,FY2:-149.60,IK1:1,IK2:1,MOVE:0
[2026-09-10 22:24:43.688] [RX] PITCH:1.30,PID_OUT:62.13,INT:0.0979,EL:-7666,ER:-9099,VEL:164.3,MOT:1,TILT:25.0,TRIM:0.000,ATE:0,LATCH:0,TORQ:1,CR:0.0,FX1:1.00,FY1:-151.10,FX2:-6.00,FY2:-149.60,IK1:1,IK2:1,MOVE:0
[2026-09-10 22:24:43.689] [RX] AX12:MODE:0,TQ:1,TL:1023,CM:1,CS:4,MS:0,MT:800
[2026-09-10 22:24:43.785] [RX] PITCH:1.18,PID_OUT:61.48,INT:0.0985,EL:-7657,ER:-9123,VEL:161.7,MOT:1,TILT:25.0,TRIM:0.000,ATE:0,LATCH:0,TORQ:1,CR:0.0,FX1:1.00,FY1:-151.10,FX2:-6.00,FY2:-149.60,IK1:1,IK2:1,MOVE:0
[2026-09-10 22:24:43.785] [RX] SRV:1,37,0.0,0,0
[2026-09-10 22:24:43.876] [RX] PITCH:1.34,PID_OUT:48.14,INT:0.0979,EL:-7648,ER:-9149,VEL:170.8,MOT:1,TILT:25.0,TRIM:0.000,ATE:0,LATCH:0,TORQ:1,CR:0.0,FX1:1.00,FY1:-151.10,FX2:-6.00,FY2:-149.60,IK1:1,IK2:1,MOVE:0
[2026-09-10 22:24:43.976] [RX] PITCH:1.31,PID_OUT:59.60,INT:0.0920,EL:-7640,ER:-9172,VEL:154.0,MOT:1,TILT:25.0,TRIM:0.000,ATE:0,LATCH:0,TORQ:1,CR:0.0,FX1:1.00,FY1:-151.10,FX2:-6.00,FY2:-149.60,IK1:1,IK2:1,MOVE:0
[2026-09-10 22:24:44.076] [RX] PITCH:1.03,PID_OUT:72.67,INT:0.0985,EL:-7633,ER:-9196,VEL:156.7,MOT:1,TILT:25.0,TRIM:0.000,ATE:0,LATCH:0,TORQ:1,CR:0.0,FX1:1.00,FY1:-151.10,FX2:-6.00,FY2:-149.60,IK1:1,IK2:1,MOVE:0
[2026-09-10 22:24:44.182] [RX] PITCH:1.26,PID_OUT:59.79,INT:0.0985,EL:-7624,ER:-9219,VEL:157.4,MOT:1,TILT:25.0,TRIM:0.000,ATE:0,LATCH:0,TORQ:1,CR:0.0,FX1:1.00,FY1:-151.10,FX2:-6.00,FY2:-149.60,IK1:1,IK2:1,MOVE:0
[2026-09-10 22:24:44.189] [RX] AX12:MODE:0,TQ:1,TL:1023,CM:1,CS:4,MS:0,MT:800
[2026-09-10 22:24:44.276] [RX] PITCH:1.14,PID_OUT:57.95,INT:0.0985,EL:-7616,ER:-9241,VEL:148.1,MOT:1,TILT:25.0,TRIM:0.000,ATE:0,LATCH:0,TORQ:1,CR:0.0,FX1:1.00,FY1:-151.10,FX2:-6.00,FY2:-149.60,IK1:1,IK2:1,MOVE:0
[2026-09-10 22:24:44.377] [RX] PITCH:1.11,PID_OUT:72.43,INT:0.0985,EL:-7606,ER:-9264,VEL:163.6,MOT:1,TILT:25.0,TRIM:0.000,ATE:0,LATCH:0,TORQ:1,CR:0.0,FX1:1.00,FY1:-151.10,FX2:-6.00,FY2:-149.60,IK1:1,IK2:1,MOVE:0
[2026-09-10 22:24:44.475] [RX] PITCH:1.16,PID_OUT:66.83,INT:0.0985,EL:-7595,ER:-9283,VEL:156.1,MOT:1,TILT:25.0,TRIM:0.000,ATE:0,LATCH:0,TORQ:1,CR:0.0,FX1:1.00,FY1:-151.10,FX2:-6.00,FY2:-149.60,IK1:1,IK2:1,MOVE:0
[2026-09-10 22:24:44.575] [RX] PITCH:1.24,PID_OUT:58.73,INT:0.0985,EL:-7585,ER:-9304,VEL:149.3,MOT:1,TILT:25.0,TRIM:0.000,ATE:0,LATCH:0,TORQ:1,CR:0.0,FX1:1.00,FY1:-151.10,FX2:-6.00,FY2:-149.60,IK1:1,IK2:1,MOVE:0
[2026-09-10 22:24:44.679] [RX] PITCH:1.25,PID_OUT:59.81,INT:0.0985,EL:-7575,ER:-9325,VEL:157.7,MOT:1,TILT:25.0,TRIM:0.000,ATE:0,LATCH:0,TORQ:1,CR:0.0,FX1:1.00,FY1:-151.10,FX2:-6.00,FY2:-149.60,IK1:1,IK2:1,MOVE:0
[2026-09-10 22:24:44.685] [RX] AX12:MODE:0,TQ:1,TL:1023,CM:1,CS:4,MS:0,MT:800
[2026-09-10 22:24:44.781] [RX] PITCH:1.12,PID_OUT:67.05,INT:0.0985,EL:-7564,ER:-9343,VEL:155.5,MOT:1,TILT:25.0,TRIM:0.000,ATE:0,LATCH:0,TORQ:1,CR:0.0,FX1:1.00,FY1:-151.10,FX2:-6.00,FY2:-149.60,IK1:1,IK2:1,MOVE:0
[2026-09-10 22:24:44.781] [RX] SRV:6,37,0.0,0,0
[2026-09-10 22:24:44.877] [RX] PITCH:1.21,PID_OUT:69.18,INT:0.0985,EL:-7553,ER:-9364,VEL:170.4,MOT:1,TILT:25.0,TRIM:0.000,ATE:0,LATCH:0,TORQ:1,CR:0.0,FX1:1.00,FY1:-151.10,FX2:-6.00,FY2:-149.60,IK1:1,IK2:1,MOVE:0
[2026-09-10 22:24:44.974] [RX] PITCH:1.24,PID_OUT:58.53,INT:0.0985,EL:-7542,ER:-9377,VEL:131.1,MOT:1,TILT:25.0,TRIM:0.000,ATE:0,LATCH:0,TORQ:1,CR:0.0,FX1:1.00,FY1:-151.10,FX2:-6.00,FY2:-149.60,IK1:1,IK2:1,MOVE:0
[2026-09-10 22:24:45.079] [RX] PITCH:1.24,PID_OUT:66.07,INT:0.0985,EL:-7530,ER:-9399,VEL:168.2,MOT:1,TILT:25.0,TRIM:0.000,ATE:0,LATCH:0,TORQ:1,CR:0.0,FX1:1.00,FY1:-151.10,FX2:-6.00,FY2:-149.60,IK1:1,IK2:1,MOVE:0
[2026-09-10 22:24:45.180] [RX] PITCH:1.16,PID_OUT:73.15,INT:0.0985,EL:-7516,ER:-9411,VEL:130.2,MOT:1,TILT:25.0,TRIM:0.000,ATE:0,LATCH:0,TORQ:1,CR:0.0,FX1:1.00,FY1:-151.10,FX2:-6.00,FY2:-149.60,IK1:1,IK2:1,MOVE:0
[2026-09-10 22:24:45.186] [RX] AX12:MODE:0,TQ:1,TL:1023,CM:1,CS:4,MS:0,MT:800
[2026-09-10 22:24:45.273] [RX] PITCH:1.12,PID_OUT:65.65,INT:0.0985,EL:-7501,ER:-9430,VEL:151.8,MOT:1,TILT:25.0,TRIM:0.000,ATE:0,LATCH:0,TORQ:1,CR:0.0,FX1:1.00,FY1:-151.10,FX2:-6.00,FY2:-149.60,IK1:1,IK2:1,MOVE:0
[2026-09-10 22:24:45.375] [RX] PITCH:1.35,PID_OUT:53.31,INT:0.0971,EL:-7485,ER:-9452,VEL:177.1,MOT:1,TILT:25.0,TRIM:0.000,ATE:0,LATCH:0,TORQ:1,CR:0.0,FX1:1.00,FY1:-151.10,FX2:-6.00,FY2:-149.60,IK1:1,IK2:1,MOVE:0
[2026-09-10 22:24:45.473] [RX] PITCH:1.32,PID_OUT:66.80,INT:0.0911,EL:-7471,ER:-9475,VEL:188.3,MOT:1,TILT:25.0,TRIM:0.000,ATE:0,LATCH:0,TORQ:1,CR:0.0,FX1:1.00,FY1:-151.10,FX2:-6.00,FY2:-149.60,IK1:1,IK2:1,MOVE:0
[2026-09-10 22:24:45.573] [RX] PITCH:1.04,PID_OUT:57.17,INT:0.0985,EL:-7456,ER:-9500,VEL:202.1,MOT:1,TILT:25.0,TRIM:0.000,ATE:0,LATCH:0,TORQ:1,CR:0.0,FX1:1.00,FY1:-151.10,FX2:-6.00,FY2:-149.60,IK1:1,IK2:1,MOVE:0
[2026-09-10 22:24:45.680] [RX] PITCH:1.29,PID_OUT:55.95,INT:0.0985,EL:-7441,ER:-9523,VEL:190.8,MOT:1,TILT:25.0,TRIM:0.000,ATE:0,LATCH:0,TORQ:1,CR:0.0,FX1:1.00,FY1:-151.10,FX2:-6.00,FY2:-149.60,IK1:1,IK2:1,MOVE:0
[2026-09-10 22:24:45.684] [RX] AX12:MODE:0,TQ:1,TL:1023,CM:1,CS:4,MS:0,MT:800
[2026-09-10 22:24:45.775] [RX] PITCH:1.06,PID_OUT:79.99,INT:0.0985,EL:-7427,ER:-9552,VEL:212.8,MOT:1,TILT:25.0,TRIM:0.000,ATE:0,LATCH:0,TORQ:1,CR:0.0,FX1:1.00,FY1:-151.10,FX2:-6.00,FY2:-149.60,IK1:1,IK2:1,MOVE:0
[2026-09-10 22:24:45.778] [RX] SRV:0,36,0.0,0,0
[2026-09-10 22:24:45.873] [RX] PITCH:1.14,PID_OUT:71.76,INT:0.0985,EL:-7412,ER:-9581,VEL:227.8,MOT:1,TILT:25.0,TRIM:0.000,ATE:0,LATCH:0,TORQ:1,CR:0.0,FX1:1.00,FY1:-151.10,FX2:-6.00,FY2:-149.60,IK1:1,IK2:1,MOVE:0
[2026-09-10 22:24:45.974] [RX] PITCH:1.05,PID_OUT:80.34,INT:0.0985,EL:-7398,ER:-9610,VEL:215.0,MOT:1,TILT:25.0,TRIM:0.000,ATE:0,LATCH:0,TORQ:1,CR:0.0,FX1:1.00,FY1:-151.10,FX2:-6.00,FY2:-149.60,IK1:1,IK2:1,MOVE:0
[2026-09-10 22:24:46.071] [RX] PITCH:0.90,PID_OUT:80.52,INT:0.0985,EL:-7384,ER:-9643,VEL:233.1,MOT:1,TILT:25.0,TRIM:0.000,ATE:0,LATCH:0,TORQ:1,CR:0.0,FX1:1.00,FY1:-151.10,FX2:-6.00,FY2:-149.60,IK1:1,IK2:1,MOVE:0
[2026-09-10 22:24:46.176] [RX] PITCH:1.11,PID_OUT:75.32,INT:0.0985,EL:-7369,ER:-9673,VEL:226.3,MOT:1,TILT:25.0,TRIM:0.000,ATE:0,LATCH:0,TORQ:1,CR:0.0,FX1:1.00,FY1:-151.10,FX2:-6.00,FY2:-149.60,IK1:1,IK2:1,MOVE:0
[2026-09-10 22:24:46.182] [RX] AX12:MODE:0,TQ:1,TL:1023,CM:1,CS:4,MS:0,MT:800
[2026-09-10 22:24:46.274] [RX] PITCH:0.84,PID_OUT:84.30,INT:0.0985,EL:-7355,ER:-9703,VEL:229.3,MOT:1,TILT:25.0,TRIM:0.000,ATE:0,LATCH:0,TORQ:1,CR:0.0,FX1:1.00,FY1:-151.10,FX2:-6.00,FY2:-149.60,IK1:1,IK2:1,MOVE:0
[2026-09-10 22:24:46.373] [RX] PITCH:0.73,PID_OUT:91.28,INT:0.0985,EL:-7339,ER:-9733,VEL:235.2,MOT:1,TILT:25.0,TRIM:0.000,ATE:0,LATCH:0,TORQ:1,CR:0.0,FX1:1.00,FY1:-151.10,FX2:-6.00,FY2:-149.60,IK1:1,IK2:1,MOVE:0
[2026-09-10 22:24:46.471] [RX] PITCH:1.13,PID_OUT:71.44,INT:0.0985,EL:-7324,ER:-9765,VEL:235.8,MOT:1,TILT:25.0,TRIM:0.000,ATE:0,LATCH:0,TORQ:1,CR:0.0,FX1:1.00,FY1:-151.10,FX2:-6.00,FY2:-149.60,IK1:1,IK2:1,MOVE:0
[2026-09-10 22:24:46.572] [RX] PITCH:1.05,PID_OUT:71.11,INT:0.0985,EL:-7310,ER:-9795,VEL:218.4,MOT:1,TILT:25.0,TRIM:0.000,ATE:0,LATCH:0,TORQ:1,CR:0.0,FX1:1.00,FY1:-151.10,FX2:-6.00,FY2:-149.60,IK1:1,IK2:1,MOVE:0
[2026-09-10 22:24:46.678] [RX] PITCH:3.56,PID_OUT:-224.64,INT:0.0502,EL:-7303,ER:-9821,VEL:127.2,MOT:1,TILT:25.0,TRIM:0.000,ATE:0,LATCH:0,TORQ:1,CR:0.0,FX1:1.00,FY1:-151.10,FX2:-6.00,FY2:-149.60,IK1:1,IK2:1,MOVE:0
[2026-09-10 22:24:46.682] [RX] AX12:MODE:0,TQ:1,TL:1023,CM:1,CS:4,MS:0,MT:800
[2026-09-10 22:24:46.776] [RX] PITCH:0.35,PID_OUT:186.89,INT:-0.0883,EL:-7357,ER:-9793,VEL:-292.5,MOT:1,TILT:25.0,TRIM:0.000,ATE:0,LATCH:0,TORQ:1,CR:0.0,FX1:1.00,FY1:-151.10,FX2:-6.00,FY2:-149.60,IK1:1,IK2:1,MOVE:0
[2026-09-10 22:24:46.779] [RX] SRV:14,36,0.0,0,0
[2026-09-10 22:24:46.870] [RX] PITCH:2.14,PID_OUT:-194.63,INT:0.0074,EL:-7373,ER:-9788,VEL:-146.2,MOT:1,TILT:25.0,TRIM:0.000,ATE:0,LATCH:0,TORQ:1,CR:0.0,FX1:1.00,FY1:-151.10,FX2:-6.00,FY2:-149.60,IK1:1,IK2:1,MOVE:0
[2026-09-10 22:24:46.971] [RX] PITCH:2.53,PID_OUT:-84.83,INT:-0.0985,EL:-7404,ER:-9768,VEL:-264.1,MOT:1,TILT:25.0,TRIM:0.000,ATE:0,LATCH:0,TORQ:1,CR:0.0,FX1:1.00,FY1:-151.10,FX2:-6.00,FY2:-149.60,IK1:1,IK2:1,MOVE:0
[2026-09-10 22:24:47.071] [RX] PITCH:1.04,PID_OUT:-31.32,INT:-0.0933,EL:-7443,ER:-9743,VEL:-302.8,MOT:1,TILT:25.0,TRIM:0.000,ATE:0,LATCH:0,TORQ:1,CR:0.0,FX1:1.00,FY1:-151.10,FX2:-6.00,FY2:-149.60,IK1:1,IK2:1,MOVE:0
[2026-09-10 22:24:47.177] [RX] PITCH:1.63,PID_OUT:-105.09,INT:-0.0783,EL:-7484,ER:-9722,VEL:-312.1,MOT:1,TILT:25.0,TRIM:0.000,ATE:0,LATCH:0,TORQ:1,CR:0.0,FX1:1.00,FY1:-151.10,FX2:-6.00,FY2:-149.60,IK1:1,IK2:1,MOVE:0
[2026-09-10 22:24:47.181] [RX] AX12:MODE:0,TQ:1,TL:1023,CM:1,CS:4,MS:0,MT:800
[2026-09-10 22:24:47.272] [RX] PITCH:1.76,PID_OUT:-97.49,INT:-0.0985,EL:-7528,ER:-9697,VEL:-338.4,MOT:1,TILT:25.0,TRIM:0.000,ATE:0,LATCH:0,TORQ:1,CR:0.0,FX1:1.00,FY1:-151.10,FX2:-6.00,FY2:-149.60,IK1:1,IK2:1,MOVE:0
[2026-09-10 22:24:47.368] [RX] PITCH:1.71,PID_OUT:-95.86,INT:-0.0985,EL:-7571,ER:-9668,VEL:-352.3,MOT:1,TILT:25.0,TRIM:0.000,ATE:0,LATCH:0,TORQ:1,CR:0.0,FX1:1.00,FY1:-151.10,FX2:-6.00,FY2:-149.60,IK1:1,IK2:1,MOVE:0
[2026-09-10 22:24:47.471] [RX] PITCH:1.45,PID_OUT:-80.99,INT:-0.0985,EL:-7616,ER:-9637,VEL:-377.1,MOT:1,TILT:25.0,TRIM:0.000,ATE:0,LATCH:0,TORQ:1,CR:0.0,FX1:1.00,FY1:-151.10,FX2:-6.00,FY2:-149.60,IK1:1,IK2:1,MOVE:0
[2026-09-10 22:24:47.571] [RX] PITCH:1.87,PID_OUT:-99.82,INT:-0.0985,EL:-7662,ER:-9607,VEL:-381.1,MOT:1,TILT:25.0,TRIM:0.000,ATE:0,LATCH:0,TORQ:1,CR:0.0,FX1:1.00,FY1:-151.10,FX2:-6.00,FY2:-149.60,IK1:1,IK2:1,MOVE:0
[2026-09-10 22:24:47.681] [RX] PITCH:1.54,PID_OUT:-73.57,INT:-0.0985,EL:-7704,ER:-9575,VEL:-369.5,MOT:1,TILT:25.0,TRIM:0.000,ATE:0,LATCH:0,TORQ:1,CR:0.0,FX1:1.00,FY1:-151.10,FX2:-6.00,FY2:-149.60,IK1:1,IK2:1,MOVE:0
[2026-09-10 22:24:47.681] [RX] AX12:MODE:0,TQ:1,TL:1023,CM:1,CS:4,MS:0,MT:800
[2026-09-10 22:24:47.772] [RX] PITCH:1.48,PID_OUT:-76.21,INT:-0.0985,EL:-7749,ER:-9542,VEL:-391.4,MOT:1,TILT:25.0,TRIM:0.000,ATE:0,LATCH:0,TORQ:1,CR:0.0,FX1:1.00,FY1:-151.10,FX2:-6.00,FY2:-149.60,IK1:1,IK2:1,MOVE:0
[2026-09-10 22:24:47.778] [RX] SRV:1,37,0.0,0,0
[2026-09-10 22:24:47.869] [RX] PITCH:1.21,PID_OUT:-76.56,INT:-0.0955,EL:-7788,ER:-9510,VEL:-367.0,MOT:1,TILT:25.0,TRIM:0.000,ATE:0,LATCH:0,TORQ:1,CR:0.0,FX1:1.00,FY1:-151.10,FX2:-6.00,FY2:-149.60,IK1:1,IK2:1,MOVE:0
[2026-09-10 22:24:47.970] [RX] PITCH:1.56,PID_OUT:-80.89,INT:-0.0985,EL:-7829,ER:-9477,VEL:-365.7,MOT:1,TILT:25.0,TRIM:0.000,ATE:0,LATCH:0,TORQ:1,CR:0.0,FX1:1.00,FY1:-151.10,FX2:-6.00,FY2:-149.60,IK1:1,IK2:1,MOVE:0
[2026-09-10 22:24:48.066] [RX] PITCH:1.14,PID_OUT:-52.62,INT:-0.0953,EL:-7869,ER:-9444,VEL:-374.1,MOT:1,TILT:25.0,TRIM:0.000,ATE:0,LATCH:0,TORQ:1,CR:0.0,FX1:1.00,FY1:-151.10,FX2:-6.00,FY2:-149.60,IK1:1,IK2:1,MOVE:0
[2026-09-10 22:24:48.178] [RX] PITCH:1.55,PID_OUT:-87.57,INT:-0.0978,EL:-7910,ER:-9413,VEL:-365.9,MOT:1,TILT:25.0,TRIM:0.000,ATE:0,LATCH:0,TORQ:1,CR:0.0,FX1:1.00,FY1:-151.10,FX2:-6.00,FY2:-149.60,IK1:1,IK2:1,MOVE:0
[2026-09-10 22:24:48.181] [RX] AX12:MODE:0,TQ:1,TL:1023,CM:1,CS:4,MS:0,MT:800
[2026-09-10 22:24:48.268] [RX] PITCH:1.40,PID_OUT:-75.19,INT:-0.0985,EL:-7952,ER:-9382,VEL:-362.0,MOT:1,TILT:25.0,TRIM:0.000,ATE:0,LATCH:0,TORQ:1,CR:0.0,FX1:1.00,FY1:-151.10,FX2:-6.00,FY2:-149.60,IK1:1,IK2:1,MOVE:0
[2026-09-10 22:24:48.370] [RX] PITCH:1.14,PID_OUT:-52.31,INT:-0.0909,EL:-7993,ER:-9351,VEL:-361.8,MOT:1,TILT:25.0,TRIM:0.000,ATE:0,LATCH:0,TORQ:1,CR:0.0,FX1:1.00,FY1:-151.10,FX2:-6.00,FY2:-149.60,IK1:1,IK2:1,MOVE:0
[2026-09-10 22:24:48.470] [RX] PITCH:1.38,PID_OUT:-87.44,INT:-0.0824,EL:-8036,ER:-9322,VEL:-365.9,MOT:1,TILT:25.0,TRIM:0.000,ATE:0,LATCH:0,TORQ:1,CR:0.0,FX1:1.00,FY1:-151.10,FX2:-6.00,FY2:-149.60,IK1:1,IK2:1,MOVE:0
[2026-09-10 22:24:48.565] [RX] PITCH:1.37,PID_OUT:-80.33,INT:-0.0973,EL:-8083,ER:-9292,VEL:-379.7,MOT:1,TILT:25.0,TRIM:0.000,ATE:0,LATCH:0,TORQ:1,CR:0.0,FX1:1.00,FY1:-151.10,FX2:-6.00,FY2:-149.60,IK1:1,IK2:1,MOVE:0
[2026-09-10 22:24:48.677] [RX] PITCH:1.31,PID_OUT:-71.74,INT:-0.0979,EL:-8128,ER:-9262,VEL:-372.5,MOT:1,TILT:25.0,TRIM:0.000,ATE:0,LATCH:0,TORQ:1,CR:0.0,FX1:1.00,FY1:-151.10,FX2:-6.00,FY2:-149.60,IK1:1,IK2:1,MOVE:0
[2026-09-10 22:24:48.680] [RX] AX12:MODE:0,TQ:1,TL:1023,CM:1,CS:4,MS:0,MT:800
[2026-09-10 22:24:48.771] [RX] PITCH:1.24,PID_OUT:-65.79,INT:-0.0972,EL:-8169,ER:-9233,VEL:-357.7,MOT:1,TILT:25.0,TRIM:0.000,ATE:0,LATCH:0,TORQ:1,CR:0.0,FX1:1.00,FY1:-151.10,FX2:-6.00,FY2:-149.60,IK1:1,IK2:1,MOVE:0
[2026-09-10 22:24:48.771] [RX] SRV:6,37,0.0,0,0
[2026-09-10 22:24:48.868] [RX] PITCH:1.33,PID_OUT:-62.06,INT:-0.0956,EL:-8207,ER:-9204,VEL:-334.2,MOT:1,TILT:25.0,TRIM:0.000,ATE:0,LATCH:0,TORQ:1,CR:0.0,FX1:1.00,FY1:-151.10,FX2:-6.00,FY2:-149.60,IK1:1,IK2:1,MOVE:0
[2026-09-10 22:24:48.972] [RX] PITCH:3.86,PID_OUT:-423.28,INT:-0.0985,EL:-8245,ER:-9175,VEL:-331.8,MOT:1,TILT:25.0,TRIM:0.000,ATE:0,LATCH:0,TORQ:1,CR:0.0,FX1:1.00,FY1:-151.10,FX2:-6.00,FY2:-149.60,IK1:1,IK2:1,MOVE:0
[2026-09-10 22:24:49.072] [RX] PITCH:3.66,PID_OUT:-37.30,INT:-0.0985,EL:-8311,ER:-9113,VEL:-626.0,MOT:1,TILT:25.0,TRIM:0.000,ATE:0,LATCH:0,TORQ:1,CR:0.0,FX1:1.00,FY1:-151.10,FX2:-6.00,FY2:-149.60,IK1:1,IK2:1,MOVE:0
[2026-09-10 22:24:49.169] [RX] PITCH:-1.42,PID_OUT:268.55,INT:-0.0082,EL:-8328,ER:-9064,VEL:-280.1,MOT:1,TILT:25.0,TRIM:0.000,ATE:0,LATCH:0,TORQ:1,CR:0.0,FX1:1.00,FY1:-151.10,FX2:-6.00,FY2:-149.60,IK1:1,IK2:1,MOVE:0
[2026-09-10 22:24:49.180] [RX] AX12:MODE:0,TQ:1,TL:1023,CM:1,CS:4,MS:0,MT:800
[2026-09-10 22:24:49.264] [RX] PITCH:2.23,PID_OUT:-127.32,INT:0.0598,EL:-8301,ER:-9071,VEL:37.3,MOT:1,TILT:25.0,TRIM:0.000,ATE:0,LATCH:0,TORQ:1,CR:0.0,FX1:1.00,FY1:-151.10,FX2:-6.00,FY2:-149.60,IK1:1,IK2:1,MOVE:0
[2026-09-10 22:24:49.366] [RX] PITCH:0.37,PID_OUT:140.14,INT:0.0001,EL:-8291,ER:-9072,VEL:69.1,MOT:1,TILT:25.0,TRIM:0.000,ATE:0,LATCH:0,TORQ:1,CR:0.0,FX1:1.00,FY1:-151.10,FX2:-6.00,FY2:-149.60,IK1:1,IK2:1,MOVE:0
[2026-09-10 22:24:49.467] [RX] PITCH:-0.27,PID_OUT:104.90,INT:0.0985,EL:-8263,ER:-9097,VEL:271.2,MOT:1,TILT:25.0,TRIM:0.000,ATE:0,LATCH:0,TORQ:1,CR:0.0,FX1:1.00,FY1:-151.10,FX2:-6.00,FY2:-149.60,IK1:1,IK2:1,MOVE:0
[2026-09-10 22:24:49.565] [RX] PITCH:0.62,PID_OUT:109.65,INT:0.0985,EL:-8229,ER:-9141,VEL:360.9,MOT:1,TILT:25.0,TRIM:0.000,ATE:0,LATCH:0,TORQ:1,CR:0.0,FX1:1.00,FY1:-151.10,FX2:-6.00,FY2:-149.60,IK1:1,IK2:1,MOVE:0
[2026-09-10 22:24:49.675] [RX] PITCH:0.33,PID_OUT:129.93,INT:0.0985,EL:-8195,ER:-9186,VEL:397.3,MOT:1,TILT:25.0,TRIM:0.000,ATE:0,LATCH:0,TORQ:1,CR:0.0,FX1:1.00,FY1:-151.10,FX2:-6.00,FY2:-149.60,IK1:1,IK2:1,MOVE:0
[2026-09-10 22:24:49.676] [RX] AX12:MODE:0,TQ:1,TL:1023,CM:1,CS:4,MS:0,MT:800
[2026-09-10 22:24:49.769] [RX] PITCH:0.23,PID_OUT:116.72,INT:0.0985,EL:-8155,ER:-9235,VEL:447.5,MOT:1,TILT:25.0,TRIM:0.000,ATE:0,LATCH:0,TORQ:1,CR:0.0,FX1:1.00,FY1:-151.10,FX2:-6.00,FY2:-149.60,IK1:1,IK2:1,MOVE:0
[2026-09-10 22:24:49.769] [RX] SRV:0,36,0.0,0,0
[2026-09-10 22:24:49.865] [RX] PITCH:0.51,PID_OUT:116.08,INT:0.0985,EL:-8110,ER:-9277,VEL:437.8,MOT:1,TILT:25.0,TRIM:0.000,ATE:0,LATCH:0,TORQ:1,CR:0.0,FX1:1.00,FY1:-151.10,FX2:-6.00,FY2:-149.60,IK1:1,IK2:1,MOVE:0
[2026-09-10 22:24:49.965] [RX] PITCH:0.56,PID_OUT:128.69,INT:0.0985,EL:-8064,ER:-9322,VEL:444.5,MOT:1,TILT:25.0,TRIM:0.000,ATE:0,LATCH:0,TORQ:1,CR:0.0,FX1:1.00,FY1:-151.10,FX2:-6.00,FY2:-149.60,IK1:1,IK2:1,MOVE:0
[2026-09-10 22:24:50.067] [RX] PITCH:-0.05,PID_OUT:138.66,INT:0.0985,EL:-8012,ER:-9369,VEL:494.7,MOT:1,TILT:25.0,TRIM:0.000,ATE:0,LATCH:0,TORQ:1,CR:0.0,FX1:1.00,FY1:-151.10,FX2:-6.00,FY2:-149.60,IK1:1,IK2:1,MOVE:0
[2026-09-10 22:24:50.170] [RX] PITCH:0.81,PID_OUT:86.87,INT:0.0985,EL:-7957,ER:-9422,VEL:531.9,MOT:1,TILT:25.0,TRIM:0.000,ATE:0,LATCH:0,TORQ:1,CR:0.0,FX1:1.00,FY1:-151.10,FX2:-6.00,FY2:-149.60,IK1:1,IK2:1,MOVE:0
[2026-09-10 22:24:50.179] [RX] AX12:MODE:0,TQ:1,TL:1023,CM:1,CS:4,MS:0,MT:800
[2026-09-10 22:24:50.264] [RX] PITCH:-0.08,PID_OUT:168.63,INT:0.0985,EL:-7904,ER:-9475,VEL:533.0,MOT:1,TILT:25.0,TRIM:0.000,ATE:0,LATCH:0,TORQ:1,CR:0.0,FX1:1.00,FY1:-151.10,FX2:-6.00,FY2:-149.60,IK1:1,IK2:1,MOVE:0
[2026-09-10 22:24:50.364] [RX] PITCH:0.52,PID_OUT:86.71,INT:0.0985,EL:-7843,ER:-9536,VEL:600.6,MOT:1,TILT:25.0,TRIM:0.000,ATE:0,LATCH:0,TORQ:1,CR:0.0,FX1:1.00,FY1:-151.10,FX2:-6.00,FY2:-149.60,IK1:1,IK2:1,MOVE:0
[2026-09-10 22:24:50.461] [RX] PITCH:0.29,PID_OUT:142.07,INT:0.0985,EL:-7781,ER:-9598,VEL:621.9,MOT:1,TILT:25.0,TRIM:0.000,ATE:0,LATCH:0,TORQ:1,CR:0.0,FX1:1.00,FY1:-151.10,FX2:-6.00,FY2:-149.60,IK1:1,IK2:1,MOVE:0
[2026-09-10 22:24:50.565] [RX] PITCH:0.22,PID_OUT:141.22,INT:0.0985,EL:-7716,ER:-9662,VEL:644.9,MOT:1,TILT:25.0,TRIM:0.000,ATE:0,LATCH:0,TORQ:1,CR:0.0,FX1:1.00,FY1:-151.10,FX2:-6.00,FY2:-149.60,IK1:1,IK2:1,MOVE:0
[2026-09-10 22:24:50.665] [RX] PITCH:0.83,PID_OUT:73.44,INT:0.0985,EL:-7649,ER:-9728,VEL:666.1,MOT:1,TILT:25.0,TRIM:0.000,ATE:0,LATCH:0,TORQ:1,CR:0.0,FX1:1.00,FY1:-151.10,FX2:-6.00,FY2:-149.60,IK1:1,IK2:1,MOVE:0
[2026-09-10 22:24:50.673] [RX] AX12:MODE:0,TQ:1,TL:1023,CM:1,CS:4,MS:0,MT:800
[2026-09-10 22:24:50.768] [RX] PITCH:0.32,PID_OUT:152.85,INT:0.0985,EL:-7583,ER:-9795,VEL:668.9,MOT:1,TILT:25.0,TRIM:0.000,ATE:0,LATCH:0,TORQ:1,CR:0.0,FX1:1.00,FY1:-151.10,FX2:-6.00,FY2:-149.60,IK1:1,IK2:1,MOVE:0
[2026-09-10 22:24:50.768] [RX] SRV:14,36,0.0,0,0
[2026-09-10 22:24:50.865] [RX] PITCH:-0.05,PID_OUT:143.72,INT:0.0985,EL:-7514,ER:-9867,VEL:703.2,MOT:1,TILT:25.0,TRIM:0.000,ATE:0,LATCH:0,TORQ:1,CR:0.0,FX1:1.00,FY1:-151.10,FX2:-6.00,FY2:-149.60,IK1:1,IK2:1,MOVE:0
[2026-09-10 22:24:50.960] [RX] PITCH:-0.26,PID_OUT:168.09,INT:0.0985,EL:-7438,ER:-9944,VEL:758.5,MOT:1,TILT:25.0,TRIM:0.000,ATE:0,LATCH:0,TORQ:1,CR:0.0,FX1:1.00,FY1:-151.10,FX2:-6.00,FY2:-149.60,IK1:1,IK2:1,MOVE:0
[2026-09-10 22:24:51.064] [RX] PITCH:0.41,PID_OUT:102.90,INT:0.0985,EL:-7358,ER:-10025,VEL:802.9,MOT:1,TILT:25.0,TRIM:0.000,ATE:0,LATCH:0,TORQ:1,CR:0.0,FX1:1.00,FY1:-151.10,FX2:-6.00,FY2:-149.60,IK1:1,IK2:1,MOVE:0
[2026-09-10 22:24:51.173] [RX] PITCH:-2.96,PID_OUT:810.67,INT:0.0985,EL:-7275,ER:-10113,VEL:875.4,MOT:1,TILT:25.0,TRIM:0.000,ATE:0,LATCH:0,TORQ:1,CR:0.0,FX1:1.00,FY1:-151.10,FX2:-6.00,FY2:-149.60,IK1:1,IK2:1,MOVE:0
[2026-09-10 22:24:51.173] [RX] AX12:MODE:0,TQ:1,TL:1023,CM:1,CS:4,MS:0,MT:800
[2026-09-10 22:24:51.267] [RX] PITCH:-16.86,PID_OUT:2199.61,INT:0.0985,EL:-7164,ER:-10230,VEL:1114.7,MOT:1,TILT:25.0,TRIM:0.000,ATE:0,LATCH:0,TORQ:1,CR:0.0,FX1:1.00,FY1:-151.10,FX2:-6.00,FY2:-149.60,IK1:1,IK2:1,MOVE:0
[2026-09-10 22:24:51.368] [RX] PITCH:-24.11,PID_OUT:2405.65,INT:0.0985,EL:-7042,ER:-10374,VEL:1295.4,MOT:1,TILT:25.0,TRIM:0.000,ATE:0,LATCH:0,TORQ:1,CR:0.0,FX1:1.00,FY1:-151.10,FX2:-6.00,FY2:-149.60,IK1:1,IK2:1,MOVE:0
[2026-09-10 22:24:51.368] [RX] SAFETY:CUTOFF
--------------------------------------------------------------------------------
[2026-09-10 22:24:51.368] [SYS] Session Stopped: SAFETY CUTOFF
Total Duration: 113.55s | Total Lines Captured: 1499
================================================================================
