================================================================================
SERIAL MONITOR BACKUP LOG
Port: COM13 | Baud: 115200
Session Started: 2026-09-10 22:26:27
Trigger Reason: Motors ENABLED
Last IMU Calibration: Offset: -2.4097° (calibrated at 2026-09-10 22:22:36)
Active FW Parameters: pitchOffset=-2.4097, Kp=50.8, Ki=277.5, Kd=3.52, targetAngle=1.3, alpha=0.96, maxSafeTilt=25.0, Ki_trim=0.0015, crouchOffset=0.0, Kp_vel=0.003
================================================================================
[Timestamp]                [Dir]  Payload
--------------------------------------------------------------------------------
[2026-09-10 22:26:27.969] [RX] Motors ENABLED
[2026-09-10 22:26:28.061] [RX] PITCH:-0.60,PID_OUT:98.69,INT:0.1134,EL:2,ER:-6,VEL:58.9,MOT:1,TILT:25.0,TRIM:0.000,ATE:0,LATCH:0,TORQ:1,CR:0.0,FX1:1.00,FY1:-151.10,FX2:-6.00,FY2:-149.60,IK1:1,IK2:1,MOVE:0
[2026-09-10 22:26:28.169] [RX] PITCH:0.45,PID_OUT:63.07,INT:0.2306,EL:8,ER:-13,VEL:51.0,MOT:1,TILT:25.0,TRIM:0.000,ATE:0,LATCH:0,TORQ:1,CR:0.0,FX1:1.00,FY1:-151.10,FX2:-6.00,FY2:-149.60,IK1:1,IK2:1,MOVE:0
[2026-09-10 22:26:28.176] [RX] AX12:MODE:0,TQ:1,TL:1023,CM:1,CS:4,MS:0,MT:800
[2026-09-10 22:26:28.261] [RX] PITCH:1.09,PID_OUT:53.19,INT:0.2306,EL:12,ER:-13,VEL:26.3,MOT:1,TILT:25.0,TRIM:0.000,ATE:0,LATCH:0,TORQ:1,CR:0.0,FX1:1.00,FY1:-151.10,FX2:-6.00,FY2:-149.60,IK1:1,IK2:1,MOVE:0
[2026-09-10 22:26:28.361] [RX] PITCH:1.28,PID_OUT:52.49,INT:0.2306,EL:12,ER:-13,VEL:5.2,MOT:1,TILT:25.0,TRIM:0.000,ATE:0,LATCH:0,TORQ:1,CR:0.0,FX1:1.00,FY1:-151.10,FX2:-6.00,FY2:-149.60,IK1:1,IK2:1,MOVE:0
[2026-09-10 22:26:28.464] [RX] PITCH:1.36,PID_OUT:44.25,INT:0.2280,EL:12,ER:-13,VEL:1.0,MOT:1,TILT:25.0,TRIM:0.000,ATE:0,LATCH:0,TORQ:1,CR:0.0,FX1:1.00,FY1:-151.10,FX2:-6.00,FY2:-149.60,IK1:1,IK2:1,MOVE:0
[2026-09-10 22:26:28.560] [RX] PITCH:1.49,PID_OUT:34.60,INT:0.2143,EL:12,ER:-13,VEL:0.2,MOT:1,TILT:25.0,TRIM:0.000,ATE:0,LATCH:0,TORQ:1,CR:0.0,FX1:1.00,FY1:-151.10,FX2:-6.00,FY2:-149.60,IK1:1,IK2:1,MOVE:0
[2026-09-10 22:26:28.667] [RX] PITCH:1.64,PID_OUT:17.20,INT:0.1870,EL:12,ER:-13,VEL:0.0,MOT:1,TILT:25.0,TRIM:0.000,ATE:0,LATCH:0,TORQ:1,CR:0.0,FX1:1.00,FY1:-151.10,FX2:-6.00,FY2:-149.60,IK1:1,IK2:1,MOVE:0
[2026-09-10 22:26:28.675] [RX] AX12:MODE:0,TQ:1,TL:1023,CM:1,CS:4,MS:0,MT:800
[2026-09-10 22:26:28.763] [RX] PITCH:1.88,PID_OUT:-13.08,INT:0.1401,EL:12,ER:-13,VEL:0.0,MOT:1,TILT:25.0,TRIM:0.000,ATE:0,LATCH:0,TORQ:1,CR:0.0,FX1:1.00,FY1:-151.10,FX2:-6.00,FY2:-149.60,IK1:1,IK2:1,MOVE:0
[2026-09-10 22:26:28.764] [RX] SRV:6,38,0.0,0,0
[2026-09-10 22:26:28.860] [RX] PITCH:2.19,PID_OUT:-53.56,INT:0.0662,EL:-20,ER:-12,VEL:-209.6,MOT:1,TILT:25.0,TRIM:0.000,ATE:0,LATCH:0,TORQ:1,CR:0.0,FX1:1.00,FY1:-151.10,FX2:-6.00,FY2:-149.60,IK1:1,IK2:1,MOVE:0
[2026-09-10 22:26:28.962] [RX] PITCH:2.48,PID_OUT:-75.46,INT:-0.0473,EL:-53,ER:-10,VEL:-166.5,MOT:1,TILT:25.0,TRIM:0.000,ATE:0,LATCH:0,TORQ:1,CR:0.0,FX1:1.00,FY1:-151.10,FX2:-6.00,FY2:-149.60,IK1:1,IK2:1,MOVE:0
[2026-09-10 22:26:29.061] [RX] PITCH:2.05,PID_OUT:-71.32,INT:-0.1418,EL:-83,ER:-6,VEL:-171.2,MOT:1,TILT:25.0,TRIM:0.000,ATE:0,LATCH:0,TORQ:1,CR:0.0,FX1:1.00,FY1:-151.10,FX2:-6.00,FY2:-149.60,IK1:1,IK2:1,MOVE:0
[2026-09-10 22:26:29.171] [RX] PITCH:1.62,PID_OUT:-66.36,INT:-0.1937,EL:-106,ER:-2,VEL:-144.0,MOT:1,TILT:25.0,TRIM:0.000,ATE:0,LATCH:0,TORQ:1,CR:0.0,FX1:1.00,FY1:-151.10,FX2:-6.00,FY2:-149.60,IK1:1,IK2:1,MOVE:0
[2026-09-10 22:26:29.171] [RX] AX12:MODE:0,TQ:1,TL:1023,CM:1,CS:4,MS:0,MT:800
[2026-09-10 22:26:29.260] [RX] PITCH:1.32,PID_OUT:-52.03,INT:-0.2087,EL:-128,ER:-1,VEL:-104.3,MOT:1,TILT:25.0,TRIM:0.000,ATE:0,LATCH:0,TORQ:1,CR:0.0,FX1:1.00,FY1:-151.10,FX2:-6.00,FY2:-149.60,IK1:1,IK2:1,MOVE:0
[2026-09-10 22:26:29.361] [RX] PITCH:1.08,PID_OUT:-35.47,INT:-0.1994,EL:-146,ER:-1,VEL:-93.2,MOT:1,TILT:25.0,TRIM:0.000,ATE:0,LATCH:0,TORQ:1,CR:0.0,FX1:1.00,FY1:-151.10,FX2:-6.00,FY2:-149.60,IK1:1,IK2:1,MOVE:0
[2026-09-10 22:26:29.456] [RX] PITCH:0.91,PID_OUT:-16.07,INT:-0.1681,EL:-178,ER:-1,VEL:-150.5,MOT:1,TILT:25.0,TRIM:0.000,ATE:0,LATCH:0,TORQ:1,CR:0.0,FX1:1.00,FY1:-151.10,FX2:-6.00,FY2:-149.60,IK1:1,IK2:1,MOVE:0
[2026-09-10 22:26:29.563] [RX] PITCH:0.61,PID_OUT:13.84,INT:-0.1172,EL:-190,ER:-1,VEL:-64.3,MOT:1,TILT:25.0,TRIM:0.000,ATE:0,LATCH:0,TORQ:1,CR:0.0,FX1:1.00,FY1:-151.10,FX2:-6.00,FY2:-149.60,IK1:1,IK2:1,MOVE:0
[2026-09-10 22:26:29.670] [RX] PITCH:0.39,PID_OUT:58.07,INT:-0.0416,EL:-190,ER:-1,VEL:-12.6,MOT:1,TILT:25.0,TRIM:0.000,ATE:0,LATCH:0,TORQ:1,CR:0.0,FX1:1.00,FY1:-151.10,FX2:-6.00,FY2:-149.60,IK1:1,IK2:1,MOVE:0
[2026-09-10 22:26:29.670] [RX] AX12:MODE:0,TQ:1,TL:1023,CM:1,CS:4,MS:0,MT:800
[2026-09-10 22:26:29.764] [RX] PITCH:-0.21,PID_OUT:113.90,INT:0.0873,EL:-188,ER:-18,VEL:75.1,MOT:1,TILT:25.0,TRIM:0.000,ATE:0,LATCH:0,TORQ:1,CR:0.0,FX1:1.00,FY1:-151.10,FX2:-6.00,FY2:-149.60,IK1:1,IK2:1,MOVE:0
[2026-09-10 22:26:29.764] [RX] SRV:0,40,0.0,0,0
[2026-09-10 22:26:29.861] [RX] PITCH:-0.20,PID_OUT:120.31,INT:0.2306,EL:-179,ER:-41,VEL:148.8,MOT:1,TILT:25.0,TRIM:0.000,ATE:0,LATCH:0,TORQ:1,CR:0.0,FX1:1.00,FY1:-151.10,FX2:-6.00,FY2:-149.60,IK1:1,IK2:1,MOVE:0
[2026-09-10 22:26:29.958] [RX] PITCH:0.32,PID_OUT:73.31,INT:0.2306,EL:-162,ER:-71,VEL:219.3,MOT:1,TILT:25.0,TRIM:0.000,ATE:0,LATCH:0,TORQ:1,CR:0.0,FX1:1.00,FY1:-151.10,FX2:-6.00,FY2:-149.60,IK1:1,IK2:1,MOVE:0
[2026-09-10 22:26:30.058] [RX] PITCH:0.48,PID_OUT:39.56,INT:0.2306,EL:-146,ER:-103,VEL:235.7,MOT:1,TILT:25.0,TRIM:0.000,ATE:0,LATCH:0,TORQ:1,CR:0.0,FX1:1.00,FY1:-151.10,FX2:-6.00,FY2:-149.60,IK1:1,IK2:1,MOVE:0
[2026-09-10 22:26:30.165] [RX] PITCH:1.10,PID_OUT:-9.82,INT:0.2306,EL:-134,ER:-128,VEL:171.5,MOT:1,TILT:25.0,TRIM:0.000,ATE:0,LATCH:0,TORQ:1,CR:0.0,FX1:1.00,FY1:-151.10,FX2:-6.00,FY2:-149.60,IK1:1,IK2:1,MOVE:0
[2026-09-10 22:26:30.169] [RX] AX12:MODE:0,TQ:1,TL:1023,CM:1,CS:4,MS:0,MT:800
[2026-09-10 22:26:30.258] [RX] PITCH:2.72,PID_OUT:-76.97,INT:0.1559,EL:-151,ER:-138,VEL:-14.0,MOT:1,TILT:25.0,TRIM:0.000,ATE:0,LATCH:0,TORQ:1,CR:0.0,FX1:1.00,FY1:-151.10,FX2:-6.00,FY2:-149.60,IK1:1,IK2:1,MOVE:0
[2026-09-10 22:26:30.359] [RX] PITCH:3.19,PID_OUT:-110.72,INT:-0.0192,EL:-175,ER:-140,VEL:-91.1,MOT:1,TILT:25.0,TRIM:0.000,ATE:0,LATCH:0,TORQ:1,CR:0.0,FX1:1.00,FY1:-151.10,FX2:-6.00,FY2:-149.60,IK1:1,IK2:1,MOVE:0
[2026-09-10 22:26:30.458] [RX] PITCH:2.98,PID_OUT:-122.47,INT:-0.2035,EL:-188,ER:-139,VEL:-82.0,MOT:1,TILT:25.0,TRIM:0.000,ATE:0,LATCH:0,TORQ:1,CR:0.0,FX1:1.00,FY1:-151.10,FX2:-6.00,FY2:-149.60,IK1:1,IK2:1,MOVE:0
[2026-09-10 22:26:30.558] [RX] PITCH:2.03,PID_OUT:-58.63,INT:-0.2306,EL:-210,ER:-139,VEL:-106.7,MOT:1,TILT:25.0,TRIM:0.000,ATE:0,LATCH:0,TORQ:1,CR:0.0,FX1:1.00,FY1:-151.10,FX2:-6.00,FY2:-149.60,IK1:1,IK2:1,MOVE:0
[2026-09-10 22:26:30.664] [RX] PITCH:1.13,PID_OUT:-20.58,INT:-0.2281,EL:-232,ER:-139,VEL:-106.7,MOT:1,TILT:25.0,TRIM:0.000,ATE:0,LATCH:0,TORQ:1,CR:0.0,FX1:1.00,FY1:-151.10,FX2:-6.00,FY2:-149.60,IK1:1,IK2:1,MOVE:0
[2026-09-10 22:26:30.668] [RX] AX12:MODE:0,TQ:1,TL:1023,CM:1,CS:4,MS:0,MT:800
[2026-09-10 22:26:30.760] [RX] PITCH:0.35,PID_OUT:19.06,INT:-0.1692,EL:-252,ER:-139,VEL:-92.1,MOT:1,TILT:25.0,TRIM:0.000,ATE:0,LATCH:0,TORQ:1,CR:0.0,FX1:1.00,FY1:-151.10,FX2:-6.00,FY2:-149.60,IK1:1,IK2:1,MOVE:0
[2026-09-10 22:26:30.764] [RX] SRV:14,38,0.0,0,0
[2026-09-10 22:26:30.857] [RX] PITCH:0.06,PID_OUT:50.55,INT:-0.0525,EL:-262,ER:-140,VEL:-50.7,MOT:1,TILT:25.0,TRIM:0.000,ATE:0,LATCH:0,TORQ:1,CR:0.0,FX1:1.00,FY1:-151.10,FX2:-6.00,FY2:-149.60,IK1:1,IK2:1,MOVE:0
[2026-09-10 22:26:30.958] [RX] PITCH:0.25,PID_OUT:73.56,INT:0.0600,EL:-263,ER:-140,VEL:-12.8,MOT:1,TILT:25.0,TRIM:0.000,ATE:0,LATCH:0,TORQ:1,CR:0.0,FX1:1.00,FY1:-151.10,FX2:-6.00,FY2:-149.60,IK1:1,IK2:1,MOVE:0
[2026-09-10 22:26:31.055] [RX] PITCH:0.06,PID_OUT:97.56,INT:0.1756,EL:-261,ER:-151,VEL:81.3,MOT:1,TILT:25.0,TRIM:0.000,ATE:0,LATCH:0,TORQ:1,CR:0.0,FX1:1.00,FY1:-151.10,FX2:-6.00,FY2:-149.60,IK1:1,IK2:1,MOVE:0
[2026-09-10 22:26:31.157] [RX] PITCH:0.56,PID_OUT:53.62,INT:0.2306,EL:-252,ER:-170,VEL:138.7,MOT:1,TILT:25.0,TRIM:0.000,ATE:0,LATCH:0,TORQ:1,CR:0.0,FX1:1.00,FY1:-151.10,FX2:-6.00,FY2:-149.60,IK1:1,IK2:1,MOVE:0
[2026-09-10 22:26:31.166] [RX] AX12:MODE:0,TQ:1,TL:1023,CM:1,CS:4,MS:0,MT:800
[2026-09-10 22:26:31.256] [RX] PITCH:1.22,PID_OUT:38.48,INT:0.2306,EL:-246,ER:-190,VEL:128.3,MOT:1,TILT:25.0,TRIM:0.000,ATE:0,LATCH:0,TORQ:1,CR:0.0,FX1:1.00,FY1:-151.10,FX2:-6.00,FY2:-149.60,IK1:1,IK2:1,MOVE:0
[2026-09-10 22:26:31.355] [RX] PITCH:1.25,PID_OUT:40.28,INT:0.2306,EL:-243,ER:-208,VEL:98.4,MOT:1,TILT:25.0,TRIM:0.000,ATE:0,LATCH:0,TORQ:1,CR:0.0,FX1:1.00,FY1:-151.10,FX2:-6.00,FY2:-149.60,IK1:1,IK2:1,MOVE:0
[2026-09-10 22:26:31.456] [RX] PITCH:1.48,PID_OUT:21.52,INT:0.2264,EL:-243,ER:-230,VEL:118.5,MOT:1,TILT:25.0,TRIM:0.000,ATE:0,LATCH:0,TORQ:1,CR:0.0,FX1:1.00,FY1:-151.10,FX2:-6.00,FY2:-149.60,IK1:1,IK2:1,MOVE:0
[2026-09-10 22:26:31.557] [RX] PITCH:2.05,PID_OUT:-20.41,INT:0.1760,EL:-262,ER:-233,VEL:-93.0,MOT:1,TILT:25.0,TRIM:0.000,ATE:0,LATCH:0,TORQ:1,CR:0.0,FX1:1.00,FY1:-151.10,FX2:-6.00,FY2:-149.60,IK1:1,IK2:1,MOVE:0
[2026-09-10 22:26:31.661] [RX] PITCH:2.70,PID_OUT:-96.66,INT:0.0671,EL:-312,ER:-232,VEL:-168.9,MOT:1,TILT:25.0,TRIM:0.000,ATE:0,LATCH:0,TORQ:1,CR:0.0,FX1:1.00,FY1:-151.10,FX2:-6.00,FY2:-149.60,IK1:1,IK2:1,MOVE:0
[2026-09-10 22:26:31.666] [RX] AX12:MODE:0,TQ:1,TL:1023,CM:1,CS:4,MS:0,MT:800
[2026-09-10 22:26:31.760] [RX] PITCH:2.54,PID_OUT:-89.68,INT:-0.0494,EL:-335,ER:-228,VEL:-137.9,MOT:1,TILT:25.0,TRIM:0.000,ATE:0,LATCH:0,TORQ:1,CR:0.0,FX1:1.00,FY1:-151.10,FX2:-6.00,FY2:-149.60,IK1:1,IK2:1,MOVE:0
[2026-09-10 22:26:31.760] [RX] SRV:1,40,0.0,0,0
[2026-09-10 22:26:31.856] [RX] PITCH:2.42,PID_OUT:-93.61,INT:-0.1766,EL:-365,ER:-223,VEL:-169.4,MOT:1,TILT:25.0,TRIM:0.000,ATE:0,LATCH:0,TORQ:1,CR:0.0,FX1:1.00,FY1:-151.10,FX2:-6.00,FY2:-149.60,IK1:1,IK2:1,MOVE:0
[2026-09-10 22:26:31.955] [RX] PITCH:1.78,PID_OUT:-57.98,INT:-0.2306,EL:-395,ER:-215,VEL:-188.5,MOT:1,TILT:25.0,TRIM:0.000,ATE:0,LATCH:0,TORQ:1,CR:0.0,FX1:1.00,FY1:-151.10,FX2:-6.00,FY2:-149.60,IK1:1,IK2:1,MOVE:0
[2026-09-10 22:26:32.055] [RX] PITCH:1.43,PID_OUT:-63.63,INT:-0.2306,EL:-421,ER:-209,VEL:-146.8,MOT:1,TILT:25.0,TRIM:0.000,ATE:0,LATCH:0,TORQ:1,CR:0.0,FX1:1.00,FY1:-151.10,FX2:-6.00,FY2:-149.60,IK1:1,IK2:1,MOVE:0
[2026-09-10 22:26:32.166] [RX] PITCH:1.83,PID_OUT:-61.09,INT:-0.2306,EL:-439,ER:-208,VEL:-102.5,MOT:1,TILT:25.0,TRIM:0.000,ATE:0,LATCH:0,TORQ:1,CR:0.0,FX1:1.00,FY1:-151.10,FX2:-6.00,FY2:-149.60,IK1:1,IK2:1,MOVE:0
[2026-09-10 22:26:32.166] [RX] AX12:MODE:0,TQ:1,TL:1023,CM:1,CS:4,MS:0,MT:800
[2026-09-10 22:26:32.254] [RX] PITCH:0.97,PID_OUT:10.00,INT:-0.2248,EL:-458,ER:-208,VEL:-95.1,MOT:1,TILT:25.0,TRIM:0.000,ATE:0,LATCH:0,TORQ:1,CR:0.0,FX1:1.00,FY1:-151.10,FX2:-6.00,FY2:-149.60,IK1:1,IK2:1,MOVE:0
[2026-09-10 22:26:32.354] [RX] PITCH:-0.54,PID_OUT:85.32,INT:-0.1028,EL:-469,ER:-211,VEL:-46.0,MOT:1,TILT:25.0,TRIM:0.000,ATE:0,LATCH:0,TORQ:1,CR:0.0,FX1:1.00,FY1:-151.10,FX2:-6.00,FY2:-149.60,IK1:1,IK2:1,MOVE:0
[2026-09-10 22:26:32.455] [RX] PITCH:-0.77,PID_OUT:121.28,INT:0.0982,EL:-467,ER:-227,VEL:73.0,MOT:1,TILT:25.0,TRIM:0.000,ATE:0,LATCH:0,TORQ:1,CR:0.0,FX1:1.00,FY1:-151.10,FX2:-6.00,FY2:-149.60,IK1:1,IK2:1,MOVE:0
[2026-09-10 22:26:32.556] [RX] PITCH:-0.57,PID_OUT:82.71,INT:0.2306,EL:-457,ER:-250,VEL:160.3,MOT:1,TILT:25.0,TRIM:0.000,ATE:0,LATCH:0,TORQ:1,CR:0.0,FX1:1.00,FY1:-151.10,FX2:-6.00,FY2:-149.60,IK1:1,IK2:1,MOVE:0
[2026-09-10 22:26:32.661] [RX] PITCH:0.49,PID_OUT:14.03,INT:0.2306,EL:-443,ER:-286,VEL:240.0,MOT:1,TILT:25.0,TRIM:0.000,ATE:0,LATCH:0,TORQ:1,CR:0.0,FX1:1.00,FY1:-151.10,FX2:-6.00,FY2:-149.60,IK1:1,IK2:1,MOVE:0
[2026-09-10 22:26:32.666] [RX] AX12:MODE:0,TQ:1,TL:1023,CM:1,CS:4,MS:0,MT:800
[2026-09-10 22:26:32.759] [RX] PITCH:2.18,PID_OUT:-39.48,INT:0.2019,EL:-448,ER:-301,VEL:64.5,MOT:1,TILT:25.0,TRIM:0.000,ATE:0,LATCH:0,TORQ:1,CR:0.0,FX1:1.00,FY1:-151.10,FX2:-6.00,FY2:-149.60,IK1:1,IK2:1,MOVE:0
[2026-09-10 22:26:32.759] [RX] SRV:6,38,0.0,0,0
[2026-09-10 22:26:32.856] [RX] PITCH:2.58,PID_OUT:-62.20,INT:0.0894,EL:-450,ER:-306,VEL:26.4,MOT:1,TILT:25.0,TRIM:0.000,ATE:0,LATCH:0,TORQ:1,CR:0.0,FX1:1.00,FY1:-151.10,FX2:-6.00,FY2:-149.60,IK1:1,IK2:1,MOVE:0
[2026-09-10 22:26:32.957] [RX] PITCH:2.80,PID_OUT:-103.09,INT:-0.0483,EL:-459,ER:-304,VEL:-69.2,MOT:1,TILT:25.0,TRIM:0.000,ATE:0,LATCH:0,TORQ:1,CR:0.0,FX1:1.00,FY1:-151.10,FX2:-6.00,FY2:-149.60,IK1:1,IK2:1,MOVE:0
[2026-09-10 22:26:33.052] [RX] PITCH:2.50,PID_OUT:-91.82,INT:-0.1901,EL:-483,ER:-298,VEL:-142.4,MOT:1,TILT:25.0,TRIM:0.000,ATE:0,LATCH:0,TORQ:1,CR:0.0,FX1:1.00,FY1:-151.10,FX2:-6.00,FY2:-149.60,IK1:1,IK2:1,MOVE:0
[2026-09-10 22:26:33.155] [RX] PITCH:1.52,PID_OUT:-54.81,INT:-0.2306,EL:-516,ER:-288,VEL:-200.0,MOT:1,TILT:25.0,TRIM:0.000,ATE:0,LATCH:0,TORQ:1,CR:0.0,FX1:1.00,FY1:-151.10,FX2:-6.00,FY2:-149.60,IK1:1,IK2:1,MOVE:0
[2026-09-10 22:26:33.166] [RX] AX12:MODE:0,TQ:1,TL:1023,CM:1,CS:4,MS:0,MT:800
[2026-09-10 22:26:33.251] [RX] PITCH:1.18,PID_OUT:-54.37,INT:-0.2244,EL:-547,ER:-280,VEL:-196.3,MOT:1,TILT:25.0,TRIM:0.000,ATE:0,LATCH:0,TORQ:1,CR:0.0,FX1:1.00,FY1:-151.10,FX2:-6.00,FY2:-149.60,IK1:1,IK2:1,MOVE:0
[2026-09-10 22:26:33.352] [RX] PITCH:1.36,PID_OUT:-49.44,INT:-0.2219,EL:-578,ER:-274,VEL:-190.3,MOT:1,TILT:25.0,TRIM:0.000,ATE:0,LATCH:0,TORQ:1,CR:0.0,FX1:1.00,FY1:-151.10,FX2:-6.00,FY2:-149.60,IK1:1,IK2:1,MOVE:0
[2026-09-10 22:26:33.454] [RX] PITCH:1.10,PID_OUT:-9.38,INT:-0.2239,EL:-608,ER:-269,VEL:-184.0,MOT:1,TILT:25.0,TRIM:0.000,ATE:0,LATCH:0,TORQ:1,CR:0.0,FX1:1.00,FY1:-151.10,FX2:-6.00,FY2:-149.60,IK1:1,IK2:1,MOVE:0
[2026-09-10 22:26:33.551] [RX] PITCH:0.29,PID_OUT:33.03,INT:-0.1565,EL:-613,ER:-300,VEL:148.6,MOT:1,TILT:25.0,TRIM:0.000,ATE:0,LATCH:0,TORQ:1,CR:0.0,FX1:1.00,FY1:-151.10,FX2:-6.00,FY2:-149.60,IK1:1,IK2:1,MOVE:0
[2026-09-10 22:26:33.652] [RX] PITCH:-0.43,PID_OUT:115.81,INT:-0.0193,EL:-614,ER:-385,VEL:321.9,MOT:1,TILT:25.0,TRIM:0.000,ATE:0,LATCH:0,TORQ:1,CR:0.0,FX1:1.00,FY1:-151.10,FX2:-6.00,FY2:-149.60,IK1:1,IK2:1,MOVE:0
[2026-09-10 22:26:33.662] [RX] AX12:MODE:0,TQ:1,TL:1023,CM:1,CS:4,MS:0,MT:800
[2026-09-10 22:26:33.757] [RX] PITCH:-1.01,PID_OUT:118.27,INT:0.1982,EL:-607,ER:-405,VEL:185.9,MOT:1,TILT:25.0,TRIM:0.000,ATE:0,LATCH:0,TORQ:1,CR:0.0,FX1:1.00,FY1:-151.10,FX2:-6.00,FY2:-149.60,IK1:1,IK2:1,MOVE:0
[2026-09-10 22:26:33.757] [RX] SRV:0,39,0.0,0,0
[2026-09-10 22:26:33.852] [RX] PITCH:0.40,PID_OUT:25.68,INT:0.2306,EL:-593,ER:-435,VEL:211.7,MOT:1,TILT:25.0,TRIM:0.000,ATE:0,LATCH:0,TORQ:1,CR:0.0,FX1:1.00,FY1:-151.10,FX2:-6.00,FY2:-149.60,IK1:1,IK2:1,MOVE:0
[2026-09-10 22:26:33.950] [RX] PITCH:1.36,PID_OUT:5.33,INT:0.2299,EL:-584,ER:-457,VEL:148.5,MOT:1,TILT:25.0,TRIM:0.000,ATE:0,LATCH:0,TORQ:1,CR:0.0,FX1:1.00,FY1:-151.10,FX2:-6.00,FY2:-149.60,IK1:1,IK2:1,MOVE:0
[2026-09-10 22:26:34.050] [RX] PITCH:1.89,PID_OUT:-8.67,INT:0.1899,EL:-584,ER:-463,VEL:51.1,MOT:1,TILT:25.0,TRIM:0.000,ATE:0,LATCH:0,TORQ:1,CR:0.0,FX1:1.00,FY1:-151.10,FX2:-6.00,FY2:-149.60,IK1:1,IK2:1,MOVE:0
[2026-09-10 22:26:34.154] [RX] PITCH:2.46,PID_OUT:-60.34,INT:0.0989,EL:-617,ER:-464,VEL:-177.6,MOT:1,TILT:25.0,TRIM:0.000,ATE:0,LATCH:0,TORQ:1,CR:0.0,FX1:1.00,FY1:-151.10,FX2:-6.00,FY2:-149.60,IK1:1,IK2:1,MOVE:0
[2026-09-10 22:26:34.162] [RX] AX12:MODE:0,TQ:1,TL:1023,CM:1,CS:4,MS:0,MT:800
[2026-09-10 22:26:34.250] [RX] PITCH:2.83,PID_OUT:-100.18,INT:-0.0384,EL:-637,ER:-461,VEL:-140.2,MOT:1,TILT:25.0,TRIM:0.000,ATE:0,LATCH:0,TORQ:1,CR:0.0,FX1:1.00,FY1:-151.10,FX2:-6.00,FY2:-149.60,IK1:1,IK2:1,MOVE:0
[2026-09-10 22:26:34.350] [RX] PITCH:2.43,PID_OUT:-85.52,INT:-0.1706,EL:-664,ER:-454,VEL:-160.5,MOT:1,TILT:25.0,TRIM:0.000,ATE:0,LATCH:0,TORQ:1,CR:0.0,FX1:1.00,FY1:-151.10,FX2:-6.00,FY2:-149.60,IK1:1,IK2:1,MOVE:0
[2026-09-10 22:26:34.456] [RX] PITCH:1.76,PID_OUT:-49.61,INT:-0.2306,EL:-695,ER:-445,VEL:-192.4,MOT:1,TILT:25.0,TRIM:0.000,ATE:0,LATCH:0,TORQ:1,CR:0.0,FX1:1.00,FY1:-151.10,FX2:-6.00,FY2:-149.60,IK1:1,IK2:1,MOVE:0
[2026-09-10 22:26:34.551] [RX] PITCH:1.09,PID_OUT:-3.95,INT:-0.2264,EL:-726,ER:-436,VEL:-186.3,MOT:1,TILT:25.0,TRIM:0.000,ATE:0,LATCH:0,TORQ:1,CR:0.0,FX1:1.00,FY1:-151.10,FX2:-6.00,FY2:-149.60,IK1:1,IK2:1,MOVE:0
[2026-09-10 22:26:34.654] [RX] PITCH:0.07,PID_OUT:39.53,INT:-0.1466,EL:-734,ER:-437,VEL:-61.6,MOT:1,TILT:25.0,TRIM:0.000,ATE:0,LATCH:0,TORQ:1,CR:0.0,FX1:1.00,FY1:-151.10,FX2:-6.00,FY2:-149.60,IK1:1,IK2:1,MOVE:0
[2026-09-10 22:26:34.661] [RX] AX12:MODE:0,TQ:1,TL:1023,CM:1,CS:4,MS:0,MT:800
[2026-09-10 22:26:34.751] [RX] PITCH:-0.30,PID_OUT:102.09,INT:-0.0018,EL:-735,ER:-437,VEL:-14.2,MOT:1,TILT:25.0,TRIM:0.000,ATE:0,LATCH:0,TORQ:1,CR:0.0,FX1:1.00,FY1:-151.10,FX2:-6.00,FY2:-149.60,IK1:1,IK2:1,MOVE:0
[2026-09-10 22:26:34.757] [RX] SRV:14,38,0.0,0,0
[2026-09-10 22:26:34.849] [RX] PITCH:-0.79,PID_OUT:119.99,INT:0.1865,EL:-730,ER:-461,VEL:115.4,MOT:1,TILT:25.0,TRIM:0.000,ATE:0,LATCH:0,TORQ:1,CR:0.0,FX1:1.00,FY1:-151.10,FX2:-6.00,FY2:-149.60,IK1:1,IK2:1,MOVE:0
[2026-09-10 22:26:34.950] [RX] PITCH:0.34,PID_OUT:37.72,INT:0.2306,EL:-718,ER:-490,VEL:189.4,MOT:1,TILT:25.0,TRIM:0.000,ATE:0,LATCH:0,TORQ:1,CR:0.0,FX1:1.00,FY1:-151.10,FX2:-6.00,FY2:-149.60,IK1:1,IK2:1,MOVE:0
[2026-09-10 22:26:35.051] [RX] PITCH:1.20,PID_OUT:21.38,INT:0.2306,EL:-710,ER:-516,VEL:166.1,MOT:1,TILT:25.0,TRIM:0.000,ATE:0,LATCH:0,TORQ:1,CR:0.0,FX1:1.00,FY1:-151.10,FX2:-6.00,FY2:-149.60,IK1:1,IK2:1,MOVE:0
[2026-09-10 22:26:35.150] [RX] PITCH:1.50,PID_OUT:10.20,INT:0.2229,EL:-709,ER:-537,VEL:117.9,MOT:1,TILT:25.0,TRIM:0.000,ATE:0,LATCH:0,TORQ:1,CR:0.0,FX1:1.00,FY1:-151.10,FX2:-6.00,FY2:-149.60,IK1:1,IK2:1,MOVE:0
[2026-09-10 22:26:35.159] [RX] AX12:MODE:0,TQ:1,TL:1023,CM:1,CS:4,MS:0,MT:800
[2026-09-10 22:26:35.248] [RX] PITCH:2.24,PID_OUT:-39.41,INT:0.1604,EL:-709,ER:-543,VEL:35.8,MOT:1,TILT:25.0,TRIM:0.000,ATE:0,LATCH:0,TORQ:1,CR:0.0,FX1:1.00,FY1:-151.10,FX2:-6.00,FY2:-149.60,IK1:1,IK2:1,MOVE:0
[2026-09-10 22:26:35.349] [RX] PITCH:2.89,PID_OUT:-95.10,INT:0.0284,EL:-734,ER:-542,VEL:-97.5,MOT:1,TILT:25.0,TRIM:0.000,ATE:0,LATCH:0,TORQ:1,CR:0.0,FX1:1.00,FY1:-151.10,FX2:-6.00,FY2:-149.60,IK1:1,IK2:1,MOVE:0
[2026-09-10 22:26:35.448] [RX] PITCH:2.99,PID_OUT:-82.52,INT:-0.1477,EL:-760,ER:-537,VEL:-150.9,MOT:1,TILT:25.0,TRIM:0.000,ATE:0,LATCH:0,TORQ:1,CR:0.0,FX1:1.00,FY1:-151.10,FX2:-6.00,FY2:-149.60,IK1:1,IK2:1,MOVE:0
[2026-09-10 22:26:35.548] [RX] PITCH:1.46,PID_OUT:-8.14,INT:-0.2306,EL:-794,ER:-527,VEL:-205.8,MOT:1,TILT:25.0,TRIM:0.000,ATE:0,LATCH:0,TORQ:1,CR:0.0,FX1:1.00,FY1:-151.10,FX2:-6.00,FY2:-149.60,IK1:1,IK2:1,MOVE:0
[2026-09-10 22:26:35.654] [RX] PITCH:0.20,PID_OUT:47.90,INT:-0.1661,EL:-806,ER:-534,VEL:-42.1,MOT:1,TILT:25.0,TRIM:0.000,ATE:0,LATCH:0,TORQ:1,CR:0.0,FX1:1.00,FY1:-151.10,FX2:-6.00,FY2:-149.60,IK1:1,IK2:1,MOVE:0
[2026-09-10 22:26:35.661] [RX] AX12:MODE:0,TQ:1,TL:1023,CM:1,CS:4,MS:0,MT:800
[2026-09-10 22:26:35.752] [RX] PITCH:-0.00,PID_OUT:62.12,INT:-0.0329,EL:-809,ER:-533,VEL:-17.8,MOT:1,TILT:25.0,TRIM:0.000,ATE:0,LATCH:0,TORQ:1,CR:0.0,FX1:1.00,FY1:-151.10,FX2:-6.00,FY2:-149.60,IK1:1,IK2:1,MOVE:0
[2026-09-10 22:26:35.752] [RX] SRV:1,40,0.0,0,0
[2026-09-10 22:26:35.848] [RX] PITCH:-0.36,PID_OUT:113.31,INT:0.1105,EL:-808,ER:-539,VEL:43.5,MOT:1,TILT:25.0,TRIM:0.000,ATE:0,LATCH:0,TORQ:1,CR:0.0,FX1:1.00,FY1:-151.10,FX2:-6.00,FY2:-149.60,IK1:1,IK2:1,MOVE:0
[2026-09-10 22:26:35.948] [RX] PITCH:0.13,PID_OUT:66.06,INT:0.2306,EL:-801,ER:-555,VEL:104.9,MOT:1,TILT:25.0,TRIM:0.000,ATE:0,LATCH:0,TORQ:1,CR:0.0,FX1:1.00,FY1:-151.10,FX2:-6.00,FY2:-149.60,IK1:1,IK2:1,MOVE:0
[2026-09-10 22:26:36.050] [RX] PITCH:1.00,PID_OUT:45.92,INT:0.2306,EL:-793,ER:-581,VEL:161.7,MOT:1,TILT:25.0,TRIM:0.000,ATE:0,LATCH:0,TORQ:1,CR:0.0,FX1:1.00,FY1:-151.10,FX2:-6.00,FY2:-149.60,IK1:1,IK2:1,MOVE:0
[2026-09-10 22:26:36.153] [RX] PITCH:1.13,PID_OUT:46.13,INT:0.2306,EL:-790,ER:-599,VEL:108.3,MOT:1,TILT:25.0,TRIM:0.000,ATE:0,LATCH:0,TORQ:1,CR:0.0,FX1:1.00,FY1:-151.10,FX2:-6.00,FY2:-149.60,IK1:1,IK2:1,MOVE:0
[2026-09-10 22:26:36.160] [RX] AX12:MODE:0,TQ:1,TL:1023,CM:1,CS:4,MS:0,MT:800
[2026-09-10 22:26:36.247] [RX] PITCH:1.28,PID_OUT:28.52,INT:0.2306,EL:-790,ER:-618,VEL:101.1,MOT:1,TILT:25.0,TRIM:0.000,ATE:0,LATCH:0,TORQ:1,CR:0.0,FX1:1.00,FY1:-151.10,FX2:-6.00,FY2:-149.60,IK1:1,IK2:1,MOVE:0
[2026-09-10 22:26:36.347] [RX] PITCH:2.01,PID_OUT:-8.71,INT:0.1893,EL:-790,ER:-624,VEL:32.5,MOT:1,TILT:25.0,TRIM:0.000,ATE:0,LATCH:0,TORQ:1,CR:0.0,FX1:1.00,FY1:-151.10,FX2:-6.00,FY2:-149.60,IK1:1,IK2:1,MOVE:0
[2026-09-10 22:26:36.446] [RX] PITCH:2.61,PID_OUT:-75.19,INT:0.0883,EL:-799,ER:-624,VEL:-51.0,MOT:1,TILT:25.0,TRIM:0.000,ATE:0,LATCH:0,TORQ:1,CR:0.0,FX1:1.00,FY1:-151.10,FX2:-6.00,FY2:-149.60,IK1:1,IK2:1,MOVE:0
[2026-09-10 22:26:36.548] [RX] PITCH:2.51,PID_OUT:-58.56,INT:-0.0586,EL:-823,ER:-620,VEL:-121.8,MOT:1,TILT:25.0,TRIM:0.000,ATE:0,LATCH:0,TORQ:1,CR:0.0,FX1:1.00,FY1:-151.10,FX2:-6.00,FY2:-149.60,IK1:1,IK2:1,MOVE:0
[2026-09-10 22:26:36.648] [RX] PITCH:1.93,PID_OUT:-53.65,INT:-0.1527,EL:-849,ER:-616,VEL:-138.2,MOT:1,TILT:25.0,TRIM:0.000,ATE:0,LATCH:0,TORQ:1,CR:0.0,FX1:1.00,FY1:-151.10,FX2:-6.00,FY2:-149.60,IK1:1,IK2:1,MOVE:0
[2026-09-10 22:26:36.656] [RX] AX12:MODE:0,TQ:1,TL:1023,CM:1,CS:4,MS:0,MT:800
[2026-09-10 22:26:36.747] [RX] PITCH:1.19,PID_OUT:-33.65,INT:-0.1773,EL:-877,ER:-614,VEL:-143.7,MOT:1,TILT:25.0,TRIM:0.000,ATE:0,LATCH:0,TORQ:1,CR:0.0,FX1:1.00,FY1:-151.10,FX2:-6.00,FY2:-149.60,IK1:1,IK2:1,MOVE:0
[2026-09-10 22:26:36.747] [RX] SRV:6,38,0.0,0,0
[2026-09-10 22:26:36.849] [RX] PITCH:0.99,PID_OUT:-25.44,INT:-0.1541,EL:-901,ER:-613,VEL:-122.5,MOT:1,TILT:25.0,TRIM:0.000,ATE:0,LATCH:0,TORQ:1,CR:0.0,FX1:1.00,FY1:-151.10,FX2:-6.00,FY2:-149.60,IK1:1,IK2:1,MOVE:0
[2026-09-10 22:26:36.949] [RX] PITCH:0.85,PID_OUT:-12.96,INT:-0.1157,EL:-901,ER:-613,VEL:-24.1,MOT:1,TILT:25.0,TRIM:0.000,ATE:0,LATCH:0,TORQ:1,CR:0.0,FX1:1.00,FY1:-151.10,FX2:-6.00,FY2:-149.60,IK1:1,IK2:1,MOVE:0
[2026-09-10 22:26:37.045] [RX] PITCH:0.72,PID_OUT:7.47,INT:-0.0620,EL:-901,ER:-613,VEL:-4.7,MOT:1,TILT:25.0,TRIM:0.000,ATE:0,LATCH:0,TORQ:1,CR:0.0,FX1:1.00,FY1:-151.10,FX2:-6.00,FY2:-149.60,IK1:1,IK2:1,MOVE:0
[2026-09-10 22:26:37.096] [TX] S1.5
[2026-09-10 22:26:37.149] [RX] PITCH:0.61,PID_OUT:30.84,INT:0.0018,EL:-901,ER:-613,VEL:-0.9,MOT:1,TILT:25.0,TRIM:0.000,ATE:0,LATCH:0,TORQ:1,CR:0.0,FX1:1.00,FY1:-151.10,FX2:-6.00,FY2:-149.60,IK1:1,IK2:1,MOVE:0
[2026-09-10 22:26:37.164] [RX] AX12:MODE:0,TQ:1,TL:1023,CM:1,CS:4,MS:0,MT:800
[2026-09-10 22:26:37.185] [RX] Updated -> P:50.800 I:277.500 D:3.520 Offset:-2.4097 Target:1.500 Alpha:0.9600 Tilt:25.00 TrimGain:0.0015 Crouch:0.00 VP:0.0030
[2026-09-10 22:26:37.246] [RX] PITCH:0.49,PID_OUT:76.47,INT:0.0928,EL:-900,ER:-621,VEL:57.7,MOT:1,TILT:25.0,TRIM:0.000,ATE:0,LATCH:0,TORQ:1,CR:0.0,FX1:1.00,FY1:-151.10,FX2:-6.00,FY2:-149.60,IK1:1,IK2:1,MOVE:0
[2026-09-10 22:26:37.344] [RX] PITCH:0.71,PID_OUT:72.18,INT:0.1772,EL:-898,ER:-636,VEL:70.5,MOT:1,TILT:25.0,TRIM:0.000,ATE:0,LATCH:0,TORQ:1,CR:0.0,FX1:1.00,FY1:-151.10,FX2:-6.00,FY2:-149.60,IK1:1,IK2:1,MOVE:0
[2026-09-10 22:26:37.442] [RX] PITCH:1.00,PID_OUT:57.14,INT:0.2306,EL:-896,ER:-658,VEL:106.7,MOT:1,TILT:25.0,TRIM:0.000,ATE:0,LATCH:0,TORQ:1,CR:0.0,FX1:1.00,FY1:-151.10,FX2:-6.00,FY2:-149.60,IK1:1,IK2:1,MOVE:0
[2026-09-10 22:26:37.546] [RX] PITCH:1.42,PID_OUT:37.98,INT:0.2306,EL:-895,ER:-673,VEL:76.2,MOT:1,TILT:25.0,TRIM:0.000,ATE:0,LATCH:0,TORQ:1,CR:0.0,FX1:1.00,FY1:-151.10,FX2:-6.00,FY2:-149.60,IK1:1,IK2:1,MOVE:0
[2026-09-10 22:26:37.654] [RX] PITCH:1.92,PID_OUT:10.03,INT:0.2111,EL:-895,ER:-696,VEL:92.6,MOT:1,TILT:25.0,TRIM:0.000,ATE:0,LATCH:0,TORQ:1,CR:0.0,FX1:1.00,FY1:-151.10,FX2:-6.00,FY2:-149.60,IK1:1,IK2:1,MOVE:0
[2026-09-10 22:26:37.654] [RX] AX12:MODE:0,TQ:1,TL:1023,CM:1,CS:4,MS:0,MT:800
[2026-09-10 22:26:37.747] [RX] PITCH:2.53,PID_OUT:-43.27,INT:0.1404,EL:-944,ER:-696,VEL:-256.0,MOT:1,TILT:25.0,TRIM:0.000,ATE:0,LATCH:0,TORQ:1,CR:0.0,FX1:1.00,FY1:-151.10,FX2:-6.00,FY2:-149.60,IK1:1,IK2:1,MOVE:0
[2026-09-10 22:26:37.747] [RX] SRV:0,39,0.0,0,0
[2026-09-10 22:26:37.843] [RX] PITCH:3.36,PID_OUT:-71.64,INT:-0.0142,EL:-973,ER:-694,VEL:-158.4,MOT:1,TILT:25.0,TRIM:0.000,ATE:0,LATCH:0,TORQ:1,CR:0.0,FX1:1.00,FY1:-151.10,FX2:-6.00,FY2:-149.60,IK1:1,IK2:1,MOVE:0
[2026-09-10 22:26:37.944] [RX] PITCH:2.36,PID_OUT:-50.55,INT:-0.1572,EL:-1004,ER:-687,VEL:-193.2,MOT:1,TILT:25.0,TRIM:0.000,ATE:0,LATCH:0,TORQ:1,CR:0.0,FX1:1.00,FY1:-151.10,FX2:-6.00,FY2:-149.60,IK1:1,IK2:1,MOVE:0
[2026-09-10 22:26:38.045] [RX] PITCH:1.30,PID_OUT:-19.33,INT:-0.1767,EL:-1029,ER:-683,VEL:-152.3,MOT:1,TILT:25.0,TRIM:0.000,ATE:0,LATCH:0,TORQ:1,CR:0.0,FX1:1.00,FY1:-151.10,FX2:-6.00,FY2:-149.60,IK1:1,IK2:1,MOVE:0
[2026-09-10 22:26:38.150] [RX] PITCH:1.06,PID_OUT:-15.26,INT:-0.1397,EL:-1049,ER:-682,VEL:-94.3,MOT:1,TILT:25.0,TRIM:0.000,ATE:0,LATCH:0,TORQ:1,CR:0.0,FX1:1.00,FY1:-151.10,FX2:-6.00,FY2:-149.60,IK1:1,IK2:1,MOVE:0
[2026-09-10 22:26:38.156] [RX] AX12:MODE:0,TQ:1,TL:1023,CM:1,CS:4,MS:0,MT:800
[2026-09-10 22:26:38.245] [RX] PITCH:0.81,PID_OUT:21.99,INT:-0.0843,EL:-1049,ER:-682,VEL:-18.6,MOT:1,TILT:25.0,TRIM:0.000,ATE:0,LATCH:0,TORQ:1,CR:0.0,FX1:1.00,FY1:-151.10,FX2:-6.00,FY2:-149.60,IK1:1,IK2:1,MOVE:0
[2026-09-10 22:26:38.345] [RX] PITCH:0.15,PID_OUT:97.32,INT:0.0158,EL:-1049,ER:-696,VEL:59.6,MOT:1,TILT:25.0,TRIM:0.000,ATE:0,LATCH:0,TORQ:1,CR:0.0,FX1:1.00,FY1:-151.10,FX2:-6.00,FY2:-149.60,IK1:1,IK2:1,MOVE:0
[2026-09-10 22:26:38.447] [RX] PITCH:0.02,PID_OUT:102.64,INT:0.1753,EL:-1044,ER:-716,VEL:116.6,MOT:1,TILT:25.0,TRIM:0.000,ATE:0,LATCH:0,TORQ:1,CR:0.0,FX1:1.00,FY1:-151.10,FX2:-6.00,FY2:-149.60,IK1:1,IK2:1,MOVE:0
[2026-09-10 22:26:38.544] [RX] PITCH:0.80,PID_OUT:70.46,INT:0.2306,EL:-1034,ER:-739,VEL:159.0,MOT:1,TILT:25.0,TRIM:0.000,ATE:0,LATCH:0,TORQ:1,CR:0.0,FX1:1.00,FY1:-151.10,FX2:-6.00,FY2:-149.60,IK1:1,IK2:1,MOVE:0
[2026-09-10 22:26:38.652] [RX] PITCH:0.74,PID_OUT:82.54,INT:0.2306,EL:-1025,ER:-767,VEL:176.4,MOT:1,TILT:25.0,TRIM:0.000,ATE:0,LATCH:0,TORQ:1,CR:0.0,FX1:1.00,FY1:-151.10,FX2:-6.00,FY2:-149.60,IK1:1,IK2:1,MOVE:0
[2026-09-10 22:26:38.652] [RX] AX12:MODE:0,TQ:1,TL:1023,CM:1,CS:4,MS:0,MT:800
[2026-09-10 22:26:38.745] [RX] PITCH:0.31,PID_OUT:55.96,INT:0.2306,EL:-1014,ER:-794,VEL:190.8,MOT:1,TILT:25.0,TRIM:0.000,ATE:0,LATCH:0,TORQ:1,CR:0.0,FX1:1.00,FY1:-151.10,FX2:-6.00,FY2:-149.60,IK1:1,IK2:1,MOVE:0
[2026-09-10 22:26:38.745] [RX] SRV:14,38,0.0,0,0
[2026-09-10 22:26:38.842] [RX] PITCH:1.26,PID_OUT:12.31,INT:0.2306,EL:-1005,ER:-823,VEL:184.2,MOT:1,TILT:25.0,TRIM:0.000,ATE:0,LATCH:0,TORQ:1,CR:0.0,FX1:1.00,FY1:-151.10,FX2:-6.00,FY2:-149.60,IK1:1,IK2:1,MOVE:0
[2026-09-10 22:26:38.943] [RX] PITCH:2.68,PID_OUT:-62.39,INT:0.1764,EL:-1003,ER:-835,VEL:80.6,MOT:1,TILT:25.0,TRIM:0.000,ATE:0,LATCH:0,TORQ:1,CR:0.0,FX1:1.00,FY1:-151.10,FX2:-6.00,FY2:-149.60,IK1:1,IK2:1,MOVE:0
[2026-09-10 22:26:39.041] [RX] PITCH:3.16,PID_OUT:-97.13,INT:0.0239,EL:-1025,ER:-836,VEL:-81.2,MOT:1,TILT:25.0,TRIM:0.000,ATE:0,LATCH:0,TORQ:1,CR:0.0,FX1:1.00,FY1:-151.10,FX2:-6.00,FY2:-149.60,IK1:1,IK2:1,MOVE:0
[2026-09-10 22:26:39.144] [RX] PITCH:3.08,PID_OUT:-111.42,INT:-0.1433,EL:-1045,ER:-832,VEL:-118.1,MOT:1,TILT:25.0,TRIM:0.000,ATE:0,LATCH:0,TORQ:1,CR:0.0,FX1:1.00,FY1:-151.10,FX2:-6.00,FY2:-149.60,IK1:1,IK2:1,MOVE:0
[2026-09-10 22:26:39.153] [RX] AX12:MODE:0,TQ:1,TL:1023,CM:1,CS:4,MS:0,MT:800
[2026-09-10 22:26:39.242] [RX] PITCH:2.29,PID_OUT:-75.75,INT:-0.2306,EL:-1064,ER:-825,VEL:-134.7,MOT:1,TILT:25.0,TRIM:0.000,ATE:0,LATCH:0,TORQ:1,CR:0.0,FX1:1.00,FY1:-151.10,FX2:-6.00,FY2:-149.60,IK1:1,IK2:1,MOVE:0
[2026-09-10 22:26:39.341] [RX] PITCH:1.88,PID_OUT:-58.18,INT:-0.2306,EL:-1086,ER:-818,VEL:-143.8,MOT:1,TILT:25.0,TRIM:0.000,ATE:0,LATCH:0,TORQ:1,CR:0.0,FX1:1.00,FY1:-151.10,FX2:-6.00,FY2:-149.60,IK1:1,IK2:1,MOVE:0
[2026-09-10 22:26:39.442] [RX] PITCH:1.72,PID_OUT:-28.61,INT:-0.2306,EL:-1112,ER:-809,VEL:-176.0,MOT:1,TILT:25.0,TRIM:0.000,ATE:0,LATCH:0,TORQ:1,CR:0.0,FX1:1.00,FY1:-151.10,FX2:-6.00,FY2:-149.60,IK1:1,IK2:1,MOVE:0
[2026-09-10 22:26:39.544] [RX] PITCH:0.88,PID_OUT:28.75,INT:-0.2110,EL:-1133,ER:-811,VEL:-78.6,MOT:1,TILT:25.0,TRIM:0.000,ATE:0,LATCH:0,TORQ:1,CR:0.0,FX1:1.00,FY1:-151.10,FX2:-6.00,FY2:-149.60,IK1:1,IK2:1,MOVE:0
[2026-09-10 22:26:39.644] [RX] PITCH:-0.26,PID_OUT:92.70,INT:-0.0821,EL:-1141,ER:-821,VEL:31.9,MOT:1,TILT:25.0,TRIM:0.000,ATE:0,LATCH:0,TORQ:1,CR:0.0,FX1:1.00,FY1:-151.10,FX2:-6.00,FY2:-149.60,IK1:1,IK2:1,MOVE:0
[2026-09-10 22:26:39.651] [RX] AX12:MODE:0,TQ:1,TL:1023,CM:1,CS:4,MS:0,MT:800
[2026-09-10 22:26:39.743] [RX] PITCH:-0.53,PID_OUT:131.63,INT:0.1142,EL:-1138,ER:-838,VEL:102.8,MOT:1,TILT:25.0,TRIM:0.000,ATE:0,LATCH:0,TORQ:1,CR:0.0,FX1:1.00,FY1:-151.10,FX2:-6.00,FY2:-149.60,IK1:1,IK2:1,MOVE:0
[2026-09-10 22:26:39.745] [RX] SRV:1,40,0.0,0,0
[2026-09-10 22:26:39.842] [RX] PITCH:-0.01,PID_OUT:95.00,INT:0.2306,EL:-1126,ER:-865,VEL:189.2,MOT:1,TILT:25.0,TRIM:0.000,ATE:0,LATCH:0,TORQ:1,CR:0.0,FX1:1.00,FY1:-151.10,FX2:-6.00,FY2:-149.60,IK1:1,IK2:1,MOVE:0
[2026-09-10 22:26:39.940] [RX] PITCH:0.25,PID_OUT:61.74,INT:0.2306,EL:-1111,ER:-897,VEL:226.1,MOT:1,TILT:25.0,TRIM:0.000,ATE:0,LATCH:0,TORQ:1,CR:0.0,FX1:1.00,FY1:-151.10,FX2:-6.00,FY2:-149.60,IK1:1,IK2:1,MOVE:0
[2026-09-10 22:26:40.042] [RX] PITCH:0.89,PID_OUT:20.52,INT:0.2306,EL:-1097,ER:-928,VEL:218.5,MOT:1,TILT:25.0,TRIM:0.000,ATE:0,LATCH:0,TORQ:1,CR:0.0,FX1:1.00,FY1:-151.10,FX2:-6.00,FY2:-149.60,IK1:1,IK2:1,MOVE:0
[2026-09-10 22:26:40.147] [RX] PITCH:2.20,PID_OUT:-33.00,INT:0.2102,EL:-1103,ER:-942,VEL:39.1,MOT:1,TILT:25.0,TRIM:0.000,ATE:0,LATCH:0,TORQ:1,CR:0.0,FX1:1.00,FY1:-151.10,FX2:-6.00,FY2:-149.60,IK1:1,IK2:1,MOVE:0
[2026-09-10 22:26:40.150] [RX] AX12:MODE:0,TQ:1,TL:1023,CM:1,CS:4,MS:0,MT:800
[2026-09-10 22:26:40.240] [RX] PITCH:2.76,PID_OUT:-60.83,INT:0.1006,EL:-1113,ER:-946,VEL:-56.1,MOT:1,TILT:25.0,TRIM:0.000,ATE:0,LATCH:0,TORQ:1,CR:0.0,FX1:1.00,FY1:-151.10,FX2:-6.00,FY2:-149.60,IK1:1,IK2:1,MOVE:0
[2026-09-10 22:26:40.341] [RX] PITCH:3.07,PID_OUT:-104.64,INT:-0.0397,EL:-1141,ER:-944,VEL:-132.2,MOT:1,TILT:25.0,TRIM:0.000,ATE:0,LATCH:0,TORQ:1,CR:0.0,FX1:1.00,FY1:-151.10,FX2:-6.00,FY2:-149.60,IK1:1,IK2:1,MOVE:0
[2026-09-10 22:26:40.439] [RX] PITCH:2.86,PID_OUT:-106.10,INT:-0.1847,EL:-1169,ER:-935,VEL:-182.7,MOT:1,TILT:25.0,TRIM:0.000,ATE:0,LATCH:0,TORQ:1,CR:0.0,FX1:1.00,FY1:-151.10,FX2:-6.00,FY2:-149.60,IK1:1,IK2:1,MOVE:0
[2026-09-10 22:26:40.540] [RX] PITCH:1.74,PID_OUT:-59.84,INT:-0.2306,EL:-1202,ER:-922,VEL:-219.6,MOT:1,TILT:25.0,TRIM:0.000,ATE:0,LATCH:0,TORQ:1,CR:0.0,FX1:1.00,FY1:-151.10,FX2:-6.00,FY2:-149.60,IK1:1,IK2:1,MOVE:0
[2026-09-10 22:26:40.651] [RX] PITCH:1.39,PID_OUT:-61.73,INT:-0.2257,EL:-1238,ER:-910,VEL:-232.2,MOT:1,TILT:25.0,TRIM:0.000,ATE:0,LATCH:0,TORQ:1,CR:0.0,FX1:1.00,FY1:-151.10,FX2:-6.00,FY2:-149.60,IK1:1,IK2:1,MOVE:0
[2026-09-10 22:26:40.651] [RX] AX12:MODE:0,TQ:1,TL:1023,CM:1,CS:4,MS:0,MT:800
[2026-09-10 22:26:40.740] [RX] PITCH:1.79,PID_OUT:-82.39,INT:-0.2306,EL:-1269,ER:-901,VEL:-198.9,MOT:1,TILT:25.0,TRIM:0.000,ATE:0,LATCH:0,TORQ:1,CR:0.0,FX1:1.00,FY1:-151.10,FX2:-6.00,FY2:-149.60,IK1:1,IK2:1,MOVE:0
[2026-09-10 22:26:40.742] [RX] SRV:6,38,0.0,0,0
[2026-09-10 22:26:40.839] [RX] PITCH:1.62,PID_OUT:-74.03,INT:-0.2306,EL:-1306,ER:-888,VEL:-239.8,MOT:1,TILT:25.0,TRIM:0.000,ATE:0,LATCH:0,TORQ:1,CR:0.0,FX1:1.00,FY1:-151.10,FX2:-6.00,FY2:-149.60,IK1:1,IK2:1,MOVE:0
[2026-09-10 22:26:40.943] [RX] PITCH:1.53,PID_OUT:-64.69,INT:-0.2303,EL:-1342,ER:-875,VEL:-242.2,MOT:1,TILT:25.0,TRIM:0.000,ATE:0,LATCH:0,TORQ:1,CR:0.0,FX1:1.00,FY1:-151.10,FX2:-6.00,FY2:-149.60,IK1:1,IK2:1,MOVE:0
[2026-09-10 22:26:41.040] [RX] PITCH:1.61,PID_OUT:-66.70,INT:-0.2306,EL:-1382,ER:-862,VEL:-264.3,MOT:1,TILT:25.0,TRIM:0.000,ATE:0,LATCH:0,TORQ:1,CR:0.0,FX1:1.00,FY1:-151.10,FX2:-6.00,FY2:-149.60,IK1:1,IK2:1,MOVE:0
[2026-09-10 22:26:41.151] [RX] PITCH:1.58,PID_OUT:-70.75,INT:-0.2306,EL:-1422,ER:-849,VEL:-270.4,MOT:1,TILT:25.0,TRIM:0.000,ATE:0,LATCH:0,TORQ:1,CR:0.0,FX1:1.00,FY1:-151.10,FX2:-6.00,FY2:-149.60,IK1:1,IK2:1,MOVE:0
[2026-09-10 22:26:41.151] [RX] AX12:MODE:0,TQ:1,TL:1023,CM:1,CS:4,MS:0,MT:800
[2026-09-10 22:26:41.237] [RX] PITCH:1.26,PID_OUT:-52.01,INT:-0.2218,EL:-1459,ER:-835,VEL:-255.7,MOT:1,TILT:25.0,TRIM:0.000,ATE:0,LATCH:0,TORQ:1,CR:0.0,FX1:1.00,FY1:-151.10,FX2:-6.00,FY2:-149.60,IK1:1,IK2:1,MOVE:0
[2026-09-10 22:26:41.338] [RX] PITCH:1.52,PID_OUT:-71.19,INT:-0.2121,EL:-1491,ER:-823,VEL:-223.0,MOT:1,TILT:25.0,TRIM:0.000,ATE:0,LATCH:0,TORQ:1,CR:0.0,FX1:1.00,FY1:-151.10,FX2:-6.00,FY2:-149.60,IK1:1,IK2:1,MOVE:0
[2026-09-10 22:26:41.438] [RX] PITCH:1.51,PID_OUT:-63.99,INT:-0.2129,EL:-1525,ER:-809,VEL:-237.3,MOT:1,TILT:25.0,TRIM:0.000,ATE:0,LATCH:0,TORQ:1,CR:0.0,FX1:1.00,FY1:-151.10,FX2:-6.00,FY2:-149.60,IK1:1,IK2:1,MOVE:0
[2026-09-10 22:26:41.539] [RX] PITCH:1.40,PID_OUT:-58.01,INT:-0.2015,EL:-1558,ER:-796,VEL:-232.3,MOT:1,TILT:25.0,TRIM:0.000,ATE:0,LATCH:0,TORQ:1,CR:0.0,FX1:1.00,FY1:-151.10,FX2:-6.00,FY2:-149.60,IK1:1,IK2:1,MOVE:0
[2026-09-10 22:26:41.644] [RX] PITCH:1.40,PID_OUT:-50.83,INT:-0.1917,EL:-1589,ER:-783,VEL:-218.5,MOT:1,TILT:25.0,TRIM:0.000,ATE:0,LATCH:0,TORQ:1,CR:0.0,FX1:1.00,FY1:-151.10,FX2:-6.00,FY2:-149.60,IK1:1,IK2:1,MOVE:0
[2026-09-10 22:26:41.648] [RX] AX12:MODE:0,TQ:1,TL:1023,CM:1,CS:4,MS:0,MT:800
[2026-09-10 22:26:41.743] [RX] PITCH:1.41,PID_OUT:-52.19,INT:-0.1844,EL:-1618,ER:-772,VEL:-207.2,MOT:1,TILT:25.0,TRIM:0.000,ATE:0,LATCH:0,TORQ:1,CR:0.0,FX1:1.00,FY1:-151.10,FX2:-6.00,FY2:-149.60,IK1:1,IK2:1,MOVE:0
[2026-09-10 22:26:41.743] [RX] SRV:0,39,0.0,0,0
[2026-09-10 22:26:41.839] [RX] PITCH:1.55,PID_OUT:-61.55,INT:-0.1801,EL:-1646,ER:-762,VEL:-199.2,MOT:1,TILT:25.0,TRIM:0.000,ATE:0,LATCH:0,TORQ:1,CR:0.0,FX1:1.00,FY1:-151.10,FX2:-6.00,FY2:-149.60,IK1:1,IK2:1,MOVE:0
[2026-09-10 22:26:41.939] [RX] PITCH:1.38,PID_OUT:-43.23,INT:-0.1809,EL:-1670,ER:-754,VEL:-169.8,MOT:1,TILT:25.0,TRIM:0.000,ATE:0,LATCH:0,TORQ:1,CR:0.0,FX1:1.00,FY1:-151.10,FX2:-6.00,FY2:-149.60,IK1:1,IK2:1,MOVE:0
[2026-09-10 22:26:42.037] [RX] PITCH:1.23,PID_OUT:-33.89,INT:-0.1623,EL:-1697,ER:-747,VEL:-171.1,MOT:1,TILT:25.0,TRIM:0.000,ATE:0,LATCH:0,TORQ:1,CR:0.0,FX1:1.00,FY1:-151.10,FX2:-6.00,FY2:-149.60,IK1:1,IK2:1,MOVE:0
[2026-09-10 22:26:42.137] [RX] PITCH:1.23,PID_OUT:-40.57,INT:-0.1324,EL:-1714,ER:-741,VEL:-108.2,MOT:1,TILT:25.0,TRIM:0.000,ATE:0,LATCH:0,TORQ:1,CR:0.0,FX1:1.00,FY1:-151.10,FX2:-6.00,FY2:-149.60,IK1:1,IK2:1,MOVE:0
[2026-09-10 22:26:42.146] [RX] AX12:MODE:0,TQ:1,TL:1023,CM:1,CS:4,MS:0,MT:800
[2026-09-10 22:26:42.241] [RX] PITCH:1.59,PID_OUT:-51.48,INT:-0.1277,EL:-1714,ER:-736,VEL:-40.9,MOT:1,TILT:25.0,TRIM:0.000,ATE:0,LATCH:0,TORQ:1,CR:0.0,FX1:1.00,FY1:-151.10,FX2:-6.00,FY2:-149.60,IK1:1,IK2:1,MOVE:0
[2026-09-10 22:26:42.335] [RX] PITCH:1.56,PID_OUT:-46.18,INT:-0.1371,EL:-1714,ER:-734,VEL:-16.3,MOT:1,TILT:25.0,TRIM:0.000,ATE:0,LATCH:0,TORQ:1,CR:0.0,FX1:1.00,FY1:-151.10,FX2:-6.00,FY2:-149.60,IK1:1,IK2:1,MOVE:0
[2026-09-10 22:26:42.441] [RX] PITCH:1.37,PID_OUT:-30.30,INT:-0.1332,EL:-1714,ER:-733,VEL:-7.1,MOT:1,TILT:25.0,TRIM:0.000,ATE:0,LATCH:0,TORQ:1,CR:0.0,FX1:1.00,FY1:-151.10,FX2:-6.00,FY2:-149.60,IK1:1,IK2:1,MOVE:0
[2026-09-10 22:26:42.537] [RX] PITCH:0.97,PID_OUT:14.84,INT:-0.1016,EL:-1714,ER:-733,VEL:-1.4,MOT:1,TILT:25.0,TRIM:0.000,ATE:0,LATCH:0,TORQ:1,CR:0.0,FX1:1.00,FY1:-151.10,FX2:-6.00,FY2:-149.60,IK1:1,IK2:1,MOVE:0
[2026-09-10 22:26:42.637] [RX] PITCH:0.25,PID_OUT:98.59,INT:-0.0131,EL:-1713,ER:-737,VEL:35.1,MOT:1,TILT:25.0,TRIM:0.000,ATE:0,LATCH:0,TORQ:1,CR:0.0,FX1:1.00,FY1:-151.10,FX2:-6.00,FY2:-149.60,IK1:1,IK2:1,MOVE:0
[2026-09-10 22:26:42.646] [RX] AX12:MODE:0,TQ:1,TL:1023,CM:1,CS:4,MS:0,MT:800
[2026-09-10 22:26:42.736] [RX] PITCH:-0.22,PID_OUT:88.90,INT:0.1781,EL:-1705,ER:-760,VEL:145.1,MOT:1,TILT:25.0,TRIM:0.000,ATE:0,LATCH:0,TORQ:1,CR:0.0,FX1:1.00,FY1:-151.10,FX2:-6.00,FY2:-149.60,IK1:1,IK2:1,MOVE:0
[2026-09-10 22:26:42.739] [RX] SRV:14,38,0.0,0,0
[2026-09-10 22:26:42.835] [RX] PITCH:0.71,PID_OUT:79.85,INT:0.2306,EL:-1691,ER:-787,VEL:193.1,MOT:1,TILT:25.0,TRIM:0.000,ATE:0,LATCH:0,TORQ:1,CR:0.0,FX1:1.00,FY1:-151.10,FX2:-6.00,FY2:-149.60,IK1:1,IK2:1,MOVE:0
[2026-09-10 22:26:42.935] [RX] PITCH:0.99,PID_OUT:85.75,INT:0.2306,EL:-1676,ER:-816,VEL:223.3,MOT:1,TILT:25.0,TRIM:0.000,ATE:0,LATCH:0,TORQ:1,CR:0.0,FX1:1.00,FY1:-151.10,FX2:-6.00,FY2:-149.60,IK1:1,IK2:1,MOVE:0
[2026-09-10 22:26:43.031] [RX] PITCH:0.90,PID_OUT:89.50,INT:0.2306,EL:-1661,ER:-844,VEL:222.8,MOT:1,TILT:25.0,TRIM:0.000,ATE:0,LATCH:0,TORQ:1,CR:0.0,FX1:1.00,FY1:-151.10,FX2:-6.00,FY2:-149.60,IK1:1,IK2:1,MOVE:0
[2026-09-10 22:26:43.145] [RX] PITCH:0.88,PID_OUT:84.50,INT:0.2306,EL:-1642,ER:-874,VEL:246.0,MOT:1,TILT:25.0,TRIM:0.000,ATE:0,LATCH:0,TORQ:1,CR:0.0,FX1:1.00,FY1:-151.10,FX2:-6.00,FY2:-149.60,IK1:1,IK2:1,MOVE:0
[2026-09-10 22:26:43.146] [RX] AX12:MODE:0,TQ:1,TL:1023,CM:1,CS:4,MS:0,MT:800
[2026-09-10 22:26:43.236] [RX] PITCH:0.79,PID_OUT:92.30,INT:0.2306,EL:-1622,ER:-906,VEL:252.9,MOT:1,TILT:25.0,TRIM:0.000,ATE:0,LATCH:0,TORQ:1,CR:0.0,FX1:1.00,FY1:-151.10,FX2:-6.00,FY2:-149.60,IK1:1,IK2:1,MOVE:0
[2026-09-10 22:26:43.336] [RX] PITCH:0.97,PID_OUT:93.98,INT:0.2306,EL:-1599,ER:-942,VEL:289.5,MOT:1,TILT:25.0,TRIM:0.000,ATE:0,LATCH:0,TORQ:1,CR:0.0,FX1:1.00,FY1:-151.10,FX2:-6.00,FY2:-149.60,IK1:1,IK2:1,MOVE:0
[2026-09-10 22:26:43.435] [RX] PITCH:0.42,PID_OUT:92.40,INT:0.2306,EL:-1574,ER:-979,VEL:308.6,MOT:1,TILT:25.0,TRIM:0.000,ATE:0,LATCH:0,TORQ:1,CR:0.0,FX1:1.00,FY1:-151.10,FX2:-6.00,FY2:-149.60,IK1:1,IK2:1,MOVE:0
[2026-09-10 22:26:43.536] [RX] PITCH:0.90,PID_OUT:62.93,INT:0.2306,EL:-1546,ER:-1016,VEL:330.6,MOT:1,TILT:25.0,TRIM:0.000,ATE:0,LATCH:0,TORQ:1,CR:0.0,FX1:1.00,FY1:-151.10,FX2:-6.00,FY2:-149.60,IK1:1,IK2:1,MOVE:0
[2026-09-10 22:26:43.634] [RX] PITCH:0.99,PID_OUT:87.60,INT:0.2306,EL:-1521,ER:-1056,VEL:328.6,MOT:1,TILT:25.0,TRIM:0.000,ATE:0,LATCH:0,TORQ:1,CR:0.0,FX1:1.00,FY1:-151.10,FX2:-6.00,FY2:-149.60,IK1:1,IK2:1,MOVE:0
[2026-09-10 22:26:43.647] [RX] AX12:MODE:0,TQ:1,TL:1023,CM:1,CS:4,MS:0,MT:800
[2026-09-10 22:26:43.733] [RX] PITCH:0.91,PID_OUT:81.03,INT:0.2306,EL:-1497,ER:-1096,VEL:324.6,MOT:1,TILT:25.0,TRIM:0.000,ATE:0,LATCH:0,TORQ:1,CR:0.0,FX1:1.00,FY1:-151.10,FX2:-6.00,FY2:-149.60,IK1:1,IK2:1,MOVE:0
[2026-09-10 22:26:43.734] [RX] SRV:1,40,0.0,0,0
[2026-09-10 22:26:43.835] [RX] PITCH:0.75,PID_OUT:95.85,INT:0.2306,EL:-1472,ER:-1142,VEL:338.2,MOT:1,TILT:25.0,TRIM:0.000,ATE:0,LATCH:0,TORQ:1,CR:0.0,FX1:1.00,FY1:-151.10,FX2:-6.00,FY2:-149.60,IK1:1,IK2:1,MOVE:0
[2026-09-10 22:26:43.932] [RX] PITCH:0.85,PID_OUT:83.75,INT:0.2306,EL:-1445,ER:-1184,VEL:345.6,MOT:1,TILT:25.0,TRIM:0.000,ATE:0,LATCH:0,TORQ:1,CR:0.0,FX1:1.00,FY1:-151.10,FX2:-6.00,FY2:-149.60,IK1:1,IK2:1,MOVE:0
[2026-09-10 22:26:44.034] [RX] PITCH:0.88,PID_OUT:104.19,INT:0.2306,EL:-1419,ER:-1224,VEL:329.2,MOT:1,TILT:25.0,TRIM:0.000,ATE:0,LATCH:0,TORQ:1,CR:0.0,FX1:1.00,FY1:-151.10,FX2:-6.00,FY2:-149.60,IK1:1,IK2:1,MOVE:0
[2026-09-10 22:26:44.132] [RX] PITCH:0.85,PID_OUT:105.89,INT:0.2306,EL:-1390,ER:-1262,VEL:329.1,MOT:1,TILT:25.0,TRIM:0.000,ATE:0,LATCH:0,TORQ:1,CR:0.0,FX1:1.00,FY1:-151.10,FX2:-6.00,FY2:-149.60,IK1:1,IK2:1,MOVE:0
[2026-09-10 22:26:44.142] [RX] AX12:MODE:0,TQ:1,TL:1023,CM:1,CS:4,MS:0,MT:800
[2026-09-10 22:26:44.230] [RX] PITCH:0.48,PID_OUT:97.26,INT:0.2306,EL:-1359,ER:-1302,VEL:358.5,MOT:1,TILT:25.0,TRIM:0.000,ATE:0,LATCH:0,TORQ:1,CR:0.0,FX1:1.00,FY1:-151.10,FX2:-6.00,FY2:-149.60,IK1:1,IK2:1,MOVE:0
[2026-09-10 22:26:44.333] [RX] PITCH:0.95,PID_OUT:88.26,INT:0.2306,EL:-1324,ER:-1341,VEL:370.4,MOT:1,TILT:25.0,TRIM:0.000,ATE:0,LATCH:0,TORQ:1,CR:0.0,FX1:1.00,FY1:-151.10,FX2:-6.00,FY2:-149.60,IK1:1,IK2:1,MOVE:0
[2026-09-10 22:26:44.431] [RX] PITCH:0.65,PID_OUT:101.85,INT:0.2306,EL:-1287,ER:-1379,VEL:379.0,MOT:1,TILT:25.0,TRIM:0.000,ATE:0,LATCH:0,TORQ:1,CR:0.0,FX1:1.00,FY1:-151.10,FX2:-6.00,FY2:-149.60,IK1:1,IK2:1,MOVE:0
[2026-09-10 22:26:44.534] [RX] PITCH:0.49,PID_OUT:105.54,INT:0.2306,EL:-1247,ER:-1421,VEL:413.7,MOT:1,TILT:25.0,TRIM:0.000,ATE:0,LATCH:0,TORQ:1,CR:0.0,FX1:1.00,FY1:-151.10,FX2:-6.00,FY2:-149.60,IK1:1,IK2:1,MOVE:0
[2026-09-10 22:26:44.632] [RX] PITCH:0.64,PID_OUT:116.44,INT:0.2306,EL:-1205,ER:-1466,VEL:433.8,MOT:1,TILT:25.0,TRIM:0.000,ATE:0,LATCH:0,TORQ:1,CR:0.0,FX1:1.00,FY1:-151.10,FX2:-6.00,FY2:-149.60,IK1:1,IK2:1,MOVE:0
[2026-09-10 22:26:44.642] [RX] AX12:MODE:0,TQ:1,TL:1023,CM:1,CS:4,MS:0,MT:800
[2026-09-10 22:26:44.736] [RX] PITCH:0.02,PID_OUT:127.07,INT:0.2306,EL:-1160,ER:-1514,VEL:462.6,MOT:1,TILT:25.0,TRIM:0.000,ATE:0,LATCH:0,TORQ:1,CR:0.0,FX1:1.00,FY1:-151.10,FX2:-6.00,FY2:-149.60,IK1:1,IK2:1,MOVE:0
[2026-09-10 22:26:44.736] [RX] SRV:6,38,0.0,0,0
[2026-09-10 22:26:44.833] [RX] PITCH:-0.01,PID_OUT:138.61,INT:0.2306,EL:-1110,ER:-1568,VEL:516.5,MOT:1,TILT:25.0,TRIM:0.000,ATE:0,LATCH:0,TORQ:1,CR:0.0,FX1:1.00,FY1:-151.10,FX2:-6.00,FY2:-149.60,IK1:1,IK2:1,MOVE:0
[2026-09-10 22:26:44.932] [RX] PITCH:-0.02,PID_OUT:136.86,INT:0.2306,EL:-1056,ER:-1625,VEL:554.7,MOT:1,TILT:25.0,TRIM:0.000,ATE:0,LATCH:0,TORQ:1,CR:0.0,FX1:1.00,FY1:-151.10,FX2:-6.00,FY2:-149.60,IK1:1,IK2:1,MOVE:0
[2026-09-10 22:26:45.032] [RX] PITCH:-0.43,PID_OUT:-405.16,INT:0.2306,EL:-998,ER:-1672,VEL:485.5,MOT:1,TILT:25.0,TRIM:0.000,ATE:0,LATCH:0,TORQ:1,CR:0.0,FX1:1.00,FY1:-151.10,FX2:-6.00,FY2:-149.60,IK1:1,IK2:1,MOVE:0
[2026-09-10 22:26:45.131] [RX] PITCH:4.87,PID_OUT:-102.49,INT:-0.0697,EL:-1032,ER:-1633,VEL:-248.6,MOT:1,TILT:25.0,TRIM:0.000,ATE:0,LATCH:0,TORQ:1,CR:0.0,FX1:1.00,FY1:-151.10,FX2:-6.00,FY2:-149.60,IK1:1,IK2:1,MOVE:0
[2026-09-10 22:26:45.140] [RX] AX12:MODE:0,TQ:1,TL:1023,CM:1,CS:4,MS:0,MT:800
[2026-09-10 22:26:45.233] [RX] PITCH:2.65,PID_OUT:-99.45,INT:-0.2306,EL:-1074,ER:-1579,VEL:-423.7,MOT:1,TILT:25.0,TRIM:0.000,ATE:0,LATCH:0,TORQ:1,CR:0.0,FX1:1.00,FY1:-151.10,FX2:-6.00,FY2:-149.60,IK1:1,IK2:1,MOVE:0
[2026-09-10 22:26:45.332] [RX] PITCH:1.96,PID_OUT:-99.34,INT:-0.2306,EL:-1112,ER:-1529,VEL:-438.5,MOT:1,TILT:25.0,TRIM:0.000,ATE:0,LATCH:0,TORQ:1,CR:0.0,FX1:1.00,FY1:-151.10,FX2:-6.00,FY2:-149.60,IK1:1,IK2:1,MOVE:0
[2026-09-10 22:26:45.428] [RX] PITCH:2.67,PID_OUT:-133.65,INT:-0.2306,EL:-1159,ER:-1482,VEL:-470.9,MOT:1,TILT:25.0,TRIM:0.000,ATE:0,LATCH:0,TORQ:1,CR:0.0,FX1:1.00,FY1:-151.10,FX2:-6.00,FY2:-149.60,IK1:1,IK2:1,MOVE:0
[2026-09-10 22:26:45.531] [RX] PITCH:2.32,PID_OUT:-102.52,INT:-0.2306,EL:-1206,ER:-1434,VEL:-479.7,MOT:1,TILT:25.0,TRIM:0.000,ATE:0,LATCH:0,TORQ:1,CR:0.0,FX1:1.00,FY1:-151.10,FX2:-6.00,FY2:-149.60,IK1:1,IK2:1,MOVE:0
[2026-09-10 22:26:45.640] [RX] PITCH:2.42,PID_OUT:-133.81,INT:-0.2306,EL:-1256,ER:-1386,VEL:-495.8,MOT:1,TILT:25.0,TRIM:0.000,ATE:0,LATCH:0,TORQ:1,CR:0.0,FX1:1.00,FY1:-151.10,FX2:-6.00,FY2:-149.60,IK1:1,IK2:1,MOVE:0
[2026-09-10 22:26:45.640] [RX] AX12:MODE:0,TQ:1,TL:1023,CM:1,CS:4,MS:0,MT:800
[2026-09-10 22:26:45.733] [RX] PITCH:2.69,PID_OUT:-157.45,INT:-0.2306,EL:-1312,ER:-1335,VEL:-536.2,MOT:1,TILT:25.0,TRIM:0.000,ATE:0,LATCH:0,TORQ:1,CR:0.0,FX1:1.00,FY1:-151.10,FX2:-6.00,FY2:-149.60,IK1:1,IK2:1,MOVE:0
[2026-09-10 22:26:45.734] [RX] SRV:0,39,0.0,0,0
[2026-09-10 22:26:45.829] [RX] PITCH:2.64,PID_OUT:-100.58,INT:-0.2306,EL:-1374,ER:-1282,VEL:-573.7,MOT:1,TILT:25.0,TRIM:0.000,ATE:0,LATCH:0,TORQ:1,CR:0.0,FX1:1.00,FY1:-151.10,FX2:-6.00,FY2:-149.60,IK1:1,IK2:1,MOVE:0
[2026-09-10 22:26:45.930] [RX] PITCH:2.73,PID_OUT:-148.96,INT:-0.2306,EL:-1441,ER:-1224,VEL:-620.2,MOT:1,TILT:25.0,TRIM:0.000,ATE:0,LATCH:0,TORQ:1,CR:0.0,FX1:1.00,FY1:-151.10,FX2:-6.00,FY2:-149.60,IK1:1,IK2:1,MOVE:0
[2026-09-10 22:26:46.036] [RX] PITCH:2.96,PID_OUT:-164.00,INT:-0.2306,EL:-1512,ER:-1162,VEL:-663.0,MOT:1,TILT:25.0,TRIM:0.000,ATE:0,LATCH:0,TORQ:1,CR:0.0,FX1:1.00,FY1:-151.10,FX2:-6.00,FY2:-149.60,IK1:1,IK2:1,MOVE:0
[2026-09-10 22:26:46.141] [RX] PITCH:3.94,PID_OUT:-184.35,INT:-0.2306,EL:-1590,ER:-1095,VEL:-722.0,MOT:1,TILT:25.0,TRIM:0.000,ATE:0,LATCH:0,TORQ:1,CR:0.0,FX1:1.00,FY1:-151.10,FX2:-6.00,FY2:-149.60,IK1:1,IK2:1,MOVE:0
[2026-09-10 22:26:46.141] [RX] AX12:MODE:0,TQ:1,TL:1023,CM:1,CS:4,MS:0,MT:800
[2026-09-10 22:26:46.230] [RX] PITCH:4.48,PID_OUT:-200.62,INT:-0.2306,EL:-1678,ER:-1019,VEL:-807.8,MOT:1,TILT:25.0,TRIM:0.000,ATE:0,LATCH:0,TORQ:1,CR:0.0,FX1:1.00,FY1:-151.10,FX2:-6.00,FY2:-149.60,IK1:1,IK2:1,MOVE:0
[2026-09-10 22:26:46.327] [RX] PITCH:4.54,PID_OUT:-127.56,INT:-0.2306,EL:-1772,ER:-937,VEL:-872.0,MOT:1,TILT:25.0,TRIM:0.000,ATE:0,LATCH:0,TORQ:1,CR:0.0,FX1:1.00,FY1:-151.10,FX2:-6.00,FY2:-149.60,IK1:1,IK2:1,MOVE:0
[2026-09-10 22:26:46.427] [RX] PITCH:3.84,PID_OUT:89.10,INT:-0.2306,EL:-1865,ER:-853,VEL:-879.3,MOT:1,TILT:25.0,TRIM:0.000,ATE:0,LATCH:0,TORQ:1,CR:0.0,FX1:1.00,FY1:-151.10,FX2:-6.00,FY2:-149.60,IK1:1,IK2:1,MOVE:0
[2026-09-10 22:26:46.531] [RX] PITCH:4.97,PID_OUT:188.70,INT:-0.2306,EL:-1932,ER:-798,VEL:-618.0,MOT:1,TILT:25.0,TRIM:0.000,ATE:0,LATCH:0,TORQ:1,CR:0.0,FX1:1.00,FY1:-151.10,FX2:-6.00,FY2:-149.60,IK1:1,IK2:1,MOVE:0
[2026-09-10 22:26:46.634] [RX] PITCH:-2.56,PID_OUT:176.99,INT:-0.0238,EL:-1921,ER:-814,VEL:64.1,MOT:1,TILT:25.0,TRIM:0.000,ATE:0,LATCH:0,TORQ:1,CR:0.0,FX1:1.00,FY1:-151.10,FX2:-6.00,FY2:-149.60,IK1:1,IK2:1,MOVE:0
[2026-09-10 22:26:46.634] [RX] AX12:MODE:0,TQ:1,TL:1023,CM:1,CS:4,MS:0,MT:800
[2026-09-10 22:26:46.730] [RX] PITCH:-2.23,PID_OUT:167.77,INT:0.2306,EL:-1882,ER:-866,VEL:407.7,MOT:1,TILT:25.0,TRIM:0.000,ATE:0,LATCH:0,TORQ:1,CR:0.0,FX1:1.00,FY1:-151.10,FX2:-6.00,FY2:-149.60,IK1:1,IK2:1,MOVE:0
[2026-09-10 22:26:46.733] [RX] SRV:14,38,0.0,0,0
[2026-09-10 22:26:46.827] [RX] PITCH:-2.85,PID_OUT:47.96,INT:0.2306,EL:-1828,ER:-930,VEL:558.3,MOT:1,TILT:25.0,TRIM:0.000,ATE:0,LATCH:0,TORQ:1,CR:0.0,FX1:1.00,FY1:-151.10,FX2:-6.00,FY2:-149.60,IK1:1,IK2:1,MOVE:0
[2026-09-10 22:26:46.929] [RX] PITCH:-0.70,PID_OUT:-47.59,INT:0.2306,EL:-1792,ER:-988,VEL:454.9,MOT:1,TILT:25.0,TRIM:0.000,ATE:0,LATCH:0,TORQ:1,CR:0.0,FX1:1.00,FY1:-151.10,FX2:-6.00,FY2:-149.60,IK1:1,IK2:1,MOVE:0
[2026-09-10 22:26:47.025] [RX] PITCH:2.09,PID_OUT:-56.09,INT:0.2137,EL:-1767,ER:-1029,VEL:329.5,MOT:1,TILT:25.0,TRIM:0.000,ATE:0,LATCH:0,TORQ:1,CR:0.0,FX1:1.00,FY1:-151.10,FX2:-6.00,FY2:-149.60,IK1:1,IK2:1,MOVE:0
[2026-09-10 22:26:47.128] [RX] PITCH:2.46,PID_OUT:-81.24,INT:0.1415,EL:-1765,ER:-1051,VEL:141.9,MOT:1,TILT:25.0,TRIM:0.000,ATE:0,LATCH:0,TORQ:1,CR:0.0,FX1:1.00,FY1:-151.10,FX2:-6.00,FY2:-149.60,IK1:1,IK2:1,MOVE:0
[2026-09-10 22:26:47.137] [RX] AX12:MODE:0,TQ:1,TL:1023,CM:1,CS:4,MS:0,MT:800
[2026-09-10 22:26:47.225] [RX] PITCH:2.83,PID_OUT:-80.67,INT:0.0262,EL:-1770,ER:-1057,VEL:33.8,MOT:1,TILT:25.0,TRIM:0.000,ATE:0,LATCH:0,TORQ:1,CR:0.0,FX1:1.00,FY1:-151.10,FX2:-6.00,FY2:-149.60,IK1:1,IK2:1,MOVE:0
[2026-09-10 22:26:47.327] [RX] PITCH:3.02,PID_OUT:-111.77,INT:-0.1189,EL:-1791,ER:-1054,VEL:-94.1,MOT:1,TILT:25.0,TRIM:0.000,ATE:0,LATCH:0,TORQ:1,CR:0.0,FX1:1.00,FY1:-151.10,FX2:-6.00,FY2:-149.60,IK1:1,IK2:1,MOVE:0
[2026-09-10 22:26:47.428] [RX] PITCH:2.49,PID_OUT:-97.37,INT:-0.2306,EL:-1823,ER:-1044,VEL:-190.8,MOT:1,TILT:25.0,TRIM:0.000,ATE:0,LATCH:0,TORQ:1,CR:0.0,FX1:1.00,FY1:-151.10,FX2:-6.00,FY2:-149.60,IK1:1,IK2:1,MOVE:0
[2026-09-10 22:26:47.529] [RX] PITCH:1.98,PID_OUT:-79.48,INT:-0.2306,EL:-1857,ER:-1030,VEL:-228.3,MOT:1,TILT:25.0,TRIM:0.000,ATE:0,LATCH:0,TORQ:1,CR:0.0,FX1:1.00,FY1:-151.10,FX2:-6.00,FY2:-149.60,IK1:1,IK2:1,MOVE:0
[2026-09-10 22:26:47.639] [RX] PITCH:2.25,PID_OUT:-70.36,INT:-0.2306,EL:-1893,ER:-1016,VEL:-244.3,MOT:1,TILT:25.0,TRIM:0.000,ATE:0,LATCH:0,TORQ:1,CR:0.0,FX1:1.00,FY1:-151.10,FX2:-6.00,FY2:-149.60,IK1:1,IK2:1,MOVE:0
[2026-09-10 22:26:47.639] [RX] AX12:MODE:0,TQ:1,TL:1023,CM:1,CS:4,MS:0,MT:800
[2026-09-10 22:26:47.727] [RX] PITCH:2.03,PID_OUT:-40.39,INT:-0.2306,EL:-1928,ER:-1004,VEL:-241.4,MOT:1,TILT:25.0,TRIM:0.000,ATE:0,LATCH:0,TORQ:1,CR:0.0,FX1:1.00,FY1:-151.10,FX2:-6.00,FY2:-149.60,IK1:1,IK2:1,MOVE:0
[2026-09-10 22:26:47.730] [RX] SRV:1,40,0.0,0,0
[2026-09-10 22:26:47.826] [RX] PITCH:0.87,PID_OUT:-4.68,INT:-0.2020,EL:-1962,ER:-997,VEL:-206.5,MOT:1,TILT:25.0,TRIM:0.000,ATE:0,LATCH:0,TORQ:1,CR:0.0,FX1:1.00,FY1:-151.10,FX2:-6.00,FY2:-149.60,IK1:1,IK2:1,MOVE:0
[2026-09-10 22:26:47.927] [RX] PITCH:0.66,PID_OUT:-11.19,INT:-0.1190,EL:-1973,ER:-1003,VEL:-53.0,MOT:1,TILT:25.0,TRIM:0.000,ATE:0,LATCH:0,TORQ:1,CR:0.0,FX1:1.00,FY1:-151.10,FX2:-6.00,FY2:-149.60,IK1:1,IK2:1,MOVE:0
[2026-09-10 22:26:48.024] [RX] PITCH:1.03,PID_OUT:-23.06,INT:-0.0504,EL:-1975,ER:-1003,VEL:-15.8,MOT:1,TILT:25.0,TRIM:0.000,ATE:0,LATCH:0,TORQ:1,CR:0.0,FX1:1.00,FY1:-151.10,FX2:-6.00,FY2:-149.60,IK1:1,IK2:1,MOVE:0
[2026-09-10 22:26:48.127] [RX] PITCH:1.50,PID_OUT:-35.23,INT:-0.0328,EL:-1975,ER:-1003,VEL:-3.1,MOT:1,TILT:25.0,TRIM:0.000,ATE:0,LATCH:0,TORQ:1,CR:0.0,FX1:1.00,FY1:-151.10,FX2:-6.00,FY2:-149.60,IK1:1,IK2:1,MOVE:0
[2026-09-10 22:26:48.136] [RX] AX12:MODE:0,TQ:1,TL:1023,CM:1,CS:4,MS:0,MT:800
[2026-09-10 22:26:48.224] [RX] PITCH:1.85,PID_OUT:-59.82,INT:-0.0516,EL:-1975,ER:-1003,VEL:-0.6,MOT:1,TILT:25.0,TRIM:0.000,ATE:0,LATCH:0,TORQ:1,CR:0.0,FX1:1.00,FY1:-151.10,FX2:-6.00,FY2:-149.60,IK1:1,IK2:1,MOVE:0
[2026-09-10 22:26:48.324] [RX] PITCH:1.87,PID_OUT:-42.94,INT:-0.1007,EL:-1990,ER:-999,VEL:-91.8,MOT:1,TILT:25.0,TRIM:0.000,ATE:0,LATCH:0,TORQ:1,CR:0.0,FX1:1.00,FY1:-151.10,FX2:-6.00,FY2:-149.60,IK1:1,IK2:1,MOVE:0
[2026-09-10 22:26:48.424] [RX] PITCH:1.68,PID_OUT:-63.10,INT:-0.1223,EL:-2014,ER:-996,VEL:-120.1,MOT:1,TILT:25.0,TRIM:0.000,ATE:0,LATCH:0,TORQ:1,CR:0.0,FX1:1.00,FY1:-151.10,FX2:-6.00,FY2:-149.60,IK1:1,IK2:1,MOVE:0
[2026-09-10 22:26:48.527] [RX] PITCH:2.07,PID_OUT:-91.78,INT:-0.1614,EL:-2037,ER:-995,VEL:-125.7,MOT:1,TILT:25.0,TRIM:0.000,ATE:0,LATCH:0,TORQ:1,CR:0.0,FX1:1.00,FY1:-151.10,FX2:-6.00,FY2:-149.60,IK1:1,IK2:1,MOVE:0
[2026-09-10 22:26:48.634] [RX] PITCH:2.00,PID_OUT:-78.28,INT:-0.2200,EL:-2058,ER:-995,VEL:-108.7,MOT:1,TILT:25.0,TRIM:0.000,ATE:0,LATCH:0,TORQ:1,CR:0.0,FX1:1.00,FY1:-151.10,FX2:-6.00,FY2:-149.60,IK1:1,IK2:1,MOVE:0
[2026-09-10 22:26:48.634] [RX] AX12:MODE:0,TQ:1,TL:1023,CM:1,CS:4,MS:0,MT:800
[2026-09-10 22:26:48.730] [RX] PITCH:1.49,PID_OUT:-50.54,INT:-0.2305,EL:-2071,ER:-994,VEL:-78.5,MOT:1,TILT:25.0,TRIM:0.000,ATE:0,LATCH:0,TORQ:1,CR:0.0,FX1:1.00,FY1:-151.10,FX2:-6.00,FY2:-149.60,IK1:1,IK2:1,MOVE:0
[2026-09-10 22:26:48.730] [RX] SRV:6,38,0.0,0,0
[2026-09-10 22:26:48.821] [RX] PITCH:1.14,PID_OUT:-36.61,INT:-0.2071,EL:-2088,ER:-994,VEL:-94.1,MOT:1,TILT:25.0,TRIM:0.000,ATE:0,LATCH:0,TORQ:1,CR:0.0,FX1:1.00,FY1:-151.10,FX2:-6.00,FY2:-149.60,IK1:1,IK2:1,MOVE:0
[2026-09-10 22:26:48.924] [RX] PITCH:0.94,PID_OUT:-9.91,INT:-0.1619,EL:-2115,ER:-994,VEL:-125.6,MOT:1,TILT:25.0,TRIM:0.000,ATE:0,LATCH:0,TORQ:1,CR:0.0,FX1:1.00,FY1:-151.10,FX2:-6.00,FY2:-149.60,IK1:1,IK2:1,MOVE:0
[2026-09-10 22:26:49.022] [RX] PITCH:0.86,PID_OUT:1.86,INT:-0.0960,EL:-2119,ER:-994,VEL:-40.3,MOT:1,TILT:25.0,TRIM:0.000,ATE:0,LATCH:0,TORQ:1,CR:0.0,FX1:1.00,FY1:-151.10,FX2:-6.00,FY2:-149.60,IK1:1,IK2:1,MOVE:0
[2026-09-10 22:26:49.122] [RX] PITCH:0.89,PID_OUT:29.06,INT:-0.0376,EL:-2119,ER:-994,VEL:-7.9,MOT:1,TILT:25.0,TRIM:0.000,ATE:0,LATCH:0,TORQ:1,CR:0.0,FX1:1.00,FY1:-151.10,FX2:-6.00,FY2:-149.60,IK1:1,IK2:1,MOVE:0
[2026-09-10 22:26:49.133] [RX] AX12:MODE:0,TQ:1,TL:1023,CM:1,CS:4,MS:0,MT:800
[2026-09-10 22:26:49.224] [RX] PITCH:0.39,PID_OUT:93.91,INT:0.0467,EL:-2119,ER:-1007,VEL:64.0,MOT:1,TILT:25.0,TRIM:0.000,ATE:0,LATCH:0,TORQ:1,CR:0.0,FX1:1.00,FY1:-151.10,FX2:-6.00,FY2:-149.60,IK1:1,IK2:1,MOVE:0
[2026-09-10 22:26:49.322] [RX] PITCH:0.09,PID_OUT:114.37,INT:0.1760,EL:-2115,ER:-1026,VEL:102.6,MOT:1,TILT:25.0,TRIM:0.000,ATE:0,LATCH:0,TORQ:1,CR:0.0,FX1:1.00,FY1:-151.10,FX2:-6.00,FY2:-149.60,IK1:1,IK2:1,MOVE:0
[2026-09-10 22:26:49.423] [RX] PITCH:0.64,PID_OUT:72.69,INT:0.2306,EL:-2105,ER:-1052,VEL:176.0,MOT:1,TILT:25.0,TRIM:0.000,ATE:0,LATCH:0,TORQ:1,CR:0.0,FX1:1.00,FY1:-151.10,FX2:-6.00,FY2:-149.60,IK1:1,IK2:1,MOVE:0
[2026-09-10 22:26:49.522] [RX] PITCH:1.05,PID_OUT:74.43,INT:0.2306,EL:-2093,ER:-1078,VEL:191.0,MOT:1,TILT:25.0,TRIM:0.000,ATE:0,LATCH:0,TORQ:1,CR:0.0,FX1:1.00,FY1:-151.10,FX2:-6.00,FY2:-149.60,IK1:1,IK2:1,MOVE:0
[2026-09-10 22:26:49.629] [RX] PITCH:0.93,PID_OUT:82.34,INT:0.2306,EL:-2082,ER:-1104,VEL:189.1,MOT:1,TILT:25.0,TRIM:0.000,ATE:0,LATCH:0,TORQ:1,CR:0.0,FX1:1.00,FY1:-151.10,FX2:-6.00,FY2:-149.60,IK1:1,IK2:1,MOVE:0
[2026-09-10 22:26:49.632] [RX] AX12:MODE:0,TQ:1,TL:1023,CM:1,CS:4,MS:0,MT:800
[2026-09-10 22:26:49.727] [RX] PITCH:0.61,PID_OUT:92.73,INT:0.2306,EL:-2069,ER:-1132,VEL:199.3,MOT:1,TILT:25.0,TRIM:0.000,ATE:0,LATCH:0,TORQ:1,CR:0.0,FX1:1.00,FY1:-151.10,FX2:-6.00,FY2:-149.60,IK1:1,IK2:1,MOVE:0
[2026-09-10 22:26:49.727] [RX] SRV:0,39,0.0,0,0
[2026-09-10 22:26:49.824] [RX] PITCH:0.72,PID_OUT:58.01,INT:0.2306,EL:-2054,ER:-1161,VEL:212.9,MOT:1,TILT:25.0,TRIM:0.000,ATE:0,LATCH:0,TORQ:1,CR:0.0,FX1:1.00,FY1:-151.10,FX2:-6.00,FY2:-149.60,IK1:1,IK2:1,MOVE:0
[2026-09-10 22:26:49.925] [RX] PITCH:1.17,PID_OUT:48.93,INT:0.2306,EL:-2039,ER:-1194,VEL:224.8,MOT:1,TILT:25.0,TRIM:0.000,ATE:0,LATCH:0,TORQ:1,CR:0.0,FX1:1.00,FY1:-151.10,FX2:-6.00,FY2:-149.60,IK1:1,IK2:1,MOVE:0
[2026-09-10 22:26:50.024] [RX] PITCH:1.51,PID_OUT:42.65,INT:0.2305,EL:-2027,ER:-1225,VEL:210.6,MOT:1,TILT:25.0,TRIM:0.000,ATE:0,LATCH:0,TORQ:1,CR:0.0,FX1:1.00,FY1:-151.10,FX2:-6.00,FY2:-149.60,IK1:1,IK2:1,MOVE:0
[2026-09-10 22:26:50.121] [RX] PITCH:1.62,PID_OUT:50.20,INT:0.2252,EL:-2017,ER:-1253,VEL:191.8,MOT:1,TILT:25.0,TRIM:0.000,ATE:0,LATCH:0,TORQ:1,CR:0.0,FX1:1.00,FY1:-151.10,FX2:-6.00,FY2:-149.60,IK1:1,IK2:1,MOVE:0
[2026-09-10 22:26:50.134] [RX] AX12:MODE:0,TQ:1,TL:1023,CM:1,CS:4,MS:0,MT:800
[2026-09-10 22:26:50.223] [RX] PITCH:1.36,PID_OUT:67.51,INT:0.2288,EL:-2008,ER:-1280,VEL:173.4,MOT:1,TILT:25.0,TRIM:0.000,ATE:0,LATCH:0,TORQ:1,CR:0.0,FX1:1.00,FY1:-151.10,FX2:-6.00,FY2:-149.60,IK1:1,IK2:1,MOVE:0
[2026-09-10 22:26:50.321] [RX] PITCH:1.34,PID_OUT:68.58,INT:0.2306,EL:-1999,ER:-1307,VEL:179.8,MOT:1,TILT:25.0,TRIM:0.000,ATE:0,LATCH:0,TORQ:1,CR:0.0,FX1:1.00,FY1:-151.10,FX2:-6.00,FY2:-149.60,IK1:1,IK2:1,MOVE:0
[2026-09-10 22:26:50.422] [RX] PITCH:1.31,PID_OUT:67.45,INT:0.2306,EL:-1990,ER:-1334,VEL:179.2,MOT:1,TILT:25.0,TRIM:0.000,ATE:0,LATCH:0,TORQ:1,CR:0.0,FX1:1.00,FY1:-151.10,FX2:-6.00,FY2:-149.60,IK1:1,IK2:1,MOVE:0
[2026-09-10 22:26:50.518] [RX] PITCH:1.06,PID_OUT:75.04,INT:0.2306,EL:-1978,ER:-1358,VEL:181.3,MOT:1,TILT:25.0,TRIM:0.000,ATE:0,LATCH:0,TORQ:1,CR:0.0,FX1:1.00,FY1:-151.10,FX2:-6.00,FY2:-149.60,IK1:1,IK2:1,MOVE:0
[2026-09-10 22:26:50.629] [RX] PITCH:1.28,PID_OUT:63.33,INT:0.2306,EL:-1965,ER:-1387,VEL:204.0,MOT:1,TILT:25.0,TRIM:0.000,ATE:0,LATCH:0,TORQ:1,CR:0.0,FX1:1.00,FY1:-151.10,FX2:-6.00,FY2:-149.60,IK1:1,IK2:1,MOVE:0
[2026-09-10 22:26:50.633] [RX] AX12:MODE:0,TQ:1,TL:1023,CM:1,CS:4,MS:0,MT:800
[2026-09-10 22:26:50.724] [RX] PITCH:1.28,PID_OUT:67.32,INT:0.2306,EL:-1952,ER:-1412,VEL:197.2,MOT:1,TILT:25.0,TRIM:0.000,ATE:0,LATCH:0,TORQ:1,CR:0.0,FX1:1.00,FY1:-151.10,FX2:-6.00,FY2:-149.60,IK1:1,IK2:1,MOVE:0
[2026-09-10 22:26:50.724] [RX] SRV:14,38,0.0,0,0
[2026-09-10 22:26:50.820] [RX] PITCH:1.14,PID_OUT:75.41,INT:0.2306,EL:-1938,ER:-1434,VEL:185.2,MOT:1,TILT:25.0,TRIM:0.000,ATE:0,LATCH:0,TORQ:1,CR:0.0,FX1:1.00,FY1:-151.10,FX2:-6.00,FY2:-149.60,IK1:1,IK2:1,MOVE:0
[2026-09-10 22:26:50.921] [RX] PITCH:1.14,PID_OUT:77.68,INT:0.2306,EL:-1922,ER:-1459,VEL:203.6,MOT:1,TILT:25.0,TRIM:0.000,ATE:0,LATCH:0,TORQ:1,CR:0.0,FX1:1.00,FY1:-151.10,FX2:-6.00,FY2:-149.60,IK1:1,IK2:1,MOVE:0
[2026-09-10 22:26:51.021] [RX] PITCH:1.05,PID_OUT:96.05,INT:0.2306,EL:-1906,ER:-1482,VEL:197.4,MOT:1,TILT:25.0,TRIM:0.000,ATE:0,LATCH:0,TORQ:1,CR:0.0,FX1:1.00,FY1:-151.10,FX2:-6.00,FY2:-149.60,IK1:1,IK2:1,MOVE:0
[2026-09-10 22:26:51.123] [RX] PITCH:0.41,PID_OUT:100.94,INT:0.2306,EL:-1896,ER:-1505,VEL:160.0,MOT:1,TILT:25.0,TRIM:0.000,ATE:0,LATCH:0,TORQ:1,CR:0.0,FX1:1.00,FY1:-151.10,FX2:-6.00,FY2:-149.60,IK1:1,IK2:1,MOVE:0
[2026-09-10 22:26:51.131] [RX] AX12:MODE:0,TQ:1,TL:1023,CM:1,CS:4,MS:0,MT:800
[2026-09-10 22:26:51.218] [RX] PITCH:0.87,PID_OUT:64.04,INT:0.2306,EL:-1886,ER:-1528,VEL:171.2,MOT:1,TILT:25.0,TRIM:0.000,ATE:0,LATCH:0,TORQ:1,CR:0.0,FX1:1.00,FY1:-151.10,FX2:-6.00,FY2:-149.60,IK1:1,IK2:1,MOVE:0
[2026-09-10 22:26:51.320] [RX] PITCH:1.12,PID_OUT:70.68,INT:0.2306,EL:-1875,ER:-1554,VEL:182.5,MOT:1,TILT:25.0,TRIM:0.000,ATE:0,LATCH:0,TORQ:1,CR:0.0,FX1:1.00,FY1:-151.10,FX2:-6.00,FY2:-149.60,IK1:1,IK2:1,MOVE:0
[2026-09-10 22:26:51.421] [RX] PITCH:0.50,PID_OUT:72.54,INT:0.2306,EL:-1872,ER:-1575,VEL:117.1,MOT:1,TILT:25.0,TRIM:0.000,ATE:0,LATCH:0,TORQ:1,CR:0.0,FX1:1.00,FY1:-151.10,FX2:-6.00,FY2:-149.60,IK1:1,IK2:1,MOVE:0
[2026-09-10 22:26:51.518] [RX] PITCH:1.59,PID_OUT:33.07,INT:0.2298,EL:-1872,ER:-1590,VEL:81.0,MOT:1,TILT:25.0,TRIM:0.000,ATE:0,LATCH:0,TORQ:1,CR:0.0,FX1:1.00,FY1:-151.10,FX2:-6.00,FY2:-149.60,IK1:1,IK2:1,MOVE:0
[2026-09-10 22:26:51.620] [RX] PITCH:1.86,PID_OUT:41.61,INT:0.1984,EL:-1871,ER:-1610,VEL:105.9,MOT:1,TILT:25.0,TRIM:0.000,ATE:0,LATCH:0,TORQ:1,CR:0.0,FX1:1.00,FY1:-151.10,FX2:-6.00,FY2:-149.60,IK1:1,IK2:1,MOVE:0
[2026-09-10 22:26:51.634] [RX] AX12:MODE:0,TQ:1,TL:1023,CM:1,CS:4,MS:0,MT:800
[2026-09-10 22:26:51.720] [RX] PITCH:1.12,PID_OUT:82.22,INT:0.1930,EL:-1870,ER:-1628,VEL:94.5,MOT:1,TILT:25.0,TRIM:0.000,ATE:0,LATCH:0,TORQ:1,CR:0.0,FX1:1.00,FY1:-151.10,FX2:-6.00,FY2:-149.60,IK1:1,IK2:1,MOVE:0
[2026-09-10 22:26:51.721] [RX] SRV:1,40,0.0,0,0
[2026-09-10 22:26:51.818] [RX] PITCH:0.85,PID_OUT:67.23,INT:0.2306,EL:-1870,ER:-1636,VEL:46.8,MOT:1,TILT:25.0,TRIM:0.000,ATE:0,LATCH:0,TORQ:1,CR:0.0,FX1:1.00,FY1:-151.10,FX2:-6.00,FY2:-149.60,IK1:1,IK2:1,MOVE:0
[2026-09-10 22:26:51.917] [RX] PITCH:1.48,PID_OUT:46.42,INT:0.2306,EL:-1869,ER:-1651,VEL:72.1,MOT:1,TILT:25.0,TRIM:0.000,ATE:0,LATCH:0,TORQ:1,CR:0.0,FX1:1.00,FY1:-151.10,FX2:-6.00,FY2:-149.60,IK1:1,IK2:1,MOVE:0
[2026-09-10 22:26:52.019] [RX] PITCH:1.71,PID_OUT:32.77,INT:0.2172,EL:-1869,ER:-1657,VEL:24.6,MOT:1,TILT:25.0,TRIM:0.000,ATE:0,LATCH:0,TORQ:1,CR:0.0,FX1:1.00,FY1:-151.10,FX2:-6.00,FY2:-149.60,IK1:1,IK2:1,MOVE:0
[2026-09-10 22:26:52.122] [RX] PITCH:2.01,PID_OUT:1.58,INT:0.1811,EL:-1869,ER:-1657,VEL:4.8,MOT:1,TILT:25.0,TRIM:0.000,ATE:0,LATCH:0,TORQ:1,CR:0.0,FX1:1.00,FY1:-151.10,FX2:-6.00,FY2:-149.60,IK1:1,IK2:1,MOVE:0
[2026-09-10 22:26:52.130] [RX] AX12:MODE:0,TQ:1,TL:1023,CM:1,CS:4,MS:0,MT:800
[2026-09-10 22:26:52.219] [RX] PITCH:2.46,PID_OUT:-54.48,INT:0.1077,EL:-1938,ER:-1657,VEL:-335.9,MOT:1,TILT:25.0,TRIM:0.000,ATE:0,LATCH:0,TORQ:1,CR:0.0,FX1:1.00,FY1:-151.10,FX2:-6.00,FY2:-149.60,IK1:1,IK2:1,MOVE:0
[2026-09-10 22:26:52.320] [RX] PITCH:3.13,PID_OUT:-102.32,INT:-0.0261,EL:-1967,ER:-1653,VEL:-144.8,MOT:1,TILT:25.0,TRIM:0.000,ATE:0,LATCH:0,TORQ:1,CR:0.0,FX1:1.00,FY1:-151.10,FX2:-6.00,FY2:-149.60,IK1:1,IK2:1,MOVE:0
[2026-09-10 22:26:52.416] [RX] PITCH:2.56,PID_OUT:-78.73,INT:-0.1740,EL:-1992,ER:-1643,VEL:-178.6,MOT:1,TILT:25.0,TRIM:0.000,ATE:0,LATCH:0,TORQ:1,CR:0.0,FX1:1.00,FY1:-151.10,FX2:-6.00,FY2:-149.60,IK1:1,IK2:1,MOVE:0
[2026-09-10 22:26:52.516] [RX] PITCH:1.74,PID_OUT:-60.64,INT:-0.2306,EL:-2018,ER:-1629,VEL:-195.1,MOT:1,TILT:25.0,TRIM:0.000,ATE:0,LATCH:0,TORQ:1,CR:0.0,FX1:1.00,FY1:-151.10,FX2:-6.00,FY2:-149.60,IK1:1,IK2:1,MOVE:0
[2026-09-10 22:26:52.620] [RX] PITCH:1.40,PID_OUT:-63.61,INT:-0.2293,EL:-2046,ER:-1617,VEL:-187.3,MOT:1,TILT:25.0,TRIM:0.000,ATE:0,LATCH:0,TORQ:1,CR:0.0,FX1:1.00,FY1:-151.10,FX2:-6.00,FY2:-149.60,IK1:1,IK2:1,MOVE:0
[2026-09-10 22:26:52.630] [RX] AX12:MODE:0,TQ:1,TL:1023,CM:1,CS:4,MS:0,MT:800
[2026-09-10 22:26:52.721] [RX] PITCH:1.52,PID_OUT:-70.84,INT:-0.2276,EL:-2075,ER:-1604,VEL:-201.6,MOT:1,TILT:25.0,TRIM:0.000,ATE:0,LATCH:0,TORQ:1,CR:0.0,FX1:1.00,FY1:-151.10,FX2:-6.00,FY2:-149.60,IK1:1,IK2:1,MOVE:0
[2026-09-10 22:26:52.722] [RX] SRV:6,38,0.0,0,0
[2026-09-10 22:26:52.819] [RX] PITCH:1.47,PID_OUT:-63.16,INT:-0.2273,EL:-2102,ER:-1590,VEL:-191.7,MOT:1,TILT:25.0,TRIM:0.000,ATE:0,LATCH:0,TORQ:1,CR:0.0,FX1:1.00,FY1:-151.10,FX2:-6.00,FY2:-149.60,IK1:1,IK2:1,MOVE:0
[2026-09-10 22:26:52.917] [RX] PITCH:1.44,PID_OUT:-62.97,INT:-0.2250,EL:-2136,ER:-1575,VEL:-229.7,MOT:1,TILT:25.0,TRIM:0.000,ATE:0,LATCH:0,TORQ:1,CR:0.0,FX1:1.00,FY1:-151.10,FX2:-6.00,FY2:-149.60,IK1:1,IK2:1,MOVE:0
[2026-09-10 22:26:53.018] [RX] PITCH:1.61,PID_OUT:-70.47,INT:-0.2306,EL:-2165,ER:-1562,VEL:-217.9,MOT:1,TILT:25.0,TRIM:0.000,ATE:0,LATCH:0,TORQ:1,CR:0.0,FX1:1.00,FY1:-151.10,FX2:-6.00,FY2:-149.60,IK1:1,IK2:1,MOVE:0
[2026-09-10 22:26:53.122] [RX] PITCH:1.35,PID_OUT:-52.53,INT:-0.2258,EL:-2193,ER:-1547,VEL:-221.2,MOT:1,TILT:25.0,TRIM:0.000,ATE:0,LATCH:0,TORQ:1,CR:0.0,FX1:1.00,FY1:-151.10,FX2:-6.00,FY2:-149.60,IK1:1,IK2:1,MOVE:0
[2026-09-10 22:26:53.129] [RX] AX12:MODE:0,TQ:1,TL:1023,CM:1,CS:4,MS:0,MT:800
[2026-09-10 22:26:53.217] [RX] PITCH:1.27,PID_OUT:-56.32,INT:-0.2020,EL:-2226,ER:-1533,VEL:-236.3,MOT:1,TILT:25.0,TRIM:0.000,ATE:0,LATCH:0,TORQ:1,CR:0.0,FX1:1.00,FY1:-151.10,FX2:-6.00,FY2:-149.60,IK1:1,IK2:1,MOVE:0
[2026-09-10 22:26:53.317] [RX] PITCH:1.69,PID_OUT:-76.27,INT:-0.2031,EL:-2255,ER:-1520,VEL:-227.1,MOT:1,TILT:25.0,TRIM:0.000,ATE:0,LATCH:0,TORQ:1,CR:0.0,FX1:1.00,FY1:-151.10,FX2:-6.00,FY2:-149.60,IK1:1,IK2:1,MOVE:0
[2026-09-10 22:26:53.415] [RX] PITCH:1.45,PID_OUT:-46.96,INT:-0.2170,EL:-2282,ER:-1508,VEL:-195.7,MOT:1,TILT:25.0,TRIM:0.000,ATE:0,LATCH:0,TORQ:1,CR:0.0,FX1:1.00,FY1:-151.10,FX2:-6.00,FY2:-149.60,IK1:1,IK2:1,MOVE:0
[2026-09-10 22:26:53.519] [RX] PITCH:1.11,PID_OUT:-42.49,INT:-0.1879,EL:-2313,ER:-1494,VEL:-222.1,MOT:1,TILT:25.0,TRIM:0.000,ATE:0,LATCH:0,TORQ:1,CR:0.0,FX1:1.00,FY1:-151.10,FX2:-6.00,FY2:-149.60,IK1:1,IK2:1,MOVE:0
[2026-09-10 22:26:53.622] [RX] PITCH:1.38,PID_OUT:-56.13,INT:-0.1650,EL:-2340,ER:-1483,VEL:-207.0,MOT:1,TILT:25.0,TRIM:0.000,ATE:0,LATCH:0,TORQ:1,CR:0.0,FX1:1.00,FY1:-151.10,FX2:-6.00,FY2:-149.60,IK1:1,IK2:1,MOVE:0
[2026-09-10 22:26:53.629] [RX] AX12:MODE:0,TQ:1,TL:1023,CM:1,CS:4,MS:0,MT:800
[2026-09-10 22:26:53.720] [RX] PITCH:1.72,PID_OUT:-67.54,INT:-0.1705,EL:-2360,ER:-1472,VEL:-171.1,MOT:1,TILT:25.0,TRIM:0.000,ATE:0,LATCH:0,TORQ:1,CR:0.0,FX1:1.00,FY1:-151.10,FX2:-6.00,FY2:-149.60,IK1:1,IK2:1,MOVE:0
[2026-09-10 22:26:53.721] [RX] SRV:0,39,0.0,0,0
[2026-09-10 22:26:53.816] [RX] PITCH:1.55,PID_OUT:-57.19,INT:-0.1830,EL:-2380,ER:-1462,VEL:-139.4,MOT:1,TILT:25.0,TRIM:0.000,ATE:0,LATCH:0,TORQ:1,CR:0.0,FX1:1.00,FY1:-151.10,FX2:-6.00,FY2:-149.60,IK1:1,IK2:1,MOVE:0
[2026-09-10 22:26:53.916] [RX] PITCH:1.52,PID_OUT:-54.21,INT:-0.1835,EL:-2428,ER:-1452,VEL:-302.2,MOT:1,TILT:25.0,TRIM:0.000,ATE:0,LATCH:0,TORQ:1,CR:0.0,FX1:1.00,FY1:-151.10,FX2:-6.00,FY2:-149.60,IK1:1,IK2:1,MOVE:0
[2026-09-10 22:26:54.015] [RX] PITCH:1.38,PID_OUT:-39.29,INT:-0.1795,EL:-2428,ER:-1442,VEL:-99.6,MOT:1,TILT:25.0,TRIM:0.000,ATE:0,LATCH:0,TORQ:1,CR:0.0,FX1:1.00,FY1:-151.10,FX2:-6.00,FY2:-149.60,IK1:1,IK2:1,MOVE:0
[2026-09-10 22:26:54.120] [RX] PITCH:1.15,PID_OUT:-23.35,INT:-0.1567,EL:-2428,ER:-1434,VEL:-51.9,MOT:1,TILT:25.0,TRIM:0.000,ATE:0,LATCH:0,TORQ:1,CR:0.0,FX1:1.00,FY1:-151.10,FX2:-6.00,FY2:-149.60,IK1:1,IK2:1,MOVE:0
[2026-09-10 22:26:54.130] [RX] AX12:MODE:0,TQ:1,TL:1023,CM:1,CS:4,MS:0,MT:800
[2026-09-10 22:26:54.215] [RX] PITCH:0.99,PID_OUT:-9.59,INT:-0.1107,EL:-2428,ER:-1431,VEL:-19.0,MOT:1,TILT:25.0,TRIM:0.000,ATE:0,LATCH:0,TORQ:1,CR:0.0,FX1:1.00,FY1:-151.10,FX2:-6.00,FY2:-149.60,IK1:1,IK2:1,MOVE:0
[2026-09-10 22:26:54.315] [RX] PITCH:0.92,PID_OUT:27.18,INT:-0.0607,EL:-2428,ER:-1431,VEL:-3.7,MOT:1,TILT:25.0,TRIM:0.000,ATE:0,LATCH:0,TORQ:1,CR:0.0,FX1:1.00,FY1:-151.10,FX2:-6.00,FY2:-149.60,IK1:1,IK2:1,MOVE:0
[2026-09-10 22:26:54.413] [RX] PITCH:0.12,PID_OUT:88.93,INT:0.0313,EL:-2427,ER:-1444,VEL:77.7,MOT:1,TILT:25.0,TRIM:0.000,ATE:0,LATCH:0,TORQ:1,CR:0.0,FX1:1.00,FY1:-151.10,FX2:-6.00,FY2:-149.60,IK1:1,IK2:1,MOVE:0
[2026-09-10 22:26:54.515] [RX] PITCH:-0.04,PID_OUT:110.35,INT:0.1766,EL:-2420,ER:-1464,VEL:128.7,MOT:1,TILT:25.0,TRIM:0.000,ATE:0,LATCH:0,TORQ:1,CR:0.0,FX1:1.00,FY1:-151.10,FX2:-6.00,FY2:-149.60,IK1:1,IK2:1,MOVE:0
[2026-09-10 22:26:54.614] [RX] PITCH:0.56,PID_OUT:75.58,INT:0.2306,EL:-2407,ER:-1492,VEL:196.7,MOT:1,TILT:25.0,TRIM:0.000,ATE:0,LATCH:0,TORQ:1,CR:0.0,FX1:1.00,FY1:-151.10,FX2:-6.00,FY2:-149.60,IK1:1,IK2:1,MOVE:0
[2026-09-10 22:26:54.623] [RX] AX12:MODE:0,TQ:1,TL:1023,CM:1,CS:4,MS:0,MT:800
[2026-09-10 22:26:54.718] [RX] PITCH:1.16,PID_OUT:89.01,INT:0.2306,EL:-2392,ER:-1520,VEL:207.9,MOT:1,TILT:25.0,TRIM:0.000,ATE:0,LATCH:0,TORQ:1,CR:0.0,FX1:1.00,FY1:-151.10,FX2:-6.00,FY2:-149.60,IK1:1,IK2:1,MOVE:0
[2026-09-10 22:26:54.718] [RX] SRV:14,38,0.0,0,0
[2026-09-10 22:26:54.814] [RX] PITCH:0.80,PID_OUT:112.18,INT:0.2306,EL:-2376,ER:-1550,VEL:233.7,MOT:1,TILT:25.0,TRIM:0.000,ATE:0,LATCH:0,TORQ:1,CR:0.0,FX1:1.00,FY1:-151.10,FX2:-6.00,FY2:-149.60,IK1:1,IK2:1,MOVE:0
[2026-09-10 22:26:54.915] [RX] PITCH:0.32,PID_OUT:111.51,INT:0.2306,EL:-2354,ER:-1586,VEL:284.2,MOT:1,TILT:25.0,TRIM:0.000,ATE:0,LATCH:0,TORQ:1,CR:0.0,FX1:1.00,FY1:-151.10,FX2:-6.00,FY2:-149.60,IK1:1,IK2:1,MOVE:0
[2026-09-10 22:26:55.014] [RX] PITCH:0.54,PID_OUT:102.55,INT:0.2306,EL:-2326,ER:-1626,VEL:333.1,MOT:1,TILT:25.0,TRIM:0.000,ATE:0,LATCH:0,TORQ:1,CR:0.0,FX1:1.00,FY1:-151.10,FX2:-6.00,FY2:-149.60,IK1:1,IK2:1,MOVE:0
[2026-09-10 22:26:55.123] [RX] PITCH:0.30,PID_OUT:122.20,INT:0.2306,EL:-2294,ER:-1669,VEL:367.0,MOT:1,TILT:25.0,TRIM:0.000,ATE:0,LATCH:0,TORQ:1,CR:0.0,FX1:1.00,FY1:-151.10,FX2:-6.00,FY2:-149.60,IK1:1,IK2:1,MOVE:0
[2026-09-10 22:26:55.123] [RX] AX12:MODE:0,TQ:1,TL:1023,CM:1,CS:4,MS:0,MT:800
[2026-09-10 22:26:55.218] [RX] PITCH:0.31,PID_OUT:105.67,INT:0.2306,EL:-2259,ER:-1707,VEL:371.7,MOT:1,TILT:25.0,TRIM:0.000,ATE:0,LATCH:0,TORQ:1,CR:0.0,FX1:1.00,FY1:-151.10,FX2:-6.00,FY2:-149.60,IK1:1,IK2:1,MOVE:0
[2026-09-10 22:26:55.313] [RX] PITCH:0.35,PID_OUT:133.54,INT:0.2306,EL:-2220,ER:-1746,VEL:390.6,MOT:1,TILT:25.0,TRIM:0.000,ATE:0,LATCH:0,TORQ:1,CR:0.0,FX1:1.00,FY1:-151.10,FX2:-6.00,FY2:-149.60,IK1:1,IK2:1,MOVE:0
[2026-09-10 22:26:55.412] [RX] PITCH:0.04,PID_OUT:141.91,INT:0.2306,EL:-2178,ER:-1789,VEL:417.8,MOT:1,TILT:25.0,TRIM:0.000,ATE:0,LATCH:0,TORQ:1,CR:0.0,FX1:1.00,FY1:-151.10,FX2:-6.00,FY2:-149.60,IK1:1,IK2:1,MOVE:0
[2026-09-10 22:26:55.511] [RX] PITCH:0.29,PID_OUT:111.68,INT:0.2306,EL:-2132,ER:-1838,VEL:465.7,MOT:1,TILT:25.0,TRIM:0.000,ATE:0,LATCH:0,TORQ:1,CR:0.0,FX1:1.00,FY1:-151.10,FX2:-6.00,FY2:-149.60,IK1:1,IK2:1,MOVE:0
[2026-09-10 22:26:55.612] [RX] PITCH:-0.10,PID_OUT:131.02,INT:0.2306,EL:-2081,ER:-1889,VEL:504.9,MOT:1,TILT:25.0,TRIM:0.000,ATE:0,LATCH:0,TORQ:1,CR:0.0,FX1:1.00,FY1:-151.10,FX2:-6.00,FY2:-149.60,IK1:1,IK2:1,MOVE:0
[2026-09-10 22:26:55.621] [RX] AX12:MODE:0,TQ:1,TL:1023,CM:1,CS:4,MS:0,MT:800
[2026-09-10 22:26:55.716] [RX] PITCH:0.14,PID_OUT:118.97,INT:0.2306,EL:-2026,ER:-1946,VEL:552.5,MOT:1,TILT:25.0,TRIM:0.000,ATE:0,LATCH:0,TORQ:1,CR:0.0,FX1:1.00,FY1:-151.10,FX2:-6.00,FY2:-149.60,IK1:1,IK2:1,MOVE:0
[2026-09-10 22:26:55.716] [RX] SRV:1,40,0.0,0,0
[2026-09-10 22:26:55.813] [RX] PITCH:0.21,PID_OUT:149.70,INT:0.2306,EL:-1970,ER:-2005,VEL:570.6,MOT:1,TILT:25.0,TRIM:0.000,ATE:0,LATCH:0,TORQ:1,CR:0.0,FX1:1.00,FY1:-151.10,FX2:-6.00,FY2:-149.60,IK1:1,IK2:1,MOVE:0
[2026-09-10 22:26:55.908] [RX] PITCH:-0.05,PID_OUT:150.31,INT:0.2306,EL:-1911,ER:-2067,VEL:600.0,MOT:1,TILT:25.0,TRIM:0.000,ATE:0,LATCH:0,TORQ:1,CR:0.0,FX1:1.00,FY1:-151.10,FX2:-6.00,FY2:-149.60,IK1:1,IK2:1,MOVE:0
[2026-09-10 22:26:56.013] [RX] PITCH:-0.24,PID_OUT:140.13,INT:0.2306,EL:-1847,ER:-2133,VEL:642.6,MOT:1,TILT:25.0,TRIM:0.000,ATE:0,LATCH:0,TORQ:1,CR:0.0,FX1:1.00,FY1:-151.10,FX2:-6.00,FY2:-149.60,IK1:1,IK2:1,MOVE:0
[2026-09-10 22:26:56.112] [RX] PITCH:1.44,PID_OUT:-476.50,INT:0.2306,EL:-1788,ER:-2191,VEL:529.1,MOT:1,TILT:25.0,TRIM:0.000,ATE:0,LATCH:0,TORQ:1,CR:0.0,FX1:1.00,FY1:-151.10,FX2:-6.00,FY2:-149.60,IK1:1,IK2:1,MOVE:0
[2026-09-10 22:26:56.121] [RX] AX12:MODE:0,TQ:1,TL:1023,CM:1,CS:4,MS:0,MT:800
[2026-09-10 22:26:56.212] [RX] PITCH:7.64,PID_OUT:-293.79,INT:-0.2306,EL:-1842,ER:-2147,VEL:-372.6,MOT:1,TILT:25.0,TRIM:0.000,ATE:0,LATCH:0,TORQ:1,CR:0.0,FX1:1.00,FY1:-151.10,FX2:-6.00,FY2:-149.60,IK1:1,IK2:1,MOVE:0
[2026-09-10 22:26:56.313] [RX] PITCH:0.92,PID_OUT:160.81,INT:-0.2249,EL:-1923,ER:-2072,VEL:-655.2,MOT:1,TILT:25.0,TRIM:0.000,ATE:0,LATCH:0,TORQ:1,CR:0.0,FX1:1.00,FY1:-151.10,FX2:-6.00,FY2:-149.60,IK1:1,IK2:1,MOVE:0
[2026-09-10 22:26:56.411] [RX] PITCH:3.01,PID_OUT:-93.03,INT:-0.1346,EL:-1954,ER:-2030,VEL:-435.8,MOT:1,TILT:25.0,TRIM:0.000,ATE:0,LATCH:0,TORQ:1,CR:0.0,FX1:1.00,FY1:-151.10,FX2:-6.00,FY2:-149.60,IK1:1,IK2:1,MOVE:0
[2026-09-10 22:26:56.512] [RX] PITCH:3.27,PID_OUT:-147.46,INT:-0.2306,EL:-2002,ER:-1977,VEL:-504.9,MOT:1,TILT:25.0,TRIM:0.000,ATE:0,LATCH:0,TORQ:1,CR:0.0,FX1:1.00,FY1:-151.10,FX2:-6.00,FY2:-149.60,IK1:1,IK2:1,MOVE:0
[2026-09-10 22:26:56.614] [RX] PITCH:2.79,PID_OUT:-121.48,INT:-0.2306,EL:-2062,ER:-1919,VEL:-577.6,MOT:1,TILT:25.0,TRIM:0.000,ATE:0,LATCH:0,TORQ:1,CR:0.0,FX1:1.00,FY1:-151.10,FX2:-6.00,FY2:-149.60,IK1:1,IK2:1,MOVE:0
[2026-09-10 22:26:56.620] [RX] AX12:MODE:0,TQ:1,TL:1023,CM:1,CS:4,MS:0,MT:800
[2026-09-10 22:26:56.720] [RX] PITCH:2.89,PID_OUT:-158.06,INT:-0.2306,EL:-2125,ER:-1861,VEL:-601.2,MOT:1,TILT:25.0,TRIM:0.000,ATE:0,LATCH:0,TORQ:1,CR:0.0,FX1:1.00,FY1:-151.10,FX2:-6.00,FY2:-149.60,IK1:1,IK2:1,MOVE:0
[2026-09-10 22:26:56.720] [RX] SRV:6,38,0.0,0,0
[2026-09-10 22:26:56.815] [RX] PITCH:5.82,PID_OUT:-308.92,INT:-0.2306,EL:-2187,ER:-1794,VEL:-636.7,MOT:1,TILT:25.0,TRIM:0.000,ATE:0,LATCH:0,TORQ:1,CR:0.0,FX1:1.00,FY1:-151.10,FX2:-6.00,FY2:-149.60,IK1:1,IK2:1,MOVE:0
[2026-09-10 22:26:56.908] [RX] PITCH:4.03,PID_OUT:-125.71,INT:-0.2306,EL:-2260,ER:-1695,VEL:-823.6,MOT:1,TILT:25.0,TRIM:0.000,ATE:0,LATCH:0,TORQ:1,CR:0.0,FX1:1.00,FY1:-151.10,FX2:-6.00,FY2:-149.60,IK1:1,IK2:1,MOVE:0
[2026-09-10 22:26:57.016] [RX] PITCH:5.68,PID_OUT:-490.77,INT:-0.2306,EL:-2296,ER:-1605,VEL:-629.0,MOT:1,TILT:25.0,TRIM:0.000,ATE:0,LATCH:0,TORQ:1,CR:0.0,FX1:1.00,FY1:-151.10,FX2:-6.00,FY2:-149.60,IK1:1,IK2:1,MOVE:0
[2026-09-10 22:26:57.111] [RX] PITCH:12.78,PID_OUT:-683.49,INT:-0.2306,EL:-2356,ER:-1564,VEL:-556.3,MOT:1,TILT:25.0,TRIM:0.000,ATE:0,LATCH:0,TORQ:1,CR:0.0,FX1:1.00,FY1:-151.10,FX2:-6.00,FY2:-149.60,IK1:1,IK2:1,MOVE:0
[2026-09-10 22:26:57.123] [RX] AX12:MODE:0,TQ:1,TL:1023,CM:1,CS:4,MS:0,MT:800
[2026-09-10 22:26:57.211] [RX] PITCH:12.51,PID_OUT:-510.53,INT:-0.2306,EL:-2441,ER:-1522,VEL:-636.5,MOT:1,TILT:25.0,TRIM:0.000,ATE:0,LATCH:0,TORQ:1,CR:0.0,FX1:1.00,FY1:-151.10,FX2:-6.00,FY2:-149.60,IK1:1,IK2:1,MOVE:0
[2026-09-10 22:26:57.311] [RX] PITCH:8.01,PID_OUT:-39.02,INT:-0.2306,EL:-2534,ER:-1485,VEL:-628.2,MOT:1,TILT:25.0,TRIM:0.000,ATE:0,LATCH:0,TORQ:1,CR:0.0,FX1:1.00,FY1:-151.10,FX2:-6.00,FY2:-149.60,IK1:1,IK2:1,MOVE:0
[2026-09-10 22:26:57.406] [RX] PITCH:-1.87,PID_OUT:325.87,INT:-0.1509,EL:-2534,ER:-1488,VEL:-6.8,MOT:1,TILT:25.0,TRIM:0.000,ATE:0,LATCH:0,TORQ:1,CR:0.0,FX1:1.00,FY1:-151.10,FX2:-6.00,FY2:-149.60,IK1:1,IK2:1,MOVE:0
[2026-09-10 22:26:57.511] [RX] PITCH:-4.58,PID_OUT:335.46,INT:0.2306,EL:-2426,ER:-1554,VEL:747.8,MOT:1,TILT:25.0,TRIM:0.000,ATE:0,LATCH:0,TORQ:1,CR:0.0,FX1:1.00,FY1:-151.10,FX2:-6.00,FY2:-149.60,IK1:1,IK2:1,MOVE:0
[2026-09-10 22:26:57.619] [RX] PITCH:-1.34,PID_OUT:57.06,INT:0.2306,EL:-2325,ER:-1658,VEL:948.8,MOT:1,TILT:25.0,TRIM:0.000,ATE:0,LATCH:0,TORQ:1,CR:0.0,FX1:1.00,FY1:-151.10,FX2:-6.00,FY2:-149.60,IK1:1,IK2:1,MOVE:0
[2026-09-10 22:26:57.619] [RX] AX12:MODE:0,TQ:1,TL:1023,CM:1,CS:4,MS:0,MT:800
[2026-09-10 22:26:57.712] [RX] PITCH:-0.49,PID_OUT:235.95,INT:0.2306,EL:-2250,ER:-1752,VEL:858.8,MOT:1,TILT:25.0,TRIM:0.000,ATE:0,LATCH:0,TORQ:1,CR:0.0,FX1:1.00,FY1:-151.10,FX2:-6.00,FY2:-149.60,IK1:1,IK2:1,MOVE:0
[2026-09-10 22:26:57.712] [RX] SRV:0,39,5.5,0,0
[2026-09-10 22:26:57.807] [RX] PITCH:-2.14,PID_OUT:245.08,INT:0.2306,EL:-2163,ER:-1849,VEL:926.5,MOT:1,TILT:25.0,TRIM:0.000,ATE:0,LATCH:0,TORQ:1,CR:0.0,FX1:1.00,FY1:-151.10,FX2:-6.00,FY2:-149.60,IK1:1,IK2:1,MOVE:0
[2026-09-10 22:26:57.908] [RX] PITCH:-3.65,PID_OUT:100.56,INT:0.2306,EL:-2063,ER:-1961,VEL:1036.0,MOT:1,TILT:25.0,TRIM:0.000,ATE:0,LATCH:0,TORQ:1,CR:0.0,FX1:1.00,FY1:-151.10,FX2:-6.00,FY2:-149.60,IK1:1,IK2:1,MOVE:0
[2026-09-10 22:26:58.008] [RX] PITCH:-1.99,PID_OUT:-196.47,INT:0.2306,EL:-1972,ER:-2070,VEL:977.2,MOT:1,TILT:25.0,TRIM:0.000,ATE:0,LATCH:0,TORQ:1,CR:0.0,FX1:1.00,FY1:-151.10,FX2:-6.00,FY2:-149.60,IK1:1,IK2:1,MOVE:0
[2026-09-10 22:26:58.113] [RX] PITCH:1.83,PID_OUT:-227.68,INT:0.2273,EL:-1949,ER:-2115,VEL:385.5,MOT:1,TILT:25.0,TRIM:0.000,ATE:0,LATCH:0,TORQ:1,CR:0.0,FX1:1.00,FY1:-151.10,FX2:-6.00,FY2:-149.60,IK1:1,IK2:1,MOVE:0
[2026-09-10 22:26:58.120] [RX] AX12:MODE:0,TQ:1,TL:1023,CM:1,CS:4,MS:0,MT:800
[2026-09-10 22:26:58.209] [RX] PITCH:6.45,PID_OUT:-280.61,INT:-0.0781,EL:-2021,ER:-2088,VEL:-386.5,MOT:1,TILT:25.0,TRIM:0.000,ATE:0,LATCH:0,TORQ:1,CR:0.0,FX1:1.00,FY1:-151.10,FX2:-6.00,FY2:-149.60,IK1:1,IK2:1,MOVE:0
[2026-09-10 22:26:58.309] [RX] PITCH:4.64,PID_OUT:-108.14,INT:-0.2306,EL:-2125,ER:-2017,VEL:-772.9,MOT:1,TILT:25.0,TRIM:0.000,ATE:0,LATCH:0,TORQ:1,CR:0.0,FX1:1.00,FY1:-151.10,FX2:-6.00,FY2:-149.60,IK1:1,IK2:1,MOVE:0
[2026-09-10 22:26:58.409] [RX] PITCH:3.86,PID_OUT:-97.03,INT:-0.2306,EL:-2186,ER:-1942,VEL:-700.7,MOT:1,TILT:25.0,TRIM:0.000,ATE:0,LATCH:0,TORQ:1,CR:0.0,FX1:1.00,FY1:-151.10,FX2:-6.00,FY2:-149.60,IK1:1,IK2:1,MOVE:0
[2026-09-10 22:26:58.508] [RX] PITCH:4.02,PID_OUT:-285.57,INT:-0.2306,EL:-2236,ER:-1871,VEL:-631.8,MOT:1,TILT:25.0,TRIM:0.000,ATE:0,LATCH:0,TORQ:1,CR:0.0,FX1:1.00,FY1:-151.10,FX2:-6.00,FY2:-149.60,IK1:1,IK2:1,MOVE:0
[2026-09-10 22:26:58.616] [RX] PITCH:5.22,PID_OUT:-185.05,INT:-0.2306,EL:-2311,ER:-1789,VEL:-764.6,MOT:1,TILT:25.0,TRIM:0.000,ATE:0,LATCH:0,TORQ:1,CR:0.0,FX1:1.00,FY1:-151.10,FX2:-6.00,FY2:-149.60,IK1:1,IK2:1,MOVE:0
[2026-09-10 22:26:58.619] [RX] AX12:MODE:0,TQ:1,TL:1023,CM:1,CS:4,MS:0,MT:800
[2026-09-10 22:26:58.709] [RX] PITCH:3.96,PID_OUT:-208.82,INT:-0.2306,EL:-2391,ER:-1708,VEL:-789.9,MOT:1,TILT:25.0,TRIM:0.000,ATE:0,LATCH:0,TORQ:1,CR:0.0,FX1:1.00,FY1:-151.10,FX2:-6.00,FY2:-149.60,IK1:1,IK2:1,MOVE:0
[2026-09-10 22:26:58.714] [RX] SRV:14,38,0.0,0,0
[2026-09-10 22:26:58.807] [RX] PITCH:2.06,PID_OUT:-125.87,INT:-0.2306,EL:-2477,ER:-1627,VEL:-816.6,MOT:1,TILT:25.0,TRIM:0.000,ATE:0,LATCH:0,TORQ:1,CR:0.0,FX1:1.00,FY1:-151.10,FX2:-6.00,FY2:-149.60,IK1:1,IK2:1,MOVE:0
[2026-09-10 22:26:58.908] [RX] PITCH:6.21,PID_OUT:431.78,INT:-0.2306,EL:-2561,ER:-1552,VEL:-796.1,MOT:1,TILT:25.0,TRIM:0.000,ATE:0,LATCH:0,TORQ:1,CR:0.0,FX1:1.00,FY1:-151.10,FX2:-6.00,FY2:-149.60,IK1:1,IK2:1,MOVE:0
[2026-09-10 22:26:59.006] [RX] PITCH:-5.27,PID_OUT:311.62,INT:0.1667,EL:-2554,ER:-1580,VEL:110.9,MOT:1,TILT:25.0,TRIM:0.000,ATE:0,LATCH:0,TORQ:1,CR:0.0,FX1:1.00,FY1:-151.10,FX2:-6.00,FY2:-149.60,IK1:1,IK2:1,MOVE:0
[2026-09-10 22:26:59.112] [RX] PITCH:-0.12,PID_OUT:-23.35,INT:0.2306,EL:-2489,ER:-1644,VEL:537.8,MOT:1,TILT:25.0,TRIM:0.000,ATE:0,LATCH:0,TORQ:1,CR:0.0,FX1:1.00,FY1:-151.10,FX2:-6.00,FY2:-149.60,IK1:1,IK2:1,MOVE:0
[2026-09-10 22:26:59.119] [RX] AX12:MODE:0,TQ:1,TL:1023,CM:1,CS:4,MS:0,MT:800
[2026-09-10 22:26:59.206] [RX] PITCH:0.95,PID_OUT:66.93,INT:0.2306,EL:-2435,ER:-1700,VEL:549.0,MOT:1,TILT:25.0,TRIM:0.000,ATE:0,LATCH:0,TORQ:1,CR:0.0,FX1:1.00,FY1:-151.10,FX2:-6.00,FY2:-149.60,IK1:1,IK2:1,MOVE:0
[2026-09-10 22:26:59.307] [RX] PITCH:0.84,PID_OUT:131.60,INT:0.2306,EL:-2383,ER:-1754,VEL:529.1,MOT:1,TILT:25.0,TRIM:0.000,ATE:0,LATCH:0,TORQ:1,CR:0.0,FX1:1.00,FY1:-151.10,FX2:-6.00,FY2:-149.60,IK1:1,IK2:1,MOVE:0
[2026-09-10 22:26:59.408] [RX] PITCH:-1.74,PID_OUT:197.18,INT:0.2306,EL:-2336,ER:-1812,VEL:526.5,MOT:1,TILT:25.0,TRIM:0.000,ATE:0,LATCH:0,TORQ:1,CR:0.0,FX1:1.00,FY1:-151.10,FX2:-6.00,FY2:-149.60,IK1:1,IK2:1,MOVE:0
[2026-09-10 22:26:59.509] [RX] PITCH:2.20,PID_OUT:-21.59,INT:0.2218,EL:-2288,ER:-1888,VEL:584.7,MOT:1,TILT:25.0,TRIM:0.000,ATE:0,LATCH:0,TORQ:1,CR:0.0,FX1:1.00,FY1:-151.10,FX2:-6.00,FY2:-149.60,IK1:1,IK2:1,MOVE:0
[2026-09-10 22:26:59.614] [RX] PITCH:1.82,PID_OUT:95.44,INT:0.1759,EL:-2254,ER:-1953,VEL:508.5,MOT:1,TILT:25.0,TRIM:0.000,ATE:0,LATCH:0,TORQ:1,CR:0.0,FX1:1.00,FY1:-151.10,FX2:-6.00,FY2:-149.60,IK1:1,IK2:1,MOVE:0
[2026-09-10 22:26:59.614] [RX] AX12:MODE:0,TQ:1,TL:1023,CM:1,CS:4,MS:0,MT:800
[2026-09-10 22:26:59.711] [RX] PITCH:-0.18,PID_OUT:163.66,INT:0.2306,EL:-2223,ER:-2018,VEL:488.3,MOT:1,TILT:25.0,TRIM:0.000,ATE:0,LATCH:0,TORQ:1,CR:0.0,FX1:1.00,FY1:-151.10,FX2:-6.00,FY2:-149.60,IK1:1,IK2:1,MOVE:0
[2026-09-10 22:26:59.713] [RX] SRV:1,40,0.0,0,0
[2026-09-10 22:26:59.807] [RX] PITCH:1.37,PID_OUT:-55.78,INT:0.2306,EL:-2184,ER:-2090,VEL:545.7,MOT:1,TILT:25.0,TRIM:0.000,ATE:0,LATCH:0,TORQ:1,CR:0.0,FX1:1.00,FY1:-151.10,FX2:-6.00,FY2:-149.60,IK1:1,IK2:1,MOVE:0
[2026-09-10 22:26:59.911] [RX] PITCH:-0.79,PID_OUT:3.49,INT:0.2306,EL:-2168,ER:-2162,VEL:461.5,MOT:1,TILT:25.0,TRIM:0.000,ATE:0,LATCH:0,TORQ:1,CR:0.0,FX1:1.00,FY1:-151.10,FX2:-6.00,FY2:-149.60,IK1:1,IK2:1,MOVE:0
[2026-09-10 22:27:00.005] [RX] PITCH:2.54,PID_OUT:-82.92,INT:0.2078,EL:-2169,ER:-2236,VEL:367.4,MOT:1,TILT:25.0,TRIM:0.000,ATE:0,LATCH:0,TORQ:1,CR:0.0,FX1:1.00,FY1:-151.10,FX2:-6.00,FY2:-149.60,IK1:1,IK2:1,MOVE:0
[2026-09-10 22:27:00.108] [RX] PITCH:3.56,PID_OUT:-86.32,INT:-0.0178,EL:-2182,ER:-2277,VEL:160.5,MOT:1,TILT:25.0,TRIM:0.000,ATE:0,LATCH:0,TORQ:1,CR:0.0,FX1:1.00,FY1:-151.10,FX2:-6.00,FY2:-149.60,IK1:1,IK2:1,MOVE:0
[2026-09-10 22:27:00.120] [RX] AX12:MODE:0,TQ:1,TL:1023,CM:1,CS:4,MS:0,MT:800
[2026-09-10 22:27:00.205] [RX] PITCH:2.34,PID_OUT:-53.92,INT:-0.1684,EL:-2197,ER:-2296,VEL:42.8,MOT:1,TILT:25.0,TRIM:0.000,ATE:0,LATCH:0,TORQ:1,CR:0.0,FX1:1.00,FY1:-151.10,FX2:-6.00,FY2:-149.60,IK1:1,IK2:1,MOVE:0
[2026-09-10 22:27:00.306] [RX] PITCH:2.00,PID_OUT:-62.14,INT:-0.2210,EL:-2208,ER:-2301,VEL:-19.3,MOT:1,TILT:25.0,TRIM:0.000,ATE:0,LATCH:0,TORQ:1,CR:0.0,FX1:1.00,FY1:-151.10,FX2:-6.00,FY2:-149.60,IK1:1,IK2:1,MOVE:0
[2026-09-10 22:27:00.406] [RX] PITCH:2.03,PID_OUT:-118.77,INT:-0.2306,EL:-2224,ER:-2302,VEL:-68.0,MOT:1,TILT:25.0,TRIM:0.000,ATE:0,LATCH:0,TORQ:1,CR:0.0,FX1:1.00,FY1:-151.10,FX2:-6.00,FY2:-149.60,IK1:1,IK2:1,MOVE:0
[2026-09-10 22:27:00.508] [RX] PITCH:2.48,PID_OUT:-95.91,INT:-0.2306,EL:-2236,ER:-2301,VEL:-73.6,MOT:1,TILT:25.0,TRIM:0.000,ATE:0,LATCH:0,TORQ:1,CR:0.0,FX1:1.00,FY1:-151.10,FX2:-6.00,FY2:-149.60,IK1:1,IK2:1,MOVE:0
[2026-09-10 22:27:00.617] [RX] PITCH:2.38,PID_OUT:-94.84,INT:-0.2306,EL:-2254,ER:-2295,VEL:-114.2,MOT:1,TILT:25.0,TRIM:0.000,ATE:0,LATCH:0,TORQ:1,CR:0.0,FX1:1.00,FY1:-151.10,FX2:-6.00,FY2:-149.60,IK1:1,IK2:1,MOVE:0
[2026-09-10 22:27:00.617] [RX] AX12:MODE:0,TQ:1,TL:1023,CM:1,CS:4,MS:0,MT:800
[2026-09-10 22:27:00.706] [RX] PITCH:1.77,PID_OUT:-72.81,INT:-0.2306,EL:-2280,ER:-2283,VEL:-186.0,MOT:1,TILT:25.0,TRIM:0.000,ATE:0,LATCH:0,TORQ:1,CR:0.0,FX1:1.00,FY1:-151.10,FX2:-6.00,FY2:-149.60,IK1:1,IK2:1,MOVE:0
[2026-09-10 22:27:00.710] [RX] SRV:6,38,0.0,0,0
[2026-09-10 22:27:00.806] [RX] PITCH:2.01,PID_OUT:-91.16,INT:-0.2306,EL:-2309,ER:-2268,VEL:-214.8,MOT:1,TILT:25.0,TRIM:0.000,ATE:0,LATCH:0,TORQ:1,CR:0.0,FX1:1.00,FY1:-151.10,FX2:-6.00,FY2:-149.60,IK1:1,IK2:1,MOVE:0
[2026-09-10 22:27:00.904] [RX] PITCH:1.90,PID_OUT:-88.95,INT:-0.2306,EL:-2338,ER:-2251,VEL:-232.9,MOT:1,TILT:25.0,TRIM:0.000,ATE:0,LATCH:0,TORQ:1,CR:0.0,FX1:1.00,FY1:-151.10,FX2:-6.00,FY2:-149.60,IK1:1,IK2:1,MOVE:0
[2026-09-10 22:27:01.006] [RX] PITCH:2.28,PID_OUT:-108.84,INT:-0.2306,EL:-2368,ER:-2233,VEL:-242.2,MOT:1,TILT:25.0,TRIM:0.000,ATE:0,LATCH:0,TORQ:1,CR:0.0,FX1:1.00,FY1:-151.10,FX2:-6.00,FY2:-149.60,IK1:1,IK2:1,MOVE:0
[2026-09-10 22:27:01.117] [RX] PITCH:2.14,PID_OUT:-94.14,INT:-0.2306,EL:-2401,ER:-2210,VEL:-276.0,MOT:1,TILT:25.0,TRIM:0.000,ATE:0,LATCH:0,TORQ:1,CR:0.0,FX1:1.00,FY1:-151.10,FX2:-6.00,FY2:-149.60,IK1:1,IK2:1,MOVE:0
[2026-09-10 22:27:01.117] [RX] AX12:MODE:0,TQ:1,TL:1023,CM:1,CS:4,MS:0,MT:800
[2026-09-10 22:27:01.205] [RX] PITCH:2.00,PID_OUT:-92.30,INT:-0.2306,EL:-2435,ER:-2185,VEL:-293.5,MOT:1,TILT:25.0,TRIM:0.000,ATE:0,LATCH:0,TORQ:1,CR:0.0,FX1:1.00,FY1:-151.10,FX2:-6.00,FY2:-149.60,IK1:1,IK2:1,MOVE:0
[2026-09-10 22:27:01.307] [RX] PITCH:2.22,PID_OUT:-114.42,INT:-0.2306,EL:-2472,ER:-2160,VEL:-308.7,MOT:1,TILT:25.0,TRIM:0.000,ATE:0,LATCH:0,TORQ:1,CR:0.0,FX1:1.00,FY1:-151.10,FX2:-6.00,FY2:-149.60,IK1:1,IK2:1,MOVE:0
[2026-09-10 22:27:01.404] [RX] PITCH:2.05,PID_OUT:-90.93,INT:-0.2306,EL:-2513,ER:-2134,VEL:-333.6,MOT:1,TILT:25.0,TRIM:0.000,ATE:0,LATCH:0,TORQ:1,CR:0.0,FX1:1.00,FY1:-151.10,FX2:-6.00,FY2:-149.60,IK1:1,IK2:1,MOVE:0
[2026-09-10 22:27:01.505] [RX] PITCH:2.25,PID_OUT:-111.01,INT:-0.2306,EL:-2556,ER:-2107,VEL:-352.1,MOT:1,TILT:25.0,TRIM:0.000,ATE:0,LATCH:0,TORQ:1,CR:0.0,FX1:1.00,FY1:-151.10,FX2:-6.00,FY2:-149.60,IK1:1,IK2:1,MOVE:0
[2026-09-10 22:27:01.606] [RX] PITCH:2.26,PID_OUT:-103.06,INT:-0.2306,EL:-2600,ER:-2077,VEL:-369.0,MOT:1,TILT:25.0,TRIM:0.000,ATE:0,LATCH:0,TORQ:1,CR:0.0,FX1:1.00,FY1:-151.10,FX2:-6.00,FY2:-149.60,IK1:1,IK2:1,MOVE:0
[2026-09-10 22:27:01.615] [RX] AX12:MODE:0,TQ:1,TL:1023,CM:1,CS:4,MS:0,MT:800
[2026-09-10 22:27:01.704] [RX] PITCH:2.10,PID_OUT:-92.88,INT:-0.2306,EL:-2645,ER:-2045,VEL:-383.5,MOT:1,TILT:25.0,TRIM:0.000,ATE:0,LATCH:0,TORQ:1,CR:0.0,FX1:1.00,FY1:-151.10,FX2:-6.00,FY2:-149.60,IK1:1,IK2:1,MOVE:0
[2026-09-10 22:27:01.707] [RX] SRV:0,39,0.0,0,0
[2026-09-10 22:27:01.803] [RX] PITCH:1.82,PID_OUT:-77.55,INT:-0.2306,EL:-2692,ER:-2012,VEL:-397.3,MOT:1,TILT:25.0,TRIM:0.000,ATE:0,LATCH:0,TORQ:1,CR:0.0,FX1:1.00,FY1:-151.10,FX2:-6.00,FY2:-149.60,IK1:1,IK2:1,MOVE:0
[2026-09-10 22:27:01.905] [RX] PITCH:1.82,PID_OUT:-103.70,INT:-0.2306,EL:-2738,ER:-1982,VEL:-382.4,MOT:1,TILT:25.0,TRIM:0.000,ATE:0,LATCH:0,TORQ:1,CR:0.0,FX1:1.00,FY1:-151.10,FX2:-6.00,FY2:-149.60,IK1:1,IK2:1,MOVE:0
[2026-09-10 22:27:02.003] [RX] PITCH:2.20,PID_OUT:-92.48,INT:-0.2306,EL:-2787,ER:-1950,VEL:-401.9,MOT:1,TILT:25.0,TRIM:0.000,ATE:0,LATCH:0,TORQ:1,CR:0.0,FX1:1.00,FY1:-151.10,FX2:-6.00,FY2:-149.60,IK1:1,IK2:1,MOVE:0
[2026-09-10 22:27:02.105] [RX] PITCH:1.79,PID_OUT:-104.52,INT:-0.2306,EL:-2837,ER:-1915,VEL:-420.7,MOT:1,TILT:25.0,TRIM:0.000,ATE:0,LATCH:0,TORQ:1,CR:0.0,FX1:1.00,FY1:-151.10,FX2:-6.00,FY2:-149.60,IK1:1,IK2:1,MOVE:0
[2026-09-10 22:27:02.114] [RX] AX12:MODE:0,TQ:1,TL:1023,CM:1,CS:4,MS:0,MT:800
[2026-09-10 22:27:02.203] [RX] PITCH:1.74,PID_OUT:-99.33,INT:-0.2306,EL:-2887,ER:-1881,VEL:-420.7,MOT:1,TILT:25.0,TRIM:0.000,ATE:0,LATCH:0,TORQ:1,CR:0.0,FX1:1.00,FY1:-151.10,FX2:-6.00,FY2:-149.60,IK1:1,IK2:1,MOVE:0
[2026-09-10 22:27:02.305] [RX] PITCH:2.04,PID_OUT:-81.88,INT:-0.2306,EL:-2936,ER:-1844,VEL:-427.4,MOT:1,TILT:25.0,TRIM:0.000,ATE:0,LATCH:0,TORQ:1,CR:0.0,FX1:1.00,FY1:-151.10,FX2:-6.00,FY2:-149.60,IK1:1,IK2:1,MOVE:0
[2026-09-10 22:27:02.411] [RX] PITCH:2.39,PID_OUT:-121.13,INT:-0.2306,EL:-2986,ER:-1805,VEL:-441.6,MOT:1,TILT:25.0,TRIM:0.000,ATE:0,LATCH:0,TORQ:1,CR:0.0,FX1:1.00,FY1:-151.10,FX2:-6.00,FY2:-149.60,IK1:1,IK2:1,MOVE:0
[2026-09-10 22:27:02.502] [RX] PITCH:2.09,PID_OUT:-95.94,INT:-0.2306,EL:-3038,ER:-1762,VEL:-468.1,MOT:1,TILT:25.0,TRIM:0.000,ATE:0,LATCH:0,TORQ:1,CR:0.0,FX1:1.00,FY1:-151.10,FX2:-6.00,FY2:-149.60,IK1:1,IK2:1,MOVE:0
[2026-09-10 22:27:02.602] [RX] PITCH:1.68,PID_OUT:-75.93,INT:-0.2306,EL:-3090,ER:-1718,VEL:-478.0,MOT:1,TILT:25.0,TRIM:0.000,ATE:0,LATCH:0,TORQ:1,CR:0.0,FX1:1.00,FY1:-151.10,FX2:-6.00,FY2:-149.60,IK1:1,IK2:1,MOVE:0
[2026-09-10 22:27:02.617] [RX] AX12:MODE:0,TQ:1,TL:1023,CM:1,CS:4,MS:0,MT:800
[2026-09-10 22:27:02.703] [RX] PITCH:2.00,PID_OUT:-97.43,INT:-0.2306,EL:-3143,ER:-1675,VEL:-483.2,MOT:1,TILT:25.0,TRIM:0.000,ATE:0,LATCH:0,TORQ:1,CR:0.0,FX1:1.00,FY1:-151.10,FX2:-6.00,FY2:-149.60,IK1:1,IK2:1,MOVE:0
[2026-09-10 22:27:02.705] [RX] SRV:14,38,0.0,0,0
[2026-09-10 22:27:02.802] [RX] PITCH:5.23,PID_OUT:-70.24,INT:-0.2306,EL:-3196,ER:-1631,VEL:-488.4,MOT:1,TILT:25.0,TRIM:0.000,ATE:0,LATCH:0,TORQ:1,CR:0.0,FX1:1.00,FY1:-151.10,FX2:-6.00,FY2:-149.60,IK1:1,IK2:1,MOVE:0
[2026-09-10 22:27:02.903] [RX] PITCH:0.64,PID_OUT:310.21,INT:-0.2207,EL:-3235,ER:-1601,VEL:-305.1,MOT:1,TILT:25.0,TRIM:0.000,ATE:0,LATCH:0,TORQ:1,CR:0.0,FX1:1.00,FY1:-151.10,FX2:-6.00,FY2:-149.60,IK1:1,IK2:1,MOVE:0
[2026-09-10 22:27:02.998] [RX] PITCH:-1.41,PID_OUT:152.79,INT:0.0791,EL:-3193,ER:-1628,VEL:231.5,MOT:1,TILT:25.0,TRIM:0.000,ATE:0,LATCH:0,TORQ:1,CR:0.0,FX1:1.00,FY1:-151.10,FX2:-6.00,FY2:-149.60,IK1:1,IK2:1,MOVE:0
[2026-09-10 22:27:03.111] [RX] PITCH:-0.76,PID_OUT:151.44,INT:0.2306,EL:-3143,ER:-1665,VEL:409.6,MOT:1,TILT:25.0,TRIM:0.000,ATE:0,LATCH:0,TORQ:1,CR:0.0,FX1:1.00,FY1:-151.10,FX2:-6.00,FY2:-149.60,IK1:1,IK2:1,MOVE:0
[2026-09-10 22:27:03.114] [RX] AX12:MODE:0,TQ:1,TL:1023,CM:1,CS:4,MS:0,MT:800
[2026-09-10 22:27:03.201] [RX] PITCH:-0.36,PID_OUT:128.51,INT:0.2306,EL:-3088,ER:-1714,VEL:507.5,MOT:1,TILT:25.0,TRIM:0.000,ATE:0,LATCH:0,TORQ:1,CR:0.0,FX1:1.00,FY1:-151.10,FX2:-6.00,FY2:-149.60,IK1:1,IK2:1,MOVE:0
[2026-09-10 22:27:03.301] [RX] PITCH:-0.74,PID_OUT:188.99,INT:0.2306,EL:-3029,ER:-1769,VEL:558.2,MOT:1,TILT:25.0,TRIM:0.000,ATE:0,LATCH:0,TORQ:1,CR:0.0,FX1:1.00,FY1:-151.10,FX2:-6.00,FY2:-149.60,IK1:1,IK2:1,MOVE:0
[2026-09-10 22:27:03.399] [RX] PITCH:-0.96,PID_OUT:211.37,INT:0.2306,EL:-2963,ER:-1828,VEL:617.4,MOT:1,TILT:25.0,TRIM:0.000,ATE:0,LATCH:0,TORQ:1,CR:0.0,FX1:1.00,FY1:-151.10,FX2:-6.00,FY2:-149.60,IK1:1,IK2:1,MOVE:0
[2026-09-10 22:27:03.501] [RX] PITCH:-1.23,PID_OUT:213.12,INT:0.2306,EL:-2888,ER:-1903,VEL:732.4,MOT:1,TILT:25.0,TRIM:0.000,ATE:0,LATCH:0,TORQ:1,CR:0.0,FX1:1.00,FY1:-151.10,FX2:-6.00,FY2:-149.60,IK1:1,IK2:1,MOVE:0
[2026-09-10 22:27:03.603] [RX] PITCH:-1.76,PID_OUT:197.76,INT:0.2306,EL:-2796,ER:-1995,VEL:900.4,MOT:1,TILT:25.0,TRIM:0.000,ATE:0,LATCH:0,TORQ:1,CR:0.0,FX1:1.00,FY1:-151.10,FX2:-6.00,FY2:-149.60,IK1:1,IK2:1,MOVE:0
[2026-09-10 22:27:03.611] [RX] AX12:MODE:0,TQ:1,TL:1023,CM:1,CS:4,MS:0,MT:800
[2026-09-10 22:27:03.702] [RX] PITCH:-1.84,PID_OUT:195.60,INT:0.2306,EL:-2697,ER:-2094,VEL:984.6,MOT:1,TILT:25.0,TRIM:0.000,ATE:0,LATCH:0,TORQ:1,CR:0.0,FX1:1.00,FY1:-151.10,FX2:-6.00,FY2:-149.60,IK1:1,IK2:1,MOVE:0
[2026-09-10 22:27:03.704] [RX] SRV:1,40,0.0,0,0
[2026-09-10 22:27:03.799] [RX] PITCH:-1.85,PID_OUT:232.46,INT:0.2306,EL:-2589,ER:-2205,VEL:1080.1,MOT:1,TILT:25.0,TRIM:0.000,ATE:0,LATCH:0,TORQ:1,CR:0.0,FX1:1.00,FY1:-151.10,FX2:-6.00,FY2:-149.60,IK1:1,IK2:1,MOVE:0
[2026-09-10 22:27:03.900] [RX] PITCH:-1.36,PID_OUT:278.15,INT:0.2306,EL:-2471,ER:-2325,VEL:1171.0,MOT:1,TILT:25.0,TRIM:0.000,ATE:0,LATCH:0,TORQ:1,CR:0.0,FX1:1.00,FY1:-151.10,FX2:-6.00,FY2:-149.60,IK1:1,IK2:1,MOVE:0
[2026-09-10 22:27:04.001] [RX] PITCH:-5.22,PID_OUT:137.50,INT:0.2306,EL:-2350,ER:-2445,VEL:1178.8,MOT:1,TILT:25.0,TRIM:0.000,ATE:0,LATCH:0,TORQ:1,CR:0.0,FX1:1.00,FY1:-151.10,FX2:-6.00,FY2:-149.60,IK1:1,IK2:1,MOVE:0
[2026-09-10 22:27:04.102] [RX] PITCH:-3.54,PID_OUT:-88.52,INT:0.2306,EL:-2232,ER:-2542,VEL:1088.5,MOT:1,TILT:25.0,TRIM:0.000,ATE:0,LATCH:0,TORQ:1,CR:0.0,FX1:1.00,FY1:-151.10,FX2:-6.00,FY2:-149.60,IK1:1,IK2:1,MOVE:0
[2026-09-10 22:27:04.110] [RX] AX12:MODE:0,TQ:1,TL:1023,CM:1,CS:4,MS:0,MT:800
[2026-09-10 22:27:04.198] [RX] PITCH:3.72,PID_OUT:-227.30,INT:0.1829,EL:-2176,ER:-2578,VEL:456.1,MOT:1,TILT:25.0,TRIM:0.000,ATE:0,LATCH:0,TORQ:1,CR:0.0,FX1:1.00,FY1:-151.10,FX2:-6.00,FY2:-149.60,IK1:1,IK2:1,MOVE:0
[2026-09-10 22:27:04.299] [RX] PITCH:1.42,PID_OUT:143.63,INT:-0.0204,EL:-2197,ER:-2544,VEL:-99.2,MOT:1,TILT:25.0,TRIM:0.000,ATE:0,LATCH:0,TORQ:1,CR:0.0,FX1:1.00,FY1:-151.10,FX2:-6.00,FY2:-149.60,IK1:1,IK2:1,MOVE:0
[2026-09-10 22:27:04.400] [RX] PITCH:-0.55,PID_OUT:115.16,INT:0.1472,EL:-2185,ER:-2548,VEL:64.3,MOT:1,TILT:25.0,TRIM:0.000,ATE:0,LATCH:0,TORQ:1,CR:0.0,FX1:1.00,FY1:-151.10,FX2:-6.00,FY2:-149.60,IK1:1,IK2:1,MOVE:0
[2026-09-10 22:27:04.499] [RX] PITCH:-0.14,PID_OUT:118.74,INT:0.2306,EL:-2165,ER:-2569,VEL:188.4,MOT:1,TILT:25.0,TRIM:0.000,ATE:0,LATCH:0,TORQ:1,CR:0.0,FX1:1.00,FY1:-151.10,FX2:-6.00,FY2:-149.60,IK1:1,IK2:1,MOVE:0
[2026-09-10 22:27:04.608] [RX] PITCH:-1.11,PID_OUT:51.93,INT:0.2306,EL:-2148,ER:-2599,VEL:223.5,MOT:1,TILT:25.0,TRIM:0.000,ATE:0,LATCH:0,TORQ:1,CR:0.0,FX1:1.00,FY1:-151.10,FX2:-6.00,FY2:-149.60,IK1:1,IK2:1,MOVE:0
[2026-09-10 22:27:04.610] [RX] AX12:MODE:0,TQ:1,TL:1023,CM:1,CS:4,MS:0,MT:800
[2026-09-10 22:27:04.703] [RX] PITCH:2.16,PID_OUT:-112.79,INT:0.2208,EL:-2150,ER:-2621,VEL:112.2,MOT:1,TILT:25.0,TRIM:0.000,ATE:0,LATCH:0,TORQ:1,CR:0.0,FX1:1.00,FY1:-151.10,FX2:-6.00,FY2:-149.60,IK1:1,IK2:1,MOVE:0
[2026-09-10 22:27:04.703] [RX] SRV:6,39,0.0,0,0
[2026-09-10 22:27:04.797] [RX] PITCH:3.25,PID_OUT:-65.84,INT:0.0376,EL:-2159,ER:-2624,VEL:-14.8,MOT:1,TILT:25.0,TRIM:0.000,ATE:0,LATCH:0,TORQ:1,CR:0.0,FX1:1.00,FY1:-151.10,FX2:-6.00,FY2:-149.60,IK1:1,IK2:1,MOVE:0
[2026-09-10 22:27:04.898] [RX] PITCH:2.62,PID_OUT:-79.70,INT:-0.1008,EL:-2174,ER:-2621,VEL:-81.0,MOT:1,TILT:25.0,TRIM:0.000,ATE:0,LATCH:0,TORQ:1,CR:0.0,FX1:1.00,FY1:-151.10,FX2:-6.00,FY2:-149.60,IK1:1,IK2:1,MOVE:0
[2026-09-10 22:27:04.999] [RX] PITCH:2.00,PID_OUT:-65.00,INT:-0.1806,EL:-2190,ER:-2616,VEL:-103.6,MOT:1,TILT:25.0,TRIM:0.000,ATE:0,LATCH:0,TORQ:1,CR:0.0,FX1:1.00,FY1:-151.10,FX2:-6.00,FY2:-149.60,IK1:1,IK2:1,MOVE:0
[2026-09-10 22:27:05.105] [RX] PITCH:1.60,PID_OUT:-57.79,INT:-0.2032,EL:-2206,ER:-2611,VEL:-103.1,MOT:1,TILT:25.0,TRIM:0.000,ATE:0,LATCH:0,TORQ:1,CR:0.0,FX1:1.00,FY1:-151.10,FX2:-6.00,FY2:-149.60,IK1:1,IK2:1,MOVE:0
[2026-09-10 22:27:05.111] [RX] AX12:MODE:0,TQ:1,TL:1023,CM:1,CS:4,MS:0,MT:800
[2026-09-10 22:27:05.197] [RX] PITCH:1.45,PID_OUT:-55.01,INT:-0.2067,EL:-2227,ER:-2607,VEL:-117.6,MOT:1,TILT:25.0,TRIM:0.000,ATE:0,LATCH:0,TORQ:1,CR:0.0,FX1:1.00,FY1:-151.10,FX2:-6.00,FY2:-149.60,IK1:1,IK2:1,MOVE:0
[2026-09-10 22:27:05.299] [RX] PITCH:1.35,PID_OUT:-48.59,INT:-0.1968,EL:-2250,ER:-2602,VEL:-140.2,MOT:1,TILT:25.0,TRIM:0.000,ATE:0,LATCH:0,TORQ:1,CR:0.0,FX1:1.00,FY1:-151.10,FX2:-6.00,FY2:-149.60,IK1:1,IK2:1,MOVE:0
[2026-09-10 22:27:05.397] [RX] PITCH:1.34,PID_OUT:-47.79,INT:-0.1816,EL:-2277,ER:-2598,VEL:-139.4,MOT:1,TILT:25.0,TRIM:0.000,ATE:0,LATCH:0,TORQ:1,CR:0.0,FX1:1.00,FY1:-151.10,FX2:-6.00,FY2:-149.60,IK1:1,IK2:1,MOVE:0
[2026-09-10 22:27:05.498] [RX] PITCH:1.45,PID_OUT:-50.67,INT:-0.1676,EL:-2305,ER:-2595,VEL:-151.2,MOT:1,TILT:25.0,TRIM:0.000,ATE:0,LATCH:0,TORQ:1,CR:0.0,FX1:1.00,FY1:-151.10,FX2:-6.00,FY2:-149.60,IK1:1,IK2:1,MOVE:0
[2026-09-10 22:27:05.598] [RX] PITCH:1.44,PID_OUT:-56.10,INT:-0.1585,EL:-2330,ER:-2592,VEL:-142.8,MOT:1,TILT:25.0,TRIM:0.000,ATE:0,LATCH:0,TORQ:1,CR:0.0,FX1:1.00,FY1:-151.10,FX2:-6.00,FY2:-149.60,IK1:1,IK2:1,MOVE:0
[2026-09-10 22:27:05.606] [RX] AX12:MODE:0,TQ:1,TL:1023,CM:1,CS:4,MS:0,MT:800
[2026-09-10 22:27:05.701] [RX] PITCH:1.48,PID_OUT:-49.80,INT:-0.1544,EL:-2355,ER:-2589,VEL:-147.6,MOT:1,TILT:25.0,TRIM:0.000,ATE:0,LATCH:0,TORQ:1,CR:0.0,FX1:1.00,FY1:-151.10,FX2:-6.00,FY2:-149.60,IK1:1,IK2:1,MOVE:0
[2026-09-10 22:27:05.702] [RX] SRV:0,39,0.0,0,0
[2026-09-10 22:27:05.799] [RX] PITCH:1.49,PID_OUT:-52.83,INT:-0.1527,EL:-2383,ER:-2587,VEL:-148.4,MOT:1,TILT:25.0,TRIM:0.000,ATE:0,LATCH:0,TORQ:1,CR:0.0,FX1:1.00,FY1:-151.10,FX2:-6.00,FY2:-149.60,IK1:1,IK2:1,MOVE:0
[2026-09-10 22:27:05.895] [RX] PITCH:1.44,PID_OUT:-47.86,INT:-0.1509,EL:-2407,ER:-2585,VEL:-132.2,MOT:1,TILT:25.0,TRIM:0.000,ATE:0,LATCH:0,TORQ:1,CR:0.0,FX1:1.00,FY1:-151.10,FX2:-6.00,FY2:-149.60,IK1:1,IK2:1,MOVE:0
[2026-09-10 22:27:05.996] [RX] PITCH:1.48,PID_OUT:-54.99,INT:-0.1444,EL:-2434,ER:-2583,VEL:-139.2,MOT:1,TILT:25.0,TRIM:0.000,ATE:0,LATCH:0,TORQ:1,CR:0.0,FX1:1.00,FY1:-151.10,FX2:-6.00,FY2:-149.60,IK1:1,IK2:1,MOVE:0
[2026-09-10 22:27:06.096] [RX] PITCH:1.55,PID_OUT:-60.88,INT:-0.1463,EL:-2460,ER:-2581,VEL:-151.2,MOT:1,TILT:25.0,TRIM:0.000,ATE:0,LATCH:0,TORQ:1,CR:0.0,FX1:1.00,FY1:-151.10,FX2:-6.00,FY2:-149.60,IK1:1,IK2:1,MOVE:0
[2026-09-10 22:27:06.105] [RX] AX12:MODE:0,TQ:1,TL:1023,CM:1,CS:4,MS:0,MT:800
[2026-09-10 22:27:06.199] [RX] PITCH:1.71,PID_OUT:-66.18,INT:-0.1624,EL:-2476,ER:-2581,VEL:-85.6,MOT:1,TILT:25.0,TRIM:0.000,ATE:0,LATCH:0,TORQ:1,CR:0.0,FX1:1.00,FY1:-151.10,FX2:-6.00,FY2:-149.60,IK1:1,IK2:1,MOVE:0
[2026-09-10 22:27:06.296] [RX] PITCH:1.56,PID_OUT:-56.39,INT:-0.1756,EL:-2485,ER:-2581,VEL:-54.6,MOT:1,TILT:25.0,TRIM:0.000,ATE:0,LATCH:0,TORQ:1,CR:0.0,FX1:1.00,FY1:-151.10,FX2:-6.00,FY2:-149.60,IK1:1,IK2:1,MOVE:0
[2026-09-10 22:27:06.397] [RX] PITCH:1.43,PID_OUT:-50.31,INT:-0.1751,EL:-2495,ER:-2581,VEL:-50.9,MOT:1,TILT:25.0,TRIM:0.000,ATE:0,LATCH:0,TORQ:1,CR:0.0,FX1:1.00,FY1:-151.10,FX2:-6.00,FY2:-149.60,IK1:1,IK2:1,MOVE:0
[2026-09-10 22:27:06.498] [RX] PITCH:1.47,PID_OUT:-54.27,INT:-0.1685,EL:-2508,ER:-2581,VEL:-60.4,MOT:1,TILT:25.0,TRIM:0.000,ATE:0,LATCH:0,TORQ:1,CR:0.0,FX1:1.00,FY1:-151.10,FX2:-6.00,FY2:-149.60,IK1:1,IK2:1,MOVE:0
[2026-09-10 22:27:06.605] [RX] PITCH:1.55,PID_OUT:-59.69,INT:-0.1701,EL:-2533,ER:-2581,VEL:-111.8,MOT:1,TILT:25.0,TRIM:0.000,ATE:0,LATCH:0,TORQ:1,CR:0.0,FX1:1.00,FY1:-151.10,FX2:-6.00,FY2:-149.60,IK1:1,IK2:1,MOVE:0
[2026-09-10 22:27:06.608] [RX] AX12:MODE:0,TQ:1,TL:1023,CM:1,CS:4,MS:0,MT:800
[2026-09-10 22:27:06.697] [RX] PITCH:1.51,PID_OUT:-58.23,INT:-0.1736,EL:-2552,ER:-2581,VEL:-110.3,MOT:1,TILT:25.0,TRIM:0.000,ATE:0,LATCH:0,TORQ:1,CR:0.0,FX1:1.00,FY1:-151.10,FX2:-6.00,FY2:-149.60,IK1:1,IK2:1,MOVE:0
[2026-09-10 22:27:06.704] [RX] SRV:14,38,0.0,0,0
[2026-09-10 22:27:06.795] [RX] PITCH:1.47,PID_OUT:-54.28,INT:-0.1726,EL:-2570,ER:-2581,VEL:-90.1,MOT:1,TILT:25.0,TRIM:0.000,ATE:0,LATCH:0,TORQ:1,CR:0.0,FX1:1.00,FY1:-151.10,FX2:-6.00,FY2:-149.60,IK1:1,IK2:1,MOVE:0
[2026-09-10 22:27:06.896] [RX] PITCH:1.42,PID_OUT:-48.64,INT:-0.1652,EL:-2594,ER:-2581,VEL:-107.1,MOT:1,TILT:25.0,TRIM:0.000,ATE:0,LATCH:0,TORQ:1,CR:0.0,FX1:1.00,FY1:-151.10,FX2:-6.00,FY2:-149.60,IK1:1,IK2:1,MOVE:0
[2026-09-10 22:27:06.994] [RX] PITCH:1.50,PID_OUT:-57.89,INT:-0.1603,EL:-2617,ER:-2581,VEL:-99.7,MOT:1,TILT:25.0,TRIM:0.000,ATE:0,LATCH:0,TORQ:1,CR:0.0,FX1:1.00,FY1:-151.10,FX2:-6.00,FY2:-149.60,IK1:1,IK2:1,MOVE:0
[2026-09-10 22:27:07.100] [RX] PITCH:1.60,PID_OUT:-61.65,INT:-0.1663,EL:-2641,ER:-2581,VEL:-108.3,MOT:1,TILT:25.0,TRIM:0.000,ATE:0,LATCH:0,TORQ:1,CR:0.0,FX1:1.00,FY1:-151.10,FX2:-6.00,FY2:-149.60,IK1:1,IK2:1,MOVE:0
[2026-09-10 22:27:07.106] [RX] AX12:MODE:0,TQ:1,TL:1023,CM:1,CS:4,MS:0,MT:800
[2026-09-10 22:27:07.194] [RX] PITCH:1.62,PID_OUT:-64.19,INT:-0.1774,EL:-2662,ER:-2581,VEL:-111.5,MOT:1,TILT:25.0,TRIM:0.000,ATE:0,LATCH:0,TORQ:1,CR:0.0,FX1:1.00,FY1:-151.10,FX2:-6.00,FY2:-149.60,IK1:1,IK2:1,MOVE:0
[2026-09-10 22:27:07.295] [RX] PITCH:1.59,PID_OUT:-66.39,INT:-0.1884,EL:-2682,ER:-2581,VEL:-98.2,MOT:1,TILT:25.0,TRIM:0.000,ATE:0,LATCH:0,TORQ:1,CR:0.0,FX1:1.00,FY1:-151.10,FX2:-6.00,FY2:-149.60,IK1:1,IK2:1,MOVE:0
[2026-09-10 22:27:07.394] [RX] PITCH:1.57,PID_OUT:-64.50,INT:-0.1964,EL:-2708,ER:-2581,VEL:-125.4,MOT:1,TILT:25.0,TRIM:0.000,ATE:0,LATCH:0,TORQ:1,CR:0.0,FX1:1.00,FY1:-151.10,FX2:-6.00,FY2:-149.60,IK1:1,IK2:1,MOVE:0
[2026-09-10 22:27:07.494] [RX] PITCH:1.47,PID_OUT:-58.68,INT:-0.1982,EL:-2732,ER:-2581,VEL:-154.3,MOT:1,TILT:25.0,TRIM:0.000,ATE:0,LATCH:0,TORQ:1,CR:0.0,FX1:1.00,FY1:-151.10,FX2:-6.00,FY2:-149.60,IK1:1,IK2:1,MOVE:0
[2026-09-10 22:27:07.598] [RX] PITCH:1.41,PID_OUT:-58.02,INT:-0.1895,EL:-2732,ER:-2581,VEL:-30.4,MOT:1,TILT:25.0,TRIM:0.000,ATE:0,LATCH:0,TORQ:1,CR:0.0,FX1:1.00,FY1:-151.10,FX2:-6.00,FY2:-149.60,IK1:1,IK2:1,MOVE:0
[2026-09-10 22:27:07.603] [RX] AX12:MODE:0,TQ:1,TL:1023,CM:1,CS:4,MS:0,MT:800
[2026-09-10 22:27:07.695] [RX] PITCH:1.40,PID_OUT:-52.57,INT:-0.1809,EL:-2732,ER:-2581,VEL:-6.0,MOT:1,TILT:25.0,TRIM:0.000,ATE:0,LATCH:0,TORQ:1,CR:0.0,FX1:1.00,FY1:-151.10,FX2:-6.00,FY2:-149.60,IK1:1,IK2:1,MOVE:0
[2026-09-10 22:27:07.697] [RX] SRV:1,40,0.0,0,0
[2026-09-10 22:27:07.792] [RX] PITCH:1.30,PID_OUT:-38.36,INT:-0.1658,EL:-2732,ER:-2581,VEL:-1.2,MOT:1,TILT:25.0,TRIM:0.000,ATE:0,LATCH:0,TORQ:1,CR:0.0,FX1:1.00,FY1:-151.10,FX2:-6.00,FY2:-149.60,IK1:1,IK2:1,MOVE:0
[2026-09-10 22:27:07.894] [RX] PITCH:1.12,PID_OUT:-16.17,INT:-0.1373,EL:-2732,ER:-2581,VEL:-0.2,MOT:1,TILT:25.0,TRIM:0.000,ATE:0,LATCH:0,TORQ:1,CR:0.0,FX1:1.00,FY1:-151.10,FX2:-6.00,FY2:-149.60,IK1:1,IK2:1,MOVE:0
[2026-09-10 22:27:07.994] [RX] PITCH:0.78,PID_OUT:24.45,INT:-0.0827,EL:-2732,ER:-2581,VEL:-0.0,MOT:1,TILT:25.0,TRIM:0.000,ATE:0,LATCH:0,TORQ:1,CR:0.0,FX1:1.00,FY1:-151.10,FX2:-6.00,FY2:-149.60,IK1:1,IK2:1,MOVE:0
[2026-09-10 22:27:08.095] [RX] PITCH:0.22,PID_OUT:87.80,INT:0.0153,EL:-2731,ER:-2589,VEL:42.3,MOT:1,TILT:25.0,TRIM:0.000,ATE:0,LATCH:0,TORQ:1,CR:0.0,FX1:1.00,FY1:-151.10,FX2:-6.00,FY2:-149.60,IK1:1,IK2:1,MOVE:0
[2026-09-10 22:27:08.101] [RX] AX12:MODE:0,TQ:1,TL:1023,CM:1,CS:4,MS:0,MT:800
[2026-09-10 22:27:08.191] [RX] PITCH:0.04,PID_OUT:100.77,INT:0.1633,EL:-2725,ER:-2611,VEL:135.1,MOT:1,TILT:25.0,TRIM:0.000,ATE:0,LATCH:0,TORQ:1,CR:0.0,FX1:1.00,FY1:-151.10,FX2:-6.00,FY2:-149.60,IK1:1,IK2:1,MOVE:0
[2026-09-10 22:27:08.294] [RX] PITCH:0.70,PID_OUT:68.79,INT:0.2306,EL:-2713,ER:-2632,VEL:172.0,MOT:1,TILT:25.0,TRIM:0.000,ATE:0,LATCH:0,TORQ:1,CR:0.0,FX1:1.00,FY1:-151.10,FX2:-6.00,FY2:-149.60,IK1:1,IK2:1,MOVE:0
[2026-09-10 22:27:08.395] [RX] PITCH:1.04,PID_OUT:79.48,INT:0.2306,EL:-2701,ER:-2655,VEL:172.4,MOT:1,TILT:25.0,TRIM:0.000,ATE:0,LATCH:0,TORQ:1,CR:0.0,FX1:1.00,FY1:-151.10,FX2:-6.00,FY2:-149.60,IK1:1,IK2:1,MOVE:0
[2026-09-10 22:27:08.493] [RX] PITCH:1.03,PID_OUT:78.33,INT:0.2306,EL:-2689,ER:-2677,VEL:171.5,MOT:1,TILT:25.0,TRIM:0.000,ATE:0,LATCH:0,TORQ:1,CR:0.0,FX1:1.00,FY1:-151.10,FX2:-6.00,FY2:-149.60,IK1:1,IK2:1,MOVE:0
[2026-09-10 22:27:08.602] [RX] PITCH:1.07,PID_OUT:76.32,INT:0.2306,EL:-2676,ER:-2700,VEL:180.0,MOT:1,TILT:25.0,TRIM:0.000,ATE:0,LATCH:0,TORQ:1,CR:0.0,FX1:1.00,FY1:-151.10,FX2:-6.00,FY2:-149.60,IK1:1,IK2:1,MOVE:0
[2026-09-10 22:27:08.602] [RX] AX12:MODE:0,TQ:1,TL:1023,CM:1,CS:4,MS:0,MT:800
[2026-09-10 22:27:08.691] [RX] PITCH:0.94,PID_OUT:85.39,INT:0.2306,EL:-2662,ER:-2726,VEL:198.7,MOT:1,TILT:25.0,TRIM:0.000,ATE:0,LATCH:0,TORQ:1,CR:0.0,FX1:1.00,FY1:-151.10,FX2:-6.00,FY2:-149.60,IK1:1,IK2:1,MOVE:0
[2026-09-10 22:27:08.694] [RX] SRV:6,39,0.0,0,0
[2026-09-10 22:27:08.791] [RX] PITCH:1.12,PID_OUT:69.73,INT:0.2306,EL:-2649,ER:-2754,VEL:206.5,MOT:1,TILT:25.0,TRIM:0.000,ATE:0,LATCH:0,TORQ:1,CR:0.0,FX1:1.00,FY1:-151.10,FX2:-6.00,FY2:-149.60,IK1:1,IK2:1,MOVE:0
[2026-09-10 22:27:08.889] [RX] PITCH:1.16,PID_OUT:70.45,INT:0.2306,EL:-2636,ER:-2782,VEL:209.6,MOT:1,TILT:25.0,TRIM:0.000,ATE:0,LATCH:0,TORQ:1,CR:0.0,FX1:1.00,FY1:-151.10,FX2:-6.00,FY2:-149.60,IK1:1,IK2:1,MOVE:0
[2026-09-10 22:27:08.990] [RX] PITCH:0.98,PID_OUT:71.89,INT:0.2306,EL:-2624,ER:-2807,VEL:191.6,MOT:1,TILT:25.0,TRIM:0.000,ATE:0,LATCH:0,TORQ:1,CR:0.0,FX1:1.00,FY1:-151.10,FX2:-6.00,FY2:-149.60,IK1:1,IK2:1,MOVE:0
[2026-09-10 22:27:09.101] [RX] PITCH:1.24,PID_OUT:75.00,INT:0.2306,EL:-2612,ER:-2832,VEL:193.9,MOT:1,TILT:25.0,TRIM:0.000,ATE:0,LATCH:0,TORQ:1,CR:0.0,FX1:1.00,FY1:-151.10,FX2:-6.00,FY2:-149.60,IK1:1,IK2:1,MOVE:0
[2026-09-10 22:27:09.101] [RX] AX12:MODE:0,TQ:1,TL:1023,CM:1,CS:4,MS:0,MT:800
[2026-09-10 22:27:09.189] [RX] PITCH:-1.92,PID_OUT:206.91,INT:0.2306,EL:-2601,ER:-2855,VEL:174.2,MOT:1,TILT:25.0,TRIM:0.000,ATE:0,LATCH:0,TORQ:1,CR:0.0,FX1:1.00,FY1:-151.10,FX2:-6.00,FY2:-149.60,IK1:1,IK2:1,MOVE:0
[2026-09-10 22:27:09.289] [RX] PITCH:3.09,PID_OUT:-154.62,INT:0.1943,EL:-2600,ER:-2865,VEL:29.6,MOT:1,TILT:25.0,TRIM:0.000,ATE:0,LATCH:0,TORQ:1,CR:0.0,FX1:1.00,FY1:-151.10,FX2:-6.00,FY2:-149.60,IK1:1,IK2:1,MOVE:0
[2026-09-10 22:27:09.390] [RX] PITCH:4.43,PID_OUT:-139.37,INT:-0.0812,EL:-2627,ER:-2852,VEL:-171.7,MOT:1,TILT:25.0,TRIM:0.000,ATE:0,LATCH:0,TORQ:1,CR:0.0,FX1:1.00,FY1:-151.10,FX2:-6.00,FY2:-149.60,IK1:1,IK2:1,MOVE:0
[2026-09-10 22:27:09.492] [RX] PITCH:3.28,PID_OUT:-93.42,INT:-0.2306,EL:-2666,ER:-2824,VEL:-313.2,MOT:1,TILT:25.0,TRIM:0.000,ATE:0,LATCH:0,TORQ:1,CR:0.0,FX1:1.00,FY1:-151.10,FX2:-6.00,FY2:-149.60,IK1:1,IK2:1,MOVE:0
[2026-09-10 22:27:09.602] [RX] PITCH:2.40,PID_OUT:-112.93,INT:-0.2306,EL:-2705,ER:-2794,VEL:-337.4,MOT:1,TILT:25.0,TRIM:0.000,ATE:0,LATCH:0,TORQ:1,CR:0.0,FX1:1.00,FY1:-151.10,FX2:-6.00,FY2:-149.60,IK1:1,IK2:1,MOVE:0
[2026-09-10 22:27:09.602] [RX] AX12:MODE:0,TQ:1,TL:1023,CM:1,CS:4,MS:0,MT:800
[2026-09-10 22:27:09.690] [RX] PITCH:2.40,PID_OUT:-108.99,INT:-0.2306,EL:-2745,ER:-2763,VEL:-353.9,MOT:1,TILT:25.0,TRIM:0.000,ATE:0,LATCH:0,TORQ:1,CR:0.0,FX1:1.00,FY1:-151.10,FX2:-6.00,FY2:-149.60,IK1:1,IK2:1,MOVE:0
[2026-09-10 22:27:09.694] [RX] SRV:0,39,0.0,0,0
[2026-09-10 22:27:09.790] [RX] PITCH:2.21,PID_OUT:-113.13,INT:-0.2306,EL:-2790,ER:-2727,VEL:-399.4,MOT:1,TILT:25.0,TRIM:0.000,ATE:0,LATCH:0,TORQ:1,CR:0.0,FX1:1.00,FY1:-151.10,FX2:-6.00,FY2:-149.60,IK1:1,IK2:1,MOVE:0
[2026-09-10 22:27:09.891] [RX] PITCH:2.68,PID_OUT:-117.56,INT:-0.2306,EL:-2840,ER:-2688,VEL:-438.9,MOT:1,TILT:25.0,TRIM:0.000,ATE:0,LATCH:0,TORQ:1,CR:0.0,FX1:1.00,FY1:-151.10,FX2:-6.00,FY2:-149.60,IK1:1,IK2:1,MOVE:0
[2026-09-10 22:27:09.988] [RX] PITCH:2.71,PID_OUT:-116.47,INT:-0.2306,EL:-2894,ER:-2643,VEL:-488.4,MOT:1,TILT:25.0,TRIM:0.000,ATE:0,LATCH:0,TORQ:1,CR:0.0,FX1:1.00,FY1:-151.10,FX2:-6.00,FY2:-149.60,IK1:1,IK2:1,MOVE:0
[2026-09-10 22:27:10.090] [RX] PITCH:2.60,PID_OUT:-133.25,INT:-0.2306,EL:-2952,ER:-2594,VEL:-529.5,MOT:1,TILT:25.0,TRIM:0.000,ATE:0,LATCH:0,TORQ:1,CR:0.0,FX1:1.00,FY1:-151.10,FX2:-6.00,FY2:-149.60,IK1:1,IK2:1,MOVE:0
[2026-09-10 22:27:10.100] [RX] AX12:MODE:0,TQ:1,TL:1023,CM:1,CS:4,MS:0,MT:800
[2026-09-10 22:27:10.188] [RX] PITCH:2.74,PID_OUT:-135.07,INT:-0.2306,EL:-3013,ER:-2542,VEL:-561.3,MOT:1,TILT:25.0,TRIM:0.000,ATE:0,LATCH:0,TORQ:1,CR:0.0,FX1:1.00,FY1:-151.10,FX2:-6.00,FY2:-149.60,IK1:1,IK2:1,MOVE:0
[2026-09-10 22:27:10.287] [RX] PITCH:2.01,PID_OUT:-97.02,INT:-0.2306,EL:-3078,ER:-2488,VEL:-588.2,MOT:1,TILT:25.0,TRIM:0.000,ATE:0,LATCH:0,TORQ:1,CR:0.0,FX1:1.00,FY1:-151.10,FX2:-6.00,FY2:-149.60,IK1:1,IK2:1,MOVE:0
[2026-09-10 22:27:10.388] [RX] PITCH:2.47,PID_OUT:-139.91,INT:-0.2306,EL:-3144,ER:-2432,VEL:-607.9,MOT:1,TILT:25.0,TRIM:0.000,ATE:0,LATCH:0,TORQ:1,CR:0.0,FX1:1.00,FY1:-151.10,FX2:-6.00,FY2:-149.60,IK1:1,IK2:1,MOVE:0
[2026-09-10 22:27:10.489] [RX] PITCH:2.87,PID_OUT:-144.98,INT:-0.2306,EL:-3215,ER:-2371,VEL:-653.4,MOT:1,TILT:25.0,TRIM:0.000,ATE:0,LATCH:0,TORQ:1,CR:0.0,FX1:1.00,FY1:-151.10,FX2:-6.00,FY2:-149.60,IK1:1,IK2:1,MOVE:0
[2026-09-10 22:27:10.589] [RX] PITCH:7.45,PID_OUT:-0.31,INT:-0.2306,EL:-3293,ER:-2305,VEL:-719.4,MOT:1,TILT:25.0,TRIM:0.000,ATE:0,LATCH:0,TORQ:1,CR:0.0,FX1:1.00,FY1:-151.10,FX2:-6.00,FY2:-149.60,IK1:1,IK2:1,MOVE:0
[2026-09-10 22:27:10.598] [RX] AX12:MODE:0,TQ:1,TL:1023,CM:1,CS:4,MS:0,MT:800
[2026-09-10 22:27:10.687] [RX] PITCH:-0.05,PID_OUT:167.99,INT:-0.2055,EL:-3336,ER:-2266,VEL:-366.0,MOT:1,TILT:25.0,TRIM:0.000,ATE:0,LATCH:0,TORQ:1,CR:0.0,FX1:1.00,FY1:-151.10,FX2:-6.00,FY2:-149.60,IK1:1,IK2:1,MOVE:0
[2026-09-10 22:27:10.691] [RX] SRV:14,38,0.0,0,0
[2026-09-10 22:27:10.786] [RX] PITCH:-2.09,PID_OUT:87.11,INT:0.1156,EL:-3328,ER:-2279,VEL:49.5,MOT:1,TILT:25.0,TRIM:0.000,ATE:0,LATCH:0,TORQ:1,CR:0.0,FX1:1.00,FY1:-151.10,FX2:-6.00,FY2:-149.60,IK1:1,IK2:1,MOVE:0
[2026-09-10 22:27:10.889] [RX] PITCH:-0.38,PID_OUT:158.15,INT:0.2306,EL:-3297,ER:-2313,VEL:276.4,MOT:1,TILT:25.0,TRIM:0.000,ATE:0,LATCH:0,TORQ:1,CR:0.0,FX1:1.00,FY1:-151.10,FX2:-6.00,FY2:-149.60,IK1:1,IK2:1,MOVE:0
[2026-09-10 22:27:10.986] [RX] PITCH:-0.41,PID_OUT:155.38,INT:0.2306,EL:-3259,ER:-2354,VEL:373.3,MOT:1,TILT:25.0,TRIM:0.000,ATE:0,LATCH:0,TORQ:1,CR:0.0,FX1:1.00,FY1:-151.10,FX2:-6.00,FY2:-149.60,IK1:1,IK2:1,MOVE:0
[2026-09-10 22:27:11.098] [RX] PITCH:-1.09,PID_OUT:179.46,INT:0.2306,EL:-3211,ER:-2403,VEL:471.7,MOT:1,TILT:25.0,TRIM:0.000,ATE:0,LATCH:0,TORQ:1,CR:0.0,FX1:1.00,FY1:-151.10,FX2:-6.00,FY2:-149.60,IK1:1,IK2:1,MOVE:0
[2026-09-10 22:27:11.098] [RX] AX12:MODE:0,TQ:1,TL:1023,CM:1,CS:4,MS:0,MT:800
[2026-09-10 22:27:11.185] [RX] PITCH:-3.87,PID_OUT:97.63,INT:0.2306,EL:-3151,ER:-2468,VEL:604.9,MOT:1,TILT:25.0,TRIM:0.000,ATE:0,LATCH:0,TORQ:1,CR:0.0,FX1:1.00,FY1:-151.10,FX2:-6.00,FY2:-149.60,IK1:1,IK2:1,MOVE:0
[2026-09-10 22:27:11.289] [RX] PITCH:0.28,PID_OUT:-137.28,INT:0.2306,EL:-3098,ER:-2533,VEL:563.6,MOT:1,TILT:25.0,TRIM:0.000,ATE:0,LATCH:0,TORQ:1,CR:0.0,FX1:1.00,FY1:-151.10,FX2:-6.00,FY2:-149.60,IK1:1,IK2:1,MOVE:0
[2026-09-10 22:27:11.386] [RX] PITCH:3.38,PID_OUT:-133.70,INT:0.1590,EL:-3085,ER:-2564,VEL:245.8,MOT:1,TILT:25.0,TRIM:0.000,ATE:0,LATCH:0,TORQ:1,CR:0.0,FX1:1.00,FY1:-151.10,FX2:-6.00,FY2:-149.60,IK1:1,IK2:1,MOVE:0
[2026-09-10 22:27:11.490] [RX] PITCH:3.95,PID_OUT:-128.58,INT:-0.0947,EL:-3100,ER:-2565,VEL:-35.3,MOT:1,TILT:25.0,TRIM:0.000,ATE:0,LATCH:0,TORQ:1,CR:0.0,FX1:1.00,FY1:-151.10,FX2:-6.00,FY2:-149.60,IK1:1,IK2:1,MOVE:0
[2026-09-10 22:27:11.607] [RX] PITCH:2.96,PID_OUT:-111.91,INT:-0.2306,EL:-3125,ER:-2553,VEL:-167.1,MOT:1,TILT:25.0,TRIM:0.000,ATE:0,LATCH:0,TORQ:1,CR:0.0,FX1:1.00,FY1:-151.10,FX2:-6.00,FY2:-149.60,IK1:1,IK2:1,MOVE:0
[2026-09-10 22:27:11.610] [RX] AX12:MODE:0,TQ:1,TL:1023,CM:1,CS:4,MS:0,MT:800
[2026-09-10 22:27:11.692] [RX] PITCH:2.52,PID_OUT:-117.16,INT:-0.2306,EL:-3152,ER:-2537,VEL:-202.1,MOT:1,TILT:25.0,TRIM:0.000,ATE:0,LATCH:0,TORQ:1,CR:0.0,FX1:1.00,FY1:-151.10,FX2:-6.00,FY2:-149.60,IK1:1,IK2:1,MOVE:0
[2026-09-10 22:27:11.693] [RX] SRV:1,40,0.0,0,0
[2026-09-10 22:27:11.791] [RX] PITCH:2.67,PID_OUT:-127.34,INT:-0.2306,EL:-3182,ER:-2517,VEL:-251.4,MOT:1,TILT:25.0,TRIM:0.000,ATE:0,LATCH:0,TORQ:1,CR:0.0,FX1:1.00,FY1:-151.10,FX2:-6.00,FY2:-149.60,IK1:1,IK2:1,MOVE:0
[2026-09-10 22:27:11.886] [RX] PITCH:2.58,PID_OUT:-111.83,INT:-0.2306,EL:-3218,ER:-2492,VEL:-302.0,MOT:1,TILT:25.0,TRIM:0.000,ATE:0,LATCH:0,TORQ:1,CR:0.0,FX1:1.00,FY1:-151.10,FX2:-6.00,FY2:-149.60,IK1:1,IK2:1,MOVE:0
[2026-09-10 22:27:11.986] [RX] PITCH:2.71,PID_OUT:-110.02,INT:-0.2306,EL:-3260,ER:-2461,VEL:-362.0,MOT:1,TILT:25.0,TRIM:0.000,ATE:0,LATCH:0,TORQ:1,CR:0.0,FX1:1.00,FY1:-151.10,FX2:-6.00,FY2:-149.60,IK1:1,IK2:1,MOVE:0
[2026-09-10 22:27:12.094] [RX] PITCH:3.16,PID_OUT:-99.90,INT:-0.2306,EL:-3306,ER:-2427,VEL:-399.2,MOT:1,TILT:25.0,TRIM:0.000,ATE:0,LATCH:0,TORQ:1,CR:0.0,FX1:1.00,FY1:-151.10,FX2:-6.00,FY2:-149.60,IK1:1,IK2:1,MOVE:0
[2026-09-10 22:27:12.097] [RX] AX12:MODE:0,TQ:1,TL:1023,CM:1,CS:4,MS:0,MT:800
[2026-09-10 22:27:12.185] [RX] PITCH:3.87,PID_OUT:29.16,INT:-0.2306,EL:-3356,ER:-2390,VEL:-422.6,MOT:1,TILT:25.0,TRIM:0.000,ATE:0,LATCH:0,TORQ:1,CR:0.0,FX1:1.00,FY1:-151.10,FX2:-6.00,FY2:-149.60,IK1:1,IK2:1,MOVE:0
[2026-09-10 22:27:12.286] [RX] PITCH:0.41,PID_OUT:157.70,INT:-0.2130,EL:-3394,ER:-2368,VEL:-296.9,MOT:1,TILT:25.0,TRIM:0.000,ATE:0,LATCH:0,TORQ:1,CR:0.0,FX1:1.00,FY1:-151.10,FX2:-6.00,FY2:-149.60,IK1:1,IK2:1,MOVE:0
[2026-09-10 22:27:12.385] [RX] PITCH:-1.60,PID_OUT:169.41,INT:0.0232,EL:-3392,ER:-2373,VEL:2.4,MOT:1,TILT:25.0,TRIM:0.000,ATE:0,LATCH:0,TORQ:1,CR:0.0,FX1:1.00,FY1:-151.10,FX2:-6.00,FY2:-149.60,IK1:1,IK2:1,MOVE:0
[2026-09-10 22:27:12.483] [RX] PITCH:-1.35,PID_OUT:156.88,INT:0.2306,EL:-3364,ER:-2411,VEL:286.9,MOT:1,TILT:25.0,TRIM:0.000,ATE:0,LATCH:0,TORQ:1,CR:0.0,FX1:1.00,FY1:-151.10,FX2:-6.00,FY2:-149.60,IK1:1,IK2:1,MOVE:0
[2026-09-10 22:27:12.586] [RX] PITCH:-1.08,PID_OUT:129.83,INT:0.2306,EL:-3326,ER:-2449,VEL:363.9,MOT:1,TILT:25.0,TRIM:0.000,ATE:0,LATCH:0,TORQ:1,CR:0.0,FX1:1.00,FY1:-151.10,FX2:-6.00,FY2:-149.60,IK1:1,IK2:1,MOVE:0
[2026-09-10 22:27:12.595] [RX] AX12:MODE:0,TQ:1,TL:1023,CM:1,CS:4,MS:0,MT:800
[2026-09-10 22:27:12.684] [RX] PITCH:-1.03,PID_OUT:38.52,INT:0.2306,EL:-3286,ER:-2492,VEL:405.5,MOT:1,TILT:25.0,TRIM:0.000,ATE:0,LATCH:0,TORQ:1,CR:0.0,FX1:1.00,FY1:-151.10,FX2:-6.00,FY2:-149.60,IK1:1,IK2:1,MOVE:0
[2026-09-10 22:27:12.687] [RX] SRV:6,39,0.0,0,0
[2026-09-10 22:27:12.785] [RX] PITCH:0.76,PID_OUT:-66.25,INT:0.2306,EL:-3258,ER:-2533,VEL:343.0,MOT:1,TILT:25.0,TRIM:0.000,ATE:0,LATCH:0,TORQ:1,CR:0.0,FX1:1.00,FY1:-151.10,FX2:-6.00,FY2:-149.60,IK1:1,IK2:1,MOVE:0
[2026-09-10 22:27:12.886] [RX] PITCH:2.70,PID_OUT:-116.42,INT:0.1862,EL:-3251,ER:-2557,VEL:172.0,MOT:1,TILT:25.0,TRIM:0.000,ATE:0,LATCH:0,TORQ:1,CR:0.0,FX1:1.00,FY1:-151.10,FX2:-6.00,FY2:-149.60,IK1:1,IK2:1,MOVE:0
[2026-09-10 22:27:12.984] [RX] PITCH:4.06,PID_OUT:-151.27,INT:-0.0326,EL:-3262,ER:-2559,VEL:-5.9,MOT:1,TILT:25.0,TRIM:0.000,ATE:0,LATCH:0,TORQ:1,CR:0.0,FX1:1.00,FY1:-151.10,FX2:-6.00,FY2:-149.60,IK1:1,IK2:1,MOVE:0
[2026-09-10 22:27:13.086] [RX] PITCH:3.07,PID_OUT:-99.69,INT:-0.2306,EL:-3284,ER:-2548,VEL:-144.3,MOT:1,TILT:25.0,TRIM:0.000,ATE:0,LATCH:0,TORQ:1,CR:0.0,FX1:1.00,FY1:-151.10,FX2:-6.00,FY2:-149.60,IK1:1,IK2:1,MOVE:0
[2026-09-10 22:27:13.093] [RX] AX12:MODE:0,TQ:1,TL:1023,CM:1,CS:4,MS:0,MT:800
[2026-09-10 22:27:13.182] [RX] PITCH:2.15,PID_OUT:-95.92,INT:-0.2306,EL:-3310,ER:-2531,VEL:-198.2,MOT:1,TILT:25.0,TRIM:0.000,ATE:0,LATCH:0,TORQ:1,CR:0.0,FX1:1.00,FY1:-151.10,FX2:-6.00,FY2:-149.60,IK1:1,IK2:1,MOVE:0
[2026-09-10 22:27:13.283] [RX] PITCH:2.59,PID_OUT:-119.73,INT:-0.2306,EL:-3339,ER:-2513,VEL:-229.9,MOT:1,TILT:25.0,TRIM:0.000,ATE:0,LATCH:0,TORQ:1,CR:0.0,FX1:1.00,FY1:-151.10,FX2:-6.00,FY2:-149.60,IK1:1,IK2:1,MOVE:0
[2026-09-10 22:27:13.385] [RX] PITCH:2.73,PID_OUT:-91.99,INT:-0.2306,EL:-3373,ER:-2490,VEL:-277.5,MOT:1,TILT:25.0,TRIM:0.000,ATE:0,LATCH:0,TORQ:1,CR:0.0,FX1:1.00,FY1:-151.10,FX2:-6.00,FY2:-149.60,IK1:1,IK2:1,MOVE:0
[2026-09-10 22:27:13.483] [RX] PITCH:2.00,PID_OUT:-85.33,INT:-0.2306,EL:-3410,ER:-2464,VEL:-303.3,MOT:1,TILT:25.0,TRIM:0.000,ATE:0,LATCH:0,TORQ:1,CR:0.0,FX1:1.00,FY1:-151.10,FX2:-6.00,FY2:-149.60,IK1:1,IK2:1,MOVE:0
[2026-09-10 22:27:13.585] [RX] PITCH:1.62,PID_OUT:-71.45,INT:-0.2306,EL:-3447,ER:-2438,VEL:-314.0,MOT:1,TILT:25.0,TRIM:0.000,ATE:0,LATCH:0,TORQ:1,CR:0.0,FX1:1.00,FY1:-151.10,FX2:-6.00,FY2:-149.60,IK1:1,IK2:1,MOVE:0
[2026-09-10 22:27:13.592] [RX] AX12:MODE:0,TQ:1,TL:1023,CM:1,CS:4,MS:0,MT:800
[2026-09-10 22:27:13.684] [RX] PITCH:2.06,PID_OUT:-101.60,INT:-0.2306,EL:-3484,ER:-2412,VEL:-315.5,MOT:1,TILT:25.0,TRIM:0.000,ATE:0,LATCH:0,TORQ:1,CR:0.0,FX1:1.00,FY1:-151.10,FX2:-6.00,FY2:-149.60,IK1:1,IK2:1,MOVE:0
[2026-09-10 22:27:13.686] [RX] SRV:0,39,0.0,0,0
[2026-09-10 22:27:13.784] [RX] PITCH:2.19,PID_OUT:-94.52,INT:-0.2306,EL:-3523,ER:-2383,VEL:-338.7,MOT:1,TILT:25.0,TRIM:0.000,ATE:0,LATCH:0,TORQ:1,CR:0.0,FX1:1.00,FY1:-151.10,FX2:-6.00,FY2:-149.60,IK1:1,IK2:1,MOVE:0
[2026-09-10 22:27:13.881] [RX] PITCH:1.90,PID_OUT:-72.12,INT:-0.2306,EL:-3563,ER:-2350,VEL:-357.0,MOT:1,TILT:25.0,TRIM:0.000,ATE:0,LATCH:0,TORQ:1,CR:0.0,FX1:1.00,FY1:-151.10,FX2:-6.00,FY2:-149.60,IK1:1,IK2:1,MOVE:0
[2026-09-10 22:27:13.981] [RX] PITCH:1.85,PID_OUT:-95.54,INT:-0.2306,EL:-3605,ER:-2317,VEL:-367.8,MOT:1,TILT:25.0,TRIM:0.000,ATE:0,LATCH:0,TORQ:1,CR:0.0,FX1:1.00,FY1:-151.10,FX2:-6.00,FY2:-149.60,IK1:1,IK2:1,MOVE:0
[2026-09-10 22:27:14.084] [RX] PITCH:1.61,PID_OUT:-75.71,INT:-0.2306,EL:-3645,ER:-2283,VEL:-367.3,MOT:1,TILT:25.0,TRIM:0.000,ATE:0,LATCH:0,TORQ:1,CR:0.0,FX1:1.00,FY1:-151.10,FX2:-6.00,FY2:-149.60,IK1:1,IK2:1,MOVE:0
[2026-09-10 22:27:14.092] [RX] AX12:MODE:0,TQ:1,TL:1023,CM:1,CS:4,MS:0,MT:800
[2026-09-10 22:27:14.184] [RX] PITCH:1.87,PID_OUT:-100.08,INT:-0.2306,EL:-3684,ER:-2248,VEL:-368.3,MOT:1,TILT:25.0,TRIM:0.000,ATE:0,LATCH:0,TORQ:1,CR:0.0,FX1:1.00,FY1:-151.10,FX2:-6.00,FY2:-149.60,IK1:1,IK2:1,MOVE:0
[2026-09-10 22:27:14.281] [RX] PITCH:1.95,PID_OUT:-77.58,INT:-0.2306,EL:-3725,ER:-2212,VEL:-383.1,MOT:1,TILT:25.0,TRIM:0.000,ATE:0,LATCH:0,TORQ:1,CR:0.0,FX1:1.00,FY1:-151.10,FX2:-6.00,FY2:-149.60,IK1:1,IK2:1,MOVE:0
[2026-09-10 22:27:14.383] [RX] PITCH:2.14,PID_OUT:-108.55,INT:-0.2306,EL:-3768,ER:-2175,VEL:-399.3,MOT:1,TILT:25.0,TRIM:0.000,ATE:0,LATCH:0,TORQ:1,CR:0.0,FX1:1.00,FY1:-151.10,FX2:-6.00,FY2:-149.60,IK1:1,IK2:1,MOVE:0
[2026-09-10 22:27:14.483] [RX] PITCH:3.25,PID_OUT:186.51,INT:-0.2306,EL:-3804,ER:-2148,VEL:-295.5,MOT:1,TILT:25.0,TRIM:0.000,ATE:0,LATCH:0,TORQ:1,CR:0.0,FX1:1.00,FY1:-151.10,FX2:-6.00,FY2:-149.60,IK1:1,IK2:1,MOVE:0
[2026-09-10 22:27:14.586] [RX] PITCH:-2.17,PID_OUT:146.74,INT:-0.0107,EL:-3790,ER:-2161,VEL:101.5,MOT:1,TILT:25.0,TRIM:0.000,ATE:0,LATCH:0,TORQ:1,CR:0.0,FX1:1.00,FY1:-151.10,FX2:-6.00,FY2:-149.60,IK1:1,IK2:1,MOVE:0
[2026-09-10 22:27:14.593] [RX] AX12:MODE:0,TQ:1,TL:1023,CM:1,CS:4,MS:0,MT:800
[2026-09-10 22:27:14.686] [RX] PITCH:-1.27,PID_OUT:198.07,INT:0.2306,EL:-3741,ER:-2211,VEL:432.7,MOT:1,TILT:25.0,TRIM:0.000,ATE:0,LATCH:0,TORQ:1,CR:0.0,FX1:1.00,FY1:-151.10,FX2:-6.00,FY2:-149.60,IK1:1,IK2:1,MOVE:0
[2026-09-10 22:27:14.687] [RX] SRV:14,38,0.0,0,0
[2026-09-10 22:27:14.780] [RX] PITCH:-0.75,PID_OUT:133.58,INT:0.2306,EL:-3682,ER:-2271,VEL:571.3,MOT:1,TILT:25.0,TRIM:0.000,ATE:0,LATCH:0,TORQ:1,CR:0.0,FX1:1.00,FY1:-151.10,FX2:-6.00,FY2:-149.60,IK1:1,IK2:1,MOVE:0
[2026-09-10 22:27:14.879] [RX] PITCH:-1.13,PID_OUT:192.48,INT:0.2306,EL:-3614,ER:-2339,VEL:669.2,MOT:1,TILT:25.0,TRIM:0.000,ATE:0,LATCH:0,TORQ:1,CR:0.0,FX1:1.00,FY1:-151.10,FX2:-6.00,FY2:-149.60,IK1:1,IK2:1,MOVE:0
[2026-09-10 22:27:14.980] [RX] PITCH:-2.05,PID_OUT:183.50,INT:0.2306,EL:-3531,ER:-2421,VEL:817.6,MOT:1,TILT:25.0,TRIM:0.000,ATE:0,LATCH:0,TORQ:1,CR:0.0,FX1:1.00,FY1:-151.10,FX2:-6.00,FY2:-149.60,IK1:1,IK2:1,MOVE:0
[2026-09-10 22:27:15.084] [RX] PITCH:-2.43,PID_OUT:129.24,INT:0.2306,EL:-3437,ER:-2516,VEL:927.8,MOT:1,TILT:25.0,TRIM:0.000,ATE:0,LATCH:0,TORQ:1,CR:0.0,FX1:1.00,FY1:-151.10,FX2:-6.00,FY2:-149.60,IK1:1,IK2:1,MOVE:0
[2026-09-10 22:27:15.092] [RX] AX12:MODE:0,TQ:1,TL:1023,CM:1,CS:4,MS:0,MT:800
[2026-09-10 22:27:15.179] [RX] PITCH:-3.77,PID_OUT:52.22,INT:0.2306,EL:-3336,ER:-2620,VEL:1005.6,MOT:1,TILT:25.0,TRIM:0.000,ATE:0,LATCH:0,TORQ:1,CR:0.0,FX1:1.00,FY1:-151.10,FX2:-6.00,FY2:-149.60,IK1:1,IK2:1,MOVE:0
[2026-09-10 22:27:15.281] [RX] PITCH:-0.04,PID_OUT:-157.61,INT:0.2306,EL:-3258,ER:-2715,VEL:858.8,MOT:1,TILT:25.0,TRIM:0.000,ATE:0,LATCH:0,TORQ:1,CR:0.0,FX1:1.00,FY1:-151.10,FX2:-6.00,FY2:-149.60,IK1:1,IK2:1,MOVE:0
[2026-09-10 22:27:15.378] [RX] PITCH:2.77,PID_OUT:-163.22,INT:0.2038,EL:-3231,ER:-2764,VEL:430.0,MOT:1,TILT:25.0,TRIM:0.000,ATE:0,LATCH:0,TORQ:1,CR:0.0,FX1:1.00,FY1:-151.10,FX2:-6.00,FY2:-149.60,IK1:1,IK2:1,MOVE:0
[2026-09-10 22:27:15.479] [RX] PITCH:4.52,PID_OUT:-169.66,INT:-0.0553,EL:-3240,ER:-2772,VEL:47.1,MOT:1,TILT:25.0,TRIM:0.000,ATE:0,LATCH:0,TORQ:1,CR:0.0,FX1:1.00,FY1:-151.10,FX2:-6.00,FY2:-149.60,IK1:1,IK2:1,MOVE:0
[2026-09-10 22:27:15.583] [RX] PITCH:4.18,PID_OUT:-147.08,INT:-0.2306,EL:-3262,ER:-2760,VEL:-137.2,MOT:1,TILT:25.0,TRIM:0.000,ATE:0,LATCH:0,TORQ:1,CR:0.0,FX1:1.00,FY1:-151.10,FX2:-6.00,FY2:-149.60,IK1:1,IK2:1,MOVE:0
[2026-09-10 22:27:15.591] [RX] AX12:MODE:0,TQ:1,TL:1023,CM:1,CS:4,MS:0,MT:800
[2026-09-10 22:27:15.683] [RX] PITCH:3.25,PID_OUT:-165.82,INT:-0.2306,EL:-3297,ER:-2737,VEL:-266.6,MOT:1,TILT:25.0,TRIM:0.000,ATE:0,LATCH:0,TORQ:1,CR:0.0,FX1:1.00,FY1:-151.10,FX2:-6.00,FY2:-149.60,IK1:1,IK2:1,MOVE:0
[2026-09-10 22:27:15.683] [RX] SRV:1,40,0.0,0,0
[2026-09-10 22:27:15.778] [RX] PITCH:3.52,PID_OUT:-178.15,INT:-0.2306,EL:-3340,ER:-2707,VEL:-355.0,MOT:1,TILT:25.0,TRIM:0.000,ATE:0,LATCH:0,TORQ:1,CR:0.0,FX1:1.00,FY1:-151.10,FX2:-6.00,FY2:-149.60,IK1:1,IK2:1,MOVE:0
[2026-09-10 22:27:15.879] [RX] PITCH:3.89,PID_OUT:-165.74,INT:-0.2306,EL:-3395,ER:-2665,VEL:-474.0,MOT:1,TILT:25.0,TRIM:0.000,ATE:0,LATCH:0,TORQ:1,CR:0.0,FX1:1.00,FY1:-151.10,FX2:-6.00,FY2:-149.60,IK1:1,IK2:1,MOVE:0
[2026-09-10 22:27:15.979] [RX] PITCH:3.55,PID_OUT:-177.54,INT:-0.2306,EL:-3461,ER:-2611,VEL:-582.0,MOT:1,TILT:25.0,TRIM:0.000,ATE:0,LATCH:0,TORQ:1,CR:0.0,FX1:1.00,FY1:-151.10,FX2:-6.00,FY2:-149.60,IK1:1,IK2:1,MOVE:0
[2026-09-10 22:27:16.084] [RX] PITCH:3.94,PID_OUT:-193.79,INT:-0.2306,EL:-3538,ER:-2548,VEL:-686.4,MOT:1,TILT:25.0,TRIM:0.000,ATE:0,LATCH:0,TORQ:1,CR:0.0,FX1:1.00,FY1:-151.10,FX2:-6.00,FY2:-149.60,IK1:1,IK2:1,MOVE:0
[2026-09-10 22:27:16.091] [RX] AX12:MODE:0,TQ:1,TL:1023,CM:1,CS:4,MS:0,MT:800
[2026-09-10 22:27:16.178] [RX] PITCH:4.11,PID_OUT:-239.49,INT:-0.2306,EL:-3622,ER:-2476,VEL:-770.8,MOT:1,TILT:25.0,TRIM:0.000,ATE:0,LATCH:0,TORQ:1,CR:0.0,FX1:1.00,FY1:-151.10,FX2:-6.00,FY2:-149.60,IK1:1,IK2:1,MOVE:0
[2026-09-10 22:27:16.279] [RX] PITCH:3.00,PID_OUT:-205.75,INT:-0.2306,EL:-3715,ER:-2395,VEL:-852.1,MOT:1,TILT:25.0,TRIM:0.000,ATE:0,LATCH:0,TORQ:1,CR:0.0,FX1:1.00,FY1:-151.10,FX2:-6.00,FY2:-149.60,IK1:1,IK2:1,MOVE:0
[2026-09-10 22:27:16.377] [RX] PITCH:4.51,PID_OUT:-251.88,INT:-0.2306,EL:-3819,ER:-2303,VEL:-978.0,MOT:1,TILT:25.0,TRIM:0.000,ATE:0,LATCH:0,TORQ:1,CR:0.0,FX1:1.00,FY1:-151.10,FX2:-6.00,FY2:-149.60,IK1:1,IK2:1,MOVE:0
[2026-09-10 22:27:16.479] [RX] PITCH:7.61,PID_OUT:-140.08,INT:-0.2306,EL:-3938,ER:-2196,VEL:-1114.0,MOT:1,TILT:25.0,TRIM:0.000,ATE:0,LATCH:0,TORQ:1,CR:0.0,FX1:1.00,FY1:-151.10,FX2:-6.00,FY2:-149.60,IK1:1,IK2:1,MOVE:0
[2026-09-10 22:27:16.577] [RX] PITCH:3.30,PID_OUT:127.63,INT:-0.2306,EL:-4061,ER:-2088,VEL:-1127.7,MOT:1,TILT:25.0,TRIM:0.000,ATE:0,LATCH:0,TORQ:1,CR:0.0,FX1:1.00,FY1:-151.10,FX2:-6.00,FY2:-149.60,IK1:1,IK2:1,MOVE:0
[2026-09-10 22:27:16.587] [RX] AX12:MODE:0,TQ:1,TL:1023,CM:1,CS:4,MS:0,MT:800
[2026-09-10 22:27:16.681] [RX] PITCH:1.10,PID_OUT:60.82,INT:-0.2115,EL:-4146,ER:-2017,VEL:-807.4,MOT:1,TILT:25.0,TRIM:0.000,ATE:0,LATCH:0,TORQ:1,CR:0.0,FX1:1.00,FY1:-151.10,FX2:-6.00,FY2:-149.60,IK1:1,IK2:1,MOVE:0
[2026-09-10 22:27:16.681] [RX] SRV:6,39,0.0,0,0
[2026-09-10 22:27:16.778] [RX] PITCH:-0.85,PID_OUT:98.58,INT:-0.0501,EL:-4199,ER:-1974,VEL:-513.5,MOT:1,TILT:25.0,TRIM:0.000,ATE:0,LATCH:0,TORQ:1,CR:0.0,FX1:1.00,FY1:-151.10,FX2:-6.00,FY2:-149.60,IK1:1,IK2:1,MOVE:0
[2026-09-10 22:27:16.876] [RX] PITCH:0.07,PID_OUT:32.28,INT:0.1577,EL:-4226,ER:-1961,VEL:-238.4,MOT:1,TILT:25.0,TRIM:0.000,ATE:0,LATCH:0,TORQ:1,CR:0.0,FX1:1.00,FY1:-151.10,FX2:-6.00,FY2:-149.60,IK1:1,IK2:1,MOVE:0
[2026-09-10 22:27:16.976] [RX] PITCH:1.64,PID_OUT:-7.98,INT:0.2007,EL:-4246,ER:-1948,VEL:-186.1,MOT:1,TILT:25.0,TRIM:0.000,ATE:0,LATCH:0,TORQ:1,CR:0.0,FX1:1.00,FY1:-151.10,FX2:-6.00,FY2:-149.60,IK1:1,IK2:1,MOVE:0
[2026-09-10 22:27:17.077] [RX] PITCH:2.45,PID_OUT:-50.75,INT:0.1440,EL:-4278,ER:-1930,VEL:-242.4,MOT:1,TILT:25.0,TRIM:0.000,ATE:0,LATCH:0,TORQ:1,CR:0.0,FX1:1.00,FY1:-151.10,FX2:-6.00,FY2:-149.60,IK1:1,IK2:1,MOVE:0
[2026-09-10 22:27:17.086] [RX] AX12:MODE:0,TQ:1,TL:1023,CM:1,CS:4,MS:0,MT:800
[2026-09-10 22:27:17.177] [RX] PITCH:2.38,PID_OUT:-40.27,INT:0.0512,EL:-4313,ER:-1914,VEL:-254.3,MOT:1,TILT:25.0,TRIM:0.000,ATE:0,LATCH:0,TORQ:1,CR:0.0,FX1:1.00,FY1:-151.10,FX2:-6.00,FY2:-149.60,IK1:1,IK2:1,MOVE:0
[2026-09-10 22:27:17.275] [RX] PITCH:1.89,PID_OUT:-25.85,INT:-0.0119,EL:-4347,ER:-1900,VEL:-237.6,MOT:1,TILT:25.0,TRIM:0.000,ATE:0,LATCH:0,TORQ:1,CR:0.0,FX1:1.00,FY1:-151.10,FX2:-6.00,FY2:-149.60,IK1:1,IK2:1,MOVE:0
[2026-09-10 22:27:17.375] [RX] PITCH:1.46,PID_OUT:-15.27,INT:-0.0272,EL:-4376,ER:-1889,VEL:-204.5,MOT:1,TILT:25.0,TRIM:0.000,ATE:0,LATCH:0,TORQ:1,CR:0.0,FX1:1.00,FY1:-151.10,FX2:-6.00,FY2:-149.60,IK1:1,IK2:1,MOVE:0
[2026-09-10 22:27:17.478] [RX] PITCH:1.41,PID_OUT:-21.40,INT:-0.0172,EL:-4397,ER:-1884,VEL:-138.9,MOT:1,TILT:25.0,TRIM:0.000,ATE:0,LATCH:0,TORQ:1,CR:0.0,FX1:1.00,FY1:-151.10,FX2:-6.00,FY2:-149.60,IK1:1,IK2:1,MOVE:0
[2026-09-10 22:27:17.583] [RX] PITCH:1.60,PID_OUT:-29.47,INT:-0.0196,EL:-4397,ER:-1882,VEL:-33.3,MOT:1,TILT:25.0,TRIM:0.000,ATE:0,LATCH:0,TORQ:1,CR:0.0,FX1:1.00,FY1:-151.10,FX2:-6.00,FY2:-149.60,IK1:1,IK2:1,MOVE:0
[2026-09-10 22:27:17.590] [RX] AX12:MODE:0,TQ:1,TL:1023,CM:1,CS:4,MS:0,MT:800
[2026-09-10 22:27:17.677] [RX] PITCH:1.40,PID_OUT:5.16,INT:-0.0242,EL:-4397,ER:-1882,VEL:-6.6,MOT:1,TILT:25.0,TRIM:0.000,ATE:0,LATCH:0,TORQ:1,CR:0.0,FX1:1.00,FY1:-151.10,FX2:-6.00,FY2:-149.60,IK1:1,IK2:1,MOVE:0
[2026-09-10 22:27:17.679] [RX] SRV:0,39,0.0,0,0
[2026-09-10 22:27:17.773] [RX] PITCH:0.61,PID_OUT:76.59,INT:0.0260,EL:-4397,ER:-1882,VEL:-1.3,MOT:1,TILT:25.0,TRIM:0.000,ATE:0,LATCH:0,TORQ:1,CR:0.0,FX1:1.00,FY1:-151.10,FX2:-6.00,FY2:-149.60,IK1:1,IK2:1,MOVE:0
[2026-09-10 22:27:17.876] [RX] PITCH:-0.16,PID_OUT:120.96,INT:0.1664,EL:-4392,ER:-1908,VEL:124.5,MOT:1,TILT:25.0,TRIM:0.000,ATE:0,LATCH:0,TORQ:1,CR:0.0,FX1:1.00,FY1:-151.10,FX2:-6.00,FY2:-149.60,IK1:1,IK2:1,MOVE:0
[2026-09-10 22:27:17.976] [RX] PITCH:0.38,PID_OUT:87.28,INT:0.2306,EL:-4378,ER:-1937,VEL:201.7,MOT:1,TILT:25.0,TRIM:0.000,ATE:0,LATCH:0,TORQ:1,CR:0.0,FX1:1.00,FY1:-151.10,FX2:-6.00,FY2:-149.60,IK1:1,IK2:1,MOVE:0
[2026-09-10 22:27:18.083] [RX] PITCH:0.70,PID_OUT:94.59,INT:0.2306,EL:-4361,ER:-1970,VEL:237.9,MOT:1,TILT:25.0,TRIM:0.000,ATE:0,LATCH:0,TORQ:1,CR:0.0,FX1:1.00,FY1:-151.10,FX2:-6.00,FY2:-149.60,IK1:1,IK2:1,MOVE:0
[2026-09-10 22:27:18.083] [RX] AX12:MODE:0,TQ:1,TL:1023,CM:1,CS:4,MS:0,MT:800
[2026-09-10 22:27:18.175] [RX] PITCH:0.63,PID_OUT:101.47,INT:0.2306,EL:-4342,ER:-2006,VEL:271.3,MOT:1,TILT:25.0,TRIM:0.000,ATE:0,LATCH:0,TORQ:1,CR:0.0,FX1:1.00,FY1:-151.10,FX2:-6.00,FY2:-149.60,IK1:1,IK2:1,MOVE:0
[2026-09-10 22:27:18.273] [RX] PITCH:0.65,PID_OUT:99.35,INT:0.2306,EL:-4320,ER:-2039,VEL:282.1,MOT:1,TILT:25.0,TRIM:0.000,ATE:0,LATCH:0,TORQ:1,CR:0.0,FX1:1.00,FY1:-151.10,FX2:-6.00,FY2:-149.60,IK1:1,IK2:1,MOVE:0
[2026-09-10 22:27:18.377] [RX] PITCH:0.42,PID_OUT:111.37,INT:0.2306,EL:-4293,ER:-2082,VEL:342.6,MOT:1,TILT:25.0,TRIM:0.000,ATE:0,LATCH:0,TORQ:1,CR:0.0,FX1:1.00,FY1:-151.10,FX2:-6.00,FY2:-149.60,IK1:1,IK2:1,MOVE:0
[2026-09-10 22:27:18.477] [RX] PITCH:0.56,PID_OUT:101.40,INT:0.2306,EL:-4263,ER:-2126,VEL:366.0,MOT:1,TILT:25.0,TRIM:0.000,ATE:0,LATCH:0,TORQ:1,CR:0.0,FX1:1.00,FY1:-151.10,FX2:-6.00,FY2:-149.60,IK1:1,IK2:1,MOVE:0
[2026-09-10 22:27:18.577] [RX] PITCH:0.46,PID_OUT:116.80,INT:0.2306,EL:-4230,ER:-2168,VEL:371.4,MOT:1,TILT:25.0,TRIM:0.000,ATE:0,LATCH:0,TORQ:1,CR:0.0,FX1:1.00,FY1:-151.10,FX2:-6.00,FY2:-149.60,IK1:1,IK2:1,MOVE:0
[2026-09-10 22:27:18.583] [RX] AX12:MODE:0,TQ:1,TL:1023,CM:1,CS:4,MS:0,MT:800
[2026-09-10 22:27:18.678] [RX] PITCH:0.32,PID_OUT:107.97,INT:0.2306,EL:-4193,ER:-2211,VEL:387.3,MOT:1,TILT:25.0,TRIM:0.000,ATE:0,LATCH:0,TORQ:1,CR:0.0,FX1:1.00,FY1:-151.10,FX2:-6.00,FY2:-149.60,IK1:1,IK2:1,MOVE:0
[2026-09-10 22:27:18.678] [RX] SRV:14,38,0.0,0,0
[2026-09-10 22:27:18.774] [RX] PITCH:0.53,PID_OUT:119.51,INT:0.2306,EL:-4153,ER:-2248,VEL:386.7,MOT:1,TILT:25.0,TRIM:0.000,ATE:0,LATCH:0,TORQ:1,CR:0.0,FX1:1.00,FY1:-151.10,FX2:-6.00,FY2:-149.60,IK1:1,IK2:1,MOVE:0
[2026-09-10 22:27:18.872] [RX] PITCH:0.71,PID_OUT:92.80,INT:0.2306,EL:-4111,ER:-2289,VEL:413.9,MOT:1,TILT:25.0,TRIM:0.000,ATE:0,LATCH:0,TORQ:1,CR:0.0,FX1:1.00,FY1:-151.10,FX2:-6.00,FY2:-149.60,IK1:1,IK2:1,MOVE:0
[2026-09-10 22:27:18.972] [RX] PITCH:0.31,PID_OUT:118.70,INT:0.2306,EL:-4067,ER:-2332,VEL:434.4,MOT:1,TILT:25.0,TRIM:0.000,ATE:0,LATCH:0,TORQ:1,CR:0.0,FX1:1.00,FY1:-151.10,FX2:-6.00,FY2:-149.60,IK1:1,IK2:1,MOVE:0
[2026-09-10 22:27:19.084] [RX] PITCH:0.29,PID_OUT:104.68,INT:0.2306,EL:-4019,ER:-2379,VEL:469.6,MOT:1,TILT:25.0,TRIM:0.000,ATE:0,LATCH:0,TORQ:1,CR:0.0,FX1:1.00,FY1:-151.10,FX2:-6.00,FY2:-149.60,IK1:1,IK2:1,MOVE:0
[2026-09-10 22:27:19.084] [RX] AX12:MODE:0,TQ:1,TL:1023,CM:1,CS:4,MS:0,MT:800
[2026-09-10 22:27:19.170] [RX] PITCH:0.74,PID_OUT:117.43,INT:0.2306,EL:-3969,ER:-2430,VEL:497.5,MOT:1,TILT:25.0,TRIM:0.000,ATE:0,LATCH:0,TORQ:1,CR:0.0,FX1:1.00,FY1:-151.10,FX2:-6.00,FY2:-149.60,IK1:1,IK2:1,MOVE:0
[2026-09-10 22:27:19.271] [RX] PITCH:0.63,PID_OUT:113.41,INT:0.2306,EL:-3917,ER:-2484,VEL:528.1,MOT:1,TILT:25.0,TRIM:0.000,ATE:0,LATCH:0,TORQ:1,CR:0.0,FX1:1.00,FY1:-151.10,FX2:-6.00,FY2:-149.60,IK1:1,IK2:1,MOVE:0
[2026-09-10 22:27:19.372] [RX] PITCH:-1.46,PID_OUT:110.07,INT:0.2306,EL:-3859,ER:-2542,VEL:575.0,MOT:1,TILT:25.0,TRIM:0.000,ATE:0,LATCH:0,TORQ:1,CR:0.0,FX1:1.00,FY1:-151.10,FX2:-6.00,FY2:-149.60,IK1:1,IK2:1,MOVE:0
[2026-09-10 22:27:19.473] [RX] PITCH:0.72,PID_OUT:-15.84,INT:0.2306,EL:-3802,ER:-2600,VEL:557.2,MOT:1,TILT:25.0,TRIM:0.000,ATE:0,LATCH:0,TORQ:1,CR:0.0,FX1:1.00,FY1:-151.10,FX2:-6.00,FY2:-149.60,IK1:1,IK2:1,MOVE:0
[2026-09-10 22:27:19.573] [RX] PITCH:2.95,PID_OUT:-82.01,INT:0.1480,EL:-3771,ER:-2648,VEL:409.3,MOT:1,TILT:25.0,TRIM:0.000,ATE:0,LATCH:0,TORQ:1,CR:0.0,FX1:1.00,FY1:-151.10,FX2:-6.00,FY2:-149.60,IK1:1,IK2:1,MOVE:0
[2026-09-10 22:27:19.581] [RX] AX12:MODE:0,TQ:1,TL:1023,CM:1,CS:4,MS:0,MT:800
[2026-09-10 22:27:19.671] [RX] PITCH:1.95,PID_OUT:12.24,INT:0.0627,EL:-3744,ER:-2686,VEL:343.9,MOT:1,TILT:25.0,TRIM:0.000,ATE:0,LATCH:0,TORQ:1,CR:0.0,FX1:1.00,FY1:-151.10,FX2:-6.00,FY2:-149.60,IK1:1,IK2:1,MOVE:0
[2026-09-10 22:27:19.676] [RX] SRV:1,40,0.0,0,0
[2026-09-10 22:27:19.772] [RX] PITCH:0.84,PID_OUT:82.96,INT:0.0798,EL:-3713,ER:-2722,VEL:332.3,MOT:1,TILT:25.0,TRIM:0.000,ATE:0,LATCH:0,TORQ:1,CR:0.0,FX1:1.00,FY1:-151.10,FX2:-6.00,FY2:-149.60,IK1:1,IK2:1,MOVE:0
[2026-09-10 22:27:19.872] [RX] PITCH:0.91,PID_OUT:53.01,INT:0.1617,EL:-3682,ER:-2756,VEL:329.0,MOT:1,TILT:25.0,TRIM:0.000,ATE:0,LATCH:0,TORQ:1,CR:0.0,FX1:1.00,FY1:-151.10,FX2:-6.00,FY2:-149.60,IK1:1,IK2:1,MOVE:0
[2026-09-10 22:27:19.974] [RX] PITCH:1.15,PID_OUT:64.64,INT:0.2050,EL:-3650,ER:-2794,VEL:350.5,MOT:1,TILT:25.0,TRIM:0.000,ATE:0,LATCH:0,TORQ:1,CR:0.0,FX1:1.00,FY1:-151.10,FX2:-6.00,FY2:-149.60,IK1:1,IK2:1,MOVE:0
[2026-09-10 22:27:20.083] [RX] PITCH:1.12,PID_OUT:70.83,INT:0.2306,EL:-3618,ER:-2828,VEL:332.8,MOT:1,TILT:25.0,TRIM:0.000,ATE:0,LATCH:0,TORQ:1,CR:0.0,FX1:1.00,FY1:-151.10,FX2:-6.00,FY2:-149.60,IK1:1,IK2:1,MOVE:0
[2026-09-10 22:27:20.083] [RX] AX12:MODE:0,TQ:1,TL:1023,CM:1,CS:4,MS:0,MT:800
[2026-09-10 22:27:20.168] [RX] PITCH:1.32,PID_OUT:47.34,INT:0.2306,EL:-3587,ER:-2863,VEL:330.0,MOT:1,TILT:25.0,TRIM:0.000,ATE:0,LATCH:0,TORQ:1,CR:0.0,FX1:1.00,FY1:-151.10,FX2:-6.00,FY2:-149.60,IK1:1,IK2:1,MOVE:0
[2026-09-10 22:27:20.269] [RX] PITCH:1.50,PID_OUT:39.94,INT:0.2306,EL:-3559,ER:-2896,VEL:304.7,MOT:1,TILT:25.0,TRIM:0.000,ATE:0,LATCH:0,TORQ:1,CR:0.0,FX1:1.00,FY1:-151.10,FX2:-6.00,FY2:-149.60,IK1:1,IK2:1,MOVE:0
[2026-09-10 22:27:20.369] [RX] PITCH:1.85,PID_OUT:27.96,INT:0.2106,EL:-3534,ER:-2926,VEL:272.9,MOT:1,TILT:25.0,TRIM:0.000,ATE:0,LATCH:0,TORQ:1,CR:0.0,FX1:1.00,FY1:-151.10,FX2:-6.00,FY2:-149.60,IK1:1,IK2:1,MOVE:0
[2026-09-10 22:27:20.470] [RX] PITCH:1.66,PID_OUT:50.68,INT:0.1810,EL:-3514,ER:-2960,VEL:273.0,MOT:1,TILT:25.0,TRIM:0.000,ATE:0,LATCH:0,TORQ:1,CR:0.0,FX1:1.00,FY1:-151.10,FX2:-6.00,FY2:-149.60,IK1:1,IK2:1,MOVE:0
[2026-09-10 22:27:20.576] [RX] PITCH:1.42,PID_OUT:66.97,INT:0.1744,EL:-3498,ER:-2994,VEL:252.1,MOT:1,TILT:25.0,TRIM:0.000,ATE:0,LATCH:0,TORQ:1,CR:0.0,FX1:1.00,FY1:-151.10,FX2:-6.00,FY2:-149.60,IK1:1,IK2:1,MOVE:0
[2026-09-10 22:27:20.579] [RX] AX12:MODE:0,TQ:1,TL:1023,CM:1,CS:4,MS:0,MT:800
[2026-09-10 22:27:20.675] [RX] PITCH:1.10,PID_OUT:68.61,INT:0.2073,EL:-3483,ER:-3021,VEL:217.0,MOT:1,TILT:25.0,TRIM:0.000,ATE:0,LATCH:0,TORQ:1,CR:0.0,FX1:1.00,FY1:-151.10,FX2:-6.00,FY2:-149.60,IK1:1,IK2:1,MOVE:0
[2026-09-10 22:27:20.675] [RX] SRV:6,39,0.0,0,0
[2026-09-10 22:27:20.771] [RX] PITCH:1.38,PID_OUT:59.57,INT:0.2306,EL:-3467,ER:-3050,VEL:228.6,MOT:1,TILT:25.0,TRIM:0.000,ATE:0,LATCH:0,TORQ:1,CR:0.0,FX1:1.00,FY1:-151.10,FX2:-6.00,FY2:-149.60,IK1:1,IK2:1,MOVE:0
[2026-09-10 22:27:20.870] [RX] PITCH:1.60,PID_OUT:56.12,INT:0.2208,EL:-3452,ER:-3080,VEL:224.7,MOT:1,TILT:25.0,TRIM:0.000,ATE:0,LATCH:0,TORQ:1,CR:0.0,FX1:1.00,FY1:-151.10,FX2:-6.00,FY2:-149.60,IK1:1,IK2:1,MOVE:0
[2026-09-10 22:27:20.969] [RX] PITCH:1.40,PID_OUT:58.71,INT:0.2258,EL:-3440,ER:-3105,VEL:192.8,MOT:1,TILT:25.0,TRIM:0.000,ATE:0,LATCH:0,TORQ:1,CR:0.0,FX1:1.00,FY1:-151.10,FX2:-6.00,FY2:-149.60,IK1:1,IK2:1,MOVE:0
[2026-09-10 22:27:21.077] [RX] PITCH:1.20,PID_OUT:61.58,INT:0.2306,EL:-3428,ER:-3128,VEL:179.3,MOT:1,TILT:25.0,TRIM:0.000,ATE:0,LATCH:0,TORQ:1,CR:0.0,FX1:1.00,FY1:-151.10,FX2:-6.00,FY2:-149.60,IK1:1,IK2:1,MOVE:0
[2026-09-10 22:27:21.079] [RX] AX12:MODE:0,TQ:1,TL:1023,CM:1,CS:4,MS:0,MT:800
[2026-09-10 22:27:21.169] [RX] PITCH:1.37,PID_OUT:63.73,INT:0.2306,EL:-3416,ER:-3155,VEL:189.3,MOT:1,TILT:25.0,TRIM:0.000,ATE:0,LATCH:0,TORQ:1,CR:0.0,FX1:1.00,FY1:-151.10,FX2:-6.00,FY2:-149.60,IK1:1,IK2:1,MOVE:0
[2026-09-10 22:27:21.268] [RX] PITCH:-0.23,PID_OUT:191.93,INT:0.2306,EL:-3405,ER:-3178,VEL:167.5,MOT:1,TILT:25.0,TRIM:0.000,ATE:0,LATCH:0,TORQ:1,CR:0.0,FX1:1.00,FY1:-151.10,FX2:-6.00,FY2:-149.60,IK1:1,IK2:1,MOVE:0
[2026-09-10 22:27:21.368] [RX] PITCH:-1.19,PID_OUT:44.25,INT:0.2306,EL:-3375,ER:-3195,VEL:226.0,MOT:1,TILT:25.0,TRIM:0.000,ATE:0,LATCH:0,TORQ:1,CR:0.0,FX1:1.00,FY1:-151.10,FX2:-6.00,FY2:-149.60,IK1:1,IK2:1,MOVE:0
[2026-09-10 22:27:21.467] [RX] PITCH:2.96,PID_OUT:-166.86,INT:0.2053,EL:-3362,ER:-3193,VEL:49.9,MOT:1,TILT:25.0,TRIM:0.000,ATE:0,LATCH:0,TORQ:1,CR:0.0,FX1:1.00,FY1:-151.10,FX2:-6.00,FY2:-149.60,IK1:1,IK2:1,MOVE:0
[2026-09-10 22:27:21.578] [RX] PITCH:4.16,PID_OUT:-146.86,INT:-0.0393,EL:-3377,ER:-3177,VEL:-133.0,MOT:1,TILT:25.0,TRIM:0.000,ATE:0,LATCH:0,TORQ:1,CR:0.0,FX1:1.00,FY1:-151.10,FX2:-6.00,FY2:-149.60,IK1:1,IK2:1,MOVE:0
[2026-09-10 22:27:21.579] [RX] AX12:MODE:0,TQ:1,TL:1023,CM:1,CS:4,MS:0,MT:800
[2026-09-10 22:27:21.668] [RX] PITCH:3.25,PID_OUT:-103.63,INT:-0.2306,EL:-3416,ER:-3151,VEL:-293.2,MOT:1,TILT:25.0,TRIM:0.000,ATE:0,LATCH:0,TORQ:1,CR:0.0,FX1:1.00,FY1:-151.10,FX2:-6.00,FY2:-149.60,IK1:1,IK2:1,MOVE:0
[2026-09-10 22:27:21.671] [RX] SRV:0,39,0.0,0,0
[2026-09-10 22:27:21.767] [RX] PITCH:2.05,PID_OUT:-66.29,INT:-0.2306,EL:-3457,ER:-3122,VEL:-343.8,MOT:1,TILT:25.0,TRIM:0.000,ATE:0,LATCH:0,TORQ:1,CR:0.0,FX1:1.00,FY1:-151.10,FX2:-6.00,FY2:-149.60,IK1:1,IK2:1,MOVE:0
[2026-09-10 22:27:21.868] [RX] PITCH:2.08,PID_OUT:-96.42,INT:-0.2306,EL:-3492,ER:-3094,VEL:-329.3,MOT:1,TILT:25.0,TRIM:0.000,ATE:0,LATCH:0,TORQ:1,CR:0.0,FX1:1.00,FY1:-151.10,FX2:-6.00,FY2:-149.60,IK1:1,IK2:1,MOVE:0
[2026-09-10 22:27:21.963] [RX] PITCH:2.20,PID_OUT:-106.08,INT:-0.2306,EL:-3532,ER:-3065,VEL:-344.8,MOT:1,TILT:25.0,TRIM:0.000,ATE:0,LATCH:0,TORQ:1,CR:0.0,FX1:1.00,FY1:-151.10,FX2:-6.00,FY2:-149.60,IK1:1,IK2:1,MOVE:0
[2026-09-10 22:27:22.076] [RX] PITCH:2.16,PID_OUT:-103.90,INT:-0.2306,EL:-3573,ER:-3032,VEL:-370.4,MOT:1,TILT:25.0,TRIM:0.000,ATE:0,LATCH:0,TORQ:1,CR:0.0,FX1:1.00,FY1:-151.10,FX2:-6.00,FY2:-149.60,IK1:1,IK2:1,MOVE:0
[2026-09-10 22:27:22.079] [RX] AX12:MODE:0,TQ:1,TL:1023,CM:1,CS:4,MS:0,MT:800
[2026-09-10 22:27:22.166] [RX] PITCH:2.39,PID_OUT:-115.41,INT:-0.2306,EL:-3614,ER:-2996,VEL:-385.6,MOT:1,TILT:25.0,TRIM:0.000,ATE:0,LATCH:0,TORQ:1,CR:0.0,FX1:1.00,FY1:-151.10,FX2:-6.00,FY2:-149.60,IK1:1,IK2:1,MOVE:0
[2026-09-10 22:27:22.269] [RX] PITCH:2.45,PID_OUT:-110.03,INT:-0.2306,EL:-3660,ER:-2957,VEL:-421.6,MOT:1,TILT:25.0,TRIM:0.000,ATE:0,LATCH:0,TORQ:1,CR:0.0,FX1:1.00,FY1:-151.10,FX2:-6.00,FY2:-149.60,IK1:1,IK2:1,MOVE:0
[2026-09-10 22:27:22.370] [RX] PITCH:2.22,PID_OUT:-122.39,INT:-0.2306,EL:-3710,ER:-2914,VEL:-459.3,MOT:1,TILT:25.0,TRIM:0.000,ATE:0,LATCH:0,TORQ:1,CR:0.0,FX1:1.00,FY1:-151.10,FX2:-6.00,FY2:-149.60,IK1:1,IK2:1,MOVE:0
[2026-09-10 22:27:22.471] [RX] PITCH:3.71,PID_OUT:-120.05,INT:-0.2306,EL:-3763,ER:-2867,VEL:-501.7,MOT:1,TILT:25.0,TRIM:0.000,ATE:0,LATCH:0,TORQ:1,CR:0.0,FX1:1.00,FY1:-151.10,FX2:-6.00,FY2:-149.60,IK1:1,IK2:1,MOVE:0
[2026-09-10 22:27:22.571] [RX] PITCH:2.02,PID_OUT:21.22,INT:-0.2306,EL:-3819,ER:-2817,VEL:-521.5,MOT:1,TILT:25.0,TRIM:0.000,ATE:0,LATCH:0,TORQ:1,CR:0.0,FX1:1.00,FY1:-151.10,FX2:-6.00,FY2:-149.60,IK1:1,IK2:1,MOVE:0
[2026-09-10 22:27:22.579] [RX] AX12:MODE:0,TQ:1,TL:1023,CM:1,CS:4,MS:0,MT:800
[2026-09-10 22:27:22.670] [RX] PITCH:-0.20,PID_OUT:55.40,INT:-0.1374,EL:-3865,ER:-2784,VEL:-406.5,MOT:1,TILT:25.0,TRIM:0.000,ATE:0,LATCH:0,TORQ:1,CR:0.0,FX1:1.00,FY1:-151.10,FX2:-6.00,FY2:-149.60,IK1:1,IK2:1,MOVE:0
[2026-09-10 22:27:22.670] [RX] SRV:14,38,0.0,0,0
[2026-09-10 22:27:22.765] [RX] PITCH:0.70,PID_OUT:-4.17,INT:-0.0101,EL:-3899,ER:-2765,VEL:-292.7,MOT:1,TILT:25.0,TRIM:0.000,ATE:0,LATCH:0,TORQ:1,CR:0.0,FX1:1.00,FY1:-151.10,FX2:-6.00,FY2:-149.60,IK1:1,IK2:1,MOVE:0
[2026-09-10 22:27:22.863] [RX] PITCH:2.08,PID_OUT:-98.19,INT:0.0030,EL:-3931,ER:-2741,VEL:-289.6,MOT:1,TILT:25.0,TRIM:0.000,ATE:0,LATCH:0,TORQ:1,CR:0.0,FX1:1.00,FY1:-151.10,FX2:-6.00,FY2:-149.60,IK1:1,IK2:1,MOVE:0
[2026-09-10 22:27:22.965] [RX] PITCH:2.27,PID_OUT:-88.94,INT:-0.0695,EL:-3969,ER:-2717,VEL:-309.2,MOT:1,TILT:25.0,TRIM:0.000,ATE:0,LATCH:0,TORQ:1,CR:0.0,FX1:1.00,FY1:-151.10,FX2:-6.00,FY2:-149.60,IK1:1,IK2:1,MOVE:0
[2026-09-10 22:27:23.069] [RX] PITCH:2.22,PID_OUT:-83.54,INT:-0.1494,EL:-4007,ER:-2689,VEL:-330.7,MOT:1,TILT:25.0,TRIM:0.000,ATE:0,LATCH:0,TORQ:1,CR:0.0,FX1:1.00,FY1:-151.10,FX2:-6.00,FY2:-149.60,IK1:1,IK2:1,MOVE:0
[2026-09-10 22:27:23.078] [RX] AX12:MODE:0,TQ:1,TL:1023,CM:1,CS:4,MS:0,MT:800
[2026-09-10 22:27:23.165] [RX] PITCH:1.81,PID_OUT:-69.06,INT:-0.2057,EL:-4042,ER:-2661,VEL:-322.5,MOT:1,TILT:25.0,TRIM:0.000,ATE:0,LATCH:0,TORQ:1,CR:0.0,FX1:1.00,FY1:-151.10,FX2:-6.00,FY2:-149.60,IK1:1,IK2:1,MOVE:0
[2026-09-10 22:27:23.266] [RX] PITCH:1.52,PID_OUT:-73.60,INT:-0.2196,EL:-4078,ER:-2632,VEL:-319.0,MOT:1,TILT:25.0,TRIM:0.000,ATE:0,LATCH:0,TORQ:1,CR:0.0,FX1:1.00,FY1:-151.10,FX2:-6.00,FY2:-149.60,IK1:1,IK2:1,MOVE:0
[2026-09-10 22:27:23.367] [RX] PITCH:1.41,PID_OUT:-62.61,INT:-0.2158,EL:-4115,ER:-2603,VEL:-324.2,MOT:1,TILT:25.0,TRIM:0.000,ATE:0,LATCH:0,TORQ:1,CR:0.0,FX1:1.00,FY1:-151.10,FX2:-6.00,FY2:-149.60,IK1:1,IK2:1,MOVE:0
[2026-09-10 22:27:23.466] [RX] PITCH:1.35,PID_OUT:-59.45,INT:-0.2059,EL:-4146,ER:-2575,VEL:-307.1,MOT:1,TILT:25.0,TRIM:0.000,ATE:0,LATCH:0,TORQ:1,CR:0.0,FX1:1.00,FY1:-151.10,FX2:-6.00,FY2:-149.60,IK1:1,IK2:1,MOVE:0
[2026-09-10 22:27:23.570] [RX] PITCH:1.46,PID_OUT:-69.44,INT:-0.1914,EL:-4184,ER:-2549,VEL:-318.8,MOT:1,TILT:25.0,TRIM:0.000,ATE:0,LATCH:0,TORQ:1,CR:0.0,FX1:1.00,FY1:-151.10,FX2:-6.00,FY2:-149.60,IK1:1,IK2:1,MOVE:0
[2026-09-10 22:27:23.579] [RX] AX12:MODE:0,TQ:1,TL:1023,CM:1,CS:4,MS:0,MT:800
[2026-09-10 22:27:23.671] [RX] PITCH:1.85,PID_OUT:-95.88,INT:-0.2053,EL:-4221,ER:-2522,VEL:-325.1,MOT:1,TILT:25.0,TRIM:0.000,ATE:0,LATCH:0,TORQ:1,CR:0.0,FX1:1.00,FY1:-151.10,FX2:-6.00,FY2:-149.60,IK1:1,IK2:1,MOVE:0
[2026-09-10 22:27:23.672] [RX] SRV:1,40,0.0,0,0
[2026-09-10 22:27:23.764] [RX] PITCH:2.03,PID_OUT:-88.97,INT:-0.2306,EL:-4259,ER:-2494,VEL:-331.3,MOT:1,TILT:25.0,TRIM:0.000,ATE:0,LATCH:0,TORQ:1,CR:0.0,FX1:1.00,FY1:-151.10,FX2:-6.00,FY2:-149.60,IK1:1,IK2:1,MOVE:0
[2026-09-10 22:27:23.862] [RX] PITCH:1.45,PID_OUT:-60.41,INT:-0.2301,EL:-4294,ER:-2466,VEL:-315.0,MOT:1,TILT:25.0,TRIM:0.000,ATE:0,LATCH:0,TORQ:1,CR:0.0,FX1:1.00,FY1:-151.10,FX2:-6.00,FY2:-149.60,IK1:1,IK2:1,MOVE:0
[2026-09-10 22:27:23.963] [RX] PITCH:1.42,PID_OUT:-74.41,INT:-0.2155,EL:-4330,ER:-2440,VEL:-308.9,MOT:1,TILT:25.0,TRIM:0.000,ATE:0,LATCH:0,TORQ:1,CR:0.0,FX1:1.00,FY1:-151.10,FX2:-6.00,FY2:-149.60,IK1:1,IK2:1,MOVE:0
[2026-09-10 22:27:24.069] [RX] PITCH:1.89,PID_OUT:-79.47,INT:-0.2306,EL:-4369,ER:-2414,VEL:-318.8,MOT:1,TILT:25.0,TRIM:0.000,ATE:0,LATCH:0,TORQ:1,CR:0.0,FX1:1.00,FY1:-151.10,FX2:-6.00,FY2:-149.60,IK1:1,IK2:1,MOVE:0
[2026-09-10 22:27:24.075] [RX] AX12:MODE:0,TQ:1,TL:1023,CM:1,CS:4,MS:0,MT:800
[2026-09-10 22:27:24.162] [RX] PITCH:1.34,PID_OUT:-62.73,INT:-0.2225,EL:-4405,ER:-2388,VEL:-304.7,MOT:1,TILT:25.0,TRIM:0.000,ATE:0,LATCH:0,TORQ:1,CR:0.0,FX1:1.00,FY1:-151.10,FX2:-6.00,FY2:-149.60,IK1:1,IK2:1,MOVE:0
[2026-09-10 22:27:24.264] [RX] PITCH:1.48,PID_OUT:-64.41,INT:-0.2159,EL:-4439,ER:-2362,VEL:-301.7,MOT:1,TILT:25.0,TRIM:0.000,ATE:0,LATCH:0,TORQ:1,CR:0.0,FX1:1.00,FY1:-151.10,FX2:-6.00,FY2:-149.60,IK1:1,IK2:1,MOVE:0
[2026-09-10 22:27:24.359] [RX] PITCH:1.44,PID_OUT:-71.02,INT:-0.2116,EL:-4474,ER:-2339,VEL:-284.1,MOT:1,TILT:25.0,TRIM:0.000,ATE:0,LATCH:0,TORQ:1,CR:0.0,FX1:1.00,FY1:-151.10,FX2:-6.00,FY2:-149.60,IK1:1,IK2:1,MOVE:0
[2026-09-10 22:27:24.463] [RX] PITCH:1.39,PID_OUT:-54.80,INT:-0.2021,EL:-4510,ER:-2316,VEL:-294.7,MOT:1,TILT:25.0,TRIM:0.000,ATE:0,LATCH:0,TORQ:1,CR:0.0,FX1:1.00,FY1:-151.10,FX2:-6.00,FY2:-149.60,IK1:1,IK2:1,MOVE:0
[2026-09-10 22:27:24.562] [RX] PITCH:1.45,PID_OUT:-66.01,INT:-0.1968,EL:-4547,ER:-2294,VEL:-296.4,MOT:1,TILT:25.0,TRIM:0.000,ATE:0,LATCH:0,TORQ:1,CR:0.0,FX1:1.00,FY1:-151.10,FX2:-6.00,FY2:-149.60,IK1:1,IK2:1,MOVE:0
[2026-09-10 22:27:24.571] [RX] AX12:MODE:0,TQ:1,TL:1023,CM:1,CS:4,MS:0,MT:800
[2026-09-10 22:27:24.667] [RX] PITCH:1.59,PID_OUT:-76.08,INT:-0.1974,EL:-4585,ER:-2272,VEL:-299.8,MOT:1,TILT:25.0,TRIM:0.000,ATE:0,LATCH:0,TORQ:1,CR:0.0,FX1:1.00,FY1:-151.10,FX2:-6.00,FY2:-149.60,IK1:1,IK2:1,MOVE:0
[2026-09-10 22:27:24.667] [RX] SRV:6,39,0.0,0,0
[2026-09-10 22:27:24.763] [RX] PITCH:1.68,PID_OUT:-62.53,INT:-0.2227,EL:-4625,ER:-2250,VEL:-311.9,MOT:1,TILT:25.0,TRIM:0.000,ATE:0,LATCH:0,TORQ:1,CR:0.0,FX1:1.00,FY1:-151.10,FX2:-6.00,FY2:-149.60,IK1:1,IK2:1,MOVE:0
[2026-09-10 22:27:24.859] [RX] PITCH:1.32,PID_OUT:-58.13,INT:-0.2120,EL:-4659,ER:-2228,VEL:-285.5,MOT:1,TILT:25.0,TRIM:0.000,ATE:0,LATCH:0,TORQ:1,CR:0.0,FX1:1.00,FY1:-151.10,FX2:-6.00,FY2:-149.60,IK1:1,IK2:1,MOVE:0
[2026-09-10 22:27:24.962] [RX] PITCH:1.53,PID_OUT:-60.18,INT:-0.2094,EL:-4700,ER:-2209,VEL:-297.1,MOT:1,TILT:25.0,TRIM:0.000,ATE:0,LATCH:0,TORQ:1,CR:0.0,FX1:1.00,FY1:-151.10,FX2:-6.00,FY2:-149.60,IK1:1,IK2:1,MOVE:0
[2026-09-10 22:27:25.072] [RX] PITCH:1.40,PID_OUT:-57.24,INT:-0.1993,EL:-4738,ER:-2191,VEL:-281.1,MOT:1,TILT:25.0,TRIM:0.000,ATE:0,LATCH:0,TORQ:1,CR:0.0,FX1:1.00,FY1:-151.10,FX2:-6.00,FY2:-149.60,IK1:1,IK2:1,MOVE:0
[2026-09-10 22:27:25.072] [RX] AX12:MODE:0,TQ:1,TL:1023,CM:1,CS:4,MS:0,MT:800
[2026-09-10 22:27:25.160] [RX] PITCH:1.47,PID_OUT:-58.83,INT:-0.1901,EL:-4774,ER:-2176,VEL:-265.2,MOT:1,TILT:25.0,TRIM:0.000,ATE:0,LATCH:0,TORQ:1,CR:0.0,FX1:1.00,FY1:-151.10,FX2:-6.00,FY2:-149.60,IK1:1,IK2:1,MOVE:0
[2026-09-10 22:27:25.262] [RX] PITCH:1.60,PID_OUT:-58.94,INT:-0.2006,EL:-4810,ER:-2164,VEL:-250.9,MOT:1,TILT:25.0,TRIM:0.000,ATE:0,LATCH:0,TORQ:1,CR:0.0,FX1:1.00,FY1:-151.10,FX2:-6.00,FY2:-149.60,IK1:1,IK2:1,MOVE:0
[2026-09-10 22:27:25.362] [RX] PITCH:1.40,PID_OUT:-50.49,INT:-0.1958,EL:-4846,ER:-2152,VEL:-246.4,MOT:1,TILT:25.0,TRIM:0.000,ATE:0,LATCH:0,TORQ:1,CR:0.0,FX1:1.00,FY1:-151.10,FX2:-6.00,FY2:-149.60,IK1:1,IK2:1,MOVE:0
[2026-09-10 22:27:25.460] [RX] PITCH:1.27,PID_OUT:-48.43,INT:-0.1785,EL:-4877,ER:-2142,VEL:-216.5,MOT:1,TILT:25.0,TRIM:0.000,ATE:0,LATCH:0,TORQ:1,CR:0.0,FX1:1.00,FY1:-151.10,FX2:-6.00,FY2:-149.60,IK1:1,IK2:1,MOVE:0
[2026-09-10 22:27:25.566] [RX] PITCH:1.43,PID_OUT:-55.43,INT:-0.1642,EL:-4905,ER:-2136,VEL:-182.6,MOT:1,TILT:25.0,TRIM:0.000,ATE:0,LATCH:0,TORQ:1,CR:0.0,FX1:1.00,FY1:-151.10,FX2:-6.00,FY2:-149.60,IK1:1,IK2:1,MOVE:0
[2026-09-10 22:27:25.571] [RX] AX12:MODE:0,TQ:1,TL:1023,CM:1,CS:4,MS:0,MT:800
[2026-09-10 22:27:25.662] [RX] PITCH:1.47,PID_OUT:-52.84,INT:-0.1606,EL:-4933,ER:-2132,VEL:-173.7,MOT:1,TILT:25.0,TRIM:0.000,ATE:0,LATCH:0,TORQ:1,CR:0.0,FX1:1.00,FY1:-151.10,FX2:-6.00,FY2:-149.60,IK1:1,IK2:1,MOVE:0
[2026-09-10 22:27:25.665] [RX] SRV:0,39,0.0,0,0
[2026-09-10 22:27:25.759] [RX] PITCH:1.54,PID_OUT:-60.13,INT:-0.1635,EL:-4956,ER:-2131,VEL:-141.2,MOT:1,TILT:25.0,TRIM:0.000,ATE:0,LATCH:0,TORQ:1,CR:0.0,FX1:1.00,FY1:-151.10,FX2:-6.00,FY2:-149.60,IK1:1,IK2:1,MOVE:0
[2026-09-10 22:27:25.862] [RX] PITCH:1.41,PID_OUT:-40.67,INT:-0.1642,EL:-4980,ER:-2131,VEL:-130.1,MOT:1,TILT:25.0,TRIM:0.000,ATE:0,LATCH:0,TORQ:1,CR:0.0,FX1:1.00,FY1:-151.10,FX2:-6.00,FY2:-149.60,IK1:1,IK2:1,MOVE:0
[2026-09-10 22:27:25.961] [RX] PITCH:1.22,PID_OUT:-18.86,INT:-0.1434,EL:-4988,ER:-2131,VEL:-43.4,MOT:1,TILT:25.0,TRIM:0.000,ATE:0,LATCH:0,TORQ:1,CR:0.0,FX1:1.00,FY1:-151.10,FX2:-6.00,FY2:-149.60,IK1:1,IK2:1,MOVE:0
[2026-09-10 22:27:26.068] [RX] PITCH:0.69,PID_OUT:44.70,INT:-0.0909,EL:-4988,ER:-2166,VEL:195.8,MOT:1,TILT:25.0,TRIM:0.000,ATE:0,LATCH:0,TORQ:1,CR:0.0,FX1:1.00,FY1:-151.10,FX2:-6.00,FY2:-149.60,IK1:1,IK2:1,MOVE:0
[2026-09-10 22:27:26.068] [RX] AX12:MODE:0,TQ:1,TL:1023,CM:1,CS:4,MS:0,MT:800
[2026-09-10 22:27:26.160] [RX] PITCH:0.10,PID_OUT:95.91,INT:0.0311,EL:-4984,ER:-2178,VEL:116.2,MOT:1,TILT:25.0,TRIM:0.000,ATE:0,LATCH:0,TORQ:1,CR:0.0,FX1:1.00,FY1:-151.10,FX2:-6.00,FY2:-149.60,IK1:1,IK2:1,MOVE:0
[2026-09-10 22:27:26.261] [RX] PITCH:-0.15,PID_OUT:112.60,INT:0.2013,EL:-4975,ER:-2201,VEL:160.1,MOT:1,TILT:25.0,TRIM:0.000,ATE:0,LATCH:0,TORQ:1,CR:0.0,FX1:1.00,FY1:-151.10,FX2:-6.00,FY2:-149.60,IK1:1,IK2:1,MOVE:0
[2026-09-10 22:27:26.359] [RX] PITCH:0.72,PID_OUT:80.20,INT:0.2306,EL:-4957,ER:-2234,VEL:237.7,MOT:1,TILT:25.0,TRIM:0.000,ATE:0,LATCH:0,TORQ:1,CR:0.0,FX1:1.00,FY1:-151.10,FX2:-6.00,FY2:-149.60,IK1:1,IK2:1,MOVE:0
[2026-09-10 22:27:26.457] [RX] PITCH:0.64,PID_OUT:96.49,INT:0.2306,EL:-4938,ER:-2273,VEL:286.8,MOT:1,TILT:25.0,TRIM:0.000,ATE:0,LATCH:0,TORQ:1,CR:0.0,FX1:1.00,FY1:-151.10,FX2:-6.00,FY2:-149.60,IK1:1,IK2:1,MOVE:0
[2026-09-10 22:27:26.559] [RX] PITCH:0.59,PID_OUT:95.66,INT:0.2306,EL:-4916,ER:-2310,VEL:293.1,MOT:1,TILT:25.0,TRIM:0.000,ATE:0,LATCH:0,TORQ:1,CR:0.0,FX1:1.00,FY1:-151.10,FX2:-6.00,FY2:-149.60,IK1:1,IK2:1,MOVE:0
[2026-09-10 22:27:26.568] [RX] AX12:MODE:0,TQ:1,TL:1023,CM:1,CS:4,MS:0,MT:800
[2026-09-10 22:27:26.657] [RX] PITCH:0.43,PID_OUT:115.97,INT:0.2306,EL:-4890,ER:-2348,VEL:323.1,MOT:1,TILT:25.0,TRIM:0.000,ATE:0,LATCH:0,TORQ:1,CR:0.0,FX1:1.00,FY1:-151.10,FX2:-6.00,FY2:-149.60,IK1:1,IK2:1,MOVE:0
[2026-09-10 22:27:26.662] [RX] SRV:14,38,0.0,0,0
[2026-09-10 22:27:26.759] [RX] PITCH:0.35,PID_OUT:107.33,INT:0.2306,EL:-4861,ER:-2388,VEL:339.0,MOT:1,TILT:25.0,TRIM:0.000,ATE:0,LATCH:0,TORQ:1,CR:0.0,FX1:1.00,FY1:-151.10,FX2:-6.00,FY2:-149.60,IK1:1,IK2:1,MOVE:0
[2026-09-10 22:27:26.857] [RX] PITCH:0.47,PID_OUT:109.77,INT:0.2306,EL:-4828,ER:-2425,VEL:348.8,MOT:1,TILT:25.0,TRIM:0.000,ATE:0,LATCH:0,TORQ:1,CR:0.0,FX1:1.00,FY1:-151.10,FX2:-6.00,FY2:-149.60,IK1:1,IK2:1,MOVE:0
[2026-09-10 22:27:26.958] [RX] PITCH:0.31,PID_OUT:114.22,INT:0.2306,EL:-4791,ER:-2461,VEL:362.1,MOT:1,TILT:25.0,TRIM:0.000,ATE:0,LATCH:0,TORQ:1,CR:0.0,FX1:1.00,FY1:-151.10,FX2:-6.00,FY2:-149.60,IK1:1,IK2:1,MOVE:0
[2026-09-10 22:27:27.063] [RX] PITCH:0.24,PID_OUT:120.03,INT:0.2306,EL:-4751,ER:-2502,VEL:399.3,MOT:1,TILT:25.0,TRIM:0.000,ATE:0,LATCH:0,TORQ:1,CR:0.0,FX1:1.00,FY1:-151.10,FX2:-6.00,FY2:-149.60,IK1:1,IK2:1,MOVE:0
[2026-09-10 22:27:27.063] [RX] AX12:MODE:0,TQ:1,TL:1023,CM:1,CS:4,MS:0,MT:800
[2026-09-10 22:27:27.159] [RX] PITCH:0.33,PID_OUT:102.36,INT:0.2306,EL:-4707,ER:-2544,VEL:426.8,MOT:1,TILT:25.0,TRIM:0.000,ATE:0,LATCH:0,TORQ:1,CR:0.0,FX1:1.00,FY1:-151.10,FX2:-6.00,FY2:-149.60,IK1:1,IK2:1,MOVE:0
[2026-09-10 22:27:27.258] [RX] PITCH:0.68,PID_OUT:109.29,INT:0.2306,EL:-4661,ER:-2588,VEL:445.4,MOT:1,TILT:25.0,TRIM:0.000,ATE:0,LATCH:0,TORQ:1,CR:0.0,FX1:1.00,FY1:-151.10,FX2:-6.00,FY2:-149.60,IK1:1,IK2:1,MOVE:0
[2026-09-10 22:27:27.358] [RX] PITCH:0.16,PID_OUT:119.58,INT:0.2306,EL:-4613,ER:-2636,VEL:476.8,MOT:1,TILT:25.0,TRIM:0.000,ATE:0,LATCH:0,TORQ:1,CR:0.0,FX1:1.00,FY1:-151.10,FX2:-6.00,FY2:-149.60,IK1:1,IK2:1,MOVE:0
[2026-09-10 22:27:27.458] [RX] PITCH:0.42,PID_OUT:110.32,INT:0.2306,EL:-4561,ER:-2689,VEL:515.6,MOT:1,TILT:25.0,TRIM:0.000,ATE:0,LATCH:0,TORQ:1,CR:0.0,FX1:1.00,FY1:-151.10,FX2:-6.00,FY2:-149.60,IK1:1,IK2:1,MOVE:0
[2026-09-10 22:27:27.571] [RX] PITCH:0.56,PID_OUT:124.02,INT:0.2306,EL:-4507,ER:-2743,VEL:537.2,MOT:1,TILT:25.0,TRIM:0.000,ATE:0,LATCH:0,TORQ:1,CR:0.0,FX1:1.00,FY1:-151.10,FX2:-6.00,FY2:-149.60,IK1:1,IK2:1,MOVE:0
[2026-09-10 22:27:27.571] [RX] AX12:MODE:0,TQ:1,TL:1023,CM:1,CS:4,MS:0,MT:800
[2026-09-10 22:27:27.657] [RX] PITCH:0.15,PID_OUT:142.50,INT:0.2306,EL:-4451,ER:-2800,VEL:564.4,MOT:1,TILT:25.0,TRIM:0.000,ATE:0,LATCH:0,TORQ:1,CR:0.0,FX1:1.00,FY1:-151.10,FX2:-6.00,FY2:-149.60,IK1:1,IK2:1,MOVE:0
[2026-09-10 22:27:27.660] [RX] SRV:1,40,0.0,0,0
[2026-09-10 22:27:27.756] [RX] PITCH:0.04,PID_OUT:150.30,INT:0.2306,EL:-4391,ER:-2860,VEL:604.2,MOT:1,TILT:25.0,TRIM:0.000,ATE:0,LATCH:0,TORQ:1,CR:0.0,FX1:1.00,FY1:-151.10,FX2:-6.00,FY2:-149.60,IK1:1,IK2:1,MOVE:0
[2026-09-10 22:27:27.855] [RX] PITCH:-0.34,PID_OUT:177.45,INT:0.2306,EL:-4327,ER:-2925,VEL:643.5,MOT:1,TILT:25.0,TRIM:0.000,ATE:0,LATCH:0,TORQ:1,CR:0.0,FX1:1.00,FY1:-151.10,FX2:-6.00,FY2:-149.60,IK1:1,IK2:1,MOVE:0
[2026-09-10 22:27:27.956] [RX] PITCH:-0.44,PID_OUT:172.26,INT:0.2306,EL:-4257,ER:-2997,VEL:704.3,MOT:1,TILT:25.0,TRIM:0.000,ATE:0,LATCH:0,TORQ:1,CR:0.0,FX1:1.00,FY1:-151.10,FX2:-6.00,FY2:-149.60,IK1:1,IK2:1,MOVE:0
[2026-09-10 22:27:28.067] [RX] PITCH:-0.27,PID_OUT:153.22,INT:0.2306,EL:-4182,ER:-3075,VEL:758.5,MOT:1,TILT:25.0,TRIM:0.000,ATE:0,LATCH:0,TORQ:1,CR:0.0,FX1:1.00,FY1:-151.10,FX2:-6.00,FY2:-149.60,IK1:1,IK2:1,MOVE:0
[2026-09-10 22:27:28.067] [RX] AX12:MODE:0,TQ:1,TL:1023,CM:1,CS:4,MS:0,MT:800
[2026-09-10 22:27:28.155] [RX] PITCH:-3.77,PID_OUT:199.54,INT:0.2306,EL:-4099,ER:-3159,VEL:834.4,MOT:1,TILT:25.0,TRIM:0.000,ATE:0,LATCH:0,TORQ:1,CR:0.0,FX1:1.00,FY1:-151.10,FX2:-6.00,FY2:-149.60,IK1:1,IK2:1,MOVE:0
[2026-09-10 22:27:28.255] [RX] PITCH:-2.48,PID_OUT:-121.27,INT:0.2306,EL:-4011,ER:-3251,VEL:876.8,MOT:1,TILT:25.0,TRIM:0.000,ATE:0,LATCH:0,TORQ:1,CR:0.0,FX1:1.00,FY1:-151.10,FX2:-6.00,FY2:-149.60,IK1:1,IK2:1,MOVE:0
[2026-09-10 22:27:28.355] [RX] PITCH:2.52,PID_OUT:-104.14,INT:0.2123,EL:-3958,ER:-3315,VEL:564.0,MOT:1,TILT:25.0,TRIM:0.000,ATE:0,LATCH:0,TORQ:1,CR:0.0,FX1:1.00,FY1:-151.10,FX2:-6.00,FY2:-149.60,IK1:1,IK2:1,MOVE:0
[2026-09-10 22:27:28.456] [RX] PITCH:3.74,PID_OUT:-143.02,INT:0.0807,EL:-3961,ER:-3331,VEL:148.6,MOT:1,TILT:25.0,TRIM:0.000,ATE:0,LATCH:0,TORQ:1,CR:0.0,FX1:1.00,FY1:-151.10,FX2:-6.00,FY2:-149.60,IK1:1,IK2:1,MOVE:0
[2026-09-10 22:27:28.561] [RX] PITCH:4.85,PID_OUT:-200.51,INT:-0.2291,EL:-3980,ER:-3322,VEL:-110.9,MOT:1,TILT:25.0,TRIM:0.000,ATE:0,LATCH:0,TORQ:1,CR:0.0,FX1:1.00,FY1:-151.10,FX2:-6.00,FY2:-149.60,IK1:1,IK2:1,MOVE:0
[2026-09-10 22:27:28.565] [RX] AX12:MODE:0,TQ:1,TL:1023,CM:1,CS:4,MS:0,MT:800
[2026-09-10 22:27:28.662] [RX] PITCH:3.66,PID_OUT:-132.51,INT:-0.2306,EL:-4018,ER:-3295,VEL:-289.2,MOT:1,TILT:25.0,TRIM:0.000,ATE:0,LATCH:0,TORQ:1,CR:0.0,FX1:1.00,FY1:-151.10,FX2:-6.00,FY2:-149.60,IK1:1,IK2:1,MOVE:0
[2026-09-10 22:27:28.662] [RX] SRV:6,39,0.0,0,0
[2026-09-10 22:27:28.755] [RX] PITCH:3.66,PID_OUT:-183.11,INT:-0.2306,EL:-4062,ER:-3260,VEL:-383.9,MOT:1,TILT:25.0,TRIM:0.000,ATE:0,LATCH:0,TORQ:1,CR:0.0,FX1:1.00,FY1:-151.10,FX2:-6.00,FY2:-149.60,IK1:1,IK2:1,MOVE:0
[2026-09-10 22:27:28.858] [RX] PITCH:3.42,PID_OUT:-161.35,INT:-0.2306,EL:-4118,ER:-3216,VEL:-486.2,MOT:1,TILT:25.0,TRIM:0.000,ATE:0,LATCH:0,TORQ:1,CR:0.0,FX1:1.00,FY1:-151.10,FX2:-6.00,FY2:-149.60,IK1:1,IK2:1,MOVE:0
[2026-09-10 22:27:28.956] [RX] PITCH:4.29,PID_OUT:-170.72,INT:-0.2306,EL:-4185,ER:-3160,VEL:-606.6,MOT:1,TILT:25.0,TRIM:0.000,ATE:0,LATCH:0,TORQ:1,CR:0.0,FX1:1.00,FY1:-151.10,FX2:-6.00,FY2:-149.60,IK1:1,IK2:1,MOVE:0
[2026-09-10 22:27:29.066] [RX] PITCH:5.07,PID_OUT:-242.23,INT:-0.2306,EL:-4264,ER:-3094,VEL:-712.6,MOT:1,TILT:25.0,TRIM:0.000,ATE:0,LATCH:0,TORQ:1,CR:0.0,FX1:1.00,FY1:-151.10,FX2:-6.00,FY2:-149.60,IK1:1,IK2:1,MOVE:0
[2026-09-10 22:27:29.066] [RX] AX12:MODE:0,TQ:1,TL:1023,CM:1,CS:4,MS:0,MT:800
[2026-09-10 22:27:29.153] [RX] PITCH:5.99,PID_OUT:-84.07,INT:-0.2306,EL:-4357,ER:-3015,VEL:-834.5,MOT:1,TILT:25.0,TRIM:0.000,ATE:0,LATCH:0,TORQ:1,CR:0.0,FX1:1.00,FY1:-151.10,FX2:-6.00,FY2:-149.60,IK1:1,IK2:1,MOVE:0
[2026-09-10 22:27:29.253] [RX] PITCH:2.43,PID_OUT:95.70,INT:-0.2306,EL:-4447,ER:-2946,VEL:-777.1,MOT:1,TILT:25.0,TRIM:0.000,ATE:0,LATCH:0,TORQ:1,CR:0.0,FX1:1.00,FY1:-151.10,FX2:-6.00,FY2:-149.60,IK1:1,IK2:1,MOVE:0
[2026-09-10 22:27:29.354] [RX] PITCH:-0.28,PID_OUT:151.10,INT:-0.1746,EL:-4499,ER:-2907,VEL:-480.2,MOT:1,TILT:25.0,TRIM:0.000,ATE:0,LATCH:0,TORQ:1,CR:0.0,FX1:1.00,FY1:-151.10,FX2:-6.00,FY2:-149.60,IK1:1,IK2:1,MOVE:0
[2026-09-10 22:27:29.453] [RX] PITCH:-0.68,PID_OUT:44.45,INT:0.1008,EL:-4515,ER:-2904,VEL:-146.0,MOT:1,TILT:25.0,TRIM:0.000,ATE:0,LATCH:0,TORQ:1,CR:0.0,FX1:1.00,FY1:-151.10,FX2:-6.00,FY2:-149.60,IK1:1,IK2:1,MOVE:0
[2026-09-10 22:27:29.559] [RX] PITCH:1.04,PID_OUT:30.58,INT:0.2150,EL:-4516,ER:-2993,VEL:351.3,MOT:1,TILT:25.0,TRIM:0.000,ATE:0,LATCH:0,TORQ:1,CR:0.0,FX1:1.00,FY1:-151.10,FX2:-6.00,FY2:-149.60,IK1:1,IK2:1,MOVE:0
[2026-09-10 22:27:29.562] [RX] AX12:MODE:0,TQ:1,TL:1023,CM:1,CS:4,MS:0,MT:800
[2026-09-10 22:27:29.656] [RX] PITCH:1.44,PID_OUT:58.07,INT:0.2278,EL:-4516,ER:-3093,VEL:470.7,MOT:1,TILT:25.0,TRIM:0.000,ATE:0,LATCH:0,TORQ:1,CR:0.0,FX1:1.00,FY1:-151.10,FX2:-6.00,FY2:-149.60,IK1:1,IK2:1,MOVE:0
[2026-09-10 22:27:29.656] [RX] SRV:0,39,0.0,0,0
[2026-09-10 22:27:29.754] [RX] PITCH:0.72,PID_OUT:118.63,INT:0.2306,EL:-4515,ER:-3162,VEL:302.1,MOT:1,TILT:25.0,TRIM:0.000,ATE:0,LATCH:0,TORQ:1,CR:0.0,FX1:1.00,FY1:-151.10,FX2:-6.00,FY2:-149.60,IK1:1,IK2:1,MOVE:0
[2026-09-10 22:27:29.853] [RX] PITCH:0.11,PID_OUT:116.61,INT:0.2306,EL:-4508,ER:-3181,VEL:177.4,MOT:1,TILT:25.0,TRIM:0.000,ATE:0,LATCH:0,TORQ:1,CR:0.0,FX1:1.00,FY1:-151.10,FX2:-6.00,FY2:-149.60,IK1:1,IK2:1,MOVE:0
[2026-09-10 22:27:29.953] [RX] PITCH:0.19,PID_OUT:101.70,INT:0.2306,EL:-4494,ER:-3210,VEL:215.2,MOT:1,TILT:25.0,TRIM:0.000,ATE:0,LATCH:0,TORQ:1,CR:0.0,FX1:1.00,FY1:-151.10,FX2:-6.00,FY2:-149.60,IK1:1,IK2:1,MOVE:0
[2026-09-10 22:27:30.054] [RX] PITCH:0.65,PID_OUT:101.41,INT:0.2306,EL:-4475,ER:-3240,VEL:242.5,MOT:1,TILT:25.0,TRIM:0.000,ATE:0,LATCH:0,TORQ:1,CR:0.0,FX1:1.00,FY1:-151.10,FX2:-6.00,FY2:-149.60,IK1:1,IK2:1,MOVE:0
[2026-09-10 22:27:30.062] [RX] AX12:MODE:0,TQ:1,TL:1023,CM:1,CS:4,MS:0,MT:800
[2026-09-10 22:27:30.154] [RX] PITCH:0.37,PID_OUT:109.85,INT:0.2306,EL:-4453,ER:-3271,VEL:262.4,MOT:1,TILT:25.0,TRIM:0.000,ATE:0,LATCH:0,TORQ:1,CR:0.0,FX1:1.00,FY1:-151.10,FX2:-6.00,FY2:-149.60,IK1:1,IK2:1,MOVE:0
[2026-09-10 22:27:30.252] [RX] PITCH:0.31,PID_OUT:106.25,INT:0.2306,EL:-4426,ER:-3310,VEL:330.9,MOT:1,TILT:25.0,TRIM:0.000,ATE:0,LATCH:0,TORQ:1,CR:0.0,FX1:1.00,FY1:-151.10,FX2:-6.00,FY2:-149.60,IK1:1,IK2:1,MOVE:0
[2026-09-10 22:27:30.349] [RX] PITCH:0.44,PID_OUT:96.51,INT:0.2306,EL:-4395,ER:-3350,VEL:345.3,MOT:1,TILT:25.0,TRIM:0.000,ATE:0,LATCH:0,TORQ:1,CR:0.0,FX1:1.00,FY1:-151.10,FX2:-6.00,FY2:-149.60,IK1:1,IK2:1,MOVE:0
[2026-09-10 22:27:30.450] [RX] PITCH:0.86,PID_OUT:92.35,INT:0.2306,EL:-4362,ER:-3385,VEL:340.3,MOT:1,TILT:25.0,TRIM:0.000,ATE:0,LATCH:0,TORQ:1,CR:0.0,FX1:1.00,FY1:-151.10,FX2:-6.00,FY2:-149.60,IK1:1,IK2:1,MOVE:0
[2026-09-10 22:27:30.554] [RX] PITCH:0.18,PID_OUT:128.91,INT:0.2306,EL:-4325,ER:-3423,VEL:373.0,MOT:1,TILT:25.0,TRIM:0.000,ATE:0,LATCH:0,TORQ:1,CR:0.0,FX1:1.00,FY1:-151.10,FX2:-6.00,FY2:-149.60,IK1:1,IK2:1,MOVE:0
[2026-09-10 22:27:30.562] [RX] AX12:MODE:0,TQ:1,TL:1023,CM:1,CS:4,MS:0,MT:800
[2026-09-10 22:27:30.652] [RX] PITCH:0.23,PID_OUT:132.13,INT:0.2306,EL:-4282,ER:-3468,VEL:432.3,MOT:1,TILT:25.0,TRIM:0.000,ATE:0,LATCH:0,TORQ:1,CR:0.0,FX1:1.00,FY1:-151.10,FX2:-6.00,FY2:-149.60,IK1:1,IK2:1,MOVE:0
[2026-09-10 22:27:30.654] [RX] SRV:14,38,0.0,0,0
[2026-09-10 22:27:30.750] [RX] PITCH:-0.19,PID_OUT:137.42,INT:0.2306,EL:-4234,ER:-3517,VEL:482.5,MOT:1,TILT:25.0,TRIM:0.000,ATE:0,LATCH:0,TORQ:1,CR:0.0,FX1:1.00,FY1:-151.10,FX2:-6.00,FY2:-149.60,IK1:1,IK2:1,MOVE:0
[2026-09-10 22:27:30.850] [RX] PITCH:-1.72,PID_OUT:89.04,INT:0.2306,EL:-4179,ER:-3574,VEL:553.9,MOT:1,TILT:25.0,TRIM:0.000,ATE:0,LATCH:0,TORQ:1,CR:0.0,FX1:1.00,FY1:-151.10,FX2:-6.00,FY2:-149.60,IK1:1,IK2:1,MOVE:0
[2026-09-10 22:27:30.952] [RX] PITCH:-0.26,PID_OUT:-110.20,INT:0.2306,EL:-4128,ER:-3632,VEL:529.8,MOT:1,TILT:25.0,TRIM:0.000,ATE:0,LATCH:0,TORQ:1,CR:0.0,FX1:1.00,FY1:-151.10,FX2:-6.00,FY2:-149.60,IK1:1,IK2:1,MOVE:0
[2026-09-10 22:27:31.055] [RX] PITCH:3.31,PID_OUT:-160.20,INT:0.1740,EL:-4109,ER:-3664,VEL:262.0,MOT:1,TILT:25.0,TRIM:0.000,ATE:0,LATCH:0,TORQ:1,CR:0.0,FX1:1.00,FY1:-151.10,FX2:-6.00,FY2:-149.60,IK1:1,IK2:1,MOVE:0
[2026-09-10 22:27:31.062] [RX] AX12:MODE:0,TQ:1,TL:1023,CM:1,CS:4,MS:0,MT:800
[2026-09-10 22:27:31.152] [RX] PITCH:4.38,PID_OUT:-147.56,INT:-0.0956,EL:-4132,ER:-3663,VEL:-56.9,MOT:1,TILT:25.0,TRIM:0.000,ATE:0,LATCH:0,TORQ:1,CR:0.0,FX1:1.00,FY1:-151.10,FX2:-6.00,FY2:-149.60,IK1:1,IK2:1,MOVE:0
[2026-09-10 22:27:31.250] [RX] PITCH:3.50,PID_OUT:-127.64,INT:-0.2306,EL:-4166,ER:-3645,VEL:-232.8,MOT:1,TILT:25.0,TRIM:0.000,ATE:0,LATCH:0,TORQ:1,CR:0.0,FX1:1.00,FY1:-151.10,FX2:-6.00,FY2:-149.60,IK1:1,IK2:1,MOVE:0
[2026-09-10 22:27:31.354] [RX] PITCH:3.05,PID_OUT:-141.61,INT:-0.2306,EL:-4200,ER:-3621,VEL:-283.3,MOT:1,TILT:25.0,TRIM:0.000,ATE:0,LATCH:0,TORQ:1,CR:0.0,FX1:1.00,FY1:-151.10,FX2:-6.00,FY2:-149.60,IK1:1,IK2:1,MOVE:0
[2026-09-10 22:27:31.453] [RX] PITCH:3.22,PID_OUT:-151.04,INT:-0.2306,EL:-4240,ER:-3590,VEL:-343.6,MOT:1,TILT:25.0,TRIM:0.000,ATE:0,LATCH:0,TORQ:1,CR:0.0,FX1:1.00,FY1:-151.10,FX2:-6.00,FY2:-149.60,IK1:1,IK2:1,MOVE:0
[2026-09-10 22:27:31.553] [RX] PITCH:3.01,PID_OUT:-144.04,INT:-0.2306,EL:-4286,ER:-3553,VEL:-406.1,MOT:1,TILT:25.0,TRIM:0.000,ATE:0,LATCH:0,TORQ:1,CR:0.0,FX1:1.00,FY1:-151.10,FX2:-6.00,FY2:-149.60,IK1:1,IK2:1,MOVE:0
[2026-09-10 22:27:31.563] [RX] AX12:MODE:0,TQ:1,TL:1023,CM:1,CS:4,MS:0,MT:800
[2026-09-10 22:27:31.653] [RX] PITCH:2.90,PID_OUT:-140.21,INT:-0.2306,EL:-4339,ER:-3508,VEL:-479.2,MOT:1,TILT:25.0,TRIM:0.000,ATE:0,LATCH:0,TORQ:1,CR:0.0,FX1:1.00,FY1:-151.10,FX2:-6.00,FY2:-149.60,IK1:1,IK2:1,MOVE:0
[2026-09-10 22:27:31.654] [RX] SRV:1,40,0.0,0,0
[2026-09-10 22:27:31.750] [RX] PITCH:2.91,PID_OUT:-139.66,INT:-0.2306,EL:-4399,ER:-3460,VEL:-530.6,MOT:1,TILT:25.0,TRIM:0.000,ATE:0,LATCH:0,TORQ:1,CR:0.0,FX1:1.00,FY1:-151.10,FX2:-6.00,FY2:-149.60,IK1:1,IK2:1,MOVE:0
[2026-09-10 22:27:31.848] [RX] PITCH:4.35,PID_OUT:-131.29,INT:-0.2306,EL:-4466,ER:-3403,VEL:-609.8,MOT:1,TILT:25.0,TRIM:0.000,ATE:0,LATCH:0,TORQ:1,CR:0.0,FX1:1.00,FY1:-151.10,FX2:-6.00,FY2:-149.60,IK1:1,IK2:1,MOVE:0
[2026-09-10 22:27:31.948] [RX] PITCH:3.16,PID_OUT:8.94,INT:-0.2306,EL:-4537,ER:-3341,VEL:-649.0,MOT:1,TILT:25.0,TRIM:0.000,ATE:0,LATCH:0,TORQ:1,CR:0.0,FX1:1.00,FY1:-151.10,FX2:-6.00,FY2:-149.60,IK1:1,IK2:1,MOVE:0
[2026-09-10 22:27:32.053] [RX] PITCH:1.42,PID_OUT:77.70,INT:-0.2298,EL:-4600,ER:-3294,VEL:-556.9,MOT:1,TILT:25.0,TRIM:0.000,ATE:0,LATCH:0,TORQ:1,CR:0.0,FX1:1.00,FY1:-151.10,FX2:-6.00,FY2:-149.60,IK1:1,IK2:1,MOVE:0
[2026-09-10 22:27:32.061] [RX] AX12:MODE:0,TQ:1,TL:1023,CM:1,CS:4,MS:0,MT:800
[2026-09-10 22:27:32.149] [RX] PITCH:0.26,PID_OUT:128.97,INT:-0.1686,EL:-4641,ER:-3265,VEL:-357.8,MOT:1,TILT:25.0,TRIM:0.000,ATE:0,LATCH:0,TORQ:1,CR:0.0,FX1:1.00,FY1:-151.10,FX2:-6.00,FY2:-149.60,IK1:1,IK2:1,MOVE:0
[2026-09-10 22:27:32.248] [RX] PITCH:-0.86,PID_OUT:107.76,INT:0.0466,EL:-4653,ER:-3265,VEL:-95.7,MOT:1,TILT:25.0,TRIM:0.000,ATE:0,LATCH:0,TORQ:1,CR:0.0,FX1:1.00,FY1:-151.10,FX2:-6.00,FY2:-149.60,IK1:1,IK2:1,MOVE:0
[2026-09-10 22:27:32.347] [RX] PITCH:-0.70,PID_OUT:143.41,INT:0.2306,EL:-4647,ER:-3289,VEL:115.8,MOT:1,TILT:25.0,TRIM:0.000,ATE:0,LATCH:0,TORQ:1,CR:0.0,FX1:1.00,FY1:-151.10,FX2:-6.00,FY2:-149.60,IK1:1,IK2:1,MOVE:0
[2026-09-10 22:27:32.450] [RX] PITCH:-0.06,PID_OUT:132.80,INT:0.2306,EL:-4630,ER:-3321,VEL:230.3,MOT:1,TILT:25.0,TRIM:0.000,ATE:0,LATCH:0,TORQ:1,CR:0.0,FX1:1.00,FY1:-151.10,FX2:-6.00,FY2:-149.60,IK1:1,IK2:1,MOVE:0
[2026-09-10 22:27:32.548] [RX] PITCH:-0.17,PID_OUT:127.70,INT:0.2306,EL:-4607,ER:-3356,VEL:286.1,MOT:1,TILT:25.0,TRIM:0.000,ATE:0,LATCH:0,TORQ:1,CR:0.0,FX1:1.00,FY1:-151.10,FX2:-6.00,FY2:-149.60,IK1:1,IK2:1,MOVE:0
[2026-09-10 22:27:32.559] [RX] AX12:MODE:0,TQ:1,TL:1023,CM:1,CS:4,MS:0,MT:800
[2026-09-10 22:27:32.656] [RX] PITCH:0.01,PID_OUT:142.04,INT:0.2306,EL:-4577,ER:-3400,VEL:349.2,MOT:1,TILT:25.0,TRIM:0.000,ATE:0,LATCH:0,TORQ:1,CR:0.0,FX1:1.00,FY1:-151.10,FX2:-6.00,FY2:-149.60,IK1:1,IK2:1,MOVE:0
[2026-09-10 22:27:32.657] [RX] SRV:6,39,0.0,0,0
[2026-09-10 22:27:32.747] [RX] PITCH:-0.29,PID_OUT:152.59,INT:0.2306,EL:-4539,ER:-3447,VEL:416.8,MOT:1,TILT:25.0,TRIM:0.000,ATE:0,LATCH:0,TORQ:1,CR:0.0,FX1:1.00,FY1:-151.10,FX2:-6.00,FY2:-149.60,IK1:1,IK2:1,MOVE:0
[2026-09-10 22:27:32.847] [RX] PITCH:-0.77,PID_OUT:169.88,INT:0.2306,EL:-4492,ER:-3498,VEL:484.4,MOT:1,TILT:25.0,TRIM:0.000,ATE:0,LATCH:0,TORQ:1,CR:0.0,FX1:1.00,FY1:-151.10,FX2:-6.00,FY2:-149.60,IK1:1,IK2:1,MOVE:0
[2026-09-10 22:27:32.947] [RX] PITCH:-0.51,PID_OUT:147.77,INT:0.2306,EL:-4434,ER:-3554,VEL:565.1,MOT:1,TILT:25.0,TRIM:0.000,ATE:0,LATCH:0,TORQ:1,CR:0.0,FX1:1.00,FY1:-151.10,FX2:-6.00,FY2:-149.60,IK1:1,IK2:1,MOVE:0
[2026-09-10 22:27:33.047] [RX] PITCH:-3.42,PID_OUT:70.47,INT:0.2306,EL:-4369,ER:-3616,VEL:635.1,MOT:1,TILT:25.0,TRIM:0.000,ATE:0,LATCH:0,TORQ:1,CR:0.0,FX1:1.00,FY1:-151.10,FX2:-6.00,FY2:-149.60,IK1:1,IK2:1,MOVE:0
[2026-09-10 22:27:33.056] [RX] AX12:MODE:0,TQ:1,TL:1023,CM:1,CS:4,MS:0,MT:800
[2026-09-10 22:27:33.147] [RX] PITCH:0.05,PID_OUT:-144.74,INT:0.2306,EL:-4314,ER:-3675,VEL:555.4,MOT:1,TILT:25.0,TRIM:0.000,ATE:0,LATCH:0,TORQ:1,CR:0.0,FX1:1.00,FY1:-151.10,FX2:-6.00,FY2:-149.60,IK1:1,IK2:1,MOVE:0
[2026-09-10 22:27:33.247] [RX] PITCH:3.51,PID_OUT:-120.87,INT:0.1313,EL:-4307,ER:-3693,VEL:158.4,MOT:1,TILT:25.0,TRIM:0.000,ATE:0,LATCH:0,TORQ:1,CR:0.0,FX1:1.00,FY1:-151.10,FX2:-6.00,FY2:-149.60,IK1:1,IK2:1,MOVE:0
[2026-09-10 22:27:33.343] [RX] PITCH:4.58,PID_OUT:-181.44,INT:-0.1268,EL:-4324,ER:-3687,VEL:-79.4,MOT:1,TILT:25.0,TRIM:0.000,ATE:0,LATCH:0,TORQ:1,CR:0.0,FX1:1.00,FY1:-151.10,FX2:-6.00,FY2:-149.60,IK1:1,IK2:1,MOVE:0
[2026-09-10 22:27:33.447] [RX] PITCH:3.43,PID_OUT:-134.61,INT:-0.2306,EL:-4361,ER:-3664,VEL:-264.9,MOT:1,TILT:25.0,TRIM:0.000,ATE:0,LATCH:0,TORQ:1,CR:0.0,FX1:1.00,FY1:-151.10,FX2:-6.00,FY2:-149.60,IK1:1,IK2:1,MOVE:0
[2026-09-10 22:27:33.546] [RX] PITCH:2.98,PID_OUT:-145.77,INT:-0.2306,EL:-4401,ER:-3634,VEL:-336.5,MOT:1,TILT:25.0,TRIM:0.000,ATE:0,LATCH:0,TORQ:1,CR:0.0,FX1:1.00,FY1:-151.10,FX2:-6.00,FY2:-149.60,IK1:1,IK2:1,MOVE:0
[2026-09-10 22:27:33.555] [RX] AX12:MODE:0,TQ:1,TL:1023,CM:1,CS:4,MS:0,MT:800
[2026-09-10 22:27:33.650] [RX] PITCH:3.29,PID_OUT:-160.69,INT:-0.2306,EL:-4446,ER:-3598,VEL:-402.6,MOT:1,TILT:25.0,TRIM:0.000,ATE:0,LATCH:0,TORQ:1,CR:0.0,FX1:1.00,FY1:-151.10,FX2:-6.00,FY2:-149.60,IK1:1,IK2:1,MOVE:0
[2026-09-10 22:27:33.650] [RX] SRV:0,39,0.0,0,0
[2026-09-10 22:27:33.747] [RX] PITCH:4.78,PID_OUT:-145.06,INT:-0.2306,EL:-4499,ER:-3556,VEL:-468.4,MOT:1,TILT:25.0,TRIM:0.000,ATE:0,LATCH:0,TORQ:1,CR:0.0,FX1:1.00,FY1:-151.10,FX2:-6.00,FY2:-149.60,IK1:1,IK2:1,MOVE:0
[2026-09-10 22:27:33.850] [RX] PITCH:3.56,PID_OUT:62.25,INT:-0.2306,EL:-4561,ER:-3510,VEL:-510.4,MOT:1,TILT:25.0,TRIM:0.000,ATE:0,LATCH:0,TORQ:1,CR:0.0,FX1:1.00,FY1:-151.10,FX2:-6.00,FY2:-149.60,IK1:1,IK2:1,MOVE:0
[2026-09-10 22:27:33.945] [RX] PITCH:1.12,PID_OUT:97.94,INT:-0.2221,EL:-4605,ER:-3478,VEL:-380.9,MOT:1,TILT:25.0,TRIM:0.000,ATE:0,LATCH:0,TORQ:1,CR:0.0,FX1:1.00,FY1:-151.10,FX2:-6.00,FY2:-149.60,IK1:1,IK2:1,MOVE:0
[2026-09-10 22:27:34.050] [RX] PITCH:-0.53,PID_OUT:122.00,INT:-0.0962,EL:-4621,ER:-3484,VEL:-51.0,MOT:1,TILT:25.0,TRIM:0.000,ATE:0,LATCH:0,TORQ:1,CR:0.0,FX1:1.00,FY1:-151.10,FX2:-6.00,FY2:-149.60,IK1:1,IK2:1,MOVE:0
[2026-09-10 22:27:34.058] [RX] AX12:MODE:0,TQ:1,TL:1023,CM:1,CS:4,MS:0,MT:800
[2026-09-10 22:27:34.145] [RX] PITCH:-1.47,PID_OUT:171.70,INT:0.1870,EL:-4611,ER:-3500,VEL:118.8,MOT:1,TILT:25.0,TRIM:0.000,ATE:0,LATCH:0,TORQ:1,CR:0.0,FX1:1.00,FY1:-151.10,FX2:-6.00,FY2:-149.60,IK1:1,IK2:1,MOVE:0
[2026-09-10 22:27:34.245] [RX] PITCH:-0.36,PID_OUT:137.01,INT:0.2306,EL:-4584,ER:-3543,VEL:315.0,MOT:1,TILT:25.0,TRIM:0.000,ATE:0,LATCH:0,TORQ:1,CR:0.0,FX1:1.00,FY1:-151.10,FX2:-6.00,FY2:-149.60,IK1:1,IK2:1,MOVE:0
[2026-09-10 22:27:34.343] [RX] PITCH:-0.26,PID_OUT:135.77,INT:0.2306,EL:-4551,ER:-3589,VEL:391.5,MOT:1,TILT:25.0,TRIM:0.000,ATE:0,LATCH:0,TORQ:1,CR:0.0,FX1:1.00,FY1:-151.10,FX2:-6.00,FY2:-149.60,IK1:1,IK2:1,MOVE:0
[2026-09-10 22:27:34.445] [RX] PITCH:-0.41,PID_OUT:161.15,INT:0.2306,EL:-4510,ER:-3635,VEL:431.4,MOT:1,TILT:25.0,TRIM:0.000,ATE:0,LATCH:0,TORQ:1,CR:0.0,FX1:1.00,FY1:-151.10,FX2:-6.00,FY2:-149.60,IK1:1,IK2:1,MOVE:0
[2026-09-10 22:27:34.553] [RX] PITCH:-0.73,PID_OUT:162.65,INT:0.2306,EL:-4461,ER:-3684,VEL:485.2,MOT:1,TILT:25.0,TRIM:0.000,ATE:0,LATCH:0,TORQ:1,CR:0.0,FX1:1.00,FY1:-151.10,FX2:-6.00,FY2:-149.60,IK1:1,IK2:1,MOVE:0
[2026-09-10 22:27:34.553] [RX] AX12:MODE:0,TQ:1,TL:1023,CM:1,CS:4,MS:0,MT:800
[2026-09-10 22:27:34.649] [RX] PITCH:-2.12,PID_OUT:152.44,INT:0.2306,EL:-4404,ER:-3739,VEL:552.0,MOT:1,TILT:25.0,TRIM:0.000,ATE:0,LATCH:0,TORQ:1,CR:0.0,FX1:1.00,FY1:-151.10,FX2:-6.00,FY2:-149.60,IK1:1,IK2:1,MOVE:0
[2026-09-10 22:27:34.649] [RX] SRV:14,38,0.0,0,0
[2026-09-10 22:27:34.744] [RX] PITCH:-1.01,PID_OUT:-106.73,INT:0.2306,EL:-4348,ER:-3800,VEL:563.1,MOT:1,TILT:25.0,TRIM:0.000,ATE:0,LATCH:0,TORQ:1,CR:0.0,FX1:1.00,FY1:-151.10,FX2:-6.00,FY2:-149.60,IK1:1,IK2:1,MOVE:0
[2026-09-10 22:27:34.844] [RX] PITCH:1.69,PID_OUT:-148.65,INT:0.2287,EL:-4322,ER:-3839,VEL:332.1,MOT:1,TILT:25.0,TRIM:0.000,ATE:0,LATCH:0,TORQ:1,CR:0.0,FX1:1.00,FY1:-151.10,FX2:-6.00,FY2:-149.60,IK1:1,IK2:1,MOVE:0
[2026-09-10 22:27:34.941] [RX] PITCH:4.69,PID_OUT:-187.60,INT:0.0442,EL:-4326,ER:-3841,VEL:26.6,MOT:1,TILT:25.0,TRIM:0.000,ATE:0,LATCH:0,TORQ:1,CR:0.0,FX1:1.00,FY1:-151.10,FX2:-6.00,FY2:-149.60,IK1:1,IK2:1,MOVE:0
[2026-09-10 22:27:35.044] [RX] PITCH:4.17,PID_OUT:-158.48,INT:-0.2306,EL:-4359,ER:-3814,VEL:-259.6,MOT:1,TILT:25.0,TRIM:0.000,ATE:0,LATCH:0,TORQ:1,CR:0.0,FX1:1.00,FY1:-151.10,FX2:-6.00,FY2:-149.60,IK1:1,IK2:1,MOVE:0
[2026-09-10 22:27:35.053] [RX] AX12:MODE:0,TQ:1,TL:1023,CM:1,CS:4,MS:0,MT:800
[2026-09-10 22:27:35.145] [RX] PITCH:4.12,PID_OUT:-167.26,INT:-0.2306,EL:-4407,ER:-3774,VEL:-411.7,MOT:1,TILT:25.0,TRIM:0.000,ATE:0,LATCH:0,TORQ:1,CR:0.0,FX1:1.00,FY1:-151.10,FX2:-6.00,FY2:-149.60,IK1:1,IK2:1,MOVE:0
[2026-09-10 22:27:35.244] [RX] PITCH:4.09,PID_OUT:-137.97,INT:-0.2306,EL:-4465,ER:-3725,VEL:-518.9,MOT:1,TILT:25.0,TRIM:0.000,ATE:0,LATCH:0,TORQ:1,CR:0.0,FX1:1.00,FY1:-151.10,FX2:-6.00,FY2:-149.60,IK1:1,IK2:1,MOVE:0
[2026-09-10 22:27:35.345] [RX] PITCH:5.25,PID_OUT:-81.55,INT:-0.2306,EL:-4526,ER:-3671,VEL:-572.2,MOT:1,TILT:25.0,TRIM:0.000,ATE:0,LATCH:0,TORQ:1,CR:0.0,FX1:1.00,FY1:-151.10,FX2:-6.00,FY2:-149.60,IK1:1,IK2:1,MOVE:0
[2026-09-10 22:27:35.444] [RX] PITCH:1.41,PID_OUT:89.55,INT:-0.2297,EL:-4586,ER:-3625,VEL:-514.3,MOT:1,TILT:25.0,TRIM:0.000,ATE:0,LATCH:0,TORQ:1,CR:0.0,FX1:1.00,FY1:-151.10,FX2:-6.00,FY2:-149.60,IK1:1,IK2:1,MOVE:0
[2026-09-10 22:27:35.550] [RX] PITCH:1.07,PID_OUT:100.81,INT:-0.1826,EL:-4619,ER:-3603,VEL:-298.3,MOT:1,TILT:25.0,TRIM:0.000,ATE:0,LATCH:0,TORQ:1,CR:0.0,FX1:1.00,FY1:-151.10,FX2:-6.00,FY2:-149.60,IK1:1,IK2:1,MOVE:0
[2026-09-10 22:27:35.550] [RX] AX12:MODE:0,TQ:1,TL:1023,CM:1,CS:4,MS:0,MT:800
[2026-09-10 22:27:35.644] [RX] PITCH:-1.00,PID_OUT:142.16,INT:-0.0199,EL:-4627,ER:-3604,VEL:-72.5,MOT:1,TILT:25.0,TRIM:0.000,ATE:0,LATCH:0,TORQ:1,CR:0.0,FX1:1.00,FY1:-151.10,FX2:-6.00,FY2:-149.60,IK1:1,IK2:1,MOVE:0
[2026-09-10 22:27:35.646] [RX] SRV:1,40,0.0,0,0
[2026-09-10 22:27:35.741] [RX] PITCH:-1.18,PID_OUT:148.32,INT:0.2306,EL:-4612,ER:-3626,VEL:143.7,MOT:1,TILT:25.0,TRIM:0.000,ATE:0,LATCH:0,TORQ:1,CR:0.0,FX1:1.00,FY1:-151.10,FX2:-6.00,FY2:-149.60,IK1:1,IK2:1,MOVE:0
[2026-09-10 22:27:35.841] [RX] PITCH:-0.04,PID_OUT:136.18,INT:0.2306,EL:-4585,ER:-3666,VEL:296.2,MOT:1,TILT:25.0,TRIM:0.000,ATE:0,LATCH:0,TORQ:1,CR:0.0,FX1:1.00,FY1:-151.10,FX2:-6.00,FY2:-149.60,IK1:1,IK2:1,MOVE:0
[2026-09-10 22:27:35.940] [RX] PITCH:-0.30,PID_OUT:155.53,INT:0.2306,EL:-4552,ER:-3706,VEL:360.9,MOT:1,TILT:25.0,TRIM:0.000,ATE:0,LATCH:0,TORQ:1,CR:0.0,FX1:1.00,FY1:-151.10,FX2:-6.00,FY2:-149.60,IK1:1,IK2:1,MOVE:0
[2026-09-10 22:27:36.043] [RX] PITCH:-0.16,PID_OUT:124.08,INT:0.2306,EL:-4512,ER:-3748,VEL:405.8,MOT:1,TILT:25.0,TRIM:0.000,ATE:0,LATCH:0,TORQ:1,CR:0.0,FX1:1.00,FY1:-151.10,FX2:-6.00,FY2:-149.60,IK1:1,IK2:1,MOVE:0
[2026-09-10 22:27:36.050] [RX] AX12:MODE:0,TQ:1,TL:1023,CM:1,CS:4,MS:0,MT:800
[2026-09-10 22:27:36.140] [RX] PITCH:-1.13,PID_OUT:157.11,INT:0.2306,EL:-4465,ER:-3792,VEL:451.2,MOT:1,TILT:25.0,TRIM:0.000,ATE:0,LATCH:0,TORQ:1,CR:0.0,FX1:1.00,FY1:-151.10,FX2:-6.00,FY2:-149.60,IK1:1,IK2:1,MOVE:0
[2026-09-10 22:27:36.239] [RX] PITCH:-2.22,PID_OUT:35.65,INT:0.2306,EL:-4407,ER:-3844,VEL:536.2,MOT:1,TILT:25.0,TRIM:0.000,ATE:0,LATCH:0,TORQ:1,CR:0.0,FX1:1.00,FY1:-151.10,FX2:-6.00,FY2:-149.60,IK1:1,IK2:1,MOVE:0
[2026-09-10 22:27:36.340] [RX] PITCH:0.89,PID_OUT:-120.95,INT:0.2306,EL:-4369,ER:-3889,VEL:403.0,MOT:1,TILT:25.0,TRIM:0.000,ATE:0,LATCH:0,TORQ:1,CR:0.0,FX1:1.00,FY1:-151.10,FX2:-6.00,FY2:-149.60,IK1:1,IK2:1,MOVE:0
[2026-09-10 22:27:36.440] [RX] PITCH:3.69,PID_OUT:-122.51,INT:0.1026,EL:-4365,ER:-3903,VEL:124.7,MOT:1,TILT:25.0,TRIM:0.000,ATE:0,LATCH:0,TORQ:1,CR:0.0,FX1:1.00,FY1:-151.10,FX2:-6.00,FY2:-149.60,IK1:1,IK2:1,MOVE:0
[2026-09-10 22:27:36.546] [RX] PITCH:4.13,PID_OUT:-155.03,INT:-0.1574,EL:-4386,ER:-3895,VEL:-116.6,MOT:1,TILT:25.0,TRIM:0.000,ATE:0,LATCH:0,TORQ:1,CR:0.0,FX1:1.00,FY1:-151.10,FX2:-6.00,FY2:-149.60,IK1:1,IK2:1,MOVE:0
[2026-09-10 22:27:36.551] [RX] AX12:MODE:0,TQ:1,TL:1023,CM:1,CS:4,MS:0,MT:800
[2026-09-10 22:27:36.645] [RX] PITCH:2.94,PID_OUT:-112.67,INT:-0.2306,EL:-4420,ER:-3874,VEL:-245.0,MOT:1,TILT:25.0,TRIM:0.000,ATE:0,LATCH:0,TORQ:1,CR:0.0,FX1:1.00,FY1:-151.10,FX2:-6.00,FY2:-149.60,IK1:1,IK2:1,MOVE:0
[2026-09-10 22:27:36.646] [RX] SRV:6,39,0.0,0,0
[2026-09-10 22:27:36.737] [RX] PITCH:2.66,PID_OUT:-124.65,INT:-0.2306,EL:-4453,ER:-3851,VEL:-277.3,MOT:1,TILT:25.0,TRIM:0.000,ATE:0,LATCH:0,TORQ:1,CR:0.0,FX1:1.00,FY1:-151.10,FX2:-6.00,FY2:-149.60,IK1:1,IK2:1,MOVE:0
[2026-09-10 22:27:36.841] [RX] PITCH:3.18,PID_OUT:-119.62,INT:-0.2306,EL:-4490,ER:-3823,VEL:-322.8,MOT:1,TILT:25.0,TRIM:0.000,ATE:0,LATCH:0,TORQ:1,CR:0.0,FX1:1.00,FY1:-151.10,FX2:-6.00,FY2:-149.60,IK1:1,IK2:1,MOVE:0
[2026-09-10 22:27:36.941] [RX] PITCH:2.85,PID_OUT:-99.20,INT:-0.2306,EL:-4534,ER:-3789,VEL:-377.7,MOT:1,TILT:25.0,TRIM:0.000,ATE:0,LATCH:0,TORQ:1,CR:0.0,FX1:1.00,FY1:-151.10,FX2:-6.00,FY2:-149.60,IK1:1,IK2:1,MOVE:0
[2026-09-10 22:27:37.045] [RX] PITCH:2.53,PID_OUT:-82.29,INT:-0.2306,EL:-4579,ER:-3753,VEL:-399.1,MOT:1,TILT:25.0,TRIM:0.000,ATE:0,LATCH:0,TORQ:1,CR:0.0,FX1:1.00,FY1:-151.10,FX2:-6.00,FY2:-149.60,IK1:1,IK2:1,MOVE:0
[2026-09-10 22:27:37.052] [RX] AX12:MODE:0,TQ:1,TL:1023,CM:1,CS:4,MS:0,MT:800
[2026-09-10 22:27:37.140] [RX] PITCH:3.09,PID_OUT:-33.53,INT:-0.2306,EL:-4622,ER:-3719,VEL:-385.2,MOT:1,TILT:25.0,TRIM:0.000,ATE:0,LATCH:0,TORQ:1,CR:0.0,FX1:1.00,FY1:-151.10,FX2:-6.00,FY2:-149.60,IK1:1,IK2:1,MOVE:0
[2026-09-10 22:27:37.194] [TX] VP0.0135
[2026-09-10 22:27:37.246] [RX] PITCH:0.70,PID_OUT:111.87,INT:-0.2197,EL:-4660,ER:-3696,VEL:-311.4,MOT:1,TILT:25.0,TRIM:0.000,ATE:0,LATCH:0,TORQ:1,CR:0.0,FX1:1.00,FY1:-151.10,FX2:-6.00,FY2:-149.60,IK1:1,IK2:1,MOVE:0
[2026-09-10 22:27:37.270] [RX] Updated -> P:50.800 I:277.500 D:3.520 Offset:-2.4097 Target:1.500 Alpha:0.9600 Tilt:25.00 TrimGain:0.0015 Crouch:0.00 VP:0.0135
[2026-09-10 22:27:37.345] [RX] PITCH:-0.87,PID_OUT:106.28,INT:-0.0336,EL:-4674,ER:-3690,VEL:-117.4,MOT:1,TILT:25.0,TRIM:0.000,ATE:0,LATCH:0,TORQ:1,CR:0.0,FX1:1.00,FY1:-151.10,FX2:-6.00,FY2:-149.60,IK1:1,IK2:1,MOVE:0
[2026-09-10 22:27:37.437] [RX] PITCH:-0.64,PID_OUT:134.26,INT:0.1886,EL:-4670,ER:-3700,VEL:59.0,MOT:1,TILT:25.0,TRIM:0.000,ATE:0,LATCH:0,TORQ:1,CR:0.0,FX1:1.00,FY1:-151.10,FX2:-6.00,FY2:-149.60,IK1:1,IK2:1,MOVE:0
[2026-09-10 22:27:37.540] [RX] PITCH:0.07,PID_OUT:106.67,INT:0.2306,EL:-4654,ER:-3725,VEL:181.2,MOT:1,TILT:25.0,TRIM:0.000,ATE:0,LATCH:0,TORQ:1,CR:0.0,FX1:1.00,FY1:-151.10,FX2:-6.00,FY2:-149.60,IK1:1,IK2:1,MOVE:0
[2026-09-10 22:27:37.549] [RX] AX12:MODE:0,TQ:1,TL:1023,CM:1,CS:4,MS:0,MT:800
[2026-09-10 22:27:37.638] [RX] PITCH:0.25,PID_OUT:117.12,INT:0.2306,EL:-4634,ER:-3754,VEL:235.5,MOT:1,TILT:25.0,TRIM:0.000,ATE:0,LATCH:0,TORQ:1,CR:0.0,FX1:1.00,FY1:-151.10,FX2:-6.00,FY2:-149.60,IK1:1,IK2:1,MOVE:0
[2026-09-10 22:27:37.640] [RX] SRV:0,39,0.0,0,0
[2026-09-10 22:27:37.738] [RX] PITCH:0.33,PID_OUT:117.21,INT:0.2306,EL:-4610,ER:-3785,VEL:265.1,MOT:1,TILT:25.0,TRIM:0.000,ATE:0,LATCH:0,TORQ:1,CR:0.0,FX1:1.00,FY1:-151.10,FX2:-6.00,FY2:-149.60,IK1:1,IK2:1,MOVE:0
[2026-09-10 22:27:37.838] [RX] PITCH:-0.16,PID_OUT:126.10,INT:0.2306,EL:-4580,ER:-3829,VEL:357.2,MOT:1,TILT:25.0,TRIM:0.000,ATE:0,LATCH:0,TORQ:1,CR:0.0,FX1:1.00,FY1:-151.10,FX2:-6.00,FY2:-149.60,IK1:1,IK2:1,MOVE:0
[2026-09-10 22:27:37.937] [RX] PITCH:-1.16,PID_OUT:39.70,INT:0.2306,EL:-4543,ER:-3868,VEL:371.2,MOT:1,TILT:25.0,TRIM:0.000,ATE:0,LATCH:0,TORQ:1,CR:0.0,FX1:1.00,FY1:-151.10,FX2:-6.00,FY2:-149.60,IK1:1,IK2:1,MOVE:0
[2026-09-10 22:27:38.036] [RX] PITCH:1.62,PID_OUT:-137.28,INT:0.2294,EL:-4519,ER:-3897,VEL:267.7,MOT:1,TILT:25.0,TRIM:0.000,ATE:0,LATCH:0,TORQ:1,CR:0.0,FX1:1.00,FY1:-151.10,FX2:-6.00,FY2:-149.60,IK1:1,IK2:1,MOVE:0
[2026-09-10 22:27:38.047] [RX] AX12:MODE:0,TQ:1,TL:1023,CM:1,CS:4,MS:0,MT:800
[2026-09-10 22:27:38.137] [RX] PITCH:2.56,PID_OUT:-126.48,INT:0.1638,EL:-4523,ER:-3905,VEL:55.9,MOT:1,TILT:25.0,TRIM:0.000,ATE:0,LATCH:0,TORQ:1,CR:0.0,FX1:1.00,FY1:-151.10,FX2:-6.00,FY2:-149.60,IK1:1,IK2:1,MOVE:0
[2026-09-10 22:27:38.237] [RX] PITCH:4.72,PID_OUT:-206.69,INT:-0.0814,EL:-4543,ER:-3891,VEL:-157.0,MOT:1,TILT:25.0,TRIM:0.000,ATE:0,LATCH:0,TORQ:1,CR:0.0,FX1:1.00,FY1:-151.10,FX2:-6.00,FY2:-149.60,IK1:1,IK2:1,MOVE:0
[2026-09-10 22:27:38.337] [RX] PITCH:3.93,PID_OUT:-99.30,INT:-0.2306,EL:-4583,ER:-3855,VEL:-344.6,MOT:1,TILT:25.0,TRIM:0.000,ATE:0,LATCH:0,TORQ:1,CR:0.0,FX1:1.00,FY1:-151.10,FX2:-6.00,FY2:-149.60,IK1:1,IK2:1,MOVE:0
[2026-09-10 22:27:38.437] [RX] PITCH:4.63,PID_OUT:-26.89,INT:-0.2306,EL:-4629,ER:-3816,VEL:-407.0,MOT:1,TILT:25.0,TRIM:0.000,ATE:0,LATCH:0,TORQ:1,CR:0.0,FX1:1.00,FY1:-151.10,FX2:-6.00,FY2:-149.60,IK1:1,IK2:1,MOVE:0
[2026-09-10 22:27:38.546] [RX] PITCH:0.04,PID_OUT:123.62,INT:-0.2030,EL:-4668,ER:-3794,VEL:-297.2,MOT:1,TILT:25.0,TRIM:0.000,ATE:0,LATCH:0,TORQ:1,CR:0.0,FX1:1.00,FY1:-151.10,FX2:-6.00,FY2:-149.60,IK1:1,IK2:1,MOVE:0
[2026-09-10 22:27:38.549] [RX] AX12:MODE:0,TQ:1,TL:1023,CM:1,CS:4,MS:0,MT:800
[2026-09-10 22:27:38.639] [RX] PITCH:-0.54,PID_OUT:95.61,INT:0.0217,EL:-4674,ER:-3795,VEL:-59.3,MOT:1,TILT:25.0,TRIM:0.000,ATE:0,LATCH:0,TORQ:1,CR:0.0,FX1:1.00,FY1:-151.10,FX2:-6.00,FY2:-149.60,IK1:1,IK2:1,MOVE:0
[2026-09-10 22:27:38.639] [RX] SRV:14,38,0.0,0,0
[2026-09-10 22:27:38.736] [RX] PITCH:0.01,PID_OUT:121.81,INT:0.1895,EL:-4670,ER:-3815,VEL:83.7,MOT:1,TILT:25.0,TRIM:0.000,ATE:0,LATCH:0,TORQ:1,CR:0.0,FX1:1.00,FY1:-151.10,FX2:-6.00,FY2:-149.60,IK1:1,IK2:1,MOVE:0
[2026-09-10 22:27:38.836] [RX] PITCH:0.42,PID_OUT:84.01,INT:0.2306,EL:-4660,ER:-3840,VEL:167.7,MOT:1,TILT:25.0,TRIM:0.000,ATE:0,LATCH:0,TORQ:1,CR:0.0,FX1:1.00,FY1:-151.10,FX2:-6.00,FY2:-149.60,IK1:1,IK2:1,MOVE:0
[2026-09-10 22:27:38.936] [RX] PITCH:0.64,PID_OUT:103.54,INT:0.2306,EL:-4646,ER:-3868,VEL:204.3,MOT:1,TILT:25.0,TRIM:0.000,ATE:0,LATCH:0,TORQ:1,CR:0.0,FX1:1.00,FY1:-151.10,FX2:-6.00,FY2:-149.60,IK1:1,IK2:1,MOVE:0
[2026-09-10 22:27:39.045] [RX] PITCH:0.63,PID_OUT:99.89,INT:0.2306,EL:-4628,ER:-3897,VEL:236.2,MOT:1,TILT:25.0,TRIM:0.000,ATE:0,LATCH:0,TORQ:1,CR:0.0,FX1:1.00,FY1:-151.10,FX2:-6.00,FY2:-149.60,IK1:1,IK2:1,MOVE:0
[2026-09-10 22:27:39.047] [RX] AX12:MODE:0,TQ:1,TL:1023,CM:1,CS:4,MS:0,MT:800
[2026-09-10 22:27:39.135] [RX] PITCH:0.08,PID_OUT:94.96,INT:0.2306,EL:-4606,ER:-3933,VEL:280.9,MOT:1,TILT:25.0,TRIM:0.000,ATE:0,LATCH:0,TORQ:1,CR:0.0,FX1:1.00,FY1:-151.10,FX2:-6.00,FY2:-149.60,IK1:1,IK2:1,MOVE:0
[2026-09-10 22:27:39.236] [RX] PITCH:0.55,PID_OUT:34.47,INT:0.2306,EL:-4579,ER:-3975,VEL:327.9,MOT:1,TILT:25.0,TRIM:0.000,ATE:0,LATCH:0,TORQ:1,CR:0.0,FX1:1.00,FY1:-151.10,FX2:-6.00,FY2:-149.60,IK1:1,IK2:1,MOVE:0
[2026-09-10 22:27:39.334] [RX] PITCH:0.89,PID_OUT:-11.71,INT:0.2306,EL:-4562,ER:-4000,VEL:210.4,MOT:1,TILT:25.0,TRIM:0.000,ATE:0,LATCH:0,TORQ:1,CR:0.0,FX1:1.00,FY1:-151.10,FX2:-6.00,FY2:-149.60,IK1:1,IK2:1,MOVE:0
[2026-09-10 22:27:39.435] [RX] PITCH:2.64,PID_OUT:-111.49,INT:0.1990,EL:-4565,ER:-4013,VEL:72.2,MOT:1,TILT:25.0,TRIM:0.000,ATE:0,LATCH:0,TORQ:1,CR:0.0,FX1:1.00,FY1:-151.10,FX2:-6.00,FY2:-149.60,IK1:1,IK2:1,MOVE:0
[2026-09-10 22:27:39.535] [RX] PITCH:4.02,PID_OUT:-142.41,INT:-0.0084,EL:-4587,ER:-4011,VEL:-89.5,MOT:1,TILT:25.0,TRIM:0.000,ATE:0,LATCH:0,TORQ:1,CR:0.0,FX1:1.00,FY1:-151.10,FX2:-6.00,FY2:-149.60,IK1:1,IK2:1,MOVE:0
[2026-09-10 22:27:39.548] [RX] AX12:MODE:0,TQ:1,TL:1023,CM:1,CS:4,MS:0,MT:800
[2026-09-10 22:27:39.635] [RX] PITCH:3.16,PID_OUT:-110.92,INT:-0.2306,EL:-4622,ER:-3994,VEL:-233.3,MOT:1,TILT:25.0,TRIM:0.000,ATE:0,LATCH:0,TORQ:1,CR:0.0,FX1:1.00,FY1:-151.10,FX2:-6.00,FY2:-149.60,IK1:1,IK2:1,MOVE:0
[2026-09-10 22:27:39.636] [RX] SRV:1,40,0.0,0,0
[2026-09-10 22:27:39.737] [RX] PITCH:2.08,PID_OUT:-78.70,INT:-0.2306,EL:-4657,ER:-3972,VEL:-265.9,MOT:1,TILT:25.0,TRIM:0.000,ATE:0,LATCH:0,TORQ:1,CR:0.0,FX1:1.00,FY1:-151.10,FX2:-6.00,FY2:-149.60,IK1:1,IK2:1,MOVE:0
[2026-09-10 22:27:39.832] [RX] PITCH:2.87,PID_OUT:-84.64,INT:-0.2306,EL:-4690,ER:-3949,VEL:-287.6,MOT:1,TILT:25.0,TRIM:0.000,ATE:0,LATCH:0,TORQ:1,CR:0.0,FX1:1.00,FY1:-151.10,FX2:-6.00,FY2:-149.60,IK1:1,IK2:1,MOVE:0
[2026-09-10 22:27:39.934] [RX] PITCH:3.07,PID_OUT:27.83,INT:-0.2306,EL:-4724,ER:-3927,VEL:-280.1,MOT:1,TILT:25.0,TRIM:0.000,ATE:0,LATCH:0,TORQ:1,CR:0.0,FX1:1.00,FY1:-151.10,FX2:-6.00,FY2:-149.60,IK1:1,IK2:1,MOVE:0
[2026-09-10 22:27:40.038] [RX] PITCH:0.26,PID_OUT:105.72,INT:-0.1929,EL:-4748,ER:-3917,VEL:-166.3,MOT:1,TILT:25.0,TRIM:0.000,ATE:0,LATCH:0,TORQ:1,CR:0.0,FX1:1.00,FY1:-151.10,FX2:-6.00,FY2:-149.60,IK1:1,IK2:1,MOVE:0
[2026-09-10 22:27:40.046] [RX] AX12:MODE:0,TQ:1,TL:1023,CM:1,CS:4,MS:0,MT:800
[2026-09-10 22:27:40.134] [RX] PITCH:-1.11,PID_OUT:180.11,INT:0.0049,EL:-4748,ER:-3929,VEL:33.0,MOT:1,TILT:25.0,TRIM:0.000,ATE:0,LATCH:0,TORQ:1,CR:0.0,FX1:1.00,FY1:-151.10,FX2:-6.00,FY2:-149.60,IK1:1,IK2:1,MOVE:0
[2026-09-10 22:27:40.234] [RX] PITCH:-0.91,PID_OUT:142.20,INT:0.2306,EL:-4728,ER:-3956,VEL:211.6,MOT:1,TILT:25.0,TRIM:0.000,ATE:0,LATCH:0,TORQ:1,CR:0.0,FX1:1.00,FY1:-151.10,FX2:-6.00,FY2:-149.60,IK1:1,IK2:1,MOVE:0
[2026-09-10 22:27:40.332] [RX] PITCH:-0.66,PID_OUT:92.27,INT:0.2306,EL:-4696,ER:-3997,VEL:331.4,MOT:1,TILT:25.0,TRIM:0.000,ATE:0,LATCH:0,TORQ:1,CR:0.0,FX1:1.00,FY1:-151.10,FX2:-6.00,FY2:-149.60,IK1:1,IK2:1,MOVE:0
[2026-09-10 22:27:40.433] [RX] PITCH:-0.46,PID_OUT:31.94,INT:0.2306,EL:-4660,ER:-4032,VEL:345.9,MOT:1,TILT:25.0,TRIM:0.000,ATE:0,LATCH:0,TORQ:1,CR:0.0,FX1:1.00,FY1:-151.10,FX2:-6.00,FY2:-149.60,IK1:1,IK2:1,MOVE:0
[2026-09-10 22:27:40.533] [RX] PITCH:1.30,PID_OUT:-98.52,INT:0.2306,EL:-4642,ER:-4060,VEL:232.6,MOT:1,TILT:25.0,TRIM:0.000,ATE:0,LATCH:0,TORQ:1,CR:0.0,FX1:1.00,FY1:-151.10,FX2:-6.00,FY2:-149.60,IK1:1,IK2:1,MOVE:0
[2026-09-10 22:27:40.541] [RX] AX12:MODE:0,TQ:1,TL:1023,CM:1,CS:4,MS:0,MT:800
[2026-09-10 22:27:40.636] [RX] PITCH:2.96,PID_OUT:-126.79,INT:0.1587,EL:-4648,ER:-4069,VEL:41.2,MOT:1,TILT:25.0,TRIM:0.000,ATE:0,LATCH:0,TORQ:1,CR:0.0,FX1:1.00,FY1:-151.10,FX2:-6.00,FY2:-149.60,IK1:1,IK2:1,MOVE:0
[2026-09-10 22:27:40.637] [RX] SRV:6,39,0.0,0,0
[2026-09-10 22:27:40.733] [RX] PITCH:4.31,PID_OUT:-165.28,INT:-0.0704,EL:-4668,ER:-4059,VEL:-133.3,MOT:1,TILT:25.0,TRIM:0.000,ATE:0,LATCH:0,TORQ:1,CR:0.0,FX1:1.00,FY1:-151.10,FX2:-6.00,FY2:-149.60,IK1:1,IK2:1,MOVE:0
[2026-09-10 22:27:40.833] [RX] PITCH:3.38,PID_OUT:-120.18,INT:-0.2306,EL:-4706,ER:-4031,VEL:-305.1,MOT:1,TILT:25.0,TRIM:0.000,ATE:0,LATCH:0,TORQ:1,CR:0.0,FX1:1.00,FY1:-151.10,FX2:-6.00,FY2:-149.60,IK1:1,IK2:1,MOVE:0
[2026-09-10 22:27:40.931] [RX] PITCH:3.11,PID_OUT:-96.85,INT:-0.2306,EL:-4745,ER:-3997,VEL:-357.1,MOT:1,TILT:25.0,TRIM:0.000,ATE:0,LATCH:0,TORQ:1,CR:0.0,FX1:1.00,FY1:-151.10,FX2:-6.00,FY2:-149.60,IK1:1,IK2:1,MOVE:0
[2026-09-10 22:27:41.041] [RX] PITCH:3.29,PID_OUT:8.00,INT:-0.2306,EL:-4788,ER:-3964,VEL:-369.9,MOT:1,TILT:25.0,TRIM:0.000,ATE:0,LATCH:0,TORQ:1,CR:0.0,FX1:1.00,FY1:-151.10,FX2:-6.00,FY2:-149.60,IK1:1,IK2:1,MOVE:0
[2026-09-10 22:27:41.041] [RX] AX12:MODE:0,TQ:1,TL:1023,CM:1,CS:4,MS:0,MT:800
[2026-09-10 22:27:41.135] [RX] PITCH:0.90,PID_OUT:107.23,INT:-0.2201,EL:-4821,ER:-3949,VEL:-256.4,MOT:1,TILT:25.0,TRIM:0.000,ATE:0,LATCH:0,TORQ:1,CR:0.0,FX1:1.00,FY1:-151.10,FX2:-6.00,FY2:-149.60,IK1:1,IK2:1,MOVE:0
[2026-09-10 22:27:41.235] [RX] PITCH:-0.39,PID_OUT:116.27,INT:-0.0607,EL:-4830,ER:-3946,VEL:-79.5,MOT:1,TILT:25.0,TRIM:0.000,ATE:0,LATCH:0,TORQ:1,CR:0.0,FX1:1.00,FY1:-151.10,FX2:-6.00,FY2:-149.60,IK1:1,IK2:1,MOVE:0
[2026-09-10 22:27:41.330] [RX] PITCH:-1.14,PID_OUT:157.27,INT:0.1916,EL:-4820,ER:-3966,VEL:126.7,MOT:1,TILT:25.0,TRIM:0.000,ATE:0,LATCH:0,TORQ:1,CR:0.0,FX1:1.00,FY1:-151.10,FX2:-6.00,FY2:-149.60,IK1:1,IK2:1,MOVE:0
[2026-09-10 22:27:41.434] [RX] PITCH:0.23,PID_OUT:101.26,INT:0.2306,EL:-4796,ER:-4003,VEL:276.6,MOT:1,TILT:25.0,TRIM:0.000,ATE:0,LATCH:0,TORQ:1,CR:0.0,FX1:1.00,FY1:-151.10,FX2:-6.00,FY2:-149.60,IK1:1,IK2:1,MOVE:0
[2026-09-10 22:27:41.531] [RX] PITCH:0.08,PID_OUT:107.06,INT:0.2306,EL:-4769,ER:-4042,VEL:324.1,MOT:1,TILT:25.0,TRIM:0.000,ATE:0,LATCH:0,TORQ:1,CR:0.0,FX1:1.00,FY1:-151.10,FX2:-6.00,FY2:-149.60,IK1:1,IK2:1,MOVE:0
[2026-09-10 22:27:41.541] [RX] AX12:MODE:0,TQ:1,TL:1023,CM:1,CS:4,MS:0,MT:800
[2026-09-10 22:27:41.634] [RX] PITCH:-1.39,PID_OUT:80.69,INT:0.2306,EL:-4735,ER:-4084,VEL:368.3,MOT:1,TILT:25.0,TRIM:0.000,ATE:0,LATCH:0,TORQ:1,CR:0.0,FX1:1.00,FY1:-151.10,FX2:-6.00,FY2:-149.60,IK1:1,IK2:1,MOVE:0
[2026-09-10 22:27:41.634] [RX] SRV:0,39,0.0,0,0
[2026-09-10 22:27:41.732] [RX] PITCH:0.83,PID_OUT:-53.65,INT:0.2306,EL:-4710,ER:-4113,VEL:261.2,MOT:1,TILT:25.0,TRIM:0.000,ATE:0,LATCH:0,TORQ:1,CR:0.0,FX1:1.00,FY1:-151.10,FX2:-6.00,FY2:-149.60,IK1:1,IK2:1,MOVE:0
[2026-09-10 22:27:41.831] [RX] PITCH:3.11,PID_OUT:-137.82,INT:0.1656,EL:-4716,ER:-4126,VEL:35.9,MOT:1,TILT:25.0,TRIM:0.000,ATE:0,LATCH:0,TORQ:1,CR:0.0,FX1:1.00,FY1:-151.10,FX2:-6.00,FY2:-149.60,IK1:1,IK2:1,MOVE:0
[2026-09-10 22:27:41.930] [RX] PITCH:4.07,PID_OUT:-132.18,INT:-0.0696,EL:-4735,ER:-4119,VEL:-123.7,MOT:1,TILT:25.0,TRIM:0.000,ATE:0,LATCH:0,TORQ:1,CR:0.0,FX1:1.00,FY1:-151.10,FX2:-6.00,FY2:-149.60,IK1:1,IK2:1,MOVE:0
[2026-09-10 22:27:42.035] [RX] PITCH:2.98,PID_OUT:-95.99,INT:-0.2306,EL:-4769,ER:-4097,VEL:-256.2,MOT:1,TILT:25.0,TRIM:0.000,ATE:0,LATCH:0,TORQ:1,CR:0.0,FX1:1.00,FY1:-151.10,FX2:-6.00,FY2:-149.60,IK1:1,IK2:1,MOVE:0
[2026-09-10 22:27:42.041] [RX] AX12:MODE:0,TQ:1,TL:1023,CM:1,CS:4,MS:0,MT:800
[2026-09-10 22:27:42.130] [RX] PITCH:2.85,PID_OUT:-106.33,INT:-0.2306,EL:-4803,ER:-4070,VEL:-293.5,MOT:1,TILT:25.0,TRIM:0.000,ATE:0,LATCH:0,TORQ:1,CR:0.0,FX1:1.00,FY1:-151.10,FX2:-6.00,FY2:-149.60,IK1:1,IK2:1,MOVE:0
[2026-09-10 22:27:42.143] [TX] VP0.02
[2026-09-10 22:27:42.204] [RX] Updated -> P:50.800 I:277.500 D:3.520 Offset:-2.4097 Target:1.500 Alpha:0.9600 Tilt:25.00 TrimGain:0.0015 Crouch:0.00 VP:0.0200
[2026-09-10 22:27:42.238] [RX] PITCH:3.05,PID_OUT:-52.81,INT:-0.2306,EL:-4841,ER:-4042,VEL:-326.0,MOT:1,TILT:25.0,TRIM:0.000,ATE:0,LATCH:0,TORQ:1,CR:0.0,FX1:1.00,FY1:-151.10,FX2:-6.00,FY2:-149.60,IK1:1,IK2:1,MOVE:0
[2026-09-10 22:27:42.331] [RX] PITCH:2.08,PID_OUT:47.32,INT:-0.2306,EL:-4873,ER:-4023,VEL:-254.1,MOT:1,TILT:25.0,TRIM:0.000,ATE:0,LATCH:0,TORQ:1,CR:0.0,FX1:1.00,FY1:-151.10,FX2:-6.00,FY2:-149.60,IK1:1,IK2:1,MOVE:0
[2026-09-10 22:27:42.432] [RX] PITCH:-0.50,PID_OUT:109.18,INT:-0.1346,EL:-4891,ER:-4016,VEL:-124.7,MOT:1,TILT:25.0,TRIM:0.000,ATE:0,LATCH:0,TORQ:1,CR:0.0,FX1:1.00,FY1:-151.10,FX2:-6.00,FY2:-149.60,IK1:1,IK2:1,MOVE:0
[2026-09-10 22:27:42.538] [RX] PITCH:-0.87,PID_OUT:124.54,INT:0.0926,EL:-4889,ER:-4028,VEL:56.0,MOT:1,TILT:25.0,TRIM:0.000,ATE:0,LATCH:0,TORQ:1,CR:0.0,FX1:1.00,FY1:-151.10,FX2:-6.00,FY2:-149.60,IK1:1,IK2:1,MOVE:0
[2026-09-10 22:27:42.538] [RX] AX12:MODE:0,TQ:1,TL:1023,CM:1,CS:4,MS:0,MT:800
[2026-09-10 22:27:42.634] [RX] PITCH:-0.17,PID_OUT:111.26,INT:0.2306,EL:-4874,ER:-4054,VEL:182.5,MOT:1,TILT:25.0,TRIM:0.000,ATE:0,LATCH:0,TORQ:1,CR:0.0,FX1:1.00,FY1:-151.10,FX2:-6.00,FY2:-149.60,IK1:1,IK2:1,MOVE:0
[2026-09-10 22:27:42.634] [RX] SRV:14,38,0.0,0,0
[2026-09-10 22:27:42.732] [RX] PITCH:0.39,PID_OUT:113.79,INT:0.2306,EL:-4854,ER:-4083,VEL:224.5,MOT:1,TILT:25.0,TRIM:0.000,ATE:0,LATCH:0,TORQ:1,CR:0.0,FX1:1.00,FY1:-151.10,FX2:-6.00,FY2:-149.60,IK1:1,IK2:1,MOVE:0
[2026-09-10 22:27:42.829] [RX] PITCH:0.10,PID_OUT:96.33,INT:0.2306,EL:-4830,ER:-4117,VEL:277.9,MOT:1,TILT:25.0,TRIM:0.000,ATE:0,LATCH:0,TORQ:1,CR:0.0,FX1:1.00,FY1:-151.10,FX2:-6.00,FY2:-149.60,IK1:1,IK2:1,MOVE:0
[2026-09-10 22:27:42.927] [RX] PITCH:-0.72,PID_OUT:-9.80,INT:0.2306,EL:-4802,ER:-4147,VEL:281.4,MOT:1,TILT:25.0,TRIM:0.000,ATE:0,LATCH:0,TORQ:1,CR:0.0,FX1:1.00,FY1:-151.10,FX2:-6.00,FY2:-149.60,IK1:1,IK2:1,MOVE:0
[2026-09-10 22:27:43.029] [RX] PITCH:1.97,PID_OUT:-135.30,INT:0.2247,EL:-4798,ER:-4163,VEL:118.4,MOT:1,TILT:25.0,TRIM:0.000,ATE:0,LATCH:0,TORQ:1,CR:0.0,FX1:1.00,FY1:-151.10,FX2:-6.00,FY2:-149.60,IK1:1,IK2:1,MOVE:0
[2026-09-10 22:27:43.038] [RX] AX12:MODE:0,TQ:1,TL:1023,CM:1,CS:4,MS:0,MT:800
[2026-09-10 22:27:43.128] [RX] PITCH:4.38,PID_OUT:-166.72,INT:0.0405,EL:-4819,ER:-4157,VEL:-95.0,MOT:1,TILT:25.0,TRIM:0.000,ATE:0,LATCH:0,TORQ:1,CR:0.0,FX1:1.00,FY1:-151.10,FX2:-6.00,FY2:-149.60,IK1:1,IK2:1,MOVE:0
[2026-09-10 22:27:43.227] [RX] PITCH:5.02,PID_OUT:-127.53,INT:-0.2306,EL:-4857,ER:-4124,VEL:-322.5,MOT:1,TILT:25.0,TRIM:0.000,ATE:0,LATCH:0,TORQ:1,CR:0.0,FX1:1.00,FY1:-151.10,FX2:-6.00,FY2:-149.60,IK1:1,IK2:1,MOVE:0
[2026-09-10 22:27:43.328] [RX] PITCH:3.68,PID_OUT:96.76,INT:-0.2306,EL:-4903,ER:-4087,VEL:-387.4,MOT:1,TILT:25.0,TRIM:0.000,ATE:0,LATCH:0,TORQ:1,CR:0.0,FX1:1.00,FY1:-151.10,FX2:-6.00,FY2:-149.60,IK1:1,IK2:1,MOVE:0
[2026-09-10 22:27:43.429] [RX] PITCH:0.05,PID_OUT:136.73,INT:-0.1739,EL:-4925,ER:-4076,VEL:-168.0,MOT:1,TILT:25.0,TRIM:0.000,ATE:0,LATCH:0,TORQ:1,CR:0.0,FX1:1.00,FY1:-151.10,FX2:-6.00,FY2:-149.60,IK1:1,IK2:1,MOVE:0
[2026-09-10 22:27:43.538] [RX] PITCH:-1.10,PID_OUT:170.80,INT:0.0516,EL:-4914,ER:-4089,VEL:92.7,MOT:1,TILT:25.0,TRIM:0.000,ATE:0,LATCH:0,TORQ:1,CR:0.0,FX1:1.00,FY1:-151.10,FX2:-6.00,FY2:-149.60,IK1:1,IK2:1,MOVE:0
[2026-09-10 22:27:43.538] [RX] AX12:MODE:0,TQ:1,TL:1023,CM:1,CS:4,MS:0,MT:800
[2026-09-10 22:27:43.627] [RX] PITCH:-1.22,PID_OUT:145.90,INT:0.2306,EL:-4877,ER:-4127,VEL:338.3,MOT:1,TILT:25.0,TRIM:0.000,ATE:0,LATCH:0,TORQ:1,CR:0.0,FX1:1.00,FY1:-151.10,FX2:-6.00,FY2:-149.60,IK1:1,IK2:1,MOVE:0
[2026-09-10 22:27:43.630] [RX] SRV:1,40,0.0,0,0
[2026-09-10 22:27:43.727] [RX] PITCH:-2.43,PID_OUT:75.10,INT:0.2306,EL:-4827,ER:-4174,VEL:462.5,MOT:1,TILT:25.0,TRIM:0.000,ATE:0,LATCH:0,TORQ:1,CR:0.0,FX1:1.00,FY1:-151.10,FX2:-6.00,FY2:-149.60,IK1:1,IK2:1,MOVE:0
[2026-09-10 22:27:43.828] [RX] PITCH:0.28,PID_OUT:-150.90,INT:0.2306,EL:-4788,ER:-4218,VEL:397.4,MOT:1,TILT:25.0,TRIM:0.000,ATE:0,LATCH:0,TORQ:1,CR:0.0,FX1:1.00,FY1:-151.10,FX2:-6.00,FY2:-149.60,IK1:1,IK2:1,MOVE:0
[2026-09-10 22:27:43.925] [RX] PITCH:2.85,PID_OUT:-159.62,INT:0.1788,EL:-4785,ER:-4230,VEL:96.8,MOT:1,TILT:25.0,TRIM:0.000,ATE:0,LATCH:0,TORQ:1,CR:0.0,FX1:1.00,FY1:-151.10,FX2:-6.00,FY2:-149.60,IK1:1,IK2:1,MOVE:0
[2026-09-10 22:27:44.027] [RX] PITCH:4.28,PID_OUT:-213.47,INT:-0.0778,EL:-4816,ER:-4210,VEL:-203.0,MOT:1,TILT:25.0,TRIM:0.000,ATE:0,LATCH:0,TORQ:1,CR:0.0,FX1:1.00,FY1:-151.10,FX2:-6.00,FY2:-149.60,IK1:1,IK2:1,MOVE:0
[2026-09-10 22:27:44.037] [RX] AX12:MODE:0,TQ:1,TL:1023,CM:1,CS:4,MS:0,MT:800
[2026-09-10 22:27:44.125] [RX] PITCH:4.44,PID_OUT:-121.08,INT:-0.2306,EL:-4865,ER:-4170,VEL:-416.7,MOT:1,TILT:25.0,TRIM:0.000,ATE:0,LATCH:0,TORQ:1,CR:0.0,FX1:1.00,FY1:-151.10,FX2:-6.00,FY2:-149.60,IK1:1,IK2:1,MOVE:0
[2026-09-10 22:27:44.225] [RX] PITCH:4.78,PID_OUT:-0.45,INT:-0.2306,EL:-4920,ER:-4122,VEL:-497.8,MOT:1,TILT:25.0,TRIM:0.000,ATE:0,LATCH:0,TORQ:1,CR:0.0,FX1:1.00,FY1:-151.10,FX2:-6.00,FY2:-149.60,IK1:1,IK2:1,MOVE:0
[2026-09-10 22:27:44.325] [RX] PITCH:0.99,PID_OUT:110.67,INT:-0.2227,EL:-4964,ER:-4092,VEL:-363.9,MOT:1,TILT:25.0,TRIM:0.000,ATE:0,LATCH:0,TORQ:1,CR:0.0,FX1:1.00,FY1:-151.10,FX2:-6.00,FY2:-149.60,IK1:1,IK2:1,MOVE:0
[2026-09-10 22:27:44.426] [RX] PITCH:0.24,PID_OUT:161.90,INT:-0.1516,EL:-4976,ER:-4100,VEL:-36.2,MOT:1,TILT:25.0,TRIM:0.000,ATE:0,LATCH:0,TORQ:1,CR:0.0,FX1:1.00,FY1:-151.10,FX2:-6.00,FY2:-149.60,IK1:1,IK2:1,MOVE:0
[2026-09-10 22:27:44.531] [RX] PITCH:-1.17,PID_OUT:142.24,INT:0.0971,EL:-4958,ER:-4122,VEL:188.1,MOT:1,TILT:25.0,TRIM:0.000,ATE:0,LATCH:0,TORQ:1,CR:0.0,FX1:1.00,FY1:-151.10,FX2:-6.00,FY2:-149.60,IK1:1,IK2:1,MOVE:0
[2026-09-10 22:27:44.536] [RX] AX12:MODE:0,TQ:1,TL:1023,CM:1,CS:4,MS:0,MT:800
[2026-09-10 22:27:44.629] [RX] PITCH:-1.50,PID_OUT:169.58,INT:0.2306,EL:-4914,ER:-4167,VEL:412.1,MOT:1,TILT:25.0,TRIM:0.000,ATE:0,LATCH:0,TORQ:1,CR:0.0,FX1:1.00,FY1:-151.10,FX2:-6.00,FY2:-149.60,IK1:1,IK2:1,MOVE:0
[2026-09-10 22:27:44.631] [RX] SRV:6,39,0.0,0,0
[2026-09-10 22:27:44.723] [RX] PITCH:-2.67,PID_OUT:56.53,INT:0.2306,EL:-4859,ER:-4220,VEL:519.3,MOT:1,TILT:25.0,TRIM:0.000,ATE:0,LATCH:0,TORQ:1,CR:0.0,FX1:1.00,FY1:-151.10,FX2:-6.00,FY2:-149.60,IK1:1,IK2:1,MOVE:0
[2026-09-10 22:27:44.826] [RX] PITCH:0.44,PID_OUT:-139.60,INT:0.2306,EL:-4813,ER:-4266,VEL:447.1,MOT:1,TILT:25.0,TRIM:0.000,ATE:0,LATCH:0,TORQ:1,CR:0.0,FX1:1.00,FY1:-151.10,FX2:-6.00,FY2:-149.60,IK1:1,IK2:1,MOVE:0
[2026-09-10 22:27:44.924] [RX] PITCH:3.02,PID_OUT:-121.44,INT:0.1725,EL:-4803,ER:-4284,VEL:165.4,MOT:1,TILT:25.0,TRIM:0.000,ATE:0,LATCH:0,TORQ:1,CR:0.0,FX1:1.00,FY1:-151.10,FX2:-6.00,FY2:-149.60,IK1:1,IK2:1,MOVE:0
[2026-09-10 22:27:45.027] [RX] PITCH:4.38,PID_OUT:-165.93,INT:-0.0370,EL:-4819,ER:-4278,VEL:-73.5,MOT:1,TILT:25.0,TRIM:0.000,ATE:0,LATCH:0,TORQ:1,CR:0.0,FX1:1.00,FY1:-151.10,FX2:-6.00,FY2:-149.60,IK1:1,IK2:1,MOVE:0
[2026-09-10 22:27:45.036] [RX] AX12:MODE:0,TQ:1,TL:1023,CM:1,CS:4,MS:0,MT:800
[2026-09-10 22:27:45.124] [RX] PITCH:3.31,PID_OUT:-145.41,INT:-0.2306,EL:-4855,ER:-4253,VEL:-267.4,MOT:1,TILT:25.0,TRIM:0.000,ATE:0,LATCH:0,TORQ:1,CR:0.0,FX1:1.00,FY1:-151.10,FX2:-6.00,FY2:-149.60,IK1:1,IK2:1,MOVE:0
[2026-09-10 22:27:45.227] [RX] PITCH:3.96,PID_OUT:-119.78,INT:-0.2306,EL:-4898,ER:-4218,VEL:-373.4,MOT:1,TILT:25.0,TRIM:0.000,ATE:0,LATCH:0,TORQ:1,CR:0.0,FX1:1.00,FY1:-151.10,FX2:-6.00,FY2:-149.60,IK1:1,IK2:1,MOVE:0
[2026-09-10 22:27:45.327] [RX] PITCH:4.11,PID_OUT:31.72,INT:-0.2306,EL:-4945,ER:-4179,VEL:-417.4,MOT:1,TILT:25.0,TRIM:0.000,ATE:0,LATCH:0,TORQ:1,CR:0.0,FX1:1.00,FY1:-151.10,FX2:-6.00,FY2:-149.60,IK1:1,IK2:1,MOVE:0
[2026-09-10 22:27:45.424] [RX] PITCH:0.63,PID_OUT:102.36,INT:-0.2027,EL:-4980,ER:-4161,VEL:-262.2,MOT:1,TILT:25.0,TRIM:0.000,ATE:0,LATCH:0,TORQ:1,CR:0.0,FX1:1.00,FY1:-151.10,FX2:-6.00,FY2:-149.60,IK1:1,IK2:1,MOVE:0
[2026-09-10 22:27:45.530] [RX] PITCH:-0.65,PID_OUT:160.56,INT:-0.0472,EL:-4985,ER:-4166,VEL:-29.9,MOT:1,TILT:25.0,TRIM:0.000,ATE:0,LATCH:0,TORQ:1,CR:0.0,FX1:1.00,FY1:-151.10,FX2:-6.00,FY2:-149.60,IK1:1,IK2:1,MOVE:0
[2026-09-10 22:27:45.534] [RX] AX12:MODE:0,TQ:1,TL:1023,CM:1,CS:4,MS:0,MT:800
[2026-09-10 22:27:45.628] [RX] PITCH:-1.06,PID_OUT:166.28,INT:0.2272,EL:-4966,ER:-4191,VEL:202.3,MOT:1,TILT:25.0,TRIM:0.000,ATE:0,LATCH:0,TORQ:1,CR:0.0,FX1:1.00,FY1:-151.10,FX2:-6.00,FY2:-149.60,IK1:1,IK2:1,MOVE:0
[2026-09-10 22:27:45.629] [RX] SRV:0,39,0.0,0,0
[2026-09-10 22:27:45.724] [RX] PITCH:-0.44,PID_OUT:85.86,INT:0.2306,EL:-4933,ER:-4232,VEL:336.1,MOT:1,TILT:25.0,TRIM:0.000,ATE:0,LATCH:0,TORQ:1,CR:0.0,FX1:1.00,FY1:-151.10,FX2:-6.00,FY2:-149.60,IK1:1,IK2:1,MOVE:0
[2026-09-10 22:27:45.822] [RX] PITCH:-0.77,PID_OUT:46.95,INT:0.2306,EL:-4898,ER:-4269,VEL:348.7,MOT:1,TILT:25.0,TRIM:0.000,ATE:0,LATCH:0,TORQ:1,CR:0.0,FX1:1.00,FY1:-151.10,FX2:-6.00,FY2:-149.60,IK1:1,IK2:1,MOVE:0
[2026-09-10 22:27:45.923] [RX] PITCH:1.31,PID_OUT:-97.37,INT:0.2306,EL:-4876,ER:-4298,VEL:248.4,MOT:1,TILT:25.0,TRIM:0.000,ATE:0,LATCH:0,TORQ:1,CR:0.0,FX1:1.00,FY1:-151.10,FX2:-6.00,FY2:-149.60,IK1:1,IK2:1,MOVE:0
[2026-09-10 22:27:46.032] [RX] PITCH:2.62,PID_OUT:-125.42,INT:0.1513,EL:-4877,ER:-4308,VEL:73.0,MOT:1,TILT:25.0,TRIM:0.000,ATE:0,LATCH:0,TORQ:1,CR:0.0,FX1:1.00,FY1:-151.10,FX2:-6.00,FY2:-149.60,IK1:1,IK2:1,MOVE:0
[2026-09-10 22:27:46.034] [RX] AX12:MODE:0,TQ:1,TL:1023,CM:1,CS:4,MS:0,MT:800
[2026-09-10 22:27:46.123] [RX] PITCH:4.39,PID_OUT:-181.03,INT:-0.0741,EL:-4900,ER:-4297,VEL:-139.2,MOT:1,TILT:25.0,TRIM:0.000,ATE:0,LATCH:0,TORQ:1,CR:0.0,FX1:1.00,FY1:-151.10,FX2:-6.00,FY2:-149.60,IK1:1,IK2:1,MOVE:0
[2026-09-10 22:27:46.223] [RX] PITCH:4.12,PID_OUT:-129.95,INT:-0.2306,EL:-4943,ER:-4265,VEL:-336.5,MOT:1,TILT:25.0,TRIM:0.000,ATE:0,LATCH:0,TORQ:1,CR:0.0,FX1:1.00,FY1:-151.10,FX2:-6.00,FY2:-149.60,IK1:1,IK2:1,MOVE:0
[2026-09-10 22:27:46.322] [RX] PITCH:4.06,PID_OUT:-19.30,INT:-0.2306,EL:-4989,ER:-4225,VEL:-412.4,MOT:1,TILT:25.0,TRIM:0.000,ATE:0,LATCH:0,TORQ:1,CR:0.0,FX1:1.00,FY1:-151.10,FX2:-6.00,FY2:-149.60,IK1:1,IK2:1,MOVE:0
[2026-09-10 22:27:46.421] [RX] PITCH:1.02,PID_OUT:138.10,INT:-0.2259,EL:-5028,ER:-4196,VEL:-335.8,MOT:1,TILT:25.0,TRIM:0.000,ATE:0,LATCH:0,TORQ:1,CR:0.0,FX1:1.00,FY1:-151.10,FX2:-6.00,FY2:-149.60,IK1:1,IK2:1,MOVE:0
[2026-09-10 22:27:46.531] [RX] PITCH:-0.13,PID_OUT:102.13,INT:-0.0964,EL:-5040,ER:-4198,VEL:-83.4,MOT:1,TILT:25.0,TRIM:0.000,ATE:0,LATCH:0,TORQ:1,CR:0.0,FX1:1.00,FY1:-151.10,FX2:-6.00,FY2:-149.60,IK1:1,IK2:1,MOVE:0
[2026-09-10 22:27:46.534] [RX] AX12:MODE:0,TQ:1,TL:1023,CM:1,CS:4,MS:0,MT:800
[2026-09-10 22:27:46.625] [RX] PITCH:-1.41,PID_OUT:139.76,INT:0.1475,EL:-5030,ER:-4210,VEL:98.2,MOT:1,TILT:25.0,TRIM:0.000,ATE:0,LATCH:0,TORQ:1,CR:0.0,FX1:1.00,FY1:-151.10,FX2:-6.00,FY2:-149.60,IK1:1,IK2:1,MOVE:0
[2026-09-10 22:27:46.625] [RX] SRV:14,38,0.0,0,0
[2026-09-10 22:27:46.722] [RX] PITCH:-0.23,PID_OUT:131.19,INT:0.2306,EL:-5002,ER:-4249,VEL:300.3,MOT:1,TILT:25.0,TRIM:0.000,ATE:0,LATCH:0,TORQ:1,CR:0.0,FX1:1.00,FY1:-151.10,FX2:-6.00,FY2:-149.60,IK1:1,IK2:1,MOVE:0
[2026-09-10 22:27:46.825] [RX] PITCH:-0.60,PID_OUT:88.97,INT:0.2306,EL:-4968,ER:-4289,VEL:349.6,MOT:1,TILT:25.0,TRIM:0.000,ATE:0,LATCH:0,TORQ:1,CR:0.0,FX1:1.00,FY1:-151.10,FX2:-6.00,FY2:-149.60,IK1:1,IK2:1,MOVE:0
[2026-09-10 22:27:46.921] [RX] PITCH:-0.50,PID_OUT:24.90,INT:0.2306,EL:-4932,ER:-4324,VEL:347.0,MOT:1,TILT:25.0,TRIM:0.000,ATE:0,LATCH:0,TORQ:1,CR:0.0,FX1:1.00,FY1:-151.10,FX2:-6.00,FY2:-149.60,IK1:1,IK2:1,MOVE:0
[2026-09-10 22:27:47.024] [RX] PITCH:1.34,PID_OUT:-129.84,INT:0.2306,EL:-4917,ER:-4352,VEL:219.1,MOT:1,TILT:25.0,TRIM:0.000,ATE:0,LATCH:0,TORQ:1,CR:0.0,FX1:1.00,FY1:-151.10,FX2:-6.00,FY2:-149.60,IK1:1,IK2:1,MOVE:0
[2026-09-10 22:27:47.032] [RX] AX12:MODE:0,TQ:1,TL:1023,CM:1,CS:4,MS:0,MT:800
[2026-09-10 22:27:47.119] [RX] PITCH:2.99,PID_OUT:-177.62,INT:0.1506,EL:-4930,ER:-4358,VEL:-11.1,MOT:1,TILT:25.0,TRIM:0.000,ATE:0,LATCH:0,TORQ:1,CR:0.0,FX1:1.00,FY1:-151.10,FX2:-6.00,FY2:-149.60,IK1:1,IK2:1,MOVE:0
[2026-09-10 22:27:47.183] [TX] TG0.023
[2026-09-10 22:27:47.224] [RX] PITCH:4.54,PID_OUT:-160.52,INT:-0.0978,EL:-4956,ER:-4338,VEL:-217.6,MOT:1,TILT:25.0,TRIM:0.000,ATE:0,LATCH:0,TORQ:1,CR:0.0,FX1:1.00,FY1:-151.10,FX2:-6.00,FY2:-149.60,IK1:1,IK2:1,MOVE:0
[2026-09-10 22:27:47.253] [RX] Updated -> P:50.800 I:277.500 D:3.520 Offset:-2.4097 Target:1.500 Alpha:0.9600 Tilt:25.00 TrimGain:0.0230 Crouch:0.00 VP:0.0200
[2026-09-10 22:27:47.320] [RX] PITCH:6.30,PID_OUT:-54.80,INT:-0.2306,EL:-5006,ER:-4294,VEL:-437.8,MOT:1,TILT:25.0,TRIM:0.000,ATE:0,LATCH:0,TORQ:1,CR:0.0,FX1:1.00,FY1:-151.10,FX2:-6.00,FY2:-149.60,IK1:1,IK2:1,MOVE:0
[2026-09-10 22:27:47.422] [RX] PITCH:1.41,PID_OUT:137.24,INT:-0.2297,EL:-5052,ER:-4261,VEL:-362.7,MOT:1,TILT:25.0,TRIM:0.000,ATE:0,LATCH:0,TORQ:1,CR:0.0,FX1:1.00,FY1:-151.10,FX2:-6.00,FY2:-149.60,IK1:1,IK2:1,MOVE:0
[2026-09-10 22:27:47.521] [RX] PITCH:-0.34,PID_OUT:175.63,INT:-0.1267,EL:-5059,ER:-4269,VEL:-24.2,MOT:1,TILT:25.0,TRIM:0.000,ATE:0,LATCH:0,TORQ:1,CR:0.0,FX1:1.00,FY1:-151.10,FX2:-6.00,FY2:-149.60,IK1:1,IK2:1,MOVE:0
[2026-09-10 22:27:47.530] [RX] AX12:MODE:0,TQ:1,TL:1023,CM:1,CS:4,MS:0,MT:800
[2026-09-10 22:27:47.621] [RX] PITCH:-2.17,PID_OUT:209.91,INT:0.1727,EL:-5037,ER:-4296,VEL:221.2,MOT:1,TILT:25.0,TRIM:0.000,ATE:0,LATCH:0,TORQ:1,CR:0.0,FX1:1.00,FY1:-151.10,FX2:-6.00,FY2:-149.60,IK1:1,IK2:1,MOVE:0
[2026-09-10 22:27:47.623] [RX] SRV:1,40,0.0,0,0
[2026-09-10 22:27:47.718] [RX] PITCH:-1.84,PID_OUT:36.08,INT:0.2306,EL:-4994,ER:-4339,VEL:393.0,MOT:1,TILT:25.0,TRIM:0.000,ATE:0,LATCH:0,TORQ:1,CR:0.0,FX1:1.00,FY1:-151.10,FX2:-6.00,FY2:-149.60,IK1:1,IK2:1,MOVE:0
[2026-09-10 22:27:47.819] [RX] PITCH:0.04,PID_OUT:-135.58,INT:0.2306,EL:-4959,ER:-4378,VEL:359.6,MOT:1,TILT:25.0,TRIM:0.000,ATE:0,LATCH:0,TORQ:1,CR:0.0,FX1:1.00,FY1:-151.10,FX2:-6.00,FY2:-149.60,IK1:1,IK2:1,MOVE:0
[2026-09-10 22:27:47.922] [RX] PITCH:2.43,PID_OUT:-158.86,INT:0.1999,EL:-4956,ER:-4392,VEL:113.8,MOT:1,TILT:25.0,TRIM:0.000,ATE:0,LATCH:0,TORQ:1,CR:0.0,FX1:1.00,FY1:-151.10,FX2:-6.00,FY2:-149.60,IK1:1,IK2:1,MOVE:0
[2026-09-10 22:27:48.025] [RX] PITCH:4.63,PID_OUT:-212.14,INT:-0.0359,EL:-4983,ER:-4373,VEL:-194.7,MOT:1,TILT:25.0,TRIM:0.000,ATE:0,LATCH:0,TORQ:1,CR:0.0,FX1:1.00,FY1:-151.10,FX2:-6.00,FY2:-149.60,IK1:1,IK2:1,MOVE:0
[2026-09-10 22:27:48.032] [RX] AX12:MODE:0,TQ:1,TL:1023,CM:1,CS:4,MS:0,MT:800
[2026-09-10 22:27:48.120] [RX] PITCH:5.50,PID_OUT:-123.22,INT:-0.2306,EL:-5038,ER:-4327,VEL:-462.9,MOT:1,TILT:25.0,TRIM:0.000,ATE:0,LATCH:0,TORQ:1,CR:0.0,FX1:1.00,FY1:-151.10,FX2:-6.00,FY2:-149.60,IK1:1,IK2:1,MOVE:0
[2026-09-10 22:27:48.221] [RX] PITCH:4.21,PID_OUT:138.80,INT:-0.2306,EL:-5100,ER:-4279,VEL:-511.1,MOT:1,TILT:25.0,TRIM:0.000,ATE:0,LATCH:0,TORQ:1,CR:0.0,FX1:1.00,FY1:-151.10,FX2:-6.00,FY2:-149.60,IK1:1,IK2:1,MOVE:0
[2026-09-10 22:27:48.321] [RX] PITCH:-0.05,PID_OUT:130.27,INT:-0.1670,EL:-5127,ER:-4262,VEL:-222.2,MOT:1,TILT:25.0,TRIM:0.000,ATE:0,LATCH:0,TORQ:1,CR:0.0,FX1:1.00,FY1:-151.10,FX2:-6.00,FY2:-149.60,IK1:1,IK2:1,MOVE:0
[2026-09-10 22:27:48.418] [RX] PITCH:-1.10,PID_OUT:208.37,INT:0.0163,EL:-5124,ER:-4277,VEL:28.0,MOT:1,TILT:25.0,TRIM:0.000,ATE:0,LATCH:0,TORQ:1,CR:0.0,FX1:1.00,FY1:-151.10,FX2:-6.00,FY2:-149.60,IK1:1,IK2:1,MOVE:0
[2026-09-10 22:27:48.523] [RX] PITCH:-1.62,PID_OUT:154.71,INT:0.2306,EL:-5096,ER:-4308,VEL:261.7,MOT:1,TILT:25.0,TRIM:0.000,ATE:0,LATCH:0,TORQ:1,CR:0.0,FX1:1.00,FY1:-151.10,FX2:-6.00,FY2:-149.60,IK1:1,IK2:1,MOVE:0
[2026-09-10 22:27:48.531] [RX] AX12:MODE:0,TQ:1,TL:1023,CM:1,CS:4,MS:0,MT:800
[2026-09-10 22:27:48.621] [RX] PITCH:-1.84,PID_OUT:53.80,INT:0.2306,EL:-5055,ER:-4347,VEL:377.5,MOT:1,TILT:25.0,TRIM:0.000,ATE:0,LATCH:0,TORQ:1,CR:0.0,FX1:1.00,FY1:-151.10,FX2:-6.00,FY2:-149.60,IK1:1,IK2:1,MOVE:0
[2026-09-10 22:27:48.622] [RX] SRV:6,39,0.0,0,0
[2026-09-10 22:27:48.718] [RX] PITCH:0.13,PID_OUT:-137.65,INT:0.2306,EL:-5028,ER:-4382,VEL:294.2,MOT:1,TILT:25.0,TRIM:0.000,ATE:0,LATCH:0,TORQ:1,CR:0.0,FX1:1.00,FY1:-151.10,FX2:-6.00,FY2:-149.60,IK1:1,IK2:1,MOVE:0
[2026-09-10 22:27:48.815] [RX] PITCH:2.53,PID_OUT:-161.76,INT:0.2059,EL:-5031,ER:-4392,VEL:51.7,MOT:1,TILT:25.0,TRIM:0.000,ATE:0,LATCH:0,TORQ:1,CR:0.0,FX1:1.00,FY1:-151.10,FX2:-6.00,FY2:-149.60,IK1:1,IK2:1,MOVE:0
[2026-09-10 22:27:48.917] [RX] PITCH:6.06,PID_OUT:-213.98,INT:-0.1320,EL:-5063,ER:-4365,VEL:-272.5,MOT:1,TILT:25.0,TRIM:0.000,ATE:0,LATCH:0,TORQ:1,CR:0.0,FX1:1.00,FY1:-151.10,FX2:-6.00,FY2:-149.60,IK1:1,IK2:1,MOVE:0
[2026-09-10 22:27:49.022] [RX] PITCH:4.45,PID_OUT:117.85,INT:-0.2306,EL:-5114,ER:-4323,VEL:-422.4,MOT:1,TILT:25.0,TRIM:0.000,ATE:0,LATCH:0,TORQ:1,CR:0.0,FX1:1.00,FY1:-151.10,FX2:-6.00,FY2:-149.60,IK1:1,IK2:1,MOVE:0
[2026-09-10 22:27:49.029] [RX] AX12:MODE:0,TQ:1,TL:1023,CM:1,CS:4,MS:0,MT:800
[2026-09-10 22:27:49.118] [RX] PITCH:0.64,PID_OUT:135.85,INT:-0.2113,EL:-5141,ER:-4308,VEL:-203.8,MOT:1,TILT:25.0,TRIM:0.000,ATE:0,LATCH:0,TORQ:1,CR:0.0,FX1:1.00,FY1:-151.10,FX2:-6.00,FY2:-149.60,IK1:1,IK2:1,MOVE:0
[2026-09-10 22:27:49.217] [RX] PITCH:-1.57,PID_OUT:149.92,INT:0.0047,EL:-5134,ER:-4322,VEL:74.9,MOT:1,TILT:25.0,TRIM:0.000,ATE:0,LATCH:0,TORQ:1,CR:0.0,FX1:1.00,FY1:-151.10,FX2:-6.00,FY2:-149.60,IK1:1,IK2:1,MOVE:0
[2026-09-10 22:27:49.318] [RX] PITCH:-2.55,PID_OUT:107.33,INT:0.2306,EL:-5100,ER:-4359,VEL:311.3,MOT:1,TILT:25.0,TRIM:0.000,ATE:0,LATCH:0,TORQ:1,CR:0.0,FX1:1.00,FY1:-151.10,FX2:-6.00,FY2:-149.60,IK1:1,IK2:1,MOVE:0
[2026-09-10 22:27:49.416] [RX] PITCH:-0.38,PID_OUT:-95.72,INT:0.2306,EL:-5065,ER:-4397,VEL:331.0,MOT:1,TILT:25.0,TRIM:0.000,ATE:0,LATCH:0,TORQ:1,CR:0.0,FX1:1.00,FY1:-151.10,FX2:-6.00,FY2:-149.60,IK1:1,IK2:1,MOVE:0
[2026-09-10 22:27:49.517] [RX] PITCH:2.61,PID_OUT:-159.45,INT:0.2008,EL:-5066,ER:-4413,VEL:55.2,MOT:1,TILT:25.0,TRIM:0.000,ATE:0,LATCH:0,TORQ:1,CR:0.0,FX1:1.00,FY1:-151.10,FX2:-6.00,FY2:-149.60,IK1:1,IK2:1,MOVE:0
[2026-09-10 22:27:49.526] [RX] AX12:MODE:0,TQ:1,TL:1023,CM:1,CS:4,MS:0,MT:800
[2026-09-10 22:27:49.622] [RX] PITCH:4.29,PID_OUT:-148.45,INT:-0.0416,EL:-5086,ER:-4399,VEL:-154.8,MOT:1,TILT:25.0,TRIM:0.000,ATE:0,LATCH:0,TORQ:1,CR:0.0,FX1:1.00,FY1:-151.10,FX2:-6.00,FY2:-149.60,IK1:1,IK2:1,MOVE:0
[2026-09-10 22:27:49.623] [RX] SRV:0,39,0.0,0,0
[2026-09-10 22:27:49.716] [RX] PITCH:5.08,PID_OUT:-83.60,INT:-0.2306,EL:-5129,ER:-4365,VEL:-344.3,MOT:1,TILT:25.0,TRIM:0.000,ATE:0,LATCH:0,TORQ:1,CR:0.0,FX1:1.00,FY1:-151.10,FX2:-6.00,FY2:-149.60,IK1:1,IK2:1,MOVE:0
[2026-09-10 22:27:49.815] [RX] PITCH:2.22,PID_OUT:93.75,INT:-0.2306,EL:-5173,ER:-4334,VEL:-349.1,MOT:1,TILT:25.0,TRIM:0.000,ATE:0,LATCH:0,TORQ:1,CR:0.0,FX1:1.00,FY1:-151.10,FX2:-6.00,FY2:-149.60,IK1:1,IK2:1,MOVE:0
[2026-09-10 22:27:49.915] [RX] PITCH:-1.09,PID_OUT:106.08,INT:-0.0717,EL:-5189,ER:-4328,VEL:-127.2,MOT:1,TILT:25.0,TRIM:0.000,ATE:0,LATCH:0,TORQ:1,CR:0.0,FX1:1.00,FY1:-151.10,FX2:-6.00,FY2:-149.60,IK1:1,IK2:1,MOVE:0
[2026-09-10 22:27:50.025] [RX] PITCH:-0.35,PID_OUT:123.08,INT:0.1382,EL:-5186,ER:-4328,VEL:-8.8,MOT:1,TILT:25.0,TRIM:0.000,ATE:0,LATCH:0,TORQ:1,CR:0.0,FX1:1.00,FY1:-151.10,FX2:-6.00,FY2:-149.60,IK1:1,IK2:1,MOVE:0
[2026-09-10 22:27:50.025] [RX] AX12:MODE:0,TQ:1,TL:1023,CM:1,CS:4,MS:0,MT:800
[2026-09-10 22:27:50.115] [RX] PITCH:0.37,PID_OUT:82.62,INT:0.2306,EL:-5177,ER:-4407,VEL:398.0,MOT:1,TILT:25.0,TRIM:0.000,ATE:0,LATCH:0,TORQ:1,CR:0.0,FX1:1.00,FY1:-151.10,FX2:-6.00,FY2:-149.60,IK1:1,IK2:1,MOVE:0
[2026-09-10 22:27:50.215] [RX] PITCH:0.66,PID_OUT:75.72,INT:0.2306,EL:-5162,ER:-4507,VEL:541.0,MOT:1,TILT:25.0,TRIM:0.000,ATE:0,LATCH:0,TORQ:1,CR:0.0,FX1:1.00,FY1:-151.10,FX2:-6.00,FY2:-149.60,IK1:1,IK2:1,MOVE:0
[2026-09-10 22:27:50.314] [RX] PITCH:0.86,PID_OUT:87.36,INT:0.2306,EL:-5147,ER:-4607,VEL:568.0,MOT:1,TILT:25.0,TRIM:0.000,ATE:0,LATCH:0,TORQ:1,CR:0.0,FX1:1.00,FY1:-151.10,FX2:-6.00,FY2:-149.60,IK1:1,IK2:1,MOVE:0
[2026-09-10 22:27:50.414] [RX] PITCH:0.83,PID_OUT:89.80,INT:0.2306,EL:-5130,ER:-4707,VEL:582.5,MOT:1,TILT:25.0,TRIM:0.000,ATE:0,LATCH:0,TORQ:1,CR:0.0,FX1:1.00,FY1:-151.10,FX2:-6.00,FY2:-149.60,IK1:1,IK2:1,MOVE:0
[2026-09-10 22:27:50.515] [RX] PITCH:0.89,PID_OUT:77.00,INT:0.2306,EL:-5111,ER:-4807,VEL:594.1,MOT:1,TILT:25.0,TRIM:0.000,ATE:0,LATCH:0,TORQ:1,CR:0.0,FX1:1.00,FY1:-151.10,FX2:-6.00,FY2:-149.60,IK1:1,IK2:1,MOVE:0
[2026-09-10 22:27:50.524] [RX] AX12:MODE:0,TQ:1,TL:1023,CM:1,CS:4,MS:0,MT:800
[2026-09-10 22:27:50.622] [RX] PITCH:0.72,PID_OUT:102.11,INT:0.2306,EL:-5091,ER:-4907,VEL:598.7,MOT:1,TILT:25.0,TRIM:0.000,ATE:0,LATCH:0,TORQ:1,CR:0.0,FX1:1.00,FY1:-151.10,FX2:-6.00,FY2:-149.60,IK1:1,IK2:1,MOVE:0
[2026-09-10 22:27:50.622] [RX] SRV:14,38,0.0,0,0
[2026-09-10 22:27:50.716] [RX] PITCH:0.62,PID_OUT:89.29,INT:0.2306,EL:-5068,ER:-5007,VEL:610.8,MOT:1,TILT:25.0,TRIM:0.000,ATE:0,LATCH:0,TORQ:1,CR:0.0,FX1:1.00,FY1:-151.10,FX2:-6.00,FY2:-149.60,IK1:1,IK2:1,MOVE:0
[2026-09-10 22:27:50.809] [RX] PITCH:0.71,PID_OUT:77.86,INT:0.2306,EL:-5043,ER:-5107,VEL:623.5,MOT:1,TILT:25.0,TRIM:0.000,ATE:0,LATCH:0,TORQ:1,CR:0.0,FX1:1.00,FY1:-151.10,FX2:-6.00,FY2:-149.60,IK1:1,IK2:1,MOVE:0
[2026-09-10 22:27:50.914] [RX] PITCH:0.99,PID_OUT:68.59,INT:0.2306,EL:-5019,ER:-5207,VEL:620.4,MOT:1,TILT:25.0,TRIM:0.000,ATE:0,LATCH:0,TORQ:1,CR:0.0,FX1:1.00,FY1:-151.10,FX2:-6.00,FY2:-149.60,IK1:1,IK2:1,MOVE:0
[2026-09-10 22:27:51.023] [RX] PITCH:1.23,PID_OUT:51.99,INT:0.2306,EL:-4997,ER:-5307,VEL:609.3,MOT:1,TILT:25.0,TRIM:0.000,ATE:0,LATCH:0,TORQ:1,CR:0.0,FX1:1.00,FY1:-151.10,FX2:-6.00,FY2:-149.60,IK1:1,IK2:1,MOVE:0
[2026-09-10 22:27:51.023] [RX] AX12:MODE:0,TQ:1,TL:1023,CM:1,CS:4,MS:0,MT:800
[2026-09-10 22:27:51.112] [RX] PITCH:1.30,PID_OUT:55.37,INT:0.2306,EL:-4978,ER:-5407,VEL:595.4,MOT:1,TILT:25.0,TRIM:0.000,ATE:0,LATCH:0,TORQ:1,CR:0.0,FX1:1.00,FY1:-151.10,FX2:-6.00,FY2:-149.60,IK1:1,IK2:1,MOVE:0
[2026-09-10 22:27:51.213] [RX] PITCH:1.55,PID_OUT:41.49,INT:0.2300,EL:-4962,ER:-5507,VEL:579.8,MOT:1,TILT:25.0,TRIM:0.000,ATE:0,LATCH:0,TORQ:1,CR:0.0,FX1:1.00,FY1:-151.10,FX2:-6.00,FY2:-149.60,IK1:1,IK2:1,MOVE:0
[2026-09-10 22:27:51.309] [RX] PITCH:1.45,PID_OUT:49.74,INT:0.2286,EL:-4950,ER:-5607,VEL:560.4,MOT:1,TILT:25.0,TRIM:0.000,ATE:0,LATCH:0,TORQ:1,CR:0.0,FX1:1.00,FY1:-151.10,FX2:-6.00,FY2:-149.60,IK1:1,IK2:1,MOVE:0
[2026-09-10 22:27:51.413] [RX] PITCH:1.52,PID_OUT:43.09,INT:0.2296,EL:-4940,ER:-5707,VEL:552.0,MOT:1,TILT:25.0,TRIM:0.000,ATE:0,LATCH:0,TORQ:1,CR:0.0,FX1:1.00,FY1:-151.10,FX2:-6.00,FY2:-149.60,IK1:1,IK2:1,MOVE:0
[2026-09-10 22:27:51.522] [RX] PITCH:1.44,PID_OUT:54.63,INT:0.2306,EL:-4936,ER:-5807,VEL:523.4,MOT:1,TILT:25.0,TRIM:0.000,ATE:0,LATCH:0,TORQ:1,CR:0.0,FX1:1.00,FY1:-151.10,FX2:-6.00,FY2:-149.60,IK1:1,IK2:1,MOVE:0
[2026-09-10 22:27:51.522] [RX] AX12:MODE:0,TQ:1,TL:1023,CM:1,CS:4,MS:0,MT:800
[2026-09-10 22:27:51.619] [RX] PITCH:1.50,PID_OUT:46.34,INT:0.2306,EL:-4935,ER:-5907,VEL:506.3,MOT:1,TILT:25.0,TRIM:0.000,ATE:0,LATCH:0,TORQ:1,CR:0.0,FX1:1.00,FY1:-151.10,FX2:-6.00,FY2:-149.60,IK1:1,IK2:1,MOVE:0
[2026-09-10 22:27:51.619] [RX] SRV:1,40,0.0,0,0
[2026-09-10 22:27:51.714] [RX] PITCH:1.84,PID_OUT:9.80,INT:0.2149,EL:-4935,ER:-6007,VEL:501.2,MOT:1,TILT:25.0,TRIM:0.000,ATE:0,LATCH:0,TORQ:1,CR:0.0,FX1:1.00,FY1:-151.10,FX2:-6.00,FY2:-149.60,IK1:1,IK2:1,MOVE:0
[2026-09-10 22:27:51.815] [RX] PITCH:2.62,PID_OUT:-73.37,INT:0.1417,EL:-4946,ER:-6018,VEL:40.1,MOT:1,TILT:25.0,TRIM:0.000,ATE:0,LATCH:0,TORQ:1,CR:0.0,FX1:1.00,FY1:-151.10,FX2:-6.00,FY2:-149.60,IK1:1,IK2:1,MOVE:0
[2026-09-10 22:27:51.914] [RX] PITCH:3.32,PID_OUT:-121.44,INT:-0.0164,EL:-4962,ER:-6016,VEL:-61.8,MOT:1,TILT:25.0,TRIM:0.000,ATE:0,LATCH:0,TORQ:1,CR:0.0,FX1:1.00,FY1:-151.10,FX2:-6.00,FY2:-149.60,IK1:1,IK2:1,MOVE:0
[2026-09-10 22:27:52.019] [RX] PITCH:2.85,PID_OUT:-99.76,INT:-0.1806,EL:-4980,ER:-6009,VEL:-117.9,MOT:1,TILT:25.0,TRIM:0.000,ATE:0,LATCH:0,TORQ:1,CR:0.0,FX1:1.00,FY1:-151.10,FX2:-6.00,FY2:-149.60,IK1:1,IK2:1,MOVE:0
[2026-09-10 22:27:52.025] [RX] AX12:MODE:0,TQ:1,TL:1023,CM:1,CS:4,MS:0,MT:800
[2026-09-10 22:27:52.112] [RX] PITCH:1.94,PID_OUT:-71.41,INT:-0.2306,EL:-5003,ER:-5999,VEL:-155.7,MOT:1,TILT:25.0,TRIM:0.000,ATE:0,LATCH:0,TORQ:1,CR:0.0,FX1:1.00,FY1:-151.10,FX2:-6.00,FY2:-149.60,IK1:1,IK2:1,MOVE:0
[2026-09-10 22:27:52.212] [RX] PITCH:1.61,PID_OUT:-73.43,INT:-0.2306,EL:-5026,ER:-5989,VEL:-158.8,MOT:1,TILT:25.0,TRIM:0.000,ATE:0,LATCH:0,TORQ:1,CR:0.0,FX1:1.00,FY1:-151.10,FX2:-6.00,FY2:-149.60,IK1:1,IK2:1,MOVE:0
[2026-09-10 22:27:52.311] [RX] PITCH:1.73,PID_OUT:-84.02,INT:-0.2306,EL:-5049,ER:-5979,VEL:-164.4,MOT:1,TILT:25.0,TRIM:0.000,ATE:0,LATCH:0,TORQ:1,CR:0.0,FX1:1.00,FY1:-151.10,FX2:-6.00,FY2:-149.60,IK1:1,IK2:1,MOVE:0
[2026-09-10 22:27:52.412] [RX] PITCH:1.57,PID_OUT:-78.16,INT:-0.2306,EL:-5073,ER:-5968,VEL:-169.1,MOT:1,TILT:25.0,TRIM:0.000,ATE:0,LATCH:0,TORQ:1,CR:0.0,FX1:1.00,FY1:-151.10,FX2:-6.00,FY2:-149.60,IK1:1,IK2:1,MOVE:0
[2026-09-10 22:27:52.518] [RX] PITCH:1.81,PID_OUT:-82.96,INT:-0.2306,EL:-5099,ER:-5956,VEL:-187.5,MOT:1,TILT:25.0,TRIM:0.000,ATE:0,LATCH:0,TORQ:1,CR:0.0,FX1:1.00,FY1:-151.10,FX2:-6.00,FY2:-149.60,IK1:1,IK2:1,MOVE:0
[2026-09-10 22:27:52.518] [RX] AX12:MODE:0,TQ:1,TL:1023,CM:1,CS:4,MS:0,MT:800
[2026-09-10 22:27:52.612] [RX] PITCH:1.63,PID_OUT:-63.28,INT:-0.2306,EL:-5125,ER:-5943,VEL:-194.0,MOT:1,TILT:25.0,TRIM:0.000,ATE:0,LATCH:0,TORQ:1,CR:0.0,FX1:1.00,FY1:-151.10,FX2:-6.00,FY2:-149.60,IK1:1,IK2:1,MOVE:0
[2026-09-10 22:27:52.615] [RX] SRV:6,39,0.0,0,0
[2026-09-10 22:27:52.710] [RX] PITCH:1.43,PID_OUT:-64.85,INT:-0.2210,EL:-5151,ER:-5931,VEL:-186.2,MOT:1,TILT:25.0,TRIM:0.000,ATE:0,LATCH:0,TORQ:1,CR:0.0,FX1:1.00,FY1:-151.10,FX2:-6.00,FY2:-149.60,IK1:1,IK2:1,MOVE:0
[2026-09-10 22:27:52.811] [RX] PITCH:1.71,PID_OUT:-74.98,INT:-0.2306,EL:-5177,ER:-5923,VEL:-174.6,MOT:1,TILT:25.0,TRIM:0.000,ATE:0,LATCH:0,TORQ:1,CR:0.0,FX1:1.00,FY1:-151.10,FX2:-6.00,FY2:-149.60,IK1:1,IK2:1,MOVE:0
[2026-09-10 22:27:52.909] [RX] PITCH:1.57,PID_OUT:-62.29,INT:-0.2306,EL:-5204,ER:-5914,VEL:-178.4,MOT:1,TILT:25.0,TRIM:0.000,ATE:0,LATCH:0,TORQ:1,CR:0.0,FX1:1.00,FY1:-151.10,FX2:-6.00,FY2:-149.60,IK1:1,IK2:1,MOVE:0
[2026-09-10 22:27:53.011] [RX] PITCH:1.28,PID_OUT:-50.20,INT:-0.2191,EL:-5230,ER:-5905,VEL:-171.5,MOT:1,TILT:25.0,TRIM:0.000,ATE:0,LATCH:0,TORQ:1,CR:0.0,FX1:1.00,FY1:-151.10,FX2:-6.00,FY2:-149.60,IK1:1,IK2:1,MOVE:0
[2026-09-10 22:27:53.019] [RX] AX12:MODE:0,TQ:1,TL:1023,CM:1,CS:4,MS:0,MT:800
[2026-09-10 22:27:53.112] [RX] PITCH:1.37,PID_OUT:-55.00,INT:-0.2064,EL:-5253,ER:-5897,VEL:-155.3,MOT:1,TILT:25.0,TRIM:0.000,ATE:0,LATCH:0,TORQ:1,CR:0.0,FX1:1.00,FY1:-151.10,FX2:-6.00,FY2:-149.60,IK1:1,IK2:1,MOVE:0
[2026-09-10 22:27:53.209] [RX] PITCH:1.55,PID_OUT:-57.91,INT:-0.2062,EL:-5275,ER:-5890,VEL:-144.3,MOT:1,TILT:25.0,TRIM:0.000,ATE:0,LATCH:0,TORQ:1,CR:0.0,FX1:1.00,FY1:-151.10,FX2:-6.00,FY2:-149.60,IK1:1,IK2:1,MOVE:0
[2026-09-10 22:27:53.309] [RX] PITCH:1.28,PID_OUT:-47.58,INT:-0.1918,EL:-5297,ER:-5885,VEL:-132.8,MOT:1,TILT:25.0,TRIM:0.000,ATE:0,LATCH:0,TORQ:1,CR:0.0,FX1:1.00,FY1:-151.10,FX2:-6.00,FY2:-149.60,IK1:1,IK2:1,MOVE:0
[2026-09-10 22:27:53.410] [RX] PITCH:1.44,PID_OUT:-53.18,INT:-0.1750,EL:-5316,ER:-5883,VEL:-104.0,MOT:1,TILT:25.0,TRIM:0.000,ATE:0,LATCH:0,TORQ:1,CR:0.0,FX1:1.00,FY1:-151.10,FX2:-6.00,FY2:-149.60,IK1:1,IK2:1,MOVE:0
[2026-09-10 22:27:53.514] [RX] PITCH:1.50,PID_OUT:-50.53,INT:-0.1749,EL:-5335,ER:-5883,VEL:-96.2,MOT:1,TILT:25.0,TRIM:0.000,ATE:0,LATCH:0,TORQ:1,CR:0.0,FX1:1.00,FY1:-151.10,FX2:-6.00,FY2:-149.60,IK1:1,IK2:1,MOVE:0
[2026-09-10 22:27:53.520] [RX] AX12:MODE:0,TQ:1,TL:1023,CM:1,CS:4,MS:0,MT:800
[2026-09-10 22:27:53.612] [RX] PITCH:1.27,PID_OUT:-30.28,INT:-0.1610,EL:-5352,ER:-5883,VEL:-86.5,MOT:1,TILT:25.0,TRIM:0.000,ATE:0,LATCH:0,TORQ:1,CR:0.0,FX1:1.00,FY1:-151.10,FX2:-6.00,FY2:-149.60,IK1:1,IK2:1,MOVE:0
[2026-09-10 22:27:53.613] [RX] SRV:0,39,0.0,0,0
[2026-09-10 22:27:53.708] [RX] PITCH:1.03,PID_OUT:-6.56,INT:-0.1244,EL:-5372,ER:-5883,VEL:-103.2,MOT:1,TILT:25.0,TRIM:0.000,ATE:0,LATCH:0,TORQ:1,CR:0.0,FX1:1.00,FY1:-151.10,FX2:-6.00,FY2:-149.60,IK1:1,IK2:1,MOVE:0
[2026-09-10 22:27:53.809] [RX] PITCH:0.77,PID_OUT:19.06,INT:-0.0594,EL:-5381,ER:-5906,VEL:102.0,MOT:1,TILT:25.0,TRIM:0.000,ATE:0,LATCH:0,TORQ:1,CR:0.0,FX1:1.00,FY1:-151.10,FX2:-6.00,FY2:-149.60,IK1:1,IK2:1,MOVE:0
[2026-09-10 22:27:53.907] [RX] PITCH:0.82,PID_OUT:43.82,INT:0.0123,EL:-5382,ER:-5933,VEL:72.3,MOT:1,TILT:25.0,TRIM:0.000,ATE:0,LATCH:0,TORQ:1,CR:0.0,FX1:1.00,FY1:-151.10,FX2:-6.00,FY2:-149.60,IK1:1,IK2:1,MOVE:0
[2026-09-10 22:27:54.007] [RX] PITCH:0.47,PID_OUT:84.15,INT:0.0987,EL:-5382,ER:-5939,VEL:55.6,MOT:1,TILT:25.0,TRIM:0.000,ATE:0,LATCH:0,TORQ:1,CR:0.0,FX1:1.00,FY1:-151.10,FX2:-6.00,FY2:-149.60,IK1:1,IK2:1,MOVE:0
[2026-09-10 22:27:54.018] [RX] AX12:MODE:0,TQ:1,TL:1023,CM:1,CS:4,MS:0,MT:800
[2026-09-10 22:27:54.106] [RX] PITCH:0.19,PID_OUT:108.83,INT:0.2213,EL:-5378,ER:-5955,VEL:95.2,MOT:1,TILT:25.0,TRIM:0.000,ATE:0,LATCH:0,TORQ:1,CR:0.0,FX1:1.00,FY1:-151.10,FX2:-6.00,FY2:-149.60,IK1:1,IK2:1,MOVE:0
[2026-09-10 22:27:54.207] [RX] PITCH:0.63,PID_OUT:80.75,INT:0.2306,EL:-5369,ER:-5981,VEL:168.8,MOT:1,TILT:25.0,TRIM:0.000,ATE:0,LATCH:0,TORQ:1,CR:0.0,FX1:1.00,FY1:-151.10,FX2:-6.00,FY2:-149.60,IK1:1,IK2:1,MOVE:0
[2026-09-10 22:27:54.306] [RX] PITCH:1.05,PID_OUT:88.64,INT:0.2306,EL:-5359,ER:-6005,VEL:169.7,MOT:1,TILT:25.0,TRIM:0.000,ATE:0,LATCH:0,TORQ:1,CR:0.0,FX1:1.00,FY1:-151.10,FX2:-6.00,FY2:-149.60,IK1:1,IK2:1,MOVE:0
[2026-09-10 22:27:54.407] [RX] PITCH:1.00,PID_OUT:94.82,INT:0.2306,EL:-5348,ER:-6027,VEL:170.7,MOT:1,TILT:25.0,TRIM:0.000,ATE:0,LATCH:0,TORQ:1,CR:0.0,FX1:1.00,FY1:-151.10,FX2:-6.00,FY2:-149.60,IK1:1,IK2:1,MOVE:0
[2026-09-10 22:27:54.513] [RX] PITCH:0.65,PID_OUT:100.49,INT:0.2306,EL:-5334,ER:-6052,VEL:194.5,MOT:1,TILT:25.0,TRIM:0.000,ATE:0,LATCH:0,TORQ:1,CR:0.0,FX1:1.00,FY1:-151.10,FX2:-6.00,FY2:-149.60,IK1:1,IK2:1,MOVE:0
[2026-09-10 22:27:54.516] [RX] AX12:MODE:0,TQ:1,TL:1023,CM:1,CS:4,MS:0,MT:800
[2026-09-10 22:27:54.611] [RX] PITCH:0.75,PID_OUT:90.98,INT:0.2306,EL:-5317,ER:-6084,VEL:241.0,MOT:1,TILT:25.0,TRIM:0.000,ATE:0,LATCH:0,TORQ:1,CR:0.0,FX1:1.00,FY1:-151.10,FX2:-6.00,FY2:-149.60,IK1:1,IK2:1,MOVE:0
[2026-09-10 22:27:54.611] [RX] SRV:14,38,0.0,0,0
[2026-09-10 22:27:54.709] [RX] PITCH:0.84,PID_OUT:97.94,INT:0.2306,EL:-5297,ER:-6120,VEL:275.8,MOT:1,TILT:25.0,TRIM:0.000,ATE:0,LATCH:0,TORQ:1,CR:0.0,FX1:1.00,FY1:-151.10,FX2:-6.00,FY2:-149.60,IK1:1,IK2:1,MOVE:0
[2026-09-10 22:27:54.810] [RX] PITCH:0.70,PID_OUT:99.37,INT:0.2306,EL:-5274,ER:-6161,VEL:304.8,MOT:1,TILT:25.0,TRIM:0.000,ATE:0,LATCH:0,TORQ:1,CR:0.0,FX1:1.00,FY1:-151.10,FX2:-6.00,FY2:-149.60,IK1:1,IK2:1,MOVE:0
[2026-09-10 22:27:54.908] [RX] PITCH:0.59,PID_OUT:94.17,INT:0.2306,EL:-5248,ER:-6202,VEL:339.7,MOT:1,TILT:25.0,TRIM:0.000,ATE:0,LATCH:0,TORQ:1,CR:0.0,FX1:1.00,FY1:-151.10,FX2:-6.00,FY2:-149.60,IK1:1,IK2:1,MOVE:0
[2026-09-10 22:27:55.005] [RX] PITCH:0.56,PID_OUT:110.67,INT:0.2306,EL:-5218,ER:-6242,VEL:344.2,MOT:1,TILT:25.0,TRIM:0.000,ATE:0,LATCH:0,TORQ:1,CR:0.0,FX1:1.00,FY1:-151.10,FX2:-6.00,FY2:-149.60,IK1:1,IK2:1,MOVE:0
[2026-09-10 22:27:55.019] [RX] AX12:MODE:0,TQ:1,TL:1023,CM:1,CS:4,MS:0,MT:800
[2026-09-10 22:27:55.107] [RX] PITCH:0.70,PID_OUT:105.11,INT:0.2306,EL:-5184,ER:-6280,VEL:365.2,MOT:1,TILT:25.0,TRIM:0.000,ATE:0,LATCH:0,TORQ:1,CR:0.0,FX1:1.00,FY1:-151.10,FX2:-6.00,FY2:-149.60,IK1:1,IK2:1,MOVE:0
[2026-09-10 22:27:55.204] [RX] PITCH:0.39,PID_OUT:112.19,INT:0.2306,EL:-5147,ER:-6320,VEL:384.8,MOT:1,TILT:25.0,TRIM:0.000,ATE:0,LATCH:0,TORQ:1,CR:0.0,FX1:1.00,FY1:-151.10,FX2:-6.00,FY2:-149.60,IK1:1,IK2:1,MOVE:0
[2026-09-10 22:27:55.305] [RX] PITCH:0.59,PID_OUT:85.07,INT:0.2306,EL:-5107,ER:-6358,VEL:389.9,MOT:1,TILT:25.0,TRIM:0.000,ATE:0,LATCH:0,TORQ:1,CR:0.0,FX1:1.00,FY1:-151.10,FX2:-6.00,FY2:-149.60,IK1:1,IK2:1,MOVE:0
[2026-09-10 22:27:55.402] [RX] PITCH:0.53,PID_OUT:126.95,INT:0.2306,EL:-5065,ER:-6397,VEL:398.9,MOT:1,TILT:25.0,TRIM:0.000,ATE:0,LATCH:0,TORQ:1,CR:0.0,FX1:1.00,FY1:-151.10,FX2:-6.00,FY2:-149.60,IK1:1,IK2:1,MOVE:0
[2026-09-10 22:27:55.514] [RX] PITCH:0.15,PID_OUT:115.51,INT:0.2306,EL:-5021,ER:-6441,VEL:436.5,MOT:1,TILT:25.0,TRIM:0.000,ATE:0,LATCH:0,TORQ:1,CR:0.0,FX1:1.00,FY1:-151.10,FX2:-6.00,FY2:-149.60,IK1:1,IK2:1,MOVE:0
[2026-09-10 22:27:55.517] [RX] AX12:MODE:0,TQ:1,TL:1023,CM:1,CS:4,MS:0,MT:800
[2026-09-10 22:27:55.608] [RX] PITCH:0.42,PID_OUT:114.32,INT:0.2306,EL:-4973,ER:-6487,VEL:463.8,MOT:1,TILT:25.0,TRIM:0.000,ATE:0,LATCH:0,TORQ:1,CR:0.0,FX1:1.00,FY1:-151.10,FX2:-6.00,FY2:-149.60,IK1:1,IK2:1,MOVE:0
[2026-09-10 22:27:55.608] [RX] SRV:1,40,0.0,0,0
[2026-09-10 22:27:55.704] [RX] PITCH:-6.89,PID_OUT:284.51,INT:0.2306,EL:-4924,ER:-6543,VEL:537.7,MOT:1,TILT:25.0,TRIM:0.000,ATE:0,LATCH:0,TORQ:1,CR:0.0,FX1:1.00,FY1:-151.10,FX2:-6.00,FY2:-149.60,IK1:1,IK2:1,MOVE:0
[2026-09-10 22:27:55.808] [RX] PITCH:1.97,PID_OUT:-293.59,INT:0.2260,EL:-4899,ER:-6629,VEL:481.1,MOT:1,TILT:25.0,TRIM:0.000,ATE:0,LATCH:0,TORQ:1,CR:0.0,FX1:1.00,FY1:-151.10,FX2:-6.00,FY2:-149.60,IK1:1,IK2:1,MOVE:0
[2026-09-10 22:27:55.902] [RX] PITCH:4.38,PID_OUT:-111.31,INT:0.0224,EL:-4944,ER:-6650,VEL:-17.8,MOT:1,TILT:25.0,TRIM:0.000,ATE:0,LATCH:0,TORQ:1,CR:0.0,FX1:1.00,FY1:-151.10,FX2:-6.00,FY2:-149.60,IK1:1,IK2:1,MOVE:0
[2026-09-10 22:27:56.016] [RX] PITCH:3.73,PID_OUT:-165.28,INT:-0.2085,EL:-4993,ER:-6647,VEL:-218.1,MOT:1,TILT:25.0,TRIM:0.000,ATE:0,LATCH:0,TORQ:1,CR:0.0,FX1:1.00,FY1:-151.10,FX2:-6.00,FY2:-149.60,IK1:1,IK2:1,MOVE:0
[2026-09-10 22:27:56.016] [RX] AX12:MODE:0,TQ:1,TL:1023,CM:1,CS:4,MS:0,MT:800
[2026-09-10 22:27:56.108] [RX] PITCH:2.93,PID_OUT:-119.06,INT:-0.2306,EL:-5046,ER:-6632,VEL:-318.1,MOT:1,TILT:25.0,TRIM:0.000,ATE:0,LATCH:0,TORQ:1,CR:0.0,FX1:1.00,FY1:-151.10,FX2:-6.00,FY2:-149.60,IK1:1,IK2:1,MOVE:0
[2026-09-10 22:27:56.204] [RX] PITCH:2.56,PID_OUT:-137.72,INT:-0.2306,EL:-5100,ER:-6611,VEL:-363.5,MOT:1,TILT:25.0,TRIM:0.000,ATE:0,LATCH:0,TORQ:1,CR:0.0,FX1:1.00,FY1:-151.10,FX2:-6.00,FY2:-149.60,IK1:1,IK2:1,MOVE:0
[2026-09-10 22:27:56.303] [RX] PITCH:2.78,PID_OUT:-137.30,INT:-0.2306,EL:-5155,ER:-6584,VEL:-407.5,MOT:1,TILT:25.0,TRIM:0.000,ATE:0,LATCH:0,TORQ:1,CR:0.0,FX1:1.00,FY1:-151.10,FX2:-6.00,FY2:-149.60,IK1:1,IK2:1,MOVE:0
[2026-09-10 22:27:56.403] [RX] PITCH:2.65,PID_OUT:-122.48,INT:-0.2306,EL:-5213,ER:-6550,VEL:-452.9,MOT:1,TILT:25.0,TRIM:0.000,ATE:0,LATCH:0,TORQ:1,CR:0.0,FX1:1.00,FY1:-151.10,FX2:-6.00,FY2:-149.60,IK1:1,IK2:1,MOVE:0
[2026-09-10 22:27:56.506] [RX] PITCH:2.62,PID_OUT:-120.22,INT:-0.2306,EL:-5273,ER:-6510,VEL:-494.3,MOT:1,TILT:25.0,TRIM:0.000,ATE:0,LATCH:0,TORQ:1,CR:0.0,FX1:1.00,FY1:-151.10,FX2:-6.00,FY2:-149.60,IK1:1,IK2:1,MOVE:0
[2026-09-10 22:27:56.514] [RX] AX12:MODE:0,TQ:1,TL:1023,CM:1,CS:4,MS:0,MT:800
[2026-09-10 22:27:56.604] [RX] PITCH:2.75,PID_OUT:-164.65,INT:-0.2306,EL:-5335,ER:-6465,VEL:-531.4,MOT:1,TILT:25.0,TRIM:0.000,ATE:0,LATCH:0,TORQ:1,CR:0.0,FX1:1.00,FY1:-151.10,FX2:-6.00,FY2:-149.60,IK1:1,IK2:1,MOVE:0
[2026-09-10 22:27:56.607] [RX] SRV:6,39,0.0,0,0
[2026-09-10 22:27:56.702] [RX] PITCH:3.36,PID_OUT:-152.92,INT:-0.2306,EL:-5403,ER:-6414,VEL:-592.3,MOT:1,TILT:25.0,TRIM:0.000,ATE:0,LATCH:0,TORQ:1,CR:0.0,FX1:1.00,FY1:-151.10,FX2:-6.00,FY2:-149.60,IK1:1,IK2:1,MOVE:0
[2026-09-10 22:27:56.803] [RX] PITCH:3.45,PID_OUT:-158.38,INT:-0.2306,EL:-5475,ER:-6357,VEL:-640.0,MOT:1,TILT:25.0,TRIM:0.000,ATE:0,LATCH:0,TORQ:1,CR:0.0,FX1:1.00,FY1:-151.10,FX2:-6.00,FY2:-149.60,IK1:1,IK2:1,MOVE:0
[2026-09-10 22:27:56.904] [RX] PITCH:2.91,PID_OUT:-141.18,INT:-0.2306,EL:-5549,ER:-6295,VEL:-673.5,MOT:1,TILT:25.0,TRIM:0.000,ATE:0,LATCH:0,TORQ:1,CR:0.0,FX1:1.00,FY1:-151.10,FX2:-6.00,FY2:-149.60,IK1:1,IK2:1,MOVE:0
[2026-09-10 22:27:57.007] [RX] PITCH:2.68,PID_OUT:-117.70,INT:-0.2306,EL:-5626,ER:-6229,VEL:-709.1,MOT:1,TILT:25.0,TRIM:0.000,ATE:0,LATCH:0,TORQ:1,CR:0.0,FX1:1.00,FY1:-151.10,FX2:-6.00,FY2:-149.60,IK1:1,IK2:1,MOVE:0
[2026-09-10 22:27:57.015] [RX] AX12:MODE:0,TQ:1,TL:1023,CM:1,CS:4,MS:0,MT:800
[2026-09-10 22:27:57.106] [RX] PITCH:3.89,PID_OUT:-110.10,INT:-0.2306,EL:-5706,ER:-6159,VEL:-748.1,MOT:1,TILT:25.0,TRIM:0.000,ATE:0,LATCH:0,TORQ:1,CR:0.0,FX1:1.00,FY1:-151.10,FX2:-6.00,FY2:-149.60,IK1:1,IK2:1,MOVE:0
[2026-09-10 22:27:57.207] [RX] PITCH:1.48,PID_OUT:-41.91,INT:-0.2305,EL:-5784,ER:-6089,VEL:-733.6,MOT:1,TILT:25.0,TRIM:0.000,ATE:0,LATCH:0,TORQ:1,CR:0.0,FX1:1.00,FY1:-151.10,FX2:-6.00,FY2:-149.60,IK1:1,IK2:1,MOVE:0
[2026-09-10 22:27:57.304] [RX] PITCH:1.06,PID_OUT:-53.68,INT:-0.2088,EL:-5854,ER:-6025,VEL:-674.5,MOT:1,TILT:25.0,TRIM:0.000,ATE:0,LATCH:0,TORQ:1,CR:0.0,FX1:1.00,FY1:-151.10,FX2:-6.00,FY2:-149.60,IK1:1,IK2:1,MOVE:0
[2026-09-10 22:27:57.406] [RX] PITCH:1.56,PID_OUT:261.68,INT:-0.2078,EL:-5915,ER:-5968,VEL:-581.0,MOT:1,TILT:25.0,TRIM:0.000,ATE:0,LATCH:0,TORQ:1,CR:0.0,FX1:1.00,FY1:-151.10,FX2:-6.00,FY2:-149.60,IK1:1,IK2:1,MOVE:0
[2026-09-10 22:27:57.508] [RX] PITCH:0.97,PID_OUT:-71.93,INT:-0.1027,EL:-5915,ER:-5961,VEL:-133.1,MOT:1,TILT:25.0,TRIM:0.000,ATE:0,LATCH:0,TORQ:1,CR:0.0,FX1:1.00,FY1:-151.10,FX2:-6.00,FY2:-149.60,IK1:1,IK2:1,MOVE:0
[2026-09-10 22:27:57.514] [RX] AX12:MODE:0,TQ:1,TL:1023,CM:1,CS:4,MS:0,MT:800
[2026-09-10 22:27:57.608] [RX] PITCH:0.84,PID_OUT:-14.03,INT:-0.0521,EL:-5926,ER:-5962,VEL:-62.7,MOT:1,TILT:25.0,TRIM:0.000,ATE:0,LATCH:0,TORQ:1,CR:0.0,FX1:1.00,FY1:-151.10,FX2:-6.00,FY2:-149.60,IK1:1,IK2:1,MOVE:0
[2026-09-10 22:27:57.608] [RX] SRV:0,39,0.0,0,0
[2026-09-10 22:27:57.700] [RX] PITCH:0.43,PID_OUT:54.36,INT:0.0438,EL:-5925,ER:-5974,VEL:78.9,MOT:1,TILT:25.0,TRIM:0.000,ATE:0,LATCH:0,TORQ:1,CR:0.0,FX1:1.00,FY1:-151.10,FX2:-6.00,FY2:-149.60,IK1:1,IK2:1,MOVE:0
[2026-09-10 22:27:57.799] [RX] PITCH:0.69,PID_OUT:36.12,INT:0.1448,EL:-5922,ER:-5993,VEL:121.7,MOT:1,TILT:25.0,TRIM:0.000,ATE:0,LATCH:0,TORQ:1,CR:0.0,FX1:1.00,FY1:-151.10,FX2:-6.00,FY2:-149.60,IK1:1,IK2:1,MOVE:0
[2026-09-10 22:27:57.900] [RX] PITCH:0.91,PID_OUT:59.74,INT:0.2003,EL:-5919,ER:-6011,VEL:107.4,MOT:1,TILT:25.0,TRIM:0.000,ATE:0,LATCH:0,TORQ:1,CR:0.0,FX1:1.00,FY1:-151.10,FX2:-6.00,FY2:-149.60,IK1:1,IK2:1,MOVE:0
[2026-09-10 22:27:58.006] [RX] PITCH:1.42,PID_OUT:62.88,INT:0.2254,EL:-5916,ER:-6022,VEL:62.3,MOT:1,TILT:25.0,TRIM:0.000,ATE:0,LATCH:0,TORQ:1,CR:0.0,FX1:1.00,FY1:-151.10,FX2:-6.00,FY2:-149.60,IK1:1,IK2:1,MOVE:0
[2026-09-10 22:27:58.012] [RX] AX12:MODE:0,TQ:1,TL:1023,CM:1,CS:4,MS:0,MT:800
[2026-09-10 22:27:58.099] [RX] PITCH:1.32,PID_OUT:62.56,INT:0.2306,EL:-5914,ER:-6022,VEL:19.3,MOT:1,TILT:25.0,TRIM:0.000,ATE:0,LATCH:0,TORQ:1,CR:0.0,FX1:1.00,FY1:-151.10,FX2:-6.00,FY2:-149.60,IK1:1,IK2:1,MOVE:0
[2026-09-10 22:27:58.201] [RX] PITCH:1.19,PID_OUT:73.06,INT:0.2306,EL:-5910,ER:-6022,VEL:19.3,MOT:1,TILT:25.0,TRIM:0.000,ATE:0,LATCH:0,TORQ:1,CR:0.0,FX1:1.00,FY1:-151.10,FX2:-6.00,FY2:-149.60,IK1:1,IK2:1,MOVE:0
[2026-09-10 22:27:58.299] [RX] PITCH:1.01,PID_OUT:63.80,INT:0.2306,EL:-5908,ER:-6034,VEL:63.4,MOT:1,TILT:25.0,TRIM:0.000,ATE:0,LATCH:0,TORQ:1,CR:0.0,FX1:1.00,FY1:-151.10,FX2:-6.00,FY2:-149.60,IK1:1,IK2:1,MOVE:0
[2026-09-10 22:27:58.399] [RX] PITCH:1.24,PID_OUT:71.90,INT:0.2306,EL:-5907,ER:-6042,VEL:30.9,MOT:1,TILT:25.0,TRIM:0.000,ATE:0,LATCH:0,TORQ:1,CR:0.0,FX1:1.00,FY1:-151.10,FX2:-6.00,FY2:-149.60,IK1:1,IK2:1,MOVE:0
[2026-09-10 22:27:58.503] [RX] PITCH:1.15,PID_OUT:75.86,INT:0.2306,EL:-5907,ER:-6042,VEL:6.1,MOT:1,TILT:25.0,TRIM:0.000,ATE:0,LATCH:0,TORQ:1,CR:0.0,FX1:1.00,FY1:-151.10,FX2:-6.00,FY2:-149.60,IK1:1,IK2:1,MOVE:0
[2026-09-10 22:27:58.508] [RX] AX12:MODE:0,TQ:1,TL:1023,CM:1,CS:4,MS:0,MT:800
[2026-09-10 22:27:58.603] [RX] PITCH:1.12,PID_OUT:75.26,INT:0.2306,EL:-5907,ER:-6042,VEL:1.2,MOT:1,TILT:25.0,TRIM:0.000,ATE:0,LATCH:0,TORQ:1,CR:0.0,FX1:1.00,FY1:-151.10,FX2:-6.00,FY2:-149.60,IK1:1,IK2:1,MOVE:0
[2026-09-10 22:27:58.603] [RX] SRV:14,38,0.0,0,0
[2026-09-10 22:27:58.703] [RX] PITCH:1.13,PID_OUT:70.35,INT:0.2306,EL:-5906,ER:-6042,VEL:2.0,MOT:1,TILT:25.0,TRIM:0.000,ATE:0,LATCH:0,TORQ:1,CR:0.0,FX1:1.00,FY1:-151.10,FX2:-6.00,FY2:-149.60,IK1:1,IK2:1,MOVE:0
[2026-09-10 22:27:58.801] [RX] PITCH:1.21,PID_OUT:72.34,INT:0.2306,EL:-5905,ER:-6042,VEL:2.4,MOT:1,TILT:25.0,TRIM:0.000,ATE:0,LATCH:0,TORQ:1,CR:0.0,FX1:1.00,FY1:-151.10,FX2:-6.00,FY2:-149.60,IK1:1,IK2:1,MOVE:0
[2026-09-10 22:27:58.898] [RX] PITCH:1.12,PID_OUT:79.17,INT:0.2306,EL:-5905,ER:-6042,VEL:0.5,MOT:1,TILT:25.0,TRIM:0.000,ATE:0,LATCH:0,TORQ:1,CR:0.0,FX1:1.00,FY1:-151.10,FX2:-6.00,FY2:-149.60,IK1:1,IK2:1,MOVE:0
[2026-09-10 22:27:59.004] [RX] PITCH:1.08,PID_OUT:73.15,INT:0.2306,EL:-5904,ER:-6042,VEL:4.0,MOT:1,TILT:25.0,TRIM:0.000,ATE:0,LATCH:0,TORQ:1,CR:0.0,FX1:1.00,FY1:-151.10,FX2:-6.00,FY2:-149.60,IK1:1,IK2:1,MOVE:0
[2026-09-10 22:27:59.012] [RX] AX12:MODE:0,TQ:1,TL:1023,CM:1,CS:4,MS:0,MT:800
[2026-09-10 22:27:59.097] [RX] PITCH:1.27,PID_OUT:59.99,INT:0.2306,EL:-5900,ER:-6042,VEL:18.0,MOT:1,TILT:25.0,TRIM:0.000,ATE:0,LATCH:0,TORQ:1,CR:0.0,FX1:1.00,FY1:-151.10,FX2:-6.00,FY2:-149.60,IK1:1,IK2:1,MOVE:0
[2026-09-10 22:27:59.198] [RX] PITCH:1.43,PID_OUT:57.16,INT:0.2306,EL:-5897,ER:-6042,VEL:14.7,MOT:1,TILT:25.0,TRIM:0.000,ATE:0,LATCH:0,TORQ:1,CR:0.0,FX1:1.00,FY1:-151.10,FX2:-6.00,FY2:-149.60,IK1:1,IK2:1,MOVE:0
[2026-09-10 22:27:59.298] [RX] PITCH:1.80,PID_OUT:53.04,INT:0.2171,EL:-5894,ER:-6042,VEL:12.1,MOT:1,TILT:25.0,TRIM:0.000,ATE:0,LATCH:0,TORQ:1,CR:0.0,FX1:1.00,FY1:-151.10,FX2:-6.00,FY2:-149.60,IK1:1,IK2:1,MOVE:0
[2026-09-10 22:27:59.398] [RX] PITCH:0.99,PID_OUT:101.23,INT:0.2278,EL:-5894,ER:-6042,VEL:2.4,MOT:1,TILT:25.0,TRIM:0.000,ATE:0,LATCH:0,TORQ:1,CR:0.0,FX1:1.00,FY1:-151.10,FX2:-6.00,FY2:-149.60,IK1:1,IK2:1,MOVE:0
[2026-09-10 22:27:59.507] [RX] PITCH:0.73,PID_OUT:79.96,INT:0.2306,EL:-5891,ER:-6066,VEL:103.9,MOT:1,TILT:25.0,TRIM:0.000,ATE:0,LATCH:0,TORQ:1,CR:0.0,FX1:1.00,FY1:-151.10,FX2:-6.00,FY2:-149.60,IK1:1,IK2:1,MOVE:0
[2026-09-10 22:27:59.507] [RX] AX12:MODE:0,TQ:1,TL:1023,CM:1,CS:4,MS:0,MT:800
[2026-09-10 22:27:59.599] [RX] PITCH:1.26,PID_OUT:54.81,INT:0.2306,EL:-5886,ER:-6085,VEL:125.8,MOT:1,TILT:25.0,TRIM:0.000,ATE:0,LATCH:0,TORQ:1,CR:0.0,FX1:1.00,FY1:-151.10,FX2:-6.00,FY2:-149.60,IK1:1,IK2:1,MOVE:0
[2026-09-10 22:27:59.599] [RX] SRV:1,40,0.0,0,0
[2026-09-10 22:27:59.697] [RX] PITCH:1.45,PID_OUT:61.99,INT:0.2306,EL:-5882,ER:-6106,VEL:136.9,MOT:1,TILT:25.0,TRIM:0.000,ATE:0,LATCH:0,TORQ:1,CR:0.0,FX1:1.00,FY1:-151.10,FX2:-6.00,FY2:-149.60,IK1:1,IK2:1,MOVE:0
[2026-09-10 22:27:59.797] [RX] PITCH:1.21,PID_OUT:71.37,INT:0.2306,EL:-5880,ER:-6121,VEL:97.8,MOT:1,TILT:25.0,TRIM:0.000,ATE:0,LATCH:0,TORQ:1,CR:0.0,FX1:1.00,FY1:-151.10,FX2:-6.00,FY2:-149.60,IK1:1,IK2:1,MOVE:0
[2026-09-10 22:27:59.896] [RX] PITCH:1.03,PID_OUT:71.13,INT:0.2306,EL:-5878,ER:-6134,VEL:81.3,MOT:1,TILT:25.0,TRIM:0.000,ATE:0,LATCH:0,TORQ:1,CR:0.0,FX1:1.00,FY1:-151.10,FX2:-6.00,FY2:-149.60,IK1:1,IK2:1,MOVE:0
[2026-09-10 22:27:59.998] [RX] PITCH:1.20,PID_OUT:68.33,INT:0.2306,EL:-5878,ER:-6141,VEL:43.5,MOT:1,TILT:25.0,TRIM:0.000,ATE:0,LATCH:0,TORQ:1,CR:0.0,FX1:1.00,FY1:-151.10,FX2:-6.00,FY2:-149.60,IK1:1,IK2:1,MOVE:0
[2026-09-10 22:28:00.007] [RX] AX12:MODE:0,TQ:1,TL:1023,CM:1,CS:4,MS:0,MT:800
[2026-09-10 22:28:00.097] [RX] PITCH:1.39,PID_OUT:53.27,INT:0.2306,EL:-5878,ER:-6149,VEL:41.7,MOT:1,TILT:25.0,TRIM:0.000,ATE:0,LATCH:0,TORQ:1,CR:0.0,FX1:1.00,FY1:-151.10,FX2:-6.00,FY2:-149.60,IK1:1,IK2:1,MOVE:0
[2026-09-10 22:28:00.195] [RX] PITCH:1.45,PID_OUT:56.69,INT:0.2306,EL:-5878,ER:-6156,VEL:37.6,MOT:1,TILT:25.0,TRIM:0.000,ATE:0,LATCH:0,TORQ:1,CR:0.0,FX1:1.00,FY1:-151.10,FX2:-6.00,FY2:-149.60,IK1:1,IK2:1,MOVE:0
[2026-09-10 22:28:00.294] [RX] PITCH:1.37,PID_OUT:63.12,INT:0.2306,EL:-5878,ER:-6161,VEL:29.1,MOT:1,TILT:25.0,TRIM:0.000,ATE:0,LATCH:0,TORQ:1,CR:0.0,FX1:1.00,FY1:-151.10,FX2:-6.00,FY2:-149.60,IK1:1,IK2:1,MOVE:0
[2026-09-10 22:28:00.397] [RX] PITCH:1.35,PID_OUT:58.21,INT:0.2306,EL:-5878,ER:-6166,VEL:27.4,MOT:1,TILT:25.0,TRIM:0.000,ATE:0,LATCH:0,TORQ:1,CR:0.0,FX1:1.00,FY1:-151.10,FX2:-6.00,FY2:-149.60,IK1:1,IK2:1,MOVE:0
[2026-09-10 22:28:00.496] [RX] PITCH:1.38,PID_OUT:64.87,INT:0.2306,EL:-5878,ER:-6173,VEL:37.5,MOT:1,TILT:25.0,TRIM:0.000,ATE:0,LATCH:0,TORQ:1,CR:0.0,FX1:1.00,FY1:-151.10,FX2:-6.00,FY2:-149.60,IK1:1,IK2:1,MOVE:0
[2026-09-10 22:28:00.504] [RX] AX12:MODE:0,TQ:1,TL:1023,CM:1,CS:4,MS:0,MT:800
[2026-09-10 22:28:00.595] [RX] PITCH:1.25,PID_OUT:68.36,INT:0.2306,EL:-5878,ER:-6185,VEL:54.1,MOT:1,TILT:25.0,TRIM:0.000,ATE:0,LATCH:0,TORQ:1,CR:0.0,FX1:1.00,FY1:-151.10,FX2:-6.00,FY2:-149.60,IK1:1,IK2:1,MOVE:0
[2026-09-10 22:28:00.598] [RX] SRV:6,39,0.0,0,0
[2026-09-10 22:28:00.696] [RX] PITCH:1.29,PID_OUT:62.78,INT:0.2306,EL:-5878,ER:-6201,VEL:93.4,MOT:1,TILT:25.0,TRIM:0.000,ATE:0,LATCH:0,TORQ:1,CR:0.0,FX1:1.00,FY1:-151.10,FX2:-6.00,FY2:-149.60,IK1:1,IK2:1,MOVE:0
[2026-09-10 22:28:00.793] [RX] PITCH:1.35,PID_OUT:61.18,INT:0.2306,EL:-5878,ER:-6209,VEL:45.0,MOT:1,TILT:25.0,TRIM:0.000,ATE:0,LATCH:0,TORQ:1,CR:0.0,FX1:1.00,FY1:-151.10,FX2:-6.00,FY2:-149.60,IK1:1,IK2:1,MOVE:0
[2026-09-10 22:28:00.894] [RX] PITCH:1.34,PID_OUT:59.25,INT:0.2306,EL:-5878,ER:-6209,VEL:8.9,MOT:1,TILT:25.0,TRIM:0.000,ATE:0,LATCH:0,TORQ:1,CR:0.0,FX1:1.00,FY1:-151.10,FX2:-6.00,FY2:-149.60,IK1:1,IK2:1,MOVE:0
[2026-09-10 22:28:01.005] [RX] PITCH:1.47,PID_OUT:45.39,INT:0.2306,EL:-5878,ER:-6209,VEL:1.7,MOT:1,TILT:25.0,TRIM:0.000,ATE:0,LATCH:0,TORQ:1,CR:0.0,FX1:1.00,FY1:-151.10,FX2:-6.00,FY2:-149.60,IK1:1,IK2:1,MOVE:0
[2026-09-10 22:28:01.005] [RX] AX12:MODE:0,TQ:1,TL:1023,CM:1,CS:4,MS:0,MT:800
[2026-09-10 22:28:01.093] [RX] PITCH:1.80,PID_OUT:16.02,INT:0.2176,EL:-5878,ER:-6209,VEL:0.3,MOT:1,TILT:25.0,TRIM:0.000,ATE:0,LATCH:0,TORQ:1,CR:0.0,FX1:1.00,FY1:-151.10,FX2:-6.00,FY2:-149.60,IK1:1,IK2:1,MOVE:0
[2026-09-10 22:28:01.196] [RX] PITCH:2.36,PID_OUT:-43.10,INT:0.1593,EL:-5878,ER:-6209,VEL:0.1,MOT:1,TILT:25.0,TRIM:0.000,ATE:0,LATCH:0,TORQ:1,CR:0.0,FX1:1.00,FY1:-151.10,FX2:-6.00,FY2:-149.60,IK1:1,IK2:1,MOVE:0
[2026-09-10 22:28:01.296] [RX] PITCH:3.34,PID_OUT:-97.96,INT:0.0151,EL:-5894,ER:-6206,VEL:-81.1,MOT:1,TILT:25.0,TRIM:0.000,ATE:0,LATCH:0,TORQ:1,CR:0.0,FX1:1.00,FY1:-151.10,FX2:-6.00,FY2:-149.60,IK1:1,IK2:1,MOVE:0
[2026-09-10 22:28:01.396] [RX] PITCH:2.86,PID_OUT:-97.43,INT:-0.1489,EL:-5923,ER:-6196,VEL:-172.5,MOT:1,TILT:25.0,TRIM:0.000,ATE:0,LATCH:0,TORQ:1,CR:0.0,FX1:1.00,FY1:-151.10,FX2:-6.00,FY2:-149.60,IK1:1,IK2:1,MOVE:0
[2026-09-10 22:28:01.500] [RX] PITCH:2.14,PID_OUT:-77.79,INT:-0.2306,EL:-5955,ER:-6183,VEL:-216.1,MOT:1,TILT:25.0,TRIM:0.000,ATE:0,LATCH:0,TORQ:1,CR:0.0,FX1:1.00,FY1:-151.10,FX2:-6.00,FY2:-149.60,IK1:1,IK2:1,MOVE:0
[2026-09-10 22:28:01.507] [RX] AX12:MODE:0,TQ:1,TL:1023,CM:1,CS:4,MS:0,MT:800
[2026-09-10 22:28:01.593] [RX] PITCH:1.65,PID_OUT:-59.20,INT:-0.2306,EL:-5988,ER:-6169,VEL:-230.2,MOT:1,TILT:25.0,TRIM:0.000,ATE:0,LATCH:0,TORQ:1,CR:0.0,FX1:1.00,FY1:-151.10,FX2:-6.00,FY2:-149.60,IK1:1,IK2:1,MOVE:0
[2026-09-10 22:28:01.597] [RX] SRV:0,39,0.0,0,0
[2026-09-10 22:28:01.694] [RX] PITCH:3.92,PID_OUT:-13.99,INT:-0.2306,EL:-6017,ER:-6153,VEL:-240.4,MOT:1,TILT:25.0,TRIM:0.000,ATE:0,LATCH:0,TORQ:1,CR:0.0,FX1:1.00,FY1:-151.10,FX2:-6.00,FY2:-149.60,IK1:1,IK2:1,MOVE:0
[2026-09-10 22:28:01.795] [RX] PITCH:0.76,PID_OUT:-16.57,INT:-0.2005,EL:-6051,ER:-6144,VEL:-257.6,MOT:1,TILT:25.0,TRIM:0.000,ATE:0,LATCH:0,TORQ:1,CR:0.0,FX1:1.00,FY1:-151.10,FX2:-6.00,FY2:-149.60,IK1:1,IK2:1,MOVE:0
[2026-09-10 22:28:01.891] [RX] PITCH:0.43,PID_OUT:3.42,INT:-0.1187,EL:-6062,ER:-6144,VEL:-70.1,MOT:1,TILT:25.0,TRIM:0.000,ATE:0,LATCH:0,TORQ:1,CR:0.0,FX1:1.00,FY1:-151.10,FX2:-6.00,FY2:-149.60,IK1:1,IK2:1,MOVE:0
[2026-09-10 22:28:01.994] [RX] PITCH:-0.03,PID_OUT:68.08,INT:0.0100,EL:-6062,ER:-6179,VEL:190.1,MOT:1,TILT:25.0,TRIM:0.000,ATE:0,LATCH:0,TORQ:1,CR:0.0,FX1:1.00,FY1:-151.10,FX2:-6.00,FY2:-149.60,IK1:1,IK2:1,MOVE:0
[2026-09-10 22:28:02.003] [RX] AX12:MODE:0,TQ:1,TL:1023,CM:1,CS:4,MS:0,MT:800
[2026-09-10 22:28:02.091] [RX] PITCH:0.55,PID_OUT:39.49,INT:0.1413,EL:-6058,ER:-6199,VEL:132.2,MOT:1,TILT:25.0,TRIM:0.000,ATE:0,LATCH:0,TORQ:1,CR:0.0,FX1:1.00,FY1:-151.10,FX2:-6.00,FY2:-149.60,IK1:1,IK2:1,MOVE:0
[2026-09-10 22:28:02.191] [RX] PITCH:1.15,PID_OUT:45.95,INT:0.2054,EL:-6053,ER:-6222,VEL:131.5,MOT:1,TILT:25.0,TRIM:0.000,ATE:0,LATCH:0,TORQ:1,CR:0.0,FX1:1.00,FY1:-151.10,FX2:-6.00,FY2:-149.60,IK1:1,IK2:1,MOVE:0
[2026-09-10 22:28:02.295] [RX] PITCH:1.43,PID_OUT:50.77,INT:0.2192,EL:-6050,ER:-6241,VEL:107.5,MOT:1,TILT:25.0,TRIM:0.000,ATE:0,LATCH:0,TORQ:1,CR:0.0,FX1:1.00,FY1:-151.10,FX2:-6.00,FY2:-149.60,IK1:1,IK2:1,MOVE:0
[2026-09-10 22:28:02.393] [RX] PITCH:0.89,PID_OUT:86.00,INT:0.2306,EL:-6050,ER:-6265,VEL:166.2,MOT:1,TILT:25.0,TRIM:0.000,ATE:0,LATCH:0,TORQ:1,CR:0.0,FX1:1.00,FY1:-151.10,FX2:-6.00,FY2:-149.60,IK1:1,IK2:1,MOVE:0
[2026-09-10 22:28:02.500] [RX] PITCH:1.13,PID_OUT:70.55,INT:0.2306,EL:-6049,ER:-6280,VEL:112.1,MOT:1,TILT:25.0,TRIM:0.000,ATE:0,LATCH:0,TORQ:1,CR:0.0,FX1:1.00,FY1:-151.10,FX2:-6.00,FY2:-149.60,IK1:1,IK2:1,MOVE:0
[2026-09-10 22:28:02.506] [RX] AX12:MODE:0,TQ:1,TL:1023,CM:1,CS:4,MS:0,MT:800
[2026-09-10 22:28:02.599] [RX] PITCH:1.36,PID_OUT:56.78,INT:0.2306,EL:-6049,ER:-6296,VEL:92.6,MOT:1,TILT:25.0,TRIM:0.000,ATE:0,LATCH:0,TORQ:1,CR:0.0,FX1:1.00,FY1:-151.10,FX2:-6.00,FY2:-149.60,IK1:1,IK2:1,MOVE:0
[2026-09-10 22:28:02.599] [RX] SRV:14,39,0.0,0,0
[2026-09-10 22:28:02.693] [RX] PITCH:1.40,PID_OUT:61.20,INT:0.2306,EL:-6049,ER:-6316,VEL:110.3,MOT:1,TILT:25.0,TRIM:0.000,ATE:0,LATCH:0,TORQ:1,CR:0.0,FX1:1.00,FY1:-151.10,FX2:-6.00,FY2:-149.60,IK1:1,IK2:1,MOVE:0
[2026-09-10 22:28:02.792] [RX] PITCH:1.21,PID_OUT:77.12,INT:0.2306,EL:-6049,ER:-6328,VEL:65.2,MOT:1,TILT:25.0,TRIM:0.000,ATE:0,LATCH:0,TORQ:1,CR:0.0,FX1:1.00,FY1:-151.10,FX2:-6.00,FY2:-149.60,IK1:1,IK2:1,MOVE:0
[2026-09-10 22:28:02.889] [RX] PITCH:0.99,PID_OUT:84.38,INT:0.2306,EL:-6049,ER:-6328,VEL:12.8,MOT:1,TILT:25.0,TRIM:0.000,ATE:0,LATCH:0,TORQ:1,CR:0.0,FX1:1.00,FY1:-151.10,FX2:-6.00,FY2:-149.60,IK1:1,IK2:1,MOVE:0
[2026-09-10 22:28:02.991] [RX] PITCH:0.90,PID_OUT:83.41,INT:0.2306,EL:-6047,ER:-6328,VEL:9.7,MOT:1,TILT:25.0,TRIM:0.000,ATE:0,LATCH:0,TORQ:1,CR:0.0,FX1:1.00,FY1:-151.10,FX2:-6.00,FY2:-149.60,IK1:1,IK2:1,MOVE:0
[2026-09-10 22:28:03.001] [RX] AX12:MODE:0,TQ:1,TL:1023,CM:1,CS:4,MS:0,MT:800
[2026-09-10 22:28:03.090] [RX] PITCH:1.06,PID_OUT:69.29,INT:0.2306,EL:-6043,ER:-6328,VEL:20.2,MOT:1,TILT:25.0,TRIM:0.000,ATE:0,LATCH:0,TORQ:1,CR:0.0,FX1:1.00,FY1:-151.10,FX2:-6.00,FY2:-149.60,IK1:1,IK2:1,MOVE:0
[2026-09-10 22:28:03.191] [RX] PITCH:1.47,PID_OUT:46.36,INT:0.2306,EL:-6038,ER:-6328,VEL:23.7,MOT:1,TILT:25.0,TRIM:0.000,ATE:0,LATCH:0,TORQ:1,CR:0.0,FX1:1.00,FY1:-151.10,FX2:-6.00,FY2:-149.60,IK1:1,IK2:1,MOVE:0
[2026-09-10 22:28:03.291] [RX] PITCH:1.42,PID_OUT:65.04,INT:0.2306,EL:-6035,ER:-6328,VEL:13.4,MOT:1,TILT:25.0,TRIM:0.000,ATE:0,LATCH:0,TORQ:1,CR:0.0,FX1:1.00,FY1:-151.10,FX2:-6.00,FY2:-149.60,IK1:1,IK2:1,MOVE:0
[2026-09-10 22:28:03.389] [RX] PITCH:1.19,PID_OUT:72.91,INT:0.2306,EL:-6035,ER:-6328,VEL:2.6,MOT:1,TILT:25.0,TRIM:0.000,ATE:0,LATCH:0,TORQ:1,CR:0.0,FX1:1.00,FY1:-151.10,FX2:-6.00,FY2:-149.60,IK1:1,IK2:1,MOVE:0
[2026-09-10 22:28:03.493] [RX] PITCH:1.15,PID_OUT:70.35,INT:0.2306,EL:-6035,ER:-6328,VEL:0.5,MOT:1,TILT:25.0,TRIM:0.000,ATE:0,LATCH:0,TORQ:1,CR:0.0,FX1:1.00,FY1:-151.10,FX2:-6.00,FY2:-149.60,IK1:1,IK2:1,MOVE:0
[2026-09-10 22:28:03.504] [RX] AX12:MODE:0,TQ:1,TL:1023,CM:1,CS:4,MS:0,MT:800
[2026-09-10 22:28:03.593] [RX] PITCH:1.22,PID_OUT:63.33,INT:0.2306,EL:-6035,ER:-6328,VEL:0.1,MOT:1,TILT:25.0,TRIM:0.000,ATE:0,LATCH:0,TORQ:1,CR:0.0,FX1:1.00,FY1:-151.10,FX2:-6.00,FY2:-149.60,IK1:1,IK2:1,MOVE:0
[2026-09-10 22:28:03.595] [RX] SRV:1,40,0.0,0,0
[2026-09-10 22:28:03.690] [RX] PITCH:1.40,PID_OUT:49.44,INT:0.2306,EL:-6035,ER:-6328,VEL:0.0,MOT:1,TILT:25.0,TRIM:0.000,ATE:0,LATCH:0,TORQ:1,CR:0.0,FX1:1.00,FY1:-151.10,FX2:-6.00,FY2:-149.60,IK1:1,IK2:1,MOVE:0
[2026-09-10 22:28:03.790] [RX] PITCH:1.69,PID_OUT:24.56,INT:0.2238,EL:-6035,ER:-6328,VEL:0.0,MOT:1,TILT:25.0,TRIM:0.000,ATE:0,LATCH:0,TORQ:1,CR:0.0,FX1:1.00,FY1:-151.10,FX2:-6.00,FY2:-149.60,IK1:1,IK2:1,MOVE:0
[2026-09-10 22:28:03.890] [RX] PITCH:2.28,PID_OUT:-26.83,INT:0.1774,EL:-6052,ER:-6328,VEL:-119.6,MOT:1,TILT:25.0,TRIM:0.000,ATE:0,LATCH:0,TORQ:1,CR:0.0,FX1:1.00,FY1:-151.10,FX2:-6.00,FY2:-149.60,IK1:1,IK2:1,MOVE:0
[2026-09-10 22:28:03.998] [RX] PITCH:3.54,PID_OUT:-72.77,INT:0.0307,EL:-6081,ER:-6325,VEL:-132.9,MOT:1,TILT:25.0,TRIM:0.000,ATE:0,LATCH:0,TORQ:1,CR:0.0,FX1:1.00,FY1:-151.10,FX2:-6.00,FY2:-149.60,IK1:1,IK2:1,MOVE:0
[2026-09-10 22:28:04.001] [RX] AX12:MODE:0,TQ:1,TL:1023,CM:1,CS:4,MS:0,MT:800
[2026-09-10 22:28:04.088] [RX] PITCH:2.58,PID_OUT:-72.73,INT:-0.1270,EL:-6101,ER:-6322,VEL:-113.9,MOT:1,TILT:25.0,TRIM:0.000,ATE:0,LATCH:0,TORQ:1,CR:0.0,FX1:1.00,FY1:-151.10,FX2:-6.00,FY2:-149.60,IK1:1,IK2:1,MOVE:0
[2026-09-10 22:28:04.189] [RX] PITCH:2.35,PID_OUT:-60.48,INT:-0.2191,EL:-6122,ER:-6319,VEL:-98.2,MOT:1,TILT:25.0,TRIM:0.000,ATE:0,LATCH:0,TORQ:1,CR:0.0,FX1:1.00,FY1:-151.10,FX2:-6.00,FY2:-149.60,IK1:1,IK2:1,MOVE:0
[2026-09-10 22:28:04.289] [RX] PITCH:1.38,PID_OUT:54.90,INT:-0.2294,EL:-6177,ER:-6316,VEL:-214.7,MOT:1,TILT:25.0,TRIM:0.000,ATE:0,LATCH:0,TORQ:1,CR:0.0,FX1:1.00,FY1:-151.10,FX2:-6.00,FY2:-149.60,IK1:1,IK2:1,MOVE:0
[2026-09-10 22:28:04.390] [RX] PITCH:-1.54,PID_OUT:179.39,INT:-0.0361,EL:-6170,ER:-6325,VEL:46.9,MOT:1,TILT:25.0,TRIM:0.000,ATE:0,LATCH:0,TORQ:1,CR:0.0,FX1:1.00,FY1:-151.10,FX2:-6.00,FY2:-149.60,IK1:1,IK2:1,MOVE:0
[2026-09-10 22:28:04.494] [RX] PITCH:-0.70,PID_OUT:115.56,INT:0.2306,EL:-6145,ER:-6361,VEL:278.0,MOT:1,TILT:25.0,TRIM:0.000,ATE:0,LATCH:0,TORQ:1,CR:0.0,FX1:1.00,FY1:-151.10,FX2:-6.00,FY2:-149.60,IK1:1,IK2:1,MOVE:0
[2026-09-10 22:28:04.500] [RX] AX12:MODE:0,TQ:1,TL:1023,CM:1,CS:4,MS:0,MT:800
[2026-09-10 22:28:04.592] [RX] PITCH:0.58,PID_OUT:78.84,INT:0.2306,EL:-6113,ER:-6401,VEL:345.9,MOT:1,TILT:25.0,TRIM:0.000,ATE:0,LATCH:0,TORQ:1,CR:0.0,FX1:1.00,FY1:-151.10,FX2:-6.00,FY2:-149.60,IK1:1,IK2:1,MOVE:0
[2026-09-10 22:28:04.594] [RX] SRV:6,39,0.0,0,0
[2026-09-10 22:28:04.687] [RX] PITCH:0.62,PID_OUT:107.24,INT:0.2306,EL:-6082,ER:-6440,VEL:348.7,MOT:1,TILT:25.0,TRIM:0.000,ATE:0,LATCH:0,TORQ:1,CR:0.0,FX1:1.00,FY1:-151.10,FX2:-6.00,FY2:-149.60,IK1:1,IK2:1,MOVE:0
[2026-09-10 22:28:04.787] [RX] PITCH:0.25,PID_OUT:96.32,INT:0.2306,EL:-6048,ER:-6478,VEL:362.5,MOT:1,TILT:25.0,TRIM:0.000,ATE:0,LATCH:0,TORQ:1,CR:0.0,FX1:1.00,FY1:-151.10,FX2:-6.00,FY2:-149.60,IK1:1,IK2:1,MOVE:0
[2026-09-10 22:28:04.889] [RX] PITCH:-0.00,PID_OUT:145.58,INT:0.2306,EL:-6008,ER:-6517,VEL:397.6,MOT:1,TILT:25.0,TRIM:0.000,ATE:0,LATCH:0,TORQ:1,CR:0.0,FX1:1.00,FY1:-151.10,FX2:-6.00,FY2:-149.60,IK1:1,IK2:1,MOVE:0
[2026-09-10 22:28:04.991] [RX] PITCH:0.27,PID_OUT:102.68,INT:0.2306,EL:-5965,ER:-6558,VEL:423.2,MOT:1,TILT:25.0,TRIM:0.000,ATE:0,LATCH:0,TORQ:1,CR:0.0,FX1:1.00,FY1:-151.10,FX2:-6.00,FY2:-149.60,IK1:1,IK2:1,MOVE:0
[2026-09-10 22:28:04.999] [RX] AX12:MODE:0,TQ:1,TL:1023,CM:1,CS:4,MS:0,MT:800
[2026-09-10 22:28:05.088] [RX] PITCH:0.69,PID_OUT:103.61,INT:0.2306,EL:-5920,ER:-6599,VEL:427.4,MOT:1,TILT:25.0,TRIM:0.000,ATE:0,LATCH:0,TORQ:1,CR:0.0,FX1:1.00,FY1:-151.10,FX2:-6.00,FY2:-149.60,IK1:1,IK2:1,MOVE:0
[2026-09-10 22:28:05.188] [RX] PITCH:-0.10,PID_OUT:169.93,INT:0.2306,EL:-5873,ER:-6643,VEL:455.5,MOT:1,TILT:25.0,TRIM:0.000,ATE:0,LATCH:0,TORQ:1,CR:0.0,FX1:1.00,FY1:-151.10,FX2:-6.00,FY2:-149.60,IK1:1,IK2:1,MOVE:0
[2026-09-10 22:28:05.286] [RX] PITCH:0.12,PID_OUT:111.45,INT:0.2306,EL:-5820,ER:-6697,VEL:521.7,MOT:1,TILT:25.0,TRIM:0.000,ATE:0,LATCH:0,TORQ:1,CR:0.0,FX1:1.00,FY1:-151.10,FX2:-6.00,FY2:-149.60,IK1:1,IK2:1,MOVE:0
[2026-09-10 22:28:05.387] [RX] PITCH:0.15,PID_OUT:100.85,INT:0.2306,EL:-5763,ER:-6752,VEL:554.8,MOT:1,TILT:25.0,TRIM:0.000,ATE:0,LATCH:0,TORQ:1,CR:0.0,FX1:1.00,FY1:-151.10,FX2:-6.00,FY2:-149.60,IK1:1,IK2:1,MOVE:0
[2026-09-10 22:28:05.485] [RX] PITCH:0.43,PID_OUT:131.00,INT:0.2306,EL:-5703,ER:-6810,VEL:585.1,MOT:1,TILT:25.0,TRIM:0.000,ATE:0,LATCH:0,TORQ:1,CR:0.0,FX1:1.00,FY1:-151.10,FX2:-6.00,FY2:-149.60,IK1:1,IK2:1,MOVE:0
[2026-09-10 22:28:05.496] [RX] AX12:MODE:0,TQ:1,TL:1023,CM:1,CS:4,MS:0,MT:800
[2026-09-10 22:28:05.591] [RX] PITCH:-0.03,PID_OUT:149.82,INT:0.2306,EL:-5641,ER:-6871,VEL:614.8,MOT:1,TILT:25.0,TRIM:0.000,ATE:0,LATCH:0,TORQ:1,CR:0.0,FX1:1.00,FY1:-151.10,FX2:-6.00,FY2:-149.60,IK1:1,IK2:1,MOVE:0
[2026-09-10 22:28:05.591] [RX] SRV:0,40,0.0,0,0
[2026-09-10 22:28:05.688] [RX] PITCH:0.05,PID_OUT:131.23,INT:0.2306,EL:-5574,ER:-6938,VEL:663.9,MOT:1,TILT:25.0,TRIM:0.000,ATE:0,LATCH:0,TORQ:1,CR:0.0,FX1:1.00,FY1:-151.10,FX2:-6.00,FY2:-149.60,IK1:1,IK2:1,MOVE:0
[2026-09-10 22:28:05.791] [RX] PITCH:-0.79,PID_OUT:176.23,INT:0.2306,EL:-5501,ER:-7012,VEL:729.9,MOT:1,TILT:25.0,TRIM:0.000,ATE:0,LATCH:0,TORQ:1,CR:0.0,FX1:1.00,FY1:-151.10,FX2:-6.00,FY2:-149.60,IK1:1,IK2:1,MOVE:0
[2026-09-10 22:28:05.885] [RX] PITCH:-1.29,PID_OUT:188.13,INT:0.2306,EL:-5422,ER:-7095,VEL:806.8,MOT:1,TILT:25.0,TRIM:0.000,ATE:0,LATCH:0,TORQ:1,CR:0.0,FX1:1.00,FY1:-151.10,FX2:-6.00,FY2:-149.60,IK1:1,IK2:1,MOVE:0
[2026-09-10 22:28:05.999] [RX] PITCH:-0.67,PID_OUT:150.09,INT:0.2306,EL:-5336,ER:-7183,VEL:862.7,MOT:1,TILT:25.0,TRIM:0.000,ATE:0,LATCH:0,TORQ:1,CR:0.0,FX1:1.00,FY1:-151.10,FX2:-6.00,FY2:-149.60,IK1:1,IK2:1,MOVE:0
[2026-09-10 22:28:06.000] [RX] AX12:MODE:0,TQ:1,TL:1023,CM:1,CS:4,MS:0,MT:800
[2026-09-10 22:28:06.086] [RX] PITCH:-0.36,PID_OUT:148.09,INT:0.2306,EL:-5246,ER:-7275,VEL:905.6,MOT:1,TILT:25.0,TRIM:0.000,ATE:0,LATCH:0,TORQ:1,CR:0.0,FX1:1.00,FY1:-151.10,FX2:-6.00,FY2:-149.60,IK1:1,IK2:1,MOVE:0
[2026-09-10 22:28:06.186] [RX] PITCH:-0.91,PID_OUT:204.29,INT:0.2306,EL:-5154,ER:-7368,VEL:927.8,MOT:1,TILT:25.0,TRIM:0.000,ATE:0,LATCH:0,TORQ:1,CR:0.0,FX1:1.00,FY1:-151.10,FX2:-6.00,FY2:-149.60,IK1:1,IK2:1,MOVE:0
[2026-09-10 22:28:06.284] [RX] PITCH:-1.26,PID_OUT:196.96,INT:0.2306,EL:-5056,ER:-7467,VEL:979.1,MOT:1,TILT:25.0,TRIM:0.000,ATE:0,LATCH:0,TORQ:1,CR:0.0,FX1:1.00,FY1:-151.10,FX2:-6.00,FY2:-149.60,IK1:1,IK2:1,MOVE:0
[2026-09-10 22:28:06.385] [RX] PITCH:-1.29,PID_OUT:218.40,INT:0.2306,EL:-4953,ER:-7573,VEL:1033.0,MOT:1,TILT:25.0,TRIM:0.000,ATE:0,LATCH:0,TORQ:1,CR:0.0,FX1:1.00,FY1:-151.10,FX2:-6.00,FY2:-149.60,IK1:1,IK2:1,MOVE:0
[2026-09-10 22:28:06.484] [RX] PITCH:-4.56,PID_OUT:86.65,INT:0.2306,EL:-4842,ER:-7687,VEL:1117.9,MOT:1,TILT:25.0,TRIM:0.000,ATE:0,LATCH:0,TORQ:1,CR:0.0,FX1:1.00,FY1:-151.10,FX2:-6.00,FY2:-149.60,IK1:1,IK2:1,MOVE:0
[2026-09-10 22:28:06.494] [RX] AX12:MODE:0,TQ:1,TL:1023,CM:1,CS:4,MS:0,MT:800
[2026-09-10 22:28:06.589] [RX] PITCH:-0.10,PID_OUT:-243.28,INT:0.2306,EL:-4747,ER:-7792,VEL:942.6,MOT:1,TILT:25.0,TRIM:0.000,ATE:0,LATCH:0,TORQ:1,CR:0.0,FX1:1.00,FY1:-151.10,FX2:-6.00,FY2:-149.60,IK1:1,IK2:1,MOVE:0
[2026-09-10 22:28:06.589] [RX] SRV:14,39,0.0,0,0
[2026-09-10 22:28:06.683] [RX] PITCH:2.93,PID_OUT:-35.35,INT:0.1640,EL:-4763,ER:-7803,VEL:143.7,MOT:1,TILT:25.0,TRIM:0.000,ATE:0,LATCH:0,TORQ:1,CR:0.0,FX1:1.00,FY1:-151.10,FX2:-6.00,FY2:-149.60,IK1:1,IK2:1,MOVE:0
[2026-09-10 22:28:06.784] [RX] PITCH:4.05,PID_OUT:-144.79,INT:-0.0346,EL:-4771,ER:-7801,VEL:-2.8,MOT:1,TILT:25.0,TRIM:0.000,ATE:0,LATCH:0,TORQ:1,CR:0.0,FX1:1.00,FY1:-151.10,FX2:-6.00,FY2:-149.60,IK1:1,IK2:1,MOVE:0
[2026-09-10 22:28:06.886] [RX] PITCH:3.85,PID_OUT:-197.13,INT:-0.2306,EL:-4792,ER:-7784,VEL:-184.2,MOT:1,TILT:25.0,TRIM:0.000,ATE:0,LATCH:0,TORQ:1,CR:0.0,FX1:1.00,FY1:-151.10,FX2:-6.00,FY2:-149.60,IK1:1,IK2:1,MOVE:0
[2026-09-10 22:28:06.988] [RX] PITCH:3.82,PID_OUT:-107.50,INT:-0.2306,EL:-4828,ER:-7756,VEL:-307.2,MOT:1,TILT:25.0,TRIM:0.000,ATE:0,LATCH:0,TORQ:1,CR:0.0,FX1:1.00,FY1:-151.10,FX2:-6.00,FY2:-149.60,IK1:1,IK2:1,MOVE:0
[2026-09-10 22:28:06.994] [RX] AX12:MODE:0,TQ:1,TL:1023,CM:1,CS:4,MS:0,MT:800
[2026-09-10 22:28:07.085] [RX] PITCH:3.77,PID_OUT:-211.03,INT:-0.2306,EL:-4877,ER:-7717,VEL:-417.3,MOT:1,TILT:25.0,TRIM:0.000,ATE:0,LATCH:0,TORQ:1,CR:0.0,FX1:1.00,FY1:-151.10,FX2:-6.00,FY2:-149.60,IK1:1,IK2:1,MOVE:0
[2026-09-10 22:28:07.185] [RX] PITCH:3.96,PID_OUT:-193.92,INT:-0.2306,EL:-4942,ER:-7665,VEL:-567.2,MOT:1,TILT:25.0,TRIM:0.000,ATE:0,LATCH:0,TORQ:1,CR:0.0,FX1:1.00,FY1:-151.10,FX2:-6.00,FY2:-149.60,IK1:1,IK2:1,MOVE:0
[2026-09-10 22:28:07.280] [RX] PITCH:4.21,PID_OUT:-228.03,INT:-0.2306,EL:-5018,ER:-7601,VEL:-684.9,MOT:1,TILT:25.0,TRIM:0.000,ATE:0,LATCH:0,TORQ:1,CR:0.0,FX1:1.00,FY1:-151.10,FX2:-6.00,FY2:-149.60,IK1:1,IK2:1,MOVE:0
[2026-09-10 22:28:07.385] [RX] PITCH:3.22,PID_OUT:-198.17,INT:-0.2306,EL:-5105,ER:-7523,VEL:-805.4,MOT:1,TILT:25.0,TRIM:0.000,ATE:0,LATCH:0,TORQ:1,CR:0.0,FX1:1.00,FY1:-151.10,FX2:-6.00,FY2:-149.60,IK1:1,IK2:1,MOVE:0
[2026-09-10 22:28:07.483] [RX] PITCH:4.54,PID_OUT:-312.59,INT:-0.2306,EL:-5206,ER:-7438,VEL:-925.7,MOT:1,TILT:25.0,TRIM:0.000,ATE:0,LATCH:0,TORQ:1,CR:0.0,FX1:1.00,FY1:-151.10,FX2:-6.00,FY2:-149.60,IK1:1,IK2:1,MOVE:0
[2026-09-10 22:28:07.493] [RX] AX12:MODE:0,TQ:1,TL:1023,CM:1,CS:4,MS:0,MT:800
[2026-09-10 22:28:07.587] [RX] PITCH:4.07,PID_OUT:-252.80,INT:-0.2306,EL:-5324,ER:-7331,VEL:-1101.5,MOT:1,TILT:25.0,TRIM:0.000,ATE:0,LATCH:0,TORQ:1,CR:0.0,FX1:1.00,FY1:-151.10,FX2:-6.00,FY2:-149.60,IK1:1,IK2:1,MOVE:0
[2026-09-10 22:28:07.587] [RX] SRV:1,40,0.0,0,0
[2026-09-10 22:28:07.685] [RX] PITCH:5.97,PID_OUT:-383.98,INT:-0.2306,EL:-5453,ER:-7213,VEL:-1223.4,MOT:1,TILT:25.0,TRIM:0.000,ATE:0,LATCH:0,TORQ:1,CR:0.0,FX1:1.00,FY1:-151.10,FX2:-6.00,FY2:-149.60,IK1:1,IK2:1,MOVE:0
[2026-09-10 22:28:07.784] [RX] PITCH:7.35,PID_OUT:-535.72,INT:-0.2306,EL:-5593,ER:-7085,VEL:-1321.0,MOT:1,TILT:25.0,TRIM:0.000,ATE:0,LATCH:0,TORQ:1,CR:0.0,FX1:1.00,FY1:-151.10,FX2:-6.00,FY2:-149.60,IK1:1,IK2:1,MOVE:0
[2026-09-10 22:28:07.883] [RX] PITCH:16.46,PID_OUT:-1158.08,INT:-0.2306,EL:-5735,ER:-6956,VEL:-1342.2,MOT:1,TILT:25.0,TRIM:0.000,ATE:0,LATCH:0,TORQ:1,CR:0.0,FX1:1.00,FY1:-151.10,FX2:-6.00,FY2:-149.60,IK1:1,IK2:1,MOVE:0
[2026-09-10 22:28:07.924] [RX] SAFETY:CUTOFF
--------------------------------------------------------------------------------
[2026-09-10 22:28:07.924] [SYS] Session Stopped: SAFETY CUTOFF
Total Duration: 99.96s | Total Lines Captured: 1311
================================================================================
