================================================================================
SERIAL MONITOR BACKUP LOG
Port: COM13 | Baud: 115200
Session Started: 2026-09-10 22:25:03
Trigger Reason: Motors ENABLED
Last IMU Calibration: Offset: -2.4097° (calibrated at 2026-09-10 22:22:36)
Active FW Parameters: pitchOffset=-2.4097, Kp=78.0, Ki=650.0, Kd=3.52, targetAngle=1.3, alpha=0.96, maxSafeTilt=25.0, Ki_trim=0.0015, crouchOffset=0.0, Kp_vel=0.003
================================================================================
[Timestamp]                [Dir]  Payload
--------------------------------------------------------------------------------
[2026-09-10 22:25:03.062] [RX] Motors ENABLED
[2026-09-10 22:25:03.138] [RX] PITCH:-1.23,PID_OUT:170.75,INT:0.0985,EL:4,ER:-3,VEL:47.0,MOT:1,TILT:25.0,TRIM:0.000,ATE:0,LATCH:0,TORQ:1,CR:0.0,FX1:1.00,FY1:-151.10,FX2:-6.00,FY2:-149.60,IK1:1,IK2:1,MOVE:0
[2026-09-10 22:25:03.148] [RX] AX12:MODE:0,TQ:1,TL:1023,CM:1,CS:4,MS:0,MT:800
[2026-09-10 22:25:03.239] [RX] PITCH:3.26,PID_OUT:-127.43,INT:0.0045,EL:9,ER:-17,VEL:54.2,MOT:1,TILT:25.0,TRIM:0.000,ATE:0,LATCH:0,TORQ:1,CR:0.0,FX1:1.00,FY1:-151.10,FX2:-6.00,FY2:-149.60,IK1:1,IK2:1,MOVE:0
[2026-09-10 22:25:03.341] [RX] PITCH:1.00,PID_OUT:12.19,INT:-0.0571,EL:-17,ER:-13,VEL:-93.6,MOT:1,TILT:25.0,TRIM:0.000,ATE:0,LATCH:0,TORQ:1,CR:0.0,FX1:1.00,FY1:-151.10,FX2:-6.00,FY2:-149.60,IK1:1,IK2:1,MOVE:0
[2026-09-10 22:25:03.440] [RX] PITCH:0.69,PID_OUT:44.29,INT:0.0088,EL:-20,ER:-13,VEL:-26.5,MOT:1,TILT:25.0,TRIM:0.000,ATE:0,LATCH:0,TORQ:1,CR:0.0,FX1:1.00,FY1:-151.10,FX2:-6.00,FY2:-149.60,IK1:1,IK2:1,MOVE:0
[2026-09-10 22:25:03.536] [RX] PITCH:0.65,PID_OUT:82.52,INT:0.0699,EL:-19,ER:-20,VEL:18.4,MOT:1,TILT:25.0,TRIM:0.000,ATE:0,LATCH:0,TORQ:1,CR:0.0,FX1:1.00,FY1:-151.10,FX2:-6.00,FY2:-149.60,IK1:1,IK2:1,MOVE:0
[2026-09-10 22:25:03.637] [RX] PITCH:1.08,PID_OUT:53.45,INT:0.0985,EL:-18,ER:-42,VEL:83.5,MOT:1,TILT:25.0,TRIM:0.000,ATE:0,LATCH:0,TORQ:1,CR:0.0,FX1:1.00,FY1:-151.10,FX2:-6.00,FY2:-149.60,IK1:1,IK2:1,MOVE:0
[2026-09-10 22:25:03.646] [RX] AX12:MODE:0,TQ:1,TL:1023,CM:1,CS:4,MS:0,MT:800
[2026-09-10 22:25:03.740] [RX] PITCH:1.22,PID_OUT:68.06,INT:0.0985,EL:-17,ER:-64,VEL:110.5,MOT:1,TILT:25.0,TRIM:0.000,ATE:0,LATCH:0,TORQ:1,CR:0.0,FX1:1.00,FY1:-151.10,FX2:-6.00,FY2:-149.60,IK1:1,IK2:1,MOVE:0
[2026-09-10 22:25:03.740] [RX] SRV:1,38,0.0,0,0
[2026-09-10 22:25:03.835] [RX] PITCH:1.06,PID_OUT:64.79,INT:0.0985,EL:-16,ER:-77,VEL:75.6,MOT:1,TILT:25.0,TRIM:0.000,ATE:0,LATCH:0,TORQ:1,CR:0.0,FX1:1.00,FY1:-151.10,FX2:-6.00,FY2:-149.60,IK1:1,IK2:1,MOVE:0
[2026-09-10 22:25:03.935] [RX] PITCH:1.14,PID_OUT:56.81,INT:0.0985,EL:-16,ER:-91,VEL:67.9,MOT:1,TILT:25.0,TRIM:0.000,ATE:0,LATCH:0,TORQ:1,CR:0.0,FX1:1.00,FY1:-151.10,FX2:-6.00,FY2:-149.60,IK1:1,IK2:1,MOVE:0
[2026-09-10 22:25:04.035] [RX] PITCH:1.38,PID_OUT:38.63,INT:0.0965,EL:-16,ER:-107,VEL:80.1,MOT:1,TILT:25.0,TRIM:0.000,ATE:0,LATCH:0,TORQ:1,CR:0.0,FX1:1.00,FY1:-151.10,FX2:-6.00,FY2:-149.60,IK1:1,IK2:1,MOVE:0
[2026-09-10 22:25:04.136] [RX] PITCH:1.43,PID_OUT:31.97,INT:0.0816,EL:-16,ER:-134,VEL:159.3,MOT:1,TILT:25.0,TRIM:0.000,ATE:0,LATCH:0,TORQ:1,CR:0.0,FX1:1.00,FY1:-151.10,FX2:-6.00,FY2:-149.60,IK1:1,IK2:1,MOVE:0
[2026-09-10 22:25:04.146] [RX] AX12:MODE:0,TQ:1,TL:1023,CM:1,CS:4,MS:0,MT:800
[2026-09-10 22:25:04.236] [RX] PITCH:1.31,PID_OUT:33.99,INT:0.0784,EL:-16,ER:-234,VEL:432.9,MOT:1,TILT:25.0,TRIM:0.000,ATE:0,LATCH:0,TORQ:1,CR:0.0,FX1:1.00,FY1:-151.10,FX2:-6.00,FY2:-149.60,IK1:1,IK2:1,MOVE:0
[2026-09-10 22:25:04.336] [RX] PITCH:1.57,PID_OUT:0.41,INT:0.0655,EL:-16,ER:-325,VEL:419.3,MOT:1,TILT:25.0,TRIM:0.000,ATE:0,LATCH:0,TORQ:1,CR:0.0,FX1:1.00,FY1:-151.10,FX2:-6.00,FY2:-149.60,IK1:1,IK2:1,MOVE:0
[2026-09-10 22:25:04.435] [RX] PITCH:1.92,PID_OUT:-61.84,INT:0.0188,EL:-16,ER:-325,VEL:82.5,MOT:1,TILT:25.0,TRIM:0.000,ATE:0,LATCH:0,TORQ:1,CR:0.0,FX1:1.00,FY1:-151.10,FX2:-6.00,FY2:-149.60,IK1:1,IK2:1,MOVE:0
[2026-09-10 22:25:04.535] [RX] PITCH:2.00,PID_OUT:-83.38,INT:-0.0622,EL:-46,ER:-321,VEL:-117.1,MOT:1,TILT:25.0,TRIM:0.000,ATE:0,LATCH:0,TORQ:1,CR:0.0,FX1:1.00,FY1:-151.10,FX2:-6.00,FY2:-149.60,IK1:1,IK2:1,MOVE:0
[2026-09-10 22:25:04.639] [RX] PITCH:1.23,PID_OUT:-33.69,INT:-0.0876,EL:-74,ER:-316,VEL:-154.5,MOT:1,TILT:25.0,TRIM:0.000,ATE:0,LATCH:0,TORQ:1,CR:0.0,FX1:1.00,FY1:-151.10,FX2:-6.00,FY2:-149.60,IK1:1,IK2:1,MOVE:0
[2026-09-10 22:25:04.647] [RX] AX12:MODE:0,TQ:1,TL:1023,CM:1,CS:4,MS:0,MT:800
[2026-09-10 22:25:04.736] [RX] PITCH:1.04,PID_OUT:-13.43,INT:-0.0678,EL:-105,ER:-316,VEL:-155.6,MOT:1,TILT:25.0,TRIM:0.000,ATE:0,LATCH:0,TORQ:1,CR:0.0,FX1:1.00,FY1:-151.10,FX2:-6.00,FY2:-149.60,IK1:1,IK2:1,MOVE:0
[2026-09-10 22:25:04.739] [RX] SRV:6,37,0.0,0,0
[2026-09-10 22:25:04.834] [RX] PITCH:0.79,PID_OUT:26.21,INT:-0.0250,EL:-112,ER:-316,VEL:-56.6,MOT:1,TILT:25.0,TRIM:0.000,ATE:0,LATCH:0,TORQ:1,CR:0.0,FX1:1.00,FY1:-151.10,FX2:-6.00,FY2:-149.60,IK1:1,IK2:1,MOVE:0
[2026-09-10 22:25:04.935] [RX] PITCH:0.67,PID_OUT:76.45,INT:0.0310,EL:-112,ER:-333,VEL:60.9,MOT:1,TILT:25.0,TRIM:0.000,ATE:0,LATCH:0,TORQ:1,CR:0.0,FX1:1.00,FY1:-151.10,FX2:-6.00,FY2:-149.60,IK1:1,IK2:1,MOVE:0
[2026-09-10 22:25:05.035] [RX] PITCH:0.58,PID_OUT:86.38,INT:0.0985,EL:-110,ER:-345,VEL:73.3,MOT:1,TILT:25.0,TRIM:0.000,ATE:0,LATCH:0,TORQ:1,CR:0.0,FX1:1.00,FY1:-151.10,FX2:-6.00,FY2:-149.60,IK1:1,IK2:1,MOVE:0
[2026-09-10 22:25:05.135] [RX] PITCH:1.08,PID_OUT:49.80,INT:0.0985,EL:-106,ER:-365,VEL:113.6,MOT:1,TILT:25.0,TRIM:0.000,ATE:0,LATCH:0,TORQ:1,CR:0.0,FX1:1.00,FY1:-151.10,FX2:-6.00,FY2:-149.60,IK1:1,IK2:1,MOVE:0
[2026-09-10 22:25:05.143] [RX] AX12:MODE:0,TQ:1,TL:1023,CM:1,CS:4,MS:0,MT:800
[2026-09-10 22:25:05.233] [RX] PITCH:1.24,PID_OUT:42.17,INT:0.0985,EL:-105,ER:-378,VEL:70.1,MOT:1,TILT:25.0,TRIM:0.000,ATE:0,LATCH:0,TORQ:1,CR:0.0,FX1:1.00,FY1:-151.10,FX2:-6.00,FY2:-149.60,IK1:1,IK2:1,MOVE:0
[2026-09-10 22:25:05.333] [RX] PITCH:1.43,PID_OUT:24.53,INT:0.0953,EL:-105,ER:-394,VEL:71.4,MOT:1,TILT:25.0,TRIM:0.000,ATE:0,LATCH:0,TORQ:1,CR:0.0,FX1:1.00,FY1:-151.10,FX2:-6.00,FY2:-149.60,IK1:1,IK2:1,MOVE:0
[2026-09-10 22:25:05.432] [RX] PITCH:1.74,PID_OUT:-25.85,INT:0.0667,EL:-123,ER:-404,VEL:-75.7,MOT:1,TILT:25.0,TRIM:0.000,ATE:0,LATCH:0,TORQ:1,CR:0.0,FX1:1.00,FY1:-151.10,FX2:-6.00,FY2:-149.60,IK1:1,IK2:1,MOVE:0
[2026-09-10 22:25:05.533] [RX] PITCH:2.78,PID_OUT:-126.88,INT:-0.0197,EL:-174,ER:-402,VEL:-182.6,MOT:1,TILT:25.0,TRIM:0.000,ATE:0,LATCH:0,TORQ:1,CR:0.0,FX1:1.00,FY1:-151.10,FX2:-6.00,FY2:-149.60,IK1:1,IK2:1,MOVE:0
[2026-09-10 22:25:05.638] [RX] PITCH:1.41,PID_OUT:-34.09,INT:-0.0933,EL:-205,ER:-394,VEL:-196.6,MOT:1,TILT:25.0,TRIM:0.000,ATE:0,LATCH:0,TORQ:1,CR:0.0,FX1:1.00,FY1:-151.10,FX2:-6.00,FY2:-149.60,IK1:1,IK2:1,MOVE:0
[2026-09-10 22:25:05.645] [RX] AX12:MODE:0,TQ:1,TL:1023,CM:1,CS:4,MS:0,MT:800
[2026-09-10 22:25:05.737] [RX] PITCH:0.87,PID_OUT:3.82,INT:-0.0703,EL:-226,ER:-389,VEL:-121.1,MOT:1,TILT:25.0,TRIM:0.000,ATE:0,LATCH:0,TORQ:1,CR:0.0,FX1:1.00,FY1:-151.10,FX2:-6.00,FY2:-149.60,IK1:1,IK2:1,MOVE:0
[2026-09-10 22:25:05.737] [RX] SRV:0,37,0.0,0,0
[2026-09-10 22:25:05.835] [RX] PITCH:1.08,PID_OUT:-9.73,INT:-0.0274,EL:-234,ER:-393,VEL:-35.4,MOT:1,TILT:25.0,TRIM:0.000,ATE:0,LATCH:0,TORQ:1,CR:0.0,FX1:1.00,FY1:-151.10,FX2:-6.00,FY2:-149.60,IK1:1,IK2:1,MOVE:0
[2026-09-10 22:25:05.932] [RX] PITCH:1.27,PID_OUT:-7.06,INT:-0.0213,EL:-247,ER:-393,VEL:-31.1,MOT:1,TILT:25.0,TRIM:0.000,ATE:0,LATCH:0,TORQ:1,CR:0.0,FX1:1.00,FY1:-151.10,FX2:-6.00,FY2:-149.60,IK1:1,IK2:1,MOVE:0
[2026-09-10 22:25:06.033] [RX] PITCH:0.86,PID_OUT:48.37,INT:0.0014,EL:-247,ER:-393,VEL:-6.1,MOT:1,TILT:25.0,TRIM:0.000,ATE:0,LATCH:0,TORQ:1,CR:0.0,FX1:1.00,FY1:-151.10,FX2:-6.00,FY2:-149.60,IK1:1,IK2:1,MOVE:0
[2026-09-10 22:25:06.139] [RX] PITCH:0.22,PID_OUT:123.36,INT:0.0847,EL:-245,ER:-400,VEL:53.5,MOT:1,TILT:25.0,TRIM:0.000,ATE:0,LATCH:0,TORQ:1,CR:0.0,FX1:1.00,FY1:-151.10,FX2:-6.00,FY2:-149.60,IK1:1,IK2:1,MOVE:0
[2026-09-10 22:25:06.147] [RX] AX12:MODE:0,TQ:1,TL:1023,CM:1,CS:4,MS:0,MT:800
[2026-09-10 22:25:06.231] [RX] PITCH:1.11,PID_OUT:39.38,INT:0.0985,EL:-236,ER:-425,VEL:148.3,MOT:1,TILT:25.0,TRIM:0.000,ATE:0,LATCH:0,TORQ:1,CR:0.0,FX1:1.00,FY1:-151.10,FX2:-6.00,FY2:-149.60,IK1:1,IK2:1,MOVE:0
[2026-09-10 22:25:06.331] [RX] PITCH:1.27,PID_OUT:51.44,INT:0.0985,EL:-230,ER:-447,VEL:143.0,MOT:1,TILT:25.0,TRIM:0.000,ATE:0,LATCH:0,TORQ:1,CR:0.0,FX1:1.00,FY1:-151.10,FX2:-6.00,FY2:-149.60,IK1:1,IK2:1,MOVE:0
[2026-09-10 22:25:06.431] [RX] PITCH:1.06,PID_OUT:54.47,INT:0.0985,EL:-225,ER:-466,VEL:124.5,MOT:1,TILT:25.0,TRIM:0.000,ATE:0,LATCH:0,TORQ:1,CR:0.0,FX1:1.00,FY1:-151.10,FX2:-6.00,FY2:-149.60,IK1:1,IK2:1,MOVE:0
[2026-09-10 22:25:06.533] [RX] PITCH:1.45,PID_OUT:27.45,INT:0.0948,EL:-223,ER:-488,VEL:122.4,MOT:1,TILT:25.0,TRIM:0.000,ATE:0,LATCH:0,TORQ:1,CR:0.0,FX1:1.00,FY1:-151.10,FX2:-6.00,FY2:-149.60,IK1:1,IK2:1,MOVE:0
[2026-09-10 22:25:06.640] [RX] PITCH:1.50,PID_OUT:19.70,INT:0.0751,EL:-223,ER:-500,VEL:57.6,MOT:1,TILT:25.0,TRIM:0.000,ATE:0,LATCH:0,TORQ:1,CR:0.0,FX1:1.00,FY1:-151.10,FX2:-6.00,FY2:-149.60,IK1:1,IK2:1,MOVE:0
[2026-09-10 22:25:06.640] [RX] AX12:MODE:0,TQ:1,TL:1023,CM:1,CS:4,MS:0,MT:800
[2026-09-10 22:25:06.733] [RX] PITCH:1.64,PID_OUT:-18.17,INT:0.0518,EL:-223,ER:-500,VEL:11.3,MOT:1,TILT:25.0,TRIM:0.000,ATE:0,LATCH:0,TORQ:1,CR:0.0,FX1:1.00,FY1:-151.10,FX2:-6.00,FY2:-149.60,IK1:1,IK2:1,MOVE:0
[2026-09-10 22:25:06.734] [RX] SRV:14,37,0.0,0,0
[2026-09-10 22:25:06.832] [RX] PITCH:2.38,PID_OUT:-106.89,INT:-0.0141,EL:-233,ER:-498,VEL:-73.3,MOT:1,TILT:25.0,TRIM:0.000,ATE:0,LATCH:0,TORQ:1,CR:0.0,FX1:1.00,FY1:-151.10,FX2:-6.00,FY2:-149.60,IK1:1,IK2:1,MOVE:0
[2026-09-10 22:25:06.930] [RX] PITCH:1.81,PID_OUT:-81.10,INT:-0.0715,EL:-259,ER:-493,VEL:-142.7,MOT:1,TILT:25.0,TRIM:0.000,ATE:0,LATCH:0,TORQ:1,CR:0.0,FX1:1.00,FY1:-151.10,FX2:-6.00,FY2:-149.60,IK1:1,IK2:1,MOVE:0
[2026-09-10 22:25:07.032] [RX] PITCH:1.35,PID_OUT:-57.00,INT:-0.0985,EL:-287,ER:-488,VEL:-158.1,MOT:1,TILT:25.0,TRIM:0.000,ATE:0,LATCH:0,TORQ:1,CR:0.0,FX1:1.00,FY1:-151.10,FX2:-6.00,FY2:-149.60,IK1:1,IK2:1,MOVE:0
[2026-09-10 22:25:07.140] [RX] PITCH:1.05,PID_OUT:-41.57,INT:-0.0790,EL:-319,ER:-485,VEL:-173.1,MOT:1,TILT:25.0,TRIM:0.000,ATE:0,LATCH:0,TORQ:1,CR:0.0,FX1:1.00,FY1:-151.10,FX2:-6.00,FY2:-149.60,IK1:1,IK2:1,MOVE:0
[2026-09-10 22:25:07.142] [RX] AX12:MODE:0,TQ:1,TL:1023,CM:1,CS:4,MS:0,MT:800
[2026-09-10 22:25:07.235] [RX] PITCH:1.48,PID_OUT:-66.16,INT:-0.0763,EL:-346,ER:-483,VEL:-152.0,MOT:1,TILT:25.0,TRIM:0.000,ATE:0,LATCH:0,TORQ:1,CR:0.0,FX1:1.00,FY1:-151.10,FX2:-6.00,FY2:-149.60,IK1:1,IK2:1,MOVE:0
[2026-09-10 22:25:07.330] [RX] PITCH:1.27,PID_OUT:-36.96,INT:-0.0885,EL:-376,ER:-479,VEL:-158.6,MOT:1,TILT:25.0,TRIM:0.000,ATE:0,LATCH:0,TORQ:1,CR:0.0,FX1:1.00,FY1:-151.10,FX2:-6.00,FY2:-149.60,IK1:1,IK2:1,MOVE:0
[2026-09-10 22:25:07.381] [TX] P58.800000000000004
[2026-09-10 22:25:07.447] [RX] PITCH:0.87,PID_OUT:4.89,INT:-0.0641,EL:-399,ER:-479,VEL:-116.8,MOT:1,TILT:25.0,TRIM:0.000,ATE:0,LATCH:0,TORQ:1,CR:0.0,FX1:1.00,FY1:-151.10,FX2:-6.00,FY2:-149.60,IK1:1,IK2:1,MOVE:0
[2026-09-10 22:25:07.463] [RX] Updated -> P:58.800 I:650.000 D:3.520 Offset:-2.4097 Target:1.300 Alpha:0.9600 Tilt:25.00 TrimGain:0.0015 Crouch:0.00 VP:0.0030
[2026-09-10 22:25:07.530] [RX] PITCH:0.47,PID_OUT:62.23,INT:0.0034,EL:-399,ER:-479,VEL:-23.0,MOT:1,TILT:25.0,TRIM:0.000,ATE:0,LATCH:0,TORQ:1,CR:0.0,FX1:1.00,FY1:-151.10,FX2:-6.00,FY2:-149.60,IK1:1,IK2:1,MOVE:0
[2026-09-10 22:25:07.630] [RX] PITCH:0.46,PID_OUT:101.79,INT:0.0947,EL:-396,ER:-491,VEL:76.6,MOT:1,TILT:25.0,TRIM:0.000,ATE:0,LATCH:0,TORQ:1,CR:0.0,FX1:1.00,FY1:-151.10,FX2:-6.00,FY2:-149.60,IK1:1,IK2:1,MOVE:0
[2026-09-10 22:25:07.638] [RX] AX12:MODE:0,TQ:1,TL:1023,CM:1,CS:4,MS:0,MT:800
[2026-09-10 22:25:07.729] [RX] PITCH:0.75,PID_OUT:76.00,INT:0.0985,EL:-388,ER:-509,VEL:125.4,MOT:1,TILT:25.0,TRIM:0.000,ATE:0,LATCH:0,TORQ:1,CR:0.0,FX1:1.00,FY1:-151.10,FX2:-6.00,FY2:-149.60,IK1:1,IK2:1,MOVE:0
[2026-09-10 22:25:07.732] [RX] SRV:1,38,0.0,0,0
[2026-09-10 22:25:07.828] [RX] PITCH:0.76,PID_OUT:66.85,INT:0.0985,EL:-381,ER:-531,VEL:139.6,MOT:1,TILT:25.0,TRIM:0.000,ATE:0,LATCH:0,TORQ:1,CR:0.0,FX1:1.00,FY1:-151.10,FX2:-6.00,FY2:-149.60,IK1:1,IK2:1,MOVE:0
[2026-09-10 22:25:07.928] [RX] PITCH:0.94,PID_OUT:54.55,INT:0.0985,EL:-374,ER:-556,VEL:154.0,MOT:1,TILT:25.0,TRIM:0.000,ATE:0,LATCH:0,TORQ:1,CR:0.0,FX1:1.00,FY1:-151.10,FX2:-6.00,FY2:-149.60,IK1:1,IK2:1,MOVE:0
[2026-09-10 22:25:08.027] [RX] PITCH:1.28,PID_OUT:40.52,INT:0.0985,EL:-369,ER:-575,VEL:120.2,MOT:1,TILT:25.0,TRIM:0.000,ATE:0,LATCH:0,TORQ:1,CR:0.0,FX1:1.00,FY1:-151.10,FX2:-6.00,FY2:-149.60,IK1:1,IK2:1,MOVE:0
[2026-09-10 22:25:08.140] [RX] PITCH:1.44,PID_OUT:32.51,INT:0.0928,EL:-367,ER:-598,VEL:118.4,MOT:1,TILT:25.0,TRIM:0.000,ATE:0,LATCH:0,TORQ:1,CR:0.0,FX1:1.00,FY1:-151.10,FX2:-6.00,FY2:-149.60,IK1:1,IK2:1,MOVE:0
[2026-09-10 22:25:08.140] [RX] AX12:MODE:0,TQ:1,TL:1023,CM:1,CS:4,MS:0,MT:800
[2026-09-10 22:25:08.226] [RX] PITCH:1.59,PID_OUT:12.40,INT:0.0705,EL:-367,ER:-610,VEL:70.7,MOT:1,TILT:25.0,TRIM:0.000,ATE:0,LATCH:0,TORQ:1,CR:0.0,FX1:1.00,FY1:-151.10,FX2:-6.00,FY2:-149.60,IK1:1,IK2:1,MOVE:0
[2026-09-10 22:25:08.326] [RX] PITCH:1.53,PID_OUT:-0.95,INT:0.0440,EL:-367,ER:-618,VEL:27.8,MOT:1,TILT:25.0,TRIM:0.000,ATE:0,LATCH:0,TORQ:1,CR:0.0,FX1:1.00,FY1:-151.10,FX2:-6.00,FY2:-149.60,IK1:1,IK2:1,MOVE:0
[2026-09-10 22:25:08.427] [RX] PITCH:1.86,PID_OUT:-56.75,INT:0.0053,EL:-367,ER:-618,VEL:5.5,MOT:1,TILT:25.0,TRIM:0.000,ATE:0,LATCH:0,TORQ:1,CR:0.0,FX1:1.00,FY1:-151.10,FX2:-6.00,FY2:-149.60,IK1:1,IK2:1,MOVE:0
[2026-09-10 22:25:08.528] [RX] PITCH:1.93,PID_OUT:-73.51,INT:-0.0696,EL:-394,ER:-614,VEL:-114.3,MOT:1,TILT:25.0,TRIM:0.000,ATE:0,LATCH:0,TORQ:1,CR:0.0,FX1:1.00,FY1:-151.10,FX2:-6.00,FY2:-149.60,IK1:1,IK2:1,MOVE:0
[2026-09-10 22:25:08.634] [RX] PITCH:1.55,PID_OUT:-58.51,INT:-0.0985,EL:-425,ER:-609,VEL:-166.5,MOT:1,TILT:25.0,TRIM:0.000,ATE:0,LATCH:0,TORQ:1,CR:0.0,FX1:1.00,FY1:-151.10,FX2:-6.00,FY2:-149.60,IK1:1,IK2:1,MOVE:0
[2026-09-10 22:25:08.638] [RX] AX12:MODE:0,TQ:1,TL:1023,CM:1,CS:4,MS:0,MT:800
[2026-09-10 22:25:08.732] [RX] PITCH:1.13,PID_OUT:-47.07,INT:-0.0935,EL:-455,ER:-605,VEL:-175.8,MOT:1,TILT:25.0,TRIM:0.000,ATE:0,LATCH:0,TORQ:1,CR:0.0,FX1:1.00,FY1:-151.10,FX2:-6.00,FY2:-149.60,IK1:1,IK2:1,MOVE:0
[2026-09-10 22:25:08.733] [RX] SRV:6,37,0.0,0,0
[2026-09-10 22:25:08.824] [RX] PITCH:1.14,PID_OUT:-49.07,INT:-0.0730,EL:-482,ER:-603,VEL:-148.3,MOT:1,TILT:25.0,TRIM:0.000,ATE:0,LATCH:0,TORQ:1,CR:0.0,FX1:1.00,FY1:-151.10,FX2:-6.00,FY2:-149.60,IK1:1,IK2:1,MOVE:0
[2026-09-10 22:25:08.927] [RX] PITCH:1.54,PID_OUT:-67.55,INT:-0.0787,EL:-507,ER:-603,VEL:-130.0,MOT:1,TILT:25.0,TRIM:0.000,ATE:0,LATCH:0,TORQ:1,CR:0.0,FX1:1.00,FY1:-151.10,FX2:-6.00,FY2:-149.60,IK1:1,IK2:1,MOVE:0
[2026-09-10 22:25:09.026] [RX] PITCH:1.40,PID_OUT:-53.01,INT:-0.0985,EL:-530,ER:-603,VEL:-118.3,MOT:1,TILT:25.0,TRIM:0.000,ATE:0,LATCH:0,TORQ:1,CR:0.0,FX1:1.00,FY1:-151.10,FX2:-6.00,FY2:-149.60,IK1:1,IK2:1,MOVE:0
[2026-09-10 22:25:09.126] [RX] PITCH:0.81,PID_OUT:-3.31,INT:-0.0752,EL:-555,ER:-603,VEL:-114.7,MOT:1,TILT:25.0,TRIM:0.000,ATE:0,LATCH:0,TORQ:1,CR:0.0,FX1:1.00,FY1:-151.10,FX2:-6.00,FY2:-149.60,IK1:1,IK2:1,MOVE:0
[2026-09-10 22:25:09.136] [RX] AX12:MODE:0,TQ:1,TL:1023,CM:1,CS:4,MS:0,MT:800
[2026-09-10 22:25:09.227] [RX] PITCH:0.47,PID_OUT:66.35,INT:-0.0052,EL:-556,ER:-603,VEL:-24.3,MOT:1,TILT:25.0,TRIM:0.000,ATE:0,LATCH:0,TORQ:1,CR:0.0,FX1:1.00,FY1:-151.10,FX2:-6.00,FY2:-149.60,IK1:1,IK2:1,MOVE:0
[2026-09-10 22:25:09.233] [TX] P50.800000000000004
[2026-09-10 22:25:09.304] [RX] Updated -> P:50.800 I:650.000 D:3.520 Offset:-2.4097 Target:1.300 Alpha:0.9600 Tilt:25.00 TrimGain:0.0015 Crouch:0.00 VP:0.0030
[2026-09-10 22:25:09.334] [RX] PITCH:0.06,PID_OUT:78.53,INT:0.0985,EL:-550,ER:-625,VEL:115.3,MOT:1,TILT:25.0,TRIM:0.000,ATE:0,LATCH:0,TORQ:1,CR:0.0,FX1:1.00,FY1:-151.10,FX2:-6.00,FY2:-149.60,IK1:1,IK2:1,MOVE:0
[2026-09-10 22:25:09.425] [RX] PITCH:1.04,PID_OUT:41.11,INT:0.0985,EL:-540,ER:-650,VEL:164.4,MOT:1,TILT:25.0,TRIM:0.000,ATE:0,LATCH:0,TORQ:1,CR:0.0,FX1:1.00,FY1:-151.10,FX2:-6.00,FY2:-149.60,IK1:1,IK2:1,MOVE:0
[2026-09-10 22:25:09.525] [RX] PITCH:1.00,PID_OUT:55.73,INT:0.0985,EL:-534,ER:-668,VEL:124.4,MOT:1,TILT:25.0,TRIM:0.000,ATE:0,LATCH:0,TORQ:1,CR:0.0,FX1:1.00,FY1:-151.10,FX2:-6.00,FY2:-149.60,IK1:1,IK2:1,MOVE:0
[2026-09-10 22:25:09.627] [RX] PITCH:1.19,PID_OUT:55.50,INT:0.0985,EL:-529,ER:-688,VEL:114.9,MOT:1,TILT:25.0,TRIM:0.000,ATE:0,LATCH:0,TORQ:1,CR:0.0,FX1:1.00,FY1:-151.10,FX2:-6.00,FY2:-149.60,IK1:1,IK2:1,MOVE:0
[2026-09-10 22:25:09.635] [RX] AX12:MODE:0,TQ:1,TL:1023,CM:1,CS:4,MS:0,MT:800
[2026-09-10 22:25:09.726] [RX] PITCH:1.24,PID_OUT:62.51,INT:0.0985,EL:-526,ER:-705,VEL:108.2,MOT:1,TILT:25.0,TRIM:0.000,ATE:0,LATCH:0,TORQ:1,CR:0.0,FX1:1.00,FY1:-151.10,FX2:-6.00,FY2:-149.60,IK1:1,IK2:1,MOVE:0
[2026-09-10 22:25:09.728] [RX] SRV:0,37,0.0,0,0
[2026-09-10 22:25:09.824] [RX] PITCH:0.94,PID_OUT:76.77,INT:0.0985,EL:-525,ER:-718,VEL:75.7,MOT:1,TILT:25.0,TRIM:0.000,ATE:0,LATCH:0,TORQ:1,CR:0.0,FX1:1.00,FY1:-151.10,FX2:-6.00,FY2:-149.60,IK1:1,IK2:1,MOVE:0
[2026-09-10 22:25:09.925] [RX] PITCH:0.70,PID_OUT:77.38,INT:0.0985,EL:-522,ER:-738,VEL:94.5,MOT:1,TILT:25.0,TRIM:0.000,ATE:0,LATCH:0,TORQ:1,CR:0.0,FX1:1.00,FY1:-151.10,FX2:-6.00,FY2:-149.60,IK1:1,IK2:1,MOVE:0
[2026-09-10 22:25:10.024] [RX] PITCH:1.03,PID_OUT:55.60,INT:0.0985,EL:-517,ER:-738,VEL:37.1,MOT:1,TILT:25.0,TRIM:0.000,ATE:0,LATCH:0,TORQ:1,CR:0.0,FX1:1.00,FY1:-151.10,FX2:-6.00,FY2:-149.60,IK1:1,IK2:1,MOVE:0
[2026-09-10 22:25:10.134] [RX] PITCH:1.33,PID_OUT:42.48,INT:0.0981,EL:-513,ER:-738,VEL:22.5,MOT:1,TILT:25.0,TRIM:0.000,ATE:0,LATCH:0,TORQ:1,CR:0.0,FX1:1.00,FY1:-151.10,FX2:-6.00,FY2:-149.60,IK1:1,IK2:1,MOVE:0
[2026-09-10 22:25:10.134] [RX] AX12:MODE:0,TQ:1,TL:1023,CM:1,CS:4,MS:0,MT:800
[2026-09-10 22:25:10.223] [RX] PITCH:1.47,PID_OUT:31.24,INT:0.0867,EL:-512,ER:-738,VEL:8.3,MOT:1,TILT:25.0,TRIM:0.000,ATE:0,LATCH:0,TORQ:1,CR:0.0,FX1:1.00,FY1:-151.10,FX2:-6.00,FY2:-149.60,IK1:1,IK2:1,MOVE:0
[2026-09-10 22:25:10.323] [RX] PITCH:1.75,PID_OUT:-15.53,INT:0.0574,EL:-512,ER:-738,VEL:1.6,MOT:1,TILT:25.0,TRIM:0.000,ATE:0,LATCH:0,TORQ:1,CR:0.0,FX1:1.00,FY1:-151.10,FX2:-6.00,FY2:-149.60,IK1:1,IK2:1,MOVE:0
[2026-09-10 22:25:10.424] [RX] PITCH:2.31,PID_OUT:-106.02,INT:-0.0159,EL:-516,ER:-737,VEL:-35.1,MOT:1,TILT:25.0,TRIM:0.000,ATE:0,LATCH:0,TORQ:1,CR:0.0,FX1:1.00,FY1:-151.10,FX2:-6.00,FY2:-149.60,IK1:1,IK2:1,MOVE:0
[2026-09-10 22:25:10.525] [RX] PITCH:1.96,PID_OUT:-54.02,INT:-0.0985,EL:-543,ER:-728,VEL:-159.7,MOT:1,TILT:25.0,TRIM:0.000,ATE:0,LATCH:0,TORQ:1,CR:0.0,FX1:1.00,FY1:-151.10,FX2:-6.00,FY2:-149.60,IK1:1,IK2:1,MOVE:0
[2026-09-10 22:25:10.623] [RX] PITCH:1.18,PID_OUT:-45.90,INT:-0.0965,EL:-576,ER:-719,VEL:-196.4,MOT:1,TILT:25.0,TRIM:0.000,ATE:0,LATCH:0,TORQ:1,CR:0.0,FX1:1.00,FY1:-151.10,FX2:-6.00,FY2:-149.60,IK1:1,IK2:1,MOVE:0
[2026-09-10 22:25:10.635] [RX] AX12:MODE:0,TQ:1,TL:1023,CM:1,CS:4,MS:0,MT:800
[2026-09-10 22:25:10.723] [RX] PITCH:0.95,PID_OUT:-38.14,INT:-0.0668,EL:-603,ER:-712,VEL:-170.3,MOT:1,TILT:25.0,TRIM:0.000,ATE:0,LATCH:0,TORQ:1,CR:0.0,FX1:1.00,FY1:-151.10,FX2:-6.00,FY2:-149.60,IK1:1,IK2:1,MOVE:0
[2026-09-10 22:25:10.723] [RX] SRV:14,37,0.0,0,0
[2026-09-10 22:25:10.824] [RX] PITCH:1.60,PID_OUT:-75.92,INT:-0.0630,EL:-632,ER:-709,VEL:-159.4,MOT:1,TILT:25.0,TRIM:0.000,ATE:0,LATCH:0,TORQ:1,CR:0.0,FX1:1.00,FY1:-151.10,FX2:-6.00,FY2:-149.60,IK1:1,IK2:1,MOVE:0
[2026-09-10 22:25:10.922] [RX] PITCH:1.63,PID_OUT:-71.35,INT:-0.0985,EL:-661,ER:-705,VEL:-171.7,MOT:1,TILT:25.0,TRIM:0.000,ATE:0,LATCH:0,TORQ:1,CR:0.0,FX1:1.00,FY1:-151.10,FX2:-6.00,FY2:-149.60,IK1:1,IK2:1,MOVE:0
[2026-09-10 22:25:11.024] [RX] PITCH:1.14,PID_OUT:-48.31,INT:-0.0931,EL:-691,ER:-699,VEL:-181.9,MOT:1,TILT:25.0,TRIM:0.000,ATE:0,LATCH:0,TORQ:1,CR:0.0,FX1:1.00,FY1:-151.10,FX2:-6.00,FY2:-149.60,IK1:1,IK2:1,MOVE:0
[2026-09-10 22:25:11.123] [RX] PITCH:1.04,PID_OUT:-36.68,INT:-0.0709,EL:-721,ER:-696,VEL:-155.8,MOT:1,TILT:25.0,TRIM:0.000,ATE:0,LATCH:0,TORQ:1,CR:0.0,FX1:1.00,FY1:-151.10,FX2:-6.00,FY2:-149.60,IK1:1,IK2:1,MOVE:0
[2026-09-10 22:25:11.132] [RX] AX12:MODE:0,TQ:1,TL:1023,CM:1,CS:4,MS:0,MT:800
[2026-09-10 22:25:11.219] [RX] PITCH:1.34,PID_OUT:-55.77,INT:-0.0577,EL:-749,ER:-695,VEL:-133.4,MOT:1,TILT:25.0,TRIM:0.000,ATE:0,LATCH:0,TORQ:1,CR:0.0,FX1:1.00,FY1:-151.10,FX2:-6.00,FY2:-149.60,IK1:1,IK2:1,MOVE:0
[2026-09-10 22:25:11.323] [RX] PITCH:1.61,PID_OUT:-76.44,INT:-0.0768,EL:-774,ER:-695,VEL:-121.7,MOT:1,TILT:25.0,TRIM:0.000,ATE:0,LATCH:0,TORQ:1,CR:0.0,FX1:1.00,FY1:-151.10,FX2:-6.00,FY2:-149.60,IK1:1,IK2:1,MOVE:0
[2026-09-10 22:25:11.422] [RX] PITCH:1.37,PID_OUT:-57.59,INT:-0.0985,EL:-800,ER:-693,VEL:-144.8,MOT:1,TILT:25.0,TRIM:0.000,ATE:0,LATCH:0,TORQ:1,CR:0.0,FX1:1.00,FY1:-151.10,FX2:-6.00,FY2:-149.60,IK1:1,IK2:1,MOVE:0
[2026-09-10 22:25:11.524] [RX] PITCH:0.89,PID_OUT:-28.52,INT:-0.0793,EL:-823,ER:-689,VEL:-138.2,MOT:1,TILT:25.0,TRIM:0.000,ATE:0,LATCH:0,TORQ:1,CR:0.0,FX1:1.00,FY1:-151.10,FX2:-6.00,FY2:-149.60,IK1:1,IK2:1,MOVE:0
[2026-09-10 22:25:11.622] [RX] PITCH:0.92,PID_OUT:-10.29,INT:-0.0374,EL:-837,ER:-689,VEL:-59.1,MOT:1,TILT:25.0,TRIM:0.000,ATE:0,LATCH:0,TORQ:1,CR:0.0,FX1:1.00,FY1:-151.10,FX2:-6.00,FY2:-149.60,IK1:1,IK2:1,MOVE:0
[2026-09-10 22:25:11.633] [RX] AX12:MODE:0,TQ:1,TL:1023,CM:1,CS:4,MS:0,MT:800
[2026-09-10 22:25:11.725] [RX] PITCH:0.80,PID_OUT:35.06,INT:0.0041,EL:-837,ER:-689,VEL:-11.6,MOT:1,TILT:25.0,TRIM:0.000,ATE:0,LATCH:0,TORQ:1,CR:0.0,FX1:1.00,FY1:-151.10,FX2:-6.00,FY2:-149.60,IK1:1,IK2:1,MOVE:0
[2026-09-10 22:25:11.725] [RX] SRV:1,38,0.0,0,0
[2026-09-10 22:25:11.820] [RX] PITCH:-1.11,PID_OUT:154.52,INT:0.0925,EL:-835,ER:-698,VEL:55.6,MOT:1,TILT:25.0,TRIM:0.000,ATE:0,LATCH:0,TORQ:1,CR:0.0,FX1:1.00,FY1:-151.10,FX2:-6.00,FY2:-149.60,IK1:1,IK2:1,MOVE:0
[2026-09-10 22:25:11.920] [RX] PITCH:1.46,PID_OUT:-150.00,INT:0.0969,EL:-833,ER:-717,VEL:73.1,MOT:1,TILT:25.0,TRIM:0.000,ATE:0,LATCH:0,TORQ:1,CR:0.0,FX1:1.00,FY1:-151.10,FX2:-6.00,FY2:-149.60,IK1:1,IK2:1,MOVE:0
[2026-09-10 22:25:12.022] [RX] PITCH:3.95,PID_OUT:-161.60,INT:-0.0985,EL:-854,ER:-703,VEL:-175.8,MOT:1,TILT:25.0,TRIM:0.000,ATE:0,LATCH:0,TORQ:1,CR:0.0,FX1:1.00,FY1:-151.10,FX2:-6.00,FY2:-149.60,IK1:1,IK2:1,MOVE:0
[2026-09-10 22:25:12.121] [RX] PITCH:2.35,PID_OUT:-72.97,INT:-0.0985,EL:-895,ER:-673,VEL:-328.6,MOT:1,TILT:25.0,TRIM:0.000,ATE:0,LATCH:0,TORQ:1,CR:0.0,FX1:1.00,FY1:-151.10,FX2:-6.00,FY2:-149.60,IK1:1,IK2:1,MOVE:0
[2026-09-10 22:25:12.129] [RX] AX12:MODE:0,TQ:1,TL:1023,CM:1,CS:4,MS:0,MT:800
[2026-09-10 22:25:12.221] [RX] PITCH:1.71,PID_OUT:-99.05,INT:-0.0985,EL:-938,ER:-643,VEL:-367.4,MOT:1,TILT:25.0,TRIM:0.000,ATE:0,LATCH:0,TORQ:1,CR:0.0,FX1:1.00,FY1:-151.10,FX2:-6.00,FY2:-149.60,IK1:1,IK2:1,MOVE:0
[2026-09-10 22:25:12.318] [RX] PITCH:1.97,PID_OUT:-111.66,INT:-0.0985,EL:-981,ER:-616,VEL:-345.0,MOT:1,TILT:25.0,TRIM:0.000,ATE:0,LATCH:0,TORQ:1,CR:0.0,FX1:1.00,FY1:-151.10,FX2:-6.00,FY2:-149.60,IK1:1,IK2:1,MOVE:0
[2026-09-10 22:25:12.419] [RX] PITCH:2.38,PID_OUT:-98.96,INT:-0.0985,EL:-1024,ER:-584,VEL:-373.9,MOT:1,TILT:25.0,TRIM:0.000,ATE:0,LATCH:0,TORQ:1,CR:0.0,FX1:1.00,FY1:-151.10,FX2:-6.00,FY2:-149.60,IK1:1,IK2:1,MOVE:0
[2026-09-10 22:25:12.519] [RX] PITCH:2.73,PID_OUT:-41.54,INT:-0.0985,EL:-1072,ER:-548,VEL:-409.2,MOT:1,TILT:25.0,TRIM:0.000,ATE:0,LATCH:0,TORQ:1,CR:0.0,FX1:1.00,FY1:-151.10,FX2:-6.00,FY2:-149.60,IK1:1,IK2:1,MOVE:0
[2026-09-10 22:25:12.626] [RX] PITCH:0.89,PID_OUT:71.49,INT:-0.0919,EL:-1114,ER:-523,VEL:-343.2,MOT:1,TILT:25.0,TRIM:0.000,ATE:0,LATCH:0,TORQ:1,CR:0.0,FX1:1.00,FY1:-151.10,FX2:-6.00,FY2:-149.60,IK1:1,IK2:1,MOVE:0
[2026-09-10 22:25:12.630] [RX] AX12:MODE:0,TQ:1,TL:1023,CM:1,CS:4,MS:0,MT:800
[2026-09-10 22:25:12.722] [RX] PITCH:-0.36,PID_OUT:115.07,INT:0.0155,EL:-1139,ER:-509,VEL:-207.0,MOT:1,TILT:25.0,TRIM:0.000,ATE:0,LATCH:0,TORQ:1,CR:0.0,FX1:1.00,FY1:-151.10,FX2:-6.00,FY2:-149.60,IK1:1,IK2:1,MOVE:0
[2026-09-10 22:25:12.723] [RX] SRV:6,37,0.0,0,0
[2026-09-10 22:25:12.820] [RX] PITCH:0.35,PID_OUT:72.34,INT:0.0985,EL:-1142,ER:-518,VEL:26.0,MOT:1,TILT:25.0,TRIM:0.000,ATE:0,LATCH:0,TORQ:1,CR:0.0,FX1:1.00,FY1:-151.10,FX2:-6.00,FY2:-149.60,IK1:1,IK2:1,MOVE:0
[2026-09-10 22:25:12.920] [RX] PITCH:0.29,PID_OUT:118.51,INT:0.0985,EL:-1140,ER:-518,VEL:15.0,MOT:1,TILT:25.0,TRIM:0.000,ATE:0,LATCH:0,TORQ:1,CR:0.0,FX1:1.00,FY1:-151.10,FX2:-6.00,FY2:-149.60,IK1:1,IK2:1,MOVE:0
[2026-09-10 22:25:13.018] [RX] PITCH:0.17,PID_OUT:109.42,INT:0.0985,EL:-1132,ER:-530,VEL:104.2,MOT:1,TILT:25.0,TRIM:0.000,ATE:0,LATCH:0,TORQ:1,CR:0.0,FX1:1.00,FY1:-151.10,FX2:-6.00,FY2:-149.60,IK1:1,IK2:1,MOVE:0
[2026-09-10 22:25:13.119] [RX] PITCH:0.25,PID_OUT:108.73,INT:0.0985,EL:-1118,ER:-553,VEL:173.2,MOT:1,TILT:25.0,TRIM:0.000,ATE:0,LATCH:0,TORQ:1,CR:0.0,FX1:1.00,FY1:-151.10,FX2:-6.00,FY2:-149.60,IK1:1,IK2:1,MOVE:0
[2026-09-10 22:25:13.128] [RX] AX12:MODE:0,TQ:1,TL:1023,CM:1,CS:4,MS:0,MT:800
[2026-09-10 22:25:13.217] [RX] PITCH:0.09,PID_OUT:111.74,INT:0.0985,EL:-1099,ER:-580,VEL:228.3,MOT:1,TILT:25.0,TRIM:0.000,ATE:0,LATCH:0,TORQ:1,CR:0.0,FX1:1.00,FY1:-151.10,FX2:-6.00,FY2:-149.60,IK1:1,IK2:1,MOVE:0
[2026-09-10 22:25:13.317] [RX] PITCH:0.27,PID_OUT:108.33,INT:0.0985,EL:-1076,ER:-610,VEL:255.3,MOT:1,TILT:25.0,TRIM:0.000,ATE:0,LATCH:0,TORQ:1,CR:0.0,FX1:1.00,FY1:-151.10,FX2:-6.00,FY2:-149.60,IK1:1,IK2:1,MOVE:0
[2026-09-10 22:25:13.417] [RX] PITCH:0.29,PID_OUT:106.61,INT:0.0985,EL:-1049,ER:-647,VEL:314.7,MOT:1,TILT:25.0,TRIM:0.000,ATE:0,LATCH:0,TORQ:1,CR:0.0,FX1:1.00,FY1:-151.10,FX2:-6.00,FY2:-149.60,IK1:1,IK2:1,MOVE:0
[2026-09-10 22:25:13.519] [RX] PITCH:-0.18,PID_OUT:131.12,INT:0.0985,EL:-1019,ER:-688,VEL:355.0,MOT:1,TILT:25.0,TRIM:0.000,ATE:0,LATCH:0,TORQ:1,CR:0.0,FX1:1.00,FY1:-151.10,FX2:-6.00,FY2:-149.60,IK1:1,IK2:1,MOVE:0
[2026-09-10 22:25:13.624] [RX] PITCH:-0.36,PID_OUT:140.44,INT:0.0985,EL:-983,ER:-733,VEL:400.1,MOT:1,TILT:25.0,TRIM:0.000,ATE:0,LATCH:0,TORQ:1,CR:0.0,FX1:1.00,FY1:-151.10,FX2:-6.00,FY2:-149.60,IK1:1,IK2:1,MOVE:0
[2026-09-10 22:25:13.625] [RX] AX12:MODE:0,TQ:1,TL:1023,CM:1,CS:4,MS:0,MT:800
[2026-09-10 22:25:13.720] [RX] PITCH:-0.19,PID_OUT:120.67,INT:0.0985,EL:-943,ER:-775,VEL:408.1,MOT:1,TILT:25.0,TRIM:0.000,ATE:0,LATCH:0,TORQ:1,CR:0.0,FX1:1.00,FY1:-151.10,FX2:-6.00,FY2:-149.60,IK1:1,IK2:1,MOVE:0
[2026-09-10 22:25:13.722] [RX] SRV:0,37,0.0,0,0
[2026-09-10 22:25:13.817] [RX] PITCH:0.06,PID_OUT:130.40,INT:0.0985,EL:-898,ER:-820,VEL:444.7,MOT:1,TILT:25.0,TRIM:0.000,ATE:0,LATCH:0,TORQ:1,CR:0.0,FX1:1.00,FY1:-151.10,FX2:-6.00,FY2:-149.60,IK1:1,IK2:1,MOVE:0
[2026-09-10 22:25:13.916] [RX] PITCH:-2.34,PID_OUT:26.58,INT:0.0985,EL:-850,ER:-869,VEL:482.9,MOT:1,TILT:25.0,TRIM:0.000,ATE:0,LATCH:0,TORQ:1,CR:0.0,FX1:1.00,FY1:-151.10,FX2:-6.00,FY2:-149.60,IK1:1,IK2:1,MOVE:0
[2026-09-10 22:25:14.018] [RX] PITCH:1.92,PID_OUT:-146.58,INT:0.0923,EL:-815,ER:-912,VEL:378.4,MOT:1,TILT:25.0,TRIM:0.000,ATE:0,LATCH:0,TORQ:1,CR:0.0,FX1:1.00,FY1:-151.10,FX2:-6.00,FY2:-149.60,IK1:1,IK2:1,MOVE:0
[2026-09-10 22:25:14.123] [RX] PITCH:3.84,PID_OUT:-171.10,INT:-0.0985,EL:-822,ER:-912,VEL:18.8,MOT:1,TILT:25.0,TRIM:0.000,ATE:0,LATCH:0,TORQ:1,CR:0.0,FX1:1.00,FY1:-151.10,FX2:-6.00,FY2:-149.60,IK1:1,IK2:1,MOVE:0
[2026-09-10 22:25:14.127] [RX] AX12:MODE:0,TQ:1,TL:1023,CM:1,CS:4,MS:0,MT:800
[2026-09-10 22:25:14.216] [RX] PITCH:2.54,PID_OUT:-98.08,INT:-0.0985,EL:-864,ER:-895,VEL:-248.0,MOT:1,TILT:25.0,TRIM:0.000,ATE:0,LATCH:0,TORQ:1,CR:0.0,FX1:1.00,FY1:-151.10,FX2:-6.00,FY2:-149.60,IK1:1,IK2:1,MOVE:0
[2026-09-10 22:25:14.316] [RX] PITCH:2.45,PID_OUT:-137.31,INT:-0.0985,EL:-905,ER:-875,VEL:-287.1,MOT:1,TILT:25.0,TRIM:0.000,ATE:0,LATCH:0,TORQ:1,CR:0.0,FX1:1.00,FY1:-151.10,FX2:-6.00,FY2:-149.60,IK1:1,IK2:1,MOVE:0
[2026-09-10 22:25:14.417] [RX] PITCH:2.39,PID_OUT:-142.05,INT:-0.0985,EL:-946,ER:-850,VEL:-317.3,MOT:1,TILT:25.0,TRIM:0.000,ATE:0,LATCH:0,TORQ:1,CR:0.0,FX1:1.00,FY1:-151.10,FX2:-6.00,FY2:-149.60,IK1:1,IK2:1,MOVE:0
[2026-09-10 22:25:14.517] [RX] PITCH:2.65,PID_OUT:-141.61,INT:-0.0985,EL:-991,ER:-818,VEL:-379.4,MOT:1,TILT:25.0,TRIM:0.000,ATE:0,LATCH:0,TORQ:1,CR:0.0,FX1:1.00,FY1:-151.10,FX2:-6.00,FY2:-149.60,IK1:1,IK2:1,MOVE:0
[2026-09-10 22:25:14.622] [RX] PITCH:2.69,PID_OUT:-132.30,INT:-0.0985,EL:-1042,ER:-780,VEL:-440.7,MOT:1,TILT:25.0,TRIM:0.000,ATE:0,LATCH:0,TORQ:1,CR:0.0,FX1:1.00,FY1:-151.10,FX2:-6.00,FY2:-149.60,IK1:1,IK2:1,MOVE:0
[2026-09-10 22:25:14.626] [RX] AX12:MODE:0,TQ:1,TL:1023,CM:1,CS:4,MS:0,MT:800
[2026-09-10 22:25:14.720] [RX] PITCH:4.33,PID_OUT:-91.37,INT:-0.0985,EL:-1100,ER:-733,VEL:-522.3,MOT:1,TILT:25.0,TRIM:0.000,ATE:0,LATCH:0,TORQ:1,CR:0.0,FX1:1.00,FY1:-151.10,FX2:-6.00,FY2:-149.60,IK1:1,IK2:1,MOVE:0
[2026-09-10 22:25:14.723] [RX] SRV:14,37,0.0,0,0
[2026-09-10 22:25:14.814] [RX] PITCH:2.27,PID_OUT:66.34,INT:-0.0985,EL:-1160,ER:-689,VEL:-505.5,MOT:1,TILT:25.0,TRIM:0.000,ATE:0,LATCH:0,TORQ:1,CR:0.0,FX1:1.00,FY1:-151.10,FX2:-6.00,FY2:-149.60,IK1:1,IK2:1,MOVE:0
[2026-09-10 22:25:14.915] [RX] PITCH:0.07,PID_OUT:134.59,INT:-0.0401,EL:-1200,ER:-662,VEL:-329.5,MOT:1,TILT:25.0,TRIM:0.000,ATE:0,LATCH:0,TORQ:1,CR:0.0,FX1:1.00,FY1:-151.10,FX2:-6.00,FY2:-149.60,IK1:1,IK2:1,MOVE:0
[2026-09-10 22:25:15.013] [RX] PITCH:-0.08,PID_OUT:113.29,INT:0.0985,EL:-1206,ER:-668,VEL:-29.9,MOT:1,TILT:25.0,TRIM:0.000,ATE:0,LATCH:0,TORQ:1,CR:0.0,FX1:1.00,FY1:-151.10,FX2:-6.00,FY2:-149.60,IK1:1,IK2:1,MOVE:0
[2026-09-10 22:25:15.117] [RX] PITCH:-0.26,PID_OUT:117.67,INT:0.0985,EL:-1198,ER:-684,VEL:103.4,MOT:1,TILT:25.0,TRIM:0.000,ATE:0,LATCH:0,TORQ:1,CR:0.0,FX1:1.00,FY1:-151.10,FX2:-6.00,FY2:-149.60,IK1:1,IK2:1,MOVE:0
[2026-09-10 22:25:15.125] [RX] AX12:MODE:0,TQ:1,TL:1023,CM:1,CS:4,MS:0,MT:800
[2026-09-10 22:25:15.215] [RX] PITCH:-0.33,PID_OUT:147.04,INT:0.0985,EL:-1180,ER:-713,VEL:210.3,MOT:1,TILT:25.0,TRIM:0.000,ATE:0,LATCH:0,TORQ:1,CR:0.0,FX1:1.00,FY1:-151.10,FX2:-6.00,FY2:-149.60,IK1:1,IK2:1,MOVE:0
[2026-09-10 22:25:15.316] [RX] PITCH:-0.46,PID_OUT:132.58,INT:0.0985,EL:-1155,ER:-749,VEL:284.7,MOT:1,TILT:25.0,TRIM:0.000,ATE:0,LATCH:0,TORQ:1,CR:0.0,FX1:1.00,FY1:-151.10,FX2:-6.00,FY2:-149.60,IK1:1,IK2:1,MOVE:0
[2026-09-10 22:25:15.414] [RX] PITCH:-0.46,PID_OUT:123.77,INT:0.0985,EL:-1121,ER:-793,VEL:374.5,MOT:1,TILT:25.0,TRIM:0.000,ATE:0,LATCH:0,TORQ:1,CR:0.0,FX1:1.00,FY1:-151.10,FX2:-6.00,FY2:-149.60,IK1:1,IK2:1,MOVE:0
[2026-09-10 22:25:15.515] [RX] PITCH:-0.19,PID_OUT:142.93,INT:0.0985,EL:-1082,ER:-832,VEL:392.0,MOT:1,TILT:25.0,TRIM:0.000,ATE:0,LATCH:0,TORQ:1,CR:0.0,FX1:1.00,FY1:-151.10,FX2:-6.00,FY2:-149.60,IK1:1,IK2:1,MOVE:0
[2026-09-10 22:25:15.624] [RX] PITCH:-0.65,PID_OUT:136.19,INT:0.0985,EL:-1037,ER:-879,VEL:450.9,MOT:1,TILT:25.0,TRIM:0.000,ATE:0,LATCH:0,TORQ:1,CR:0.0,FX1:1.00,FY1:-151.10,FX2:-6.00,FY2:-149.60,IK1:1,IK2:1,MOVE:0
[2026-09-10 22:25:15.624] [RX] AX12:MODE:0,TQ:1,TL:1023,CM:1,CS:4,MS:0,MT:800
[2026-09-10 22:25:15.718] [RX] PITCH:-2.35,PID_OUT:96.25,INT:0.0985,EL:-985,ER:-931,VEL:515.3,MOT:1,TILT:25.0,TRIM:0.000,ATE:0,LATCH:0,TORQ:1,CR:0.0,FX1:1.00,FY1:-151.10,FX2:-6.00,FY2:-149.60,IK1:1,IK2:1,MOVE:0
[2026-09-10 22:25:15.718] [RX] SRV:1,38,0.0,0,0
[2026-09-10 22:25:15.814] [RX] PITCH:0.89,PID_OUT:-80.27,INT:0.0985,EL:-944,ER:-984,VEL:447.1,MOT:1,TILT:25.0,TRIM:0.000,ATE:0,LATCH:0,TORQ:1,CR:0.0,FX1:1.00,FY1:-151.10,FX2:-6.00,FY2:-149.60,IK1:1,IK2:1,MOVE:0
[2026-09-10 22:25:15.912] [RX] PITCH:2.90,PID_OUT:-86.72,INT:0.0188,EL:-928,ER:-1018,VEL:255.9,MOT:1,TILT:25.0,TRIM:0.000,ATE:0,LATCH:0,TORQ:1,CR:0.0,FX1:1.00,FY1:-151.10,FX2:-6.00,FY2:-149.60,IK1:1,IK2:1,MOVE:0
[2026-09-10 22:25:16.012] [RX] PITCH:1.83,PID_OUT:-5.94,INT:-0.0985,EL:-933,ER:-1031,VEL:64.8,MOT:1,TILT:25.0,TRIM:0.000,ATE:0,LATCH:0,TORQ:1,CR:0.0,FX1:1.00,FY1:-151.10,FX2:-6.00,FY2:-149.60,IK1:1,IK2:1,MOVE:0
[2026-09-10 22:25:16.115] [RX] PITCH:-0.71,PID_OUT:129.82,INT:-0.0017,EL:-929,ER:-1050,VEL:113.8,MOT:1,TILT:25.0,TRIM:0.000,ATE:0,LATCH:0,TORQ:1,CR:0.0,FX1:1.00,FY1:-151.10,FX2:-6.00,FY2:-149.60,IK1:1,IK2:1,MOVE:0
[2026-09-10 22:25:16.124] [RX] AX12:MODE:0,TQ:1,TL:1023,CM:1,CS:4,MS:0,MT:800
[2026-09-10 22:25:16.210] [RX] PITCH:0.08,PID_OUT:55.61,INT:0.0985,EL:-912,ER:-1077,VEL:205.4,MOT:1,TILT:25.0,TRIM:0.000,ATE:0,LATCH:0,TORQ:1,CR:0.0,FX1:1.00,FY1:-151.10,FX2:-6.00,FY2:-149.60,IK1:1,IK2:1,MOVE:0
[2026-09-10 22:25:16.312] [RX] PITCH:2.12,PID_OUT:-32.27,INT:0.0778,EL:-901,ER:-1103,VEL:160.7,MOT:1,TILT:25.0,TRIM:0.000,ATE:0,LATCH:0,TORQ:1,CR:0.0,FX1:1.00,FY1:-151.10,FX2:-6.00,FY2:-149.60,IK1:1,IK2:1,MOVE:0
[2026-09-10 22:25:16.414] [RX] PITCH:2.25,PID_OUT:-39.23,INT:-0.0231,EL:-916,ER:-1115,VEL:5.3,MOT:1,TILT:25.0,TRIM:0.000,ATE:0,LATCH:0,TORQ:1,CR:0.0,FX1:1.00,FY1:-151.10,FX2:-6.00,FY2:-149.60,IK1:1,IK2:1,MOVE:0
[2026-09-10 22:25:16.514] [RX] PITCH:0.90,PID_OUT:45.37,INT:-0.0532,EL:-931,ER:-1118,VEL:-30.1,MOT:1,TILT:25.0,TRIM:0.000,ATE:0,LATCH:0,TORQ:1,CR:0.0,FX1:1.00,FY1:-151.10,FX2:-6.00,FY2:-149.60,IK1:1,IK2:1,MOVE:0
[2026-09-10 22:25:16.614] [RX] PITCH:-0.33,PID_OUT:108.79,INT:0.0696,EL:-926,ER:-1129,VEL:83.0,MOT:1,TILT:25.0,TRIM:0.000,ATE:0,LATCH:0,TORQ:1,CR:0.0,FX1:1.00,FY1:-151.10,FX2:-6.00,FY2:-149.60,IK1:1,IK2:1,MOVE:0
[2026-09-10 22:25:16.623] [RX] AX12:MODE:0,TQ:1,TL:1023,CM:1,CS:4,MS:0,MT:800
[2026-09-10 22:25:16.715] [RX] PITCH:0.75,PID_OUT:43.83,INT:0.0985,EL:-913,ER:-1157,VEL:190.3,MOT:1,TILT:25.0,TRIM:0.000,ATE:0,LATCH:0,TORQ:1,CR:0.0,FX1:1.00,FY1:-151.10,FX2:-6.00,FY2:-149.60,IK1:1,IK2:1,MOVE:0
[2026-09-10 22:25:16.715] [RX] SRV:6,37,0.0,0,0
[2026-09-10 22:25:16.810] [RX] PITCH:1.30,PID_OUT:61.41,INT:0.0984,EL:-902,ER:-1180,VEL:167.1,MOT:1,TILT:25.0,TRIM:0.000,ATE:0,LATCH:0,TORQ:1,CR:0.0,FX1:1.00,FY1:-151.10,FX2:-6.00,FY2:-149.60,IK1:1,IK2:1,MOVE:0
[2026-09-10 22:25:16.911] [RX] PITCH:1.43,PID_OUT:43.43,INT:0.0898,EL:-892,ER:-1202,VEL:157.6,MOT:1,TILT:25.0,TRIM:0.000,ATE:0,LATCH:0,TORQ:1,CR:0.0,FX1:1.00,FY1:-151.10,FX2:-6.00,FY2:-149.60,IK1:1,IK2:1,MOVE:0
[2026-09-10 22:25:17.013] [RX] PITCH:1.13,PID_OUT:70.41,INT:0.0905,EL:-885,ER:-1222,VEL:139.4,MOT:1,TILT:25.0,TRIM:0.000,ATE:0,LATCH:0,TORQ:1,CR:0.0,FX1:1.00,FY1:-151.10,FX2:-6.00,FY2:-149.60,IK1:1,IK2:1,MOVE:0
[2026-09-10 22:25:17.113] [RX] PITCH:1.22,PID_OUT:62.84,INT:0.0985,EL:-878,ER:-1240,VEL:127.5,MOT:1,TILT:25.0,TRIM:0.000,ATE:0,LATCH:0,TORQ:1,CR:0.0,FX1:1.00,FY1:-151.10,FX2:-6.00,FY2:-149.60,IK1:1,IK2:1,MOVE:0
[2026-09-10 22:25:17.120] [RX] AX12:MODE:0,TQ:1,TL:1023,CM:1,CS:4,MS:0,MT:800
[2026-09-10 22:25:17.209] [RX] PITCH:1.26,PID_OUT:66.72,INT:0.0985,EL:-872,ER:-1263,VEL:137.6,MOT:1,TILT:25.0,TRIM:0.000,ATE:0,LATCH:0,TORQ:1,CR:0.0,FX1:1.00,FY1:-151.10,FX2:-6.00,FY2:-149.60,IK1:1,IK2:1,MOVE:0
[2026-09-10 22:25:17.311] [RX] PITCH:0.92,PID_OUT:77.60,INT:0.0985,EL:-865,ER:-1284,VEL:142.5,MOT:1,TILT:25.0,TRIM:0.000,ATE:0,LATCH:0,TORQ:1,CR:0.0,FX1:1.00,FY1:-151.10,FX2:-6.00,FY2:-149.60,IK1:1,IK2:1,MOVE:0
[2026-09-10 22:25:17.410] [RX] PITCH:1.02,PID_OUT:70.28,INT:0.0985,EL:-858,ER:-1303,VEL:132.2,MOT:1,TILT:25.0,TRIM:0.000,ATE:0,LATCH:0,TORQ:1,CR:0.0,FX1:1.00,FY1:-151.10,FX2:-6.00,FY2:-149.60,IK1:1,IK2:1,MOVE:0
[2026-09-10 22:25:17.509] [RX] PITCH:1.15,PID_OUT:64.08,INT:0.0985,EL:-850,ER:-1326,VEL:152.2,MOT:1,TILT:25.0,TRIM:0.000,ATE:0,LATCH:0,TORQ:1,CR:0.0,FX1:1.00,FY1:-151.10,FX2:-6.00,FY2:-149.60,IK1:1,IK2:1,MOVE:0
[2026-09-10 22:25:17.620] [RX] PITCH:1.03,PID_OUT:73.33,INT:0.0985,EL:-842,ER:-1348,VEL:158.4,MOT:1,TILT:25.0,TRIM:0.000,ATE:0,LATCH:0,TORQ:1,CR:0.0,FX1:1.00,FY1:-151.10,FX2:-6.00,FY2:-149.60,IK1:1,IK2:1,MOVE:0
[2026-09-10 22:25:17.622] [RX] AX12:MODE:0,TQ:1,TL:1023,CM:1,CS:4,MS:0,MT:800
[2026-09-10 22:25:17.712] [RX] PITCH:0.97,PID_OUT:72.25,INT:0.0985,EL:-833,ER:-1365,VEL:149.8,MOT:1,TILT:25.0,TRIM:0.000,ATE:0,LATCH:0,TORQ:1,CR:0.0,FX1:1.00,FY1:-151.10,FX2:-6.00,FY2:-149.60,IK1:1,IK2:1,MOVE:0
[2026-09-10 22:25:17.713] [RX] SRV:0,37,0.0,0,0
[2026-09-10 22:25:17.809] [RX] PITCH:0.87,PID_OUT:70.98,INT:0.0985,EL:-827,ER:-1385,VEL:131.8,MOT:1,TILT:25.0,TRIM:0.000,ATE:0,LATCH:0,TORQ:1,CR:0.0,FX1:1.00,FY1:-151.10,FX2:-6.00,FY2:-149.60,IK1:1,IK2:1,MOVE:0
[2026-09-10 22:25:17.909] [RX] PITCH:1.15,PID_OUT:54.93,INT:0.0985,EL:-824,ER:-1398,VEL:89.4,MOT:1,TILT:25.0,TRIM:0.000,ATE:0,LATCH:0,TORQ:1,CR:0.0,FX1:1.00,FY1:-151.10,FX2:-6.00,FY2:-149.60,IK1:1,IK2:1,MOVE:0
[2026-09-10 22:25:18.010] [RX] PITCH:1.08,PID_OUT:65.37,INT:0.0985,EL:-823,ER:-1411,VEL:75.2,MOT:1,TILT:25.0,TRIM:0.000,ATE:0,LATCH:0,TORQ:1,CR:0.0,FX1:1.00,FY1:-151.10,FX2:-6.00,FY2:-149.60,IK1:1,IK2:1,MOVE:0
[2026-09-10 22:25:18.115] [RX] PITCH:1.22,PID_OUT:59.44,INT:0.0985,EL:-820,ER:-1425,VEL:82.0,MOT:1,TILT:25.0,TRIM:0.000,ATE:0,LATCH:0,TORQ:1,CR:0.0,FX1:1.00,FY1:-151.10,FX2:-6.00,FY2:-149.60,IK1:1,IK2:1,MOVE:0
[2026-09-10 22:25:18.121] [RX] AX12:MODE:0,TQ:1,TL:1023,CM:1,CS:4,MS:0,MT:800
[2026-09-10 22:25:18.210] [RX] PITCH:1.19,PID_OUT:65.12,INT:0.0985,EL:-814,ER:-1448,VEL:141.4,MOT:1,TILT:25.0,TRIM:0.000,ATE:0,LATCH:0,TORQ:1,CR:0.0,FX1:1.00,FY1:-151.10,FX2:-6.00,FY2:-149.60,IK1:1,IK2:1,MOVE:0
[2026-09-10 22:25:18.307] [RX] PITCH:1.04,PID_OUT:71.24,INT:0.0985,EL:-807,ER:-1468,VEL:137.2,MOT:1,TILT:25.0,TRIM:0.000,ATE:0,LATCH:0,TORQ:1,CR:0.0,FX1:1.00,FY1:-151.10,FX2:-6.00,FY2:-149.60,IK1:1,IK2:1,MOVE:0
[2026-09-10 22:25:18.408] [RX] PITCH:1.04,PID_OUT:70.69,INT:0.0985,EL:-799,ER:-1491,VEL:149.6,MOT:1,TILT:25.0,TRIM:0.000,ATE:0,LATCH:0,TORQ:1,CR:0.0,FX1:1.00,FY1:-151.10,FX2:-6.00,FY2:-149.60,IK1:1,IK2:1,MOVE:0
[2026-09-10 22:25:18.509] [RX] PITCH:1.01,PID_OUT:65.72,INT:0.0985,EL:-790,ER:-1513,VEL:151.7,MOT:1,TILT:25.0,TRIM:0.000,ATE:0,LATCH:0,TORQ:1,CR:0.0,FX1:1.00,FY1:-151.10,FX2:-6.00,FY2:-149.60,IK1:1,IK2:1,MOVE:0
[2026-09-10 22:25:18.618] [RX] PITCH:1.02,PID_OUT:70.95,INT:0.0985,EL:-782,ER:-1538,VEL:165.5,MOT:1,TILT:25.0,TRIM:0.000,ATE:0,LATCH:0,TORQ:1,CR:0.0,FX1:1.00,FY1:-151.10,FX2:-6.00,FY2:-149.60,IK1:1,IK2:1,MOVE:0
[2026-09-10 22:25:18.618] [RX] AX12:MODE:0,TQ:1,TL:1023,CM:1,CS:4,MS:0,MT:800
[2026-09-10 22:25:18.711] [RX] PITCH:1.08,PID_OUT:64.62,INT:0.0985,EL:-773,ER:-1563,VEL:174.6,MOT:1,TILT:25.0,TRIM:0.000,ATE:0,LATCH:0,TORQ:1,CR:0.0,FX1:1.00,FY1:-151.10,FX2:-6.00,FY2:-149.60,IK1:1,IK2:1,MOVE:0
[2026-09-10 22:25:18.711] [RX] SRV:14,37,0.0,0,0
[2026-09-10 22:25:18.806] [RX] PITCH:1.17,PID_OUT:61.84,INT:0.0985,EL:-765,ER:-1583,VEL:144.4,MOT:1,TILT:25.0,TRIM:0.000,ATE:0,LATCH:0,TORQ:1,CR:0.0,FX1:1.00,FY1:-151.10,FX2:-6.00,FY2:-149.60,IK1:1,IK2:1,MOVE:0
[2026-09-10 22:25:18.907] [RX] PITCH:0.97,PID_OUT:85.61,INT:0.0985,EL:-756,ER:-1606,VEL:161.5,MOT:1,TILT:25.0,TRIM:0.000,ATE:0,LATCH:0,TORQ:1,CR:0.0,FX1:1.00,FY1:-151.10,FX2:-6.00,FY2:-149.60,IK1:1,IK2:1,MOVE:0
[2026-09-10 22:25:19.007] [RX] PITCH:1.02,PID_OUT:69.69,INT:0.0985,EL:-745,ER:-1628,VEL:161.9,MOT:1,TILT:25.0,TRIM:0.000,ATE:0,LATCH:0,TORQ:1,CR:0.0,FX1:1.00,FY1:-151.10,FX2:-6.00,FY2:-149.60,IK1:1,IK2:1,MOVE:0
[2026-09-10 22:25:19.113] [RX] PITCH:0.81,PID_OUT:89.09,INT:0.0985,EL:-734,ER:-1652,VEL:166.6,MOT:1,TILT:25.0,TRIM:0.000,ATE:0,LATCH:0,TORQ:1,CR:0.0,FX1:1.00,FY1:-151.10,FX2:-6.00,FY2:-149.60,IK1:1,IK2:1,MOVE:0
[2026-09-10 22:25:19.118] [RX] AX12:MODE:0,TQ:1,TL:1023,CM:1,CS:4,MS:0,MT:800
[2026-09-10 22:25:19.206] [RX] PITCH:0.86,PID_OUT:81.33,INT:0.0985,EL:-722,ER:-1678,VEL:196.2,MOT:1,TILT:25.0,TRIM:0.000,ATE:0,LATCH:0,TORQ:1,CR:0.0,FX1:1.00,FY1:-151.10,FX2:-6.00,FY2:-149.60,IK1:1,IK2:1,MOVE:0
[2026-09-10 22:25:19.309] [RX] PITCH:0.87,PID_OUT:76.42,INT:0.0985,EL:-709,ER:-1703,VEL:199.2,MOT:1,TILT:25.0,TRIM:0.000,ATE:0,LATCH:0,TORQ:1,CR:0.0,FX1:1.00,FY1:-151.10,FX2:-6.00,FY2:-149.60,IK1:1,IK2:1,MOVE:0
[2026-09-10 22:25:19.408] [RX] PITCH:0.92,PID_OUT:72.05,INT:0.0985,EL:-694,ER:-1731,VEL:211.7,MOT:1,TILT:25.0,TRIM:0.000,ATE:0,LATCH:0,TORQ:1,CR:0.0,FX1:1.00,FY1:-151.10,FX2:-6.00,FY2:-149.60,IK1:1,IK2:1,MOVE:0
[2026-09-10 22:25:19.506] [RX] PITCH:1.23,PID_OUT:66.69,INT:0.0985,EL:-678,ER:-1762,VEL:237.7,MOT:1,TILT:25.0,TRIM:0.000,ATE:0,LATCH:0,TORQ:1,CR:0.0,FX1:1.00,FY1:-151.10,FX2:-6.00,FY2:-149.60,IK1:1,IK2:1,MOVE:0
[2026-09-10 22:25:19.616] [RX] PITCH:0.89,PID_OUT:88.82,INT:0.0985,EL:-662,ER:-1789,VEL:214.2,MOT:1,TILT:25.0,TRIM:0.000,ATE:0,LATCH:0,TORQ:1,CR:0.0,FX1:1.00,FY1:-151.10,FX2:-6.00,FY2:-149.60,IK1:1,IK2:1,MOVE:0
[2026-09-10 22:25:19.616] [RX] AX12:MODE:0,TQ:1,TL:1023,CM:1,CS:4,MS:0,MT:800
[2026-09-10 22:25:19.708] [RX] PITCH:0.64,PID_OUT:98.39,INT:0.0985,EL:-643,ER:-1824,VEL:265.9,MOT:1,TILT:25.0,TRIM:0.000,ATE:0,LATCH:0,TORQ:1,CR:0.0,FX1:1.00,FY1:-151.10,FX2:-6.00,FY2:-149.60,IK1:1,IK2:1,MOVE:0
[2026-09-10 22:25:19.708] [RX] SRV:1,38,0.0,0,0
[2026-09-10 22:25:19.805] [RX] PITCH:0.68,PID_OUT:76.97,INT:0.0985,EL:-620,ER:-1860,VEL:279.7,MOT:1,TILT:25.0,TRIM:0.000,ATE:0,LATCH:0,TORQ:1,CR:0.0,FX1:1.00,FY1:-151.10,FX2:-6.00,FY2:-149.60,IK1:1,IK2:1,MOVE:0
[2026-09-10 22:25:19.905] [RX] PITCH:0.61,PID_OUT:88.54,INT:0.0985,EL:-595,ER:-1896,VEL:305.0,MOT:1,TILT:25.0,TRIM:0.000,ATE:0,LATCH:0,TORQ:1,CR:0.0,FX1:1.00,FY1:-151.10,FX2:-6.00,FY2:-149.60,IK1:1,IK2:1,MOVE:0
[2026-09-10 22:25:20.004] [RX] PITCH:0.68,PID_OUT:90.67,INT:0.0985,EL:-568,ER:-1939,VEL:341.6,MOT:1,TILT:25.0,TRIM:0.000,ATE:0,LATCH:0,TORQ:1,CR:0.0,FX1:1.00,FY1:-151.10,FX2:-6.00,FY2:-149.60,IK1:1,IK2:1,MOVE:0
[2026-09-10 22:25:20.106] [RX] PITCH:0.71,PID_OUT:89.45,INT:0.0985,EL:-540,ER:-1979,VEL:339.4,MOT:1,TILT:25.0,TRIM:0.000,ATE:0,LATCH:0,TORQ:1,CR:0.0,FX1:1.00,FY1:-151.10,FX2:-6.00,FY2:-149.60,IK1:1,IK2:1,MOVE:0
[2026-09-10 22:25:20.115] [RX] AX12:MODE:0,TQ:1,TL:1023,CM:1,CS:4,MS:0,MT:800
[2026-09-10 22:25:20.205] [RX] PITCH:0.34,PID_OUT:109.68,INT:0.0985,EL:-511,ER:-2022,VEL:354.0,MOT:1,TILT:25.0,TRIM:0.000,ATE:0,LATCH:0,TORQ:1,CR:0.0,FX1:1.00,FY1:-151.10,FX2:-6.00,FY2:-149.60,IK1:1,IK2:1,MOVE:0
[2026-09-10 22:25:20.303] [RX] PITCH:0.27,PID_OUT:101.29,INT:0.0985,EL:-479,ER:-2063,VEL:371.9,MOT:1,TILT:25.0,TRIM:0.000,ATE:0,LATCH:0,TORQ:1,CR:0.0,FX1:1.00,FY1:-151.10,FX2:-6.00,FY2:-149.60,IK1:1,IK2:1,MOVE:0
[2026-09-10 22:25:20.407] [RX] PITCH:-1.81,PID_OUT:401.88,INT:0.0985,EL:-446,ER:-2116,VEL:447.7,MOT:1,TILT:25.0,TRIM:0.000,ATE:0,LATCH:0,TORQ:1,CR:0.0,FX1:1.00,FY1:-151.10,FX2:-6.00,FY2:-149.60,IK1:1,IK2:1,MOVE:0
[2026-09-10 22:25:20.505] [RX] PITCH:-6.01,PID_OUT:371.54,INT:0.0985,EL:-370,ER:-2191,VEL:701.7,MOT:1,TILT:25.0,TRIM:0.000,ATE:0,LATCH:0,TORQ:1,CR:0.0,FX1:1.00,FY1:-151.10,FX2:-6.00,FY2:-149.60,IK1:1,IK2:1,MOVE:0
[2026-09-10 22:25:20.611] [RX] PITCH:-5.77,PID_OUT:71.14,INT:0.0985,EL:-276,ER:-2259,VEL:778.7,MOT:1,TILT:25.0,TRIM:0.000,ATE:0,LATCH:0,TORQ:1,CR:0.0,FX1:1.00,FY1:-151.10,FX2:-6.00,FY2:-149.60,IK1:1,IK2:1,MOVE:0
[2026-09-10 22:25:20.611] [RX] AX12:MODE:0,TQ:1,TL:1023,CM:1,CS:4,MS:0,MT:800
[2026-09-10 22:25:20.708] [RX] PITCH:3.58,PID_OUT:-262.71,INT:0.0613,EL:-268,ER:-2269,VEL:106.7,MOT:1,TILT:25.0,TRIM:0.000,ATE:0,LATCH:0,TORQ:1,CR:0.0,FX1:1.00,FY1:-151.10,FX2:-6.00,FY2:-149.60,IK1:1,IK2:1,MOVE:0
[2026-09-10 22:25:20.710] [RX] SRV:6,37,0.0,0,0
[2026-09-10 22:25:20.803] [RX] PITCH:4.28,PID_OUT:-118.66,INT:-0.0985,EL:-329,ER:-2225,VEL:-423.0,MOT:1,TILT:25.0,TRIM:0.000,ATE:0,LATCH:0,TORQ:1,CR:0.0,FX1:1.00,FY1:-151.10,FX2:-6.00,FY2:-149.60,IK1:1,IK2:1,MOVE:0
[2026-09-10 22:25:20.905] [RX] PITCH:3.49,PID_OUT:-209.76,INT:-0.0985,EL:-399,ER:-2165,VEL:-610.7,MOT:1,TILT:25.0,TRIM:0.000,ATE:0,LATCH:0,TORQ:1,CR:0.0,FX1:1.00,FY1:-151.10,FX2:-6.00,FY2:-149.60,IK1:1,IK2:1,MOVE:0
[2026-09-10 22:25:21.002] [RX] PITCH:4.40,PID_OUT:-234.60,INT:-0.0985,EL:-476,ER:-2097,VEL:-721.2,MOT:1,TILT:25.0,TRIM:0.000,ATE:0,LATCH:0,TORQ:1,CR:0.0,FX1:1.00,FY1:-151.10,FX2:-6.00,FY2:-149.60,IK1:1,IK2:1,MOVE:0
[2026-09-10 22:25:21.105] [RX] PITCH:4.77,PID_OUT:-175.06,INT:-0.0985,EL:-571,ER:-2012,VEL:-879.3,MOT:1,TILT:25.0,TRIM:0.000,ATE:0,LATCH:0,TORQ:1,CR:0.0,FX1:1.00,FY1:-151.10,FX2:-6.00,FY2:-149.60,IK1:1,IK2:1,MOVE:0
[2026-09-10 22:25:21.114] [RX] AX12:MODE:0,TQ:1,TL:1023,CM:1,CS:4,MS:0,MT:800
[2026-09-10 22:25:21.202] [RX] PITCH:4.19,PID_OUT:-180.43,INT:-0.0985,EL:-671,ER:-1922,VEL:-937.0,MOT:1,TILT:25.0,TRIM:0.000,ATE:0,LATCH:0,TORQ:1,CR:0.0,FX1:1.00,FY1:-151.10,FX2:-6.00,FY2:-149.60,IK1:1,IK2:1,MOVE:0
[2026-09-10 22:25:21.303] [RX] PITCH:7.22,PID_OUT:-219.84,INT:-0.0985,EL:-780,ER:-1825,VEL:-1024.6,MOT:1,TILT:25.0,TRIM:0.000,ATE:0,LATCH:0,TORQ:1,CR:0.0,FX1:1.00,FY1:-151.10,FX2:-6.00,FY2:-149.60,IK1:1,IK2:1,MOVE:0
[2026-09-10 22:25:21.402] [RX] PITCH:4.65,PID_OUT:7.65,INT:-0.0985,EL:-892,ER:-1726,VEL:-1038.0,MOT:1,TILT:25.0,TRIM:0.000,ATE:0,LATCH:0,TORQ:1,CR:0.0,FX1:1.00,FY1:-151.10,FX2:-6.00,FY2:-149.60,IK1:1,IK2:1,MOVE:0
[2026-09-10 22:25:21.503] [RX] PITCH:3.28,PID_OUT:136.59,INT:-0.0985,EL:-987,ER:-1652,VEL:-850.3,MOT:1,TILT:25.0,TRIM:0.000,ATE:0,LATCH:0,TORQ:1,CR:0.0,FX1:1.00,FY1:-151.10,FX2:-6.00,FY2:-149.60,IK1:1,IK2:1,MOVE:0
[2026-09-10 22:25:21.608] [RX] PITCH:-1.82,PID_OUT:155.26,INT:0.0096,EL:-1033,ER:-1619,VEL:-419.8,MOT:1,TILT:25.0,TRIM:0.000,ATE:0,LATCH:0,TORQ:1,CR:0.0,FX1:1.00,FY1:-151.10,FX2:-6.00,FY2:-149.60,IK1:1,IK2:1,MOVE:0
[2026-09-10 22:25:21.613] [RX] AX12:MODE:0,TQ:1,TL:1023,CM:1,CS:4,MS:0,MT:800
[2026-09-10 22:25:21.707] [RX] PITCH:-1.23,PID_OUT:147.41,INT:0.0985,EL:-1030,ER:-1628,VEL:-24.4,MOT:1,TILT:25.0,TRIM:0.000,ATE:0,LATCH:0,TORQ:1,CR:0.0,FX1:1.00,FY1:-151.10,FX2:-6.00,FY2:-149.60,IK1:1,IK2:1,MOVE:0
[2026-09-10 22:25:21.708] [RX] SRV:0,37,0.0,0,0
[2026-09-10 22:25:21.802] [RX] PITCH:-1.28,PID_OUT:122.13,INT:0.0985,EL:-1019,ER:-1648,VEL:129.2,MOT:1,TILT:25.0,TRIM:0.000,ATE:0,LATCH:0,TORQ:1,CR:0.0,FX1:1.00,FY1:-151.10,FX2:-6.00,FY2:-149.60,IK1:1,IK2:1,MOVE:0
[2026-09-10 22:25:21.904] [RX] PITCH:-1.24,PID_OUT:139.12,INT:0.0985,EL:-1000,ER:-1678,VEL:234.3,MOT:1,TILT:25.0,TRIM:0.000,ATE:0,LATCH:0,TORQ:1,CR:0.0,FX1:1.00,FY1:-151.10,FX2:-6.00,FY2:-149.60,IK1:1,IK2:1,MOVE:0
[2026-09-10 22:25:22.002] [RX] PITCH:-0.97,PID_OUT:101.72,INT:0.0985,EL:-976,ER:-1712,VEL:288.6,MOT:1,TILT:25.0,TRIM:0.000,ATE:0,LATCH:0,TORQ:1,CR:0.0,FX1:1.00,FY1:-151.10,FX2:-6.00,FY2:-149.60,IK1:1,IK2:1,MOVE:0
[2026-09-10 22:25:22.104] [RX] PITCH:-1.21,PID_OUT:82.74,INT:0.0985,EL:-951,ER:-1748,VEL:298.0,MOT:1,TILT:25.0,TRIM:0.000,ATE:0,LATCH:0,TORQ:1,CR:0.0,FX1:1.00,FY1:-151.10,FX2:-6.00,FY2:-149.60,IK1:1,IK2:1,MOVE:0
[2026-09-10 22:25:22.113] [RX] AX12:MODE:0,TQ:1,TL:1023,CM:1,CS:4,MS:0,MT:800
[2026-09-10 22:25:22.200] [RX] PITCH:0.34,PID_OUT:26.75,INT:0.0985,EL:-929,ER:-1779,VEL:261.5,MOT:1,TILT:25.0,TRIM:0.000,ATE:0,LATCH:0,TORQ:1,CR:0.0,FX1:1.00,FY1:-151.10,FX2:-6.00,FY2:-149.60,IK1:1,IK2:1,MOVE:0
[2026-09-10 22:25:22.300] [RX] PITCH:1.73,PID_OUT:-25.93,INT:0.0892,EL:-927,ER:-1801,VEL:124.5,MOT:1,TILT:25.0,TRIM:0.000,ATE:0,LATCH:0,TORQ:1,CR:0.0,FX1:1.00,FY1:-151.10,FX2:-6.00,FY2:-149.60,IK1:1,IK2:1,MOVE:0
[2026-09-10 22:25:22.400] [RX] PITCH:1.88,PID_OUT:-25.36,INT:0.0243,EL:-957,ER:-1815,VEL:-90.4,MOT:1,TILT:25.0,TRIM:0.000,ATE:0,LATCH:0,TORQ:1,CR:0.0,FX1:1.00,FY1:-151.10,FX2:-6.00,FY2:-149.60,IK1:1,IK2:1,MOVE:0
[2026-09-10 22:25:22.501] [RX] PITCH:1.60,PID_OUT:-27.91,INT:-0.0163,EL:-1057,ER:-1820,VEL:-404.8,MOT:1,TILT:25.0,TRIM:0.000,ATE:0,LATCH:0,TORQ:1,CR:0.0,FX1:1.00,FY1:-151.10,FX2:-6.00,FY2:-149.60,IK1:1,IK2:1,MOVE:0
[2026-09-10 22:25:22.607] [RX] PITCH:1.60,PID_OUT:-51.36,INT:-0.0391,EL:-1157,ER:-1820,VEL:-481.2,MOT:1,TILT:25.0,TRIM:0.000,ATE:0,LATCH:0,TORQ:1,CR:0.0,FX1:1.00,FY1:-151.10,FX2:-6.00,FY2:-149.60,IK1:1,IK2:1,MOVE:0
[2026-09-10 22:25:22.611] [RX] AX12:MODE:0,TQ:1,TL:1023,CM:1,CS:4,MS:0,MT:800
[2026-09-10 22:25:22.705] [RX] PITCH:1.76,PID_OUT:-70.89,INT:-0.0878,EL:-1178,ER:-1819,VEL:-204.5,MOT:1,TILT:25.0,TRIM:0.000,ATE:0,LATCH:0,TORQ:1,CR:0.0,FX1:1.00,FY1:-151.10,FX2:-6.00,FY2:-149.60,IK1:1,IK2:1,MOVE:0
[2026-09-10 22:25:22.705] [RX] SRV:14,37,0.8,0,0
[2026-09-10 22:25:22.802] [RX] PITCH:1.34,PID_OUT:-70.58,INT:-0.0985,EL:-1199,ER:-1818,VEL:-124.0,MOT:1,TILT:25.0,TRIM:0.000,ATE:0,LATCH:0,TORQ:1,CR:0.0,FX1:1.00,FY1:-151.10,FX2:-6.00,FY2:-149.60,IK1:1,IK2:1,MOVE:0
[2026-09-10 22:25:22.903] [RX] PITCH:1.58,PID_OUT:-58.05,INT:-0.0985,EL:-1228,ER:-1817,VEL:-149.4,MOT:1,TILT:25.0,TRIM:0.000,ATE:0,LATCH:0,TORQ:1,CR:0.0,FX1:1.00,FY1:-151.10,FX2:-6.00,FY2:-149.60,IK1:1,IK2:1,MOVE:0
[2026-09-10 22:25:22.999] [RX] PITCH:0.85,PID_OUT:-27.53,INT:-0.0723,EL:-1253,ER:-1816,VEL:-128.9,MOT:1,TILT:25.0,TRIM:0.000,ATE:0,LATCH:0,TORQ:1,CR:0.0,FX1:1.00,FY1:-151.10,FX2:-6.00,FY2:-149.60,IK1:1,IK2:1,MOVE:0
[2026-09-10 22:25:23.101] [RX] PITCH:1.21,PID_OUT:-19.23,INT:-0.0566,EL:-1272,ER:-1816,VEL:-91.2,MOT:1,TILT:25.0,TRIM:0.000,ATE:0,LATCH:0,TORQ:1,CR:0.0,FX1:1.00,FY1:-151.10,FX2:-6.00,FY2:-149.60,IK1:1,IK2:1,MOVE:0
[2026-09-10 22:25:23.113] [RX] AX12:MODE:0,TQ:1,TL:1023,CM:1,CS:4,MS:0,MT:800
[2026-09-10 22:25:23.201] [RX] PITCH:0.38,PID_OUT:61.33,INT:-0.0060,EL:-1272,ER:-1816,VEL:-18.0,MOT:1,TILT:25.0,TRIM:0.000,ATE:0,LATCH:0,TORQ:1,CR:0.0,FX1:1.00,FY1:-151.10,FX2:-6.00,FY2:-149.60,IK1:1,IK2:1,MOVE:0
[2026-09-10 22:25:23.303] [RX] PITCH:-0.07,PID_OUT:96.96,INT:0.0985,EL:-1271,ER:-1824,VEL:33.2,MOT:1,TILT:25.0,TRIM:0.000,ATE:0,LATCH:0,TORQ:1,CR:0.0,FX1:1.00,FY1:-151.10,FX2:-6.00,FY2:-149.60,IK1:1,IK2:1,MOVE:0
[2026-09-10 22:25:23.396] [RX] PITCH:0.41,PID_OUT:54.95,INT:0.0985,EL:-1271,ER:-1836,VEL:55.9,MOT:1,TILT:25.0,TRIM:0.000,ATE:0,LATCH:0,TORQ:1,CR:0.0,FX1:1.00,FY1:-151.10,FX2:-6.00,FY2:-149.60,IK1:1,IK2:1,MOVE:0
[2026-09-10 22:25:23.497] [RX] PITCH:1.60,PID_OUT:-6.22,INT:0.0922,EL:-1271,ER:-1849,VEL:61.8,MOT:1,TILT:25.0,TRIM:0.000,ATE:0,LATCH:0,TORQ:1,CR:0.0,FX1:1.00,FY1:-151.10,FX2:-6.00,FY2:-149.60,IK1:1,IK2:1,MOVE:0
[2026-09-10 22:25:23.600] [RX] PITCH:2.20,PID_OUT:-67.05,INT:0.0218,EL:-1280,ER:-1850,VEL:-56.0,MOT:1,TILT:25.0,TRIM:0.000,ATE:0,LATCH:0,TORQ:1,CR:0.0,FX1:1.00,FY1:-151.10,FX2:-6.00,FY2:-149.60,IK1:1,IK2:1,MOVE:0
[2026-09-10 22:25:23.608] [RX] AX12:MODE:0,TQ:1,TL:1023,CM:1,CS:4,MS:0,MT:800
[2026-09-10 22:25:23.699] [RX] PITCH:3.06,PID_OUT:-116.25,INT:-0.0985,EL:-1302,ER:-1843,VEL:-143.5,MOT:1,TILT:25.0,TRIM:0.000,ATE:0,LATCH:0,TORQ:1,CR:0.0,FX1:1.00,FY1:-151.10,FX2:-6.00,FY2:-149.60,IK1:1,IK2:1,MOVE:0
[2026-09-10 22:25:23.702] [RX] SRV:1,38,0.0,0,0
[2026-09-10 22:25:23.798] [RX] PITCH:1.57,PID_OUT:-24.50,INT:-0.0985,EL:-1335,ER:-1826,VEL:-249.1,MOT:1,TILT:25.0,TRIM:0.000,ATE:0,LATCH:0,TORQ:1,CR:0.0,FX1:1.00,FY1:-151.10,FX2:-6.00,FY2:-149.60,IK1:1,IK2:1,MOVE:0
[2026-09-10 22:25:23.897] [RX] PITCH:0.29,PID_OUT:39.09,INT:-0.0427,EL:-1335,ER:-1821,VEL:-56.0,MOT:1,TILT:25.0,TRIM:0.000,ATE:0,LATCH:0,TORQ:1,CR:0.0,FX1:1.00,FY1:-151.10,FX2:-6.00,FY2:-149.60,IK1:1,IK2:1,MOVE:0
[2026-09-10 22:25:23.999] [RX] PITCH:0.32,PID_OUT:74.47,INT:0.0750,EL:-1335,ER:-1846,VEL:123.8,MOT:1,TILT:25.0,TRIM:0.000,ATE:0,LATCH:0,TORQ:1,CR:0.0,FX1:1.00,FY1:-151.10,FX2:-6.00,FY2:-149.60,IK1:1,IK2:1,MOVE:0
[2026-09-10 22:25:24.103] [RX] PITCH:0.88,PID_OUT:61.56,INT:0.0985,EL:-1335,ER:-1848,VEL:32.9,MOT:1,TILT:25.0,TRIM:0.000,ATE:0,LATCH:0,TORQ:1,CR:0.0,FX1:1.00,FY1:-151.10,FX2:-6.00,FY2:-149.60,IK1:1,IK2:1,MOVE:0
[2026-09-10 22:25:24.109] [RX] AX12:MODE:0,TQ:1,TL:1023,CM:1,CS:4,MS:0,MT:800
[2026-09-10 22:25:24.197] [RX] PITCH:1.47,PID_OUT:41.66,INT:0.0925,EL:-1335,ER:-1853,VEL:16.1,MOT:1,TILT:25.0,TRIM:0.000,ATE:0,LATCH:0,TORQ:1,CR:0.0,FX1:1.00,FY1:-151.10,FX2:-6.00,FY2:-149.60,IK1:1,IK2:1,MOVE:0
[2026-09-10 22:25:24.298] [RX] PITCH:1.29,PID_OUT:50.08,INT:0.0809,EL:-1335,ER:-1853,VEL:3.2,MOT:1,TILT:25.0,TRIM:0.000,ATE:0,LATCH:0,TORQ:1,CR:0.0,FX1:1.00,FY1:-151.10,FX2:-6.00,FY2:-149.60,IK1:1,IK2:1,MOVE:0
[2026-09-10 22:25:24.396] [RX] PITCH:0.91,PID_OUT:70.69,INT:0.0985,EL:-1335,ER:-1853,VEL:0.6,MOT:1,TILT:25.0,TRIM:0.000,ATE:0,LATCH:0,TORQ:1,CR:0.0,FX1:1.00,FY1:-151.10,FX2:-6.00,FY2:-149.60,IK1:1,IK2:1,MOVE:0
[2026-09-10 22:25:24.498] [RX] PITCH:0.98,PID_OUT:63.98,INT:0.0985,EL:-1334,ER:-1853,VEL:1.9,MOT:1,TILT:25.0,TRIM:0.000,ATE:0,LATCH:0,TORQ:1,CR:0.0,FX1:1.00,FY1:-151.10,FX2:-6.00,FY2:-149.60,IK1:1,IK2:1,MOVE:0
[2026-09-10 22:25:24.596] [RX] PITCH:1.23,PID_OUT:51.31,INT:0.0985,EL:-1334,ER:-1853,VEL:0.4,MOT:1,TILT:25.0,TRIM:0.000,ATE:0,LATCH:0,TORQ:1,CR:0.0,FX1:1.00,FY1:-151.10,FX2:-6.00,FY2:-149.60,IK1:1,IK2:1,MOVE:0
[2026-09-10 22:25:24.606] [RX] AX12:MODE:0,TQ:1,TL:1023,CM:1,CS:4,MS:0,MT:800
[2026-09-10 22:25:24.701] [RX] PITCH:1.42,PID_OUT:44.08,INT:0.0898,EL:-1334,ER:-1853,VEL:0.1,MOT:1,TILT:25.0,TRIM:0.000,ATE:0,LATCH:0,TORQ:1,CR:0.0,FX1:1.00,FY1:-151.10,FX2:-6.00,FY2:-149.60,IK1:1,IK2:1,MOVE:0
[2026-09-10 22:25:24.702] [RX] SRV:6,37,0.0,0,0
[2026-09-10 22:25:24.799] [RX] PITCH:1.53,PID_OUT:26.17,INT:0.0768,EL:-1334,ER:-1853,VEL:0.0,MOT:1,TILT:25.0,TRIM:0.000,ATE:0,LATCH:0,TORQ:1,CR:0.0,FX1:1.00,FY1:-151.10,FX2:-6.00,FY2:-149.60,IK1:1,IK2:1,MOVE:0
[2026-09-10 22:25:24.896] [RX] PITCH:1.58,PID_OUT:0.55,INT:0.0444,EL:-1334,ER:-1853,VEL:0.0,MOT:1,TILT:25.0,TRIM:0.000,ATE:0,LATCH:0,TORQ:1,CR:0.0,FX1:1.00,FY1:-151.10,FX2:-6.00,FY2:-149.60,IK1:1,IK2:1,MOVE:0
[2026-09-10 22:25:24.995] [RX] PITCH:1.62,PID_OUT:-21.74,INT:0.0137,EL:-1334,ER:-1853,VEL:0.0,MOT:1,TILT:25.0,TRIM:0.000,ATE:0,LATCH:0,TORQ:1,CR:0.0,FX1:1.00,FY1:-151.10,FX2:-6.00,FY2:-149.60,IK1:1,IK2:1,MOVE:0
[2026-09-10 22:25:25.105] [RX] PITCH:1.78,PID_OUT:-57.86,INT:-0.0254,EL:-1347,ER:-1852,VEL:-98.7,MOT:1,TILT:25.0,TRIM:0.000,ATE:0,LATCH:0,TORQ:1,CR:0.0,FX1:1.00,FY1:-151.10,FX2:-6.00,FY2:-149.60,IK1:1,IK2:1,MOVE:0
[2026-09-10 22:25:25.105] [RX] AX12:MODE:0,TQ:1,TL:1023,CM:1,CS:4,MS:0,MT:800
[2026-09-10 22:25:25.196] [RX] PITCH:1.76,PID_OUT:-69.36,INT:-0.0809,EL:-1366,ER:-1849,VEL:-111.5,MOT:1,TILT:25.0,TRIM:0.000,ATE:0,LATCH:0,TORQ:1,CR:0.0,FX1:1.00,FY1:-151.10,FX2:-6.00,FY2:-149.60,IK1:1,IK2:1,MOVE:0
[2026-09-10 22:25:25.296] [RX] PITCH:1.11,PID_OUT:-34.88,INT:-0.0943,EL:-1394,ER:-1845,VEL:-165.6,MOT:1,TILT:25.0,TRIM:0.000,ATE:0,LATCH:0,TORQ:1,CR:0.0,FX1:1.00,FY1:-151.10,FX2:-6.00,FY2:-149.60,IK1:1,IK2:1,MOVE:0
[2026-09-10 22:25:25.394] [RX] PITCH:0.82,PID_OUT:-14.26,INT:-0.0531,EL:-1455,ER:-1842,VEL:-354.9,MOT:1,TILT:25.0,TRIM:0.000,ATE:0,LATCH:0,TORQ:1,CR:0.0,FX1:1.00,FY1:-151.10,FX2:-6.00,FY2:-149.60,IK1:1,IK2:1,MOVE:0
[2026-09-10 22:25:25.494] [RX] PITCH:0.79,PID_OUT:27.76,INT:-0.0049,EL:-1485,ER:-1841,VEL:-148.4,MOT:1,TILT:25.0,TRIM:0.000,ATE:0,LATCH:0,TORQ:1,CR:0.0,FX1:1.00,FY1:-151.10,FX2:-6.00,FY2:-149.60,IK1:1,IK2:1,MOVE:0
[2026-09-10 22:25:25.595] [RX] PITCH:0.38,PID_OUT:108.21,INT:0.0617,EL:-1484,ER:-1846,VEL:14.6,MOT:1,TILT:25.0,TRIM:0.000,ATE:0,LATCH:0,TORQ:1,CR:0.0,FX1:1.00,FY1:-151.10,FX2:-6.00,FY2:-149.60,IK1:1,IK2:1,MOVE:0
[2026-09-10 22:25:25.604] [RX] AX12:MODE:0,TQ:1,TL:1023,CM:1,CS:4,MS:0,MT:800
[2026-09-10 22:25:25.700] [RX] PITCH:0.19,PID_OUT:91.85,INT:0.0985,EL:-1480,ER:-1861,VEL:90.8,MOT:1,TILT:25.0,TRIM:0.000,ATE:0,LATCH:0,TORQ:1,CR:0.0,FX1:1.00,FY1:-151.10,FX2:-6.00,FY2:-149.60,IK1:1,IK2:1,MOVE:0
[2026-09-10 22:25:25.701] [RX] SRV:0,37,0.0,0,0
[2026-09-10 22:25:25.797] [RX] PITCH:0.72,PID_OUT:67.56,INT:0.0985,EL:-1480,ER:-1872,VEL:61.9,MOT:1,TILT:25.0,TRIM:0.000,ATE:0,LATCH:0,TORQ:1,CR:0.0,FX1:1.00,FY1:-151.10,FX2:-6.00,FY2:-149.60,IK1:1,IK2:1,MOVE:0
[2026-09-10 22:25:25.897] [RX] PITCH:0.98,PID_OUT:71.07,INT:0.0985,EL:-1480,ER:-1882,VEL:49.8,MOT:1,TILT:25.0,TRIM:0.000,ATE:0,LATCH:0,TORQ:1,CR:0.0,FX1:1.00,FY1:-151.10,FX2:-6.00,FY2:-149.60,IK1:1,IK2:1,MOVE:0
[2026-09-10 22:25:25.993] [RX] PITCH:0.93,PID_OUT:76.27,INT:0.0985,EL:-1479,ER:-1893,VEL:68.7,MOT:1,TILT:25.0,TRIM:0.000,ATE:0,LATCH:0,TORQ:1,CR:0.0,FX1:1.00,FY1:-151.10,FX2:-6.00,FY2:-149.60,IK1:1,IK2:1,MOVE:0
[2026-09-10 22:25:26.099] [RX] PITCH:1.13,PID_OUT:60.84,INT:0.0985,EL:-1477,ER:-1911,VEL:102.6,MOT:1,TILT:25.0,TRIM:0.000,ATE:0,LATCH:0,TORQ:1,CR:0.0,FX1:1.00,FY1:-151.10,FX2:-6.00,FY2:-149.60,IK1:1,IK2:1,MOVE:0
[2026-09-10 22:25:26.105] [RX] AX12:MODE:0,TQ:1,TL:1023,CM:1,CS:4,MS:0,MT:800
[2026-09-10 22:25:26.193] [RX] PITCH:1.17,PID_OUT:65.98,INT:0.0985,EL:-1476,ER:-1921,VEL:62.8,MOT:1,TILT:25.0,TRIM:0.000,ATE:0,LATCH:0,TORQ:1,CR:0.0,FX1:1.00,FY1:-151.10,FX2:-6.00,FY2:-149.60,IK1:1,IK2:1,MOVE:0
[2026-09-10 22:25:26.294] [RX] PITCH:0.72,PID_OUT:87.39,INT:0.0985,EL:-1476,ER:-1931,VEL:51.2,MOT:1,TILT:25.0,TRIM:0.000,ATE:0,LATCH:0,TORQ:1,CR:0.0,FX1:1.00,FY1:-151.10,FX2:-6.00,FY2:-149.60,IK1:1,IK2:1,MOVE:0
[2026-09-10 22:25:26.392] [RX] PITCH:0.75,PID_OUT:76.26,INT:0.0985,EL:-1474,ER:-1944,VEL:70.7,MOT:1,TILT:25.0,TRIM:0.000,ATE:0,LATCH:0,TORQ:1,CR:0.0,FX1:1.00,FY1:-151.10,FX2:-6.00,FY2:-149.60,IK1:1,IK2:1,MOVE:0
[2026-09-10 22:25:26.493] [RX] PITCH:0.97,PID_OUT:67.25,INT:0.0985,EL:-1472,ER:-1958,VEL:80.3,MOT:1,TILT:25.0,TRIM:0.000,ATE:0,LATCH:0,TORQ:1,CR:0.0,FX1:1.00,FY1:-151.10,FX2:-6.00,FY2:-149.60,IK1:1,IK2:1,MOVE:0
[2026-09-10 22:25:26.602] [RX] PITCH:1.03,PID_OUT:70.78,INT:0.0985,EL:-1470,ER:-1973,VEL:86.2,MOT:1,TILT:25.0,TRIM:0.000,ATE:0,LATCH:0,TORQ:1,CR:0.0,FX1:1.00,FY1:-151.10,FX2:-6.00,FY2:-149.60,IK1:1,IK2:1,MOVE:0
[2026-09-10 22:25:26.602] [RX] AX12:MODE:0,TQ:1,TL:1023,CM:1,CS:4,MS:0,MT:800
[2026-09-10 22:25:26.700] [RX] PITCH:0.89,PID_OUT:80.41,INT:0.0985,EL:-1468,ER:-1989,VEL:90.3,MOT:1,TILT:25.0,TRIM:0.000,ATE:0,LATCH:0,TORQ:1,CR:0.0,FX1:1.00,FY1:-151.10,FX2:-6.00,FY2:-149.60,IK1:1,IK2:1,MOVE:0
[2026-09-10 22:25:26.700] [RX] SRV:14,37,0.0,0,0
[2026-09-10 22:25:26.791] [RX] PITCH:0.69,PID_OUT:93.14,INT:0.0985,EL:-1466,ER:-2005,VEL:92.8,MOT:1,TILT:25.0,TRIM:0.000,ATE:0,LATCH:0,TORQ:1,CR:0.0,FX1:1.00,FY1:-151.10,FX2:-6.00,FY2:-149.60,IK1:1,IK2:1,MOVE:0
[2026-09-10 22:25:26.892] [RX] PITCH:0.71,PID_OUT:79.20,INT:0.0985,EL:-1461,ER:-2020,VEL:96.6,MOT:1,TILT:25.0,TRIM:0.000,ATE:0,LATCH:0,TORQ:1,CR:0.0,FX1:1.00,FY1:-151.10,FX2:-6.00,FY2:-149.60,IK1:1,IK2:1,MOVE:0
[2026-09-10 22:25:26.993] [RX] PITCH:0.78,PID_OUT:80.19,INT:0.0985,EL:-1455,ER:-2039,VEL:120.2,MOT:1,TILT:25.0,TRIM:0.000,ATE:0,LATCH:0,TORQ:1,CR:0.0,FX1:1.00,FY1:-151.10,FX2:-6.00,FY2:-149.60,IK1:1,IK2:1,MOVE:0
[2026-09-10 22:25:27.102] [RX] PITCH:0.78,PID_OUT:74.45,INT:0.0985,EL:-1448,ER:-2056,VEL:122.5,MOT:1,TILT:25.0,TRIM:0.000,ATE:0,LATCH:0,TORQ:1,CR:0.0,FX1:1.00,FY1:-151.10,FX2:-6.00,FY2:-149.60,IK1:1,IK2:1,MOVE:0
[2026-09-10 22:25:27.102] [RX] AX12:MODE:0,TQ:1,TL:1023,CM:1,CS:4,MS:0,MT:800
[2026-09-10 22:25:27.190] [RX] PITCH:1.00,PID_OUT:74.21,INT:0.0985,EL:-1440,ER:-2076,VEL:137.6,MOT:1,TILT:25.0,TRIM:0.000,ATE:0,LATCH:0,TORQ:1,CR:0.0,FX1:1.00,FY1:-151.10,FX2:-6.00,FY2:-149.60,IK1:1,IK2:1,MOVE:0
[2026-09-10 22:25:27.290] [RX] PITCH:0.87,PID_OUT:76.67,INT:0.0985,EL:-1433,ER:-2096,VEL:134.7,MOT:1,TILT:25.0,TRIM:0.000,ATE:0,LATCH:0,TORQ:1,CR:0.0,FX1:1.00,FY1:-151.10,FX2:-6.00,FY2:-149.60,IK1:1,IK2:1,MOVE:0
[2026-09-10 22:25:27.391] [RX] PITCH:0.90,PID_OUT:82.35,INT:0.0985,EL:-1424,ER:-2118,VEL:153.0,MOT:1,TILT:25.0,TRIM:0.000,ATE:0,LATCH:0,TORQ:1,CR:0.0,FX1:1.00,FY1:-151.10,FX2:-6.00,FY2:-149.60,IK1:1,IK2:1,MOVE:0
[2026-09-10 22:25:27.492] [RX] PITCH:0.72,PID_OUT:88.50,INT:0.0985,EL:-1415,ER:-2140,VEL:156.9,MOT:1,TILT:25.0,TRIM:0.000,ATE:0,LATCH:0,TORQ:1,CR:0.0,FX1:1.00,FY1:-151.10,FX2:-6.00,FY2:-149.60,IK1:1,IK2:1,MOVE:0
[2026-09-10 22:25:27.597] [RX] PITCH:0.74,PID_OUT:79.97,INT:0.0985,EL:-1404,ER:-2165,VEL:175.5,MOT:1,TILT:25.0,TRIM:0.000,ATE:0,LATCH:0,TORQ:1,CR:0.0,FX1:1.00,FY1:-151.10,FX2:-6.00,FY2:-149.60,IK1:1,IK2:1,MOVE:0
[2026-09-10 22:25:27.600] [RX] AX12:MODE:0,TQ:1,TL:1023,CM:1,CS:4,MS:0,MT:800
[2026-09-10 22:25:27.695] [RX] PITCH:0.70,PID_OUT:92.46,INT:0.0985,EL:-1391,ER:-2191,VEL:192.2,MOT:1,TILT:25.0,TRIM:0.000,ATE:0,LATCH:0,TORQ:1,CR:0.0,FX1:1.00,FY1:-151.10,FX2:-6.00,FY2:-149.60,IK1:1,IK2:1,MOVE:0
[2026-09-10 22:25:27.697] [RX] SRV:1,38,0.0,0,0
[2026-09-10 22:25:27.789] [RX] PITCH:0.60,PID_OUT:95.68,INT:0.0985,EL:-1376,ER:-2218,VEL:209.2,MOT:1,TILT:25.0,TRIM:0.000,ATE:0,LATCH:0,TORQ:1,CR:0.0,FX1:1.00,FY1:-151.10,FX2:-6.00,FY2:-149.60,IK1:1,IK2:1,MOVE:0
[2026-09-10 22:25:27.891] [RX] PITCH:0.83,PID_OUT:86.47,INT:0.0985,EL:-1359,ER:-2246,VEL:221.1,MOT:1,TILT:25.0,TRIM:0.000,ATE:0,LATCH:0,TORQ:1,CR:0.0,FX1:1.00,FY1:-151.10,FX2:-6.00,FY2:-149.60,IK1:1,IK2:1,MOVE:0
[2026-09-10 22:25:27.991] [RX] PITCH:0.54,PID_OUT:95.19,INT:0.0985,EL:-1340,ER:-2278,VEL:247.4,MOT:1,TILT:25.0,TRIM:0.000,ATE:0,LATCH:0,TORQ:1,CR:0.0,FX1:1.00,FY1:-151.10,FX2:-6.00,FY2:-149.60,IK1:1,IK2:1,MOVE:0
[2026-09-10 22:25:28.095] [RX] PITCH:0.79,PID_OUT:82.41,INT:0.0985,EL:-1317,ER:-2312,VEL:280.2,MOT:1,TILT:25.0,TRIM:0.000,ATE:0,LATCH:0,TORQ:1,CR:0.0,FX1:1.00,FY1:-151.10,FX2:-6.00,FY2:-149.60,IK1:1,IK2:1,MOVE:0
[2026-09-10 22:25:28.099] [RX] AX12:MODE:0,TQ:1,TL:1023,CM:1,CS:4,MS:0,MT:800
[2026-09-10 22:25:28.191] [RX] PITCH:0.76,PID_OUT:98.48,INT:0.0985,EL:-1293,ER:-2347,VEL:293.3,MOT:1,TILT:25.0,TRIM:0.000,ATE:0,LATCH:0,TORQ:1,CR:0.0,FX1:1.00,FY1:-151.10,FX2:-6.00,FY2:-149.60,IK1:1,IK2:1,MOVE:0
[2026-09-10 22:25:28.288] [RX] PITCH:0.44,PID_OUT:108.79,INT:0.0985,EL:-1266,ER:-2382,VEL:306.2,MOT:1,TILT:25.0,TRIM:0.000,ATE:0,LATCH:0,TORQ:1,CR:0.0,FX1:1.00,FY1:-151.10,FX2:-6.00,FY2:-149.60,IK1:1,IK2:1,MOVE:0
[2026-09-10 22:25:28.389] [RX] PITCH:0.36,PID_OUT:109.51,INT:0.0985,EL:-1234,ER:-2419,VEL:337.9,MOT:1,TILT:25.0,TRIM:0.000,ATE:0,LATCH:0,TORQ:1,CR:0.0,FX1:1.00,FY1:-151.10,FX2:-6.00,FY2:-149.60,IK1:1,IK2:1,MOVE:0
[2026-09-10 22:25:28.488] [RX] PITCH:0.34,PID_OUT:102.63,INT:0.0985,EL:-1198,ER:-2460,VEL:380.1,MOT:1,TILT:25.0,TRIM:0.000,ATE:0,LATCH:0,TORQ:1,CR:0.0,FX1:1.00,FY1:-151.10,FX2:-6.00,FY2:-149.60,IK1:1,IK2:1,MOVE:0
[2026-09-10 22:25:28.595] [RX] PITCH:0.28,PID_OUT:104.80,INT:0.0985,EL:-1160,ER:-2502,VEL:400.0,MOT:1,TILT:25.0,TRIM:0.000,ATE:0,LATCH:0,TORQ:1,CR:0.0,FX1:1.00,FY1:-151.10,FX2:-6.00,FY2:-149.60,IK1:1,IK2:1,MOVE:0
[2026-09-10 22:25:28.598] [RX] AX12:MODE:0,TQ:1,TL:1023,CM:1,CS:4,MS:0,MT:800
[2026-09-10 22:25:28.693] [RX] PITCH:0.46,PID_OUT:92.87,INT:0.0985,EL:-1118,ER:-2547,VEL:430.1,MOT:1,TILT:25.0,TRIM:0.000,ATE:0,LATCH:0,TORQ:1,CR:0.0,FX1:1.00,FY1:-151.10,FX2:-6.00,FY2:-149.60,IK1:1,IK2:1,MOVE:0
[2026-09-10 22:25:28.693] [RX] SRV:6,37,0.0,0,0
[2026-09-10 22:25:28.790] [RX] PITCH:0.13,PID_OUT:133.65,INT:0.0985,EL:-1075,ER:-2593,VEL:446.1,MOT:1,TILT:25.0,TRIM:0.000,ATE:0,LATCH:0,TORQ:1,CR:0.0,FX1:1.00,FY1:-151.10,FX2:-6.00,FY2:-149.60,IK1:1,IK2:1,MOVE:0
[2026-09-10 22:25:28.889] [RX] PITCH:-0.00,PID_OUT:125.90,INT:0.0985,EL:-1029,ER:-2642,VEL:472.1,MOT:1,TILT:25.0,TRIM:0.000,ATE:0,LATCH:0,TORQ:1,CR:0.0,FX1:1.00,FY1:-151.10,FX2:-6.00,FY2:-149.60,IK1:1,IK2:1,MOVE:0
[2026-09-10 22:25:28.987] [RX] PITCH:-0.16,PID_OUT:127.01,INT:0.0985,EL:-978,ER:-2695,VEL:515.1,MOT:1,TILT:25.0,TRIM:0.000,ATE:0,LATCH:0,TORQ:1,CR:0.0,FX1:1.00,FY1:-151.10,FX2:-6.00,FY2:-149.60,IK1:1,IK2:1,MOVE:0
[2026-09-10 22:25:29.087] [RX] PITCH:-0.30,PID_OUT:123.98,INT:0.0985,EL:-923,ER:-2751,VEL:555.1,MOT:1,TILT:25.0,TRIM:0.000,ATE:0,LATCH:0,TORQ:1,CR:0.0,FX1:1.00,FY1:-151.10,FX2:-6.00,FY2:-149.60,IK1:1,IK2:1,MOVE:0
[2026-09-10 22:25:29.098] [RX] AX12:MODE:0,TQ:1,TL:1023,CM:1,CS:4,MS:0,MT:800
[2026-09-10 22:25:29.190] [RX] PITCH:0.07,PID_OUT:117.32,INT:0.0985,EL:-864,ER:-2811,VEL:587.2,MOT:1,TILT:25.0,TRIM:0.000,ATE:0,LATCH:0,TORQ:1,CR:0.0,FX1:1.00,FY1:-151.10,FX2:-6.00,FY2:-149.60,IK1:1,IK2:1,MOVE:0
[2026-09-10 22:25:29.290] [RX] PITCH:-0.16,PID_OUT:142.73,INT:0.0985,EL:-804,ER:-2874,VEL:611.2,MOT:1,TILT:25.0,TRIM:0.000,ATE:0,LATCH:0,TORQ:1,CR:0.0,FX1:1.00,FY1:-151.10,FX2:-6.00,FY2:-149.60,IK1:1,IK2:1,MOVE:0
[2026-09-10 22:25:29.385] [RX] PITCH:0.08,PID_OUT:125.39,INT:0.0985,EL:-741,ER:-2940,VEL:646.0,MOT:1,TILT:25.0,TRIM:0.000,ATE:0,LATCH:0,TORQ:1,CR:0.0,FX1:1.00,FY1:-151.10,FX2:-6.00,FY2:-149.60,IK1:1,IK2:1,MOVE:0
[2026-09-10 22:25:29.488] [RX] PITCH:-0.24,PID_OUT:134.71,INT:0.0985,EL:-676,ER:-3007,VEL:660.4,MOT:1,TILT:25.0,TRIM:0.000,ATE:0,LATCH:0,TORQ:1,CR:0.0,FX1:1.00,FY1:-151.10,FX2:-6.00,FY2:-149.60,IK1:1,IK2:1,MOVE:0
[2026-09-10 22:25:29.590] [RX] PITCH:-0.87,PID_OUT:168.28,INT:0.0985,EL:-608,ER:-3075,VEL:682.0,MOT:1,TILT:25.0,TRIM:0.000,ATE:0,LATCH:0,TORQ:1,CR:0.0,FX1:1.00,FY1:-151.10,FX2:-6.00,FY2:-149.60,IK1:1,IK2:1,MOVE:0
[2026-09-10 22:25:29.598] [RX] AX12:MODE:0,TQ:1,TL:1023,CM:1,CS:4,MS:0,MT:800
[2026-09-10 22:25:29.688] [RX] PITCH:-3.00,PID_OUT:233.63,INT:0.0985,EL:-536,ER:-3150,VEL:729.5,MOT:1,TILT:25.0,TRIM:0.000,ATE:0,LATCH:0,TORQ:1,CR:0.0,FX1:1.00,FY1:-151.10,FX2:-6.00,FY2:-149.60,IK1:1,IK2:1,MOVE:0
[2026-09-10 22:25:29.689] [RX] SRV:0,37,0.0,0,0
[2026-09-10 22:25:29.786] [RX] PITCH:14.67,PID_OUT:-902.22,INT:-0.0985,EL:-518,ER:-3160,VEL:100.9,MOT:1,TILT:25.0,TRIM:0.000,ATE:0,LATCH:0,TORQ:1,CR:0.0,FX1:1.00,FY1:-151.10,FX2:-6.00,FY2:-149.60,IK1:1,IK2:1,MOVE:0
[2026-09-10 22:25:29.887] [RX] PITCH:10.66,PID_OUT:-262.26,INT:-0.0985,EL:-599,ER:-3089,VEL:-650.7,MOT:1,TILT:25.0,TRIM:0.000,ATE:0,LATCH:0,TORQ:1,CR:0.0,FX1:1.00,FY1:-151.10,FX2:-6.00,FY2:-149.60,IK1:1,IK2:1,MOVE:0
[2026-09-10 22:25:29.987] [RX] PITCH:-0.48,PID_OUT:98.69,INT:-0.0694,EL:-676,ER:-3004,VEL:-686.6,MOT:1,TILT:25.0,TRIM:0.000,ATE:0,LATCH:0,TORQ:1,CR:0.0,FX1:1.00,FY1:-151.10,FX2:-6.00,FY2:-149.60,IK1:1,IK2:1,MOVE:0
[2026-09-10 22:25:30.087] [RX] PITCH:1.94,PID_OUT:-163.90,INT:0.0298,EL:-707,ER:-2971,VEL:-424.6,MOT:1,TILT:25.0,TRIM:0.000,ATE:0,LATCH:0,TORQ:1,CR:0.0,FX1:1.00,FY1:-151.10,FX2:-6.00,FY2:-149.60,IK1:1,IK2:1,MOVE:0
[2026-09-10 22:25:30.095] [RX] AX12:MODE:0,TQ:1,TL:1023,CM:1,CS:4,MS:0,MT:800
[2026-09-10 22:25:30.184] [RX] PITCH:3.63,PID_OUT:-157.38,INT:-0.0985,EL:-762,ER:-2921,VEL:-521.5,MOT:1,TILT:25.0,TRIM:0.000,ATE:0,LATCH:0,TORQ:1,CR:0.0,FX1:1.00,FY1:-151.10,FX2:-6.00,FY2:-149.60,IK1:1,IK2:1,MOVE:0
[2026-09-10 22:25:30.286] [RX] PITCH:1.73,PID_OUT:-52.55,INT:-0.0985,EL:-819,ER:-2864,VEL:-556.8,MOT:1,TILT:25.0,TRIM:0.000,ATE:0,LATCH:0,TORQ:1,CR:0.0,FX1:1.00,FY1:-151.10,FX2:-6.00,FY2:-149.60,IK1:1,IK2:1,MOVE:0
[2026-09-10 22:25:30.386] [RX] PITCH:1.39,PID_OUT:-77.34,INT:-0.0984,EL:-872,ER:-2812,VEL:-531.0,MOT:1,TILT:25.0,TRIM:0.000,ATE:0,LATCH:0,TORQ:1,CR:0.0,FX1:1.00,FY1:-151.10,FX2:-6.00,FY2:-149.60,IK1:1,IK2:1,MOVE:0
[2026-09-10 22:25:30.485] [RX] PITCH:1.68,PID_OUT:-91.64,INT:-0.0985,EL:-924,ER:-2762,VEL:-516.8,MOT:1,TILT:25.0,TRIM:0.000,ATE:0,LATCH:0,TORQ:1,CR:0.0,FX1:1.00,FY1:-151.10,FX2:-6.00,FY2:-149.60,IK1:1,IK2:1,MOVE:0
[2026-09-10 22:25:30.596] [RX] PITCH:2.10,PID_OUT:-94.63,INT:-0.0985,EL:-978,ER:-2712,VEL:-520.0,MOT:1,TILT:25.0,TRIM:0.000,ATE:0,LATCH:0,TORQ:1,CR:0.0,FX1:1.00,FY1:-151.10,FX2:-6.00,FY2:-149.60,IK1:1,IK2:1,MOVE:0
[2026-09-10 22:25:30.601] [RX] AX12:MODE:0,TQ:1,TL:1023,CM:1,CS:4,MS:0,MT:800
[2026-09-10 22:25:30.689] [RX] PITCH:1.41,PID_OUT:-60.17,INT:-0.0985,EL:-1034,ER:-2661,VEL:-528.7,MOT:1,TILT:25.0,TRIM:0.000,ATE:0,LATCH:0,TORQ:1,CR:0.0,FX1:1.00,FY1:-151.10,FX2:-6.00,FY2:-149.60,IK1:1,IK2:1,MOVE:0
[2026-09-10 22:25:30.689] [RX] SRV:14,37,0.0,0,0
[2026-09-10 22:25:30.784] [RX] PITCH:1.95,PID_OUT:-95.71,INT:-0.0985,EL:-1088,ER:-2612,VEL:-513.9,MOT:1,TILT:25.0,TRIM:0.000,ATE:0,LATCH:0,TORQ:1,CR:0.0,FX1:1.00,FY1:-151.10,FX2:-6.00,FY2:-149.60,IK1:1,IK2:1,MOVE:0
[2026-09-10 22:25:30.883] [RX] PITCH:2.06,PID_OUT:42.92,INT:-0.0985,EL:-1143,ER:-2566,VEL:-499.4,MOT:1,TILT:25.0,TRIM:0.000,ATE:0,LATCH:0,TORQ:1,CR:0.0,FX1:1.00,FY1:-151.10,FX2:-6.00,FY2:-149.60,IK1:1,IK2:1,MOVE:0
[2026-09-10 22:25:30.985] [RX] PITCH:0.05,PID_OUT:118.38,INT:-0.0084,EL:-1183,ER:-2537,VEL:-352.7,MOT:1,TILT:25.0,TRIM:0.000,ATE:0,LATCH:0,TORQ:1,CR:0.0,FX1:1.00,FY1:-151.10,FX2:-6.00,FY2:-149.60,IK1:1,IK2:1,MOVE:0
[2026-09-10 22:25:31.089] [RX] PITCH:0.35,PID_OUT:78.68,INT:0.0985,EL:-1193,ER:-2551,VEL:4.3,MOT:1,TILT:25.0,TRIM:0.000,ATE:0,LATCH:0,TORQ:1,CR:0.0,FX1:1.00,FY1:-151.10,FX2:-6.00,FY2:-149.60,IK1:1,IK2:1,MOVE:0
[2026-09-10 22:25:31.095] [RX] AX12:MODE:0,TQ:1,TL:1023,CM:1,CS:4,MS:0,MT:800
[2026-09-10 22:25:31.183] [RX] PITCH:0.07,PID_OUT:145.02,INT:0.0985,EL:-1192,ER:-2556,VEL:43.8,MOT:1,TILT:25.0,TRIM:0.000,ATE:0,LATCH:0,TORQ:1,CR:0.0,FX1:1.00,FY1:-151.10,FX2:-6.00,FY2:-149.60,IK1:1,IK2:1,MOVE:0
[2026-09-10 22:25:31.283] [RX] PITCH:-0.66,PID_OUT:140.46,INT:0.0985,EL:-1181,ER:-2574,VEL:135.3,MOT:1,TILT:25.0,TRIM:0.000,ATE:0,LATCH:0,TORQ:1,CR:0.0,FX1:1.00,FY1:-151.10,FX2:-6.00,FY2:-149.60,IK1:1,IK2:1,MOVE:0
[2026-09-10 22:25:31.383] [RX] PITCH:-0.76,PID_OUT:116.11,INT:0.0985,EL:-1160,ER:-2610,VEL:256.6,MOT:1,TILT:25.0,TRIM:0.000,ATE:0,LATCH:0,TORQ:1,CR:0.0,FX1:1.00,FY1:-151.10,FX2:-6.00,FY2:-149.60,IK1:1,IK2:1,MOVE:0
[2026-09-10 22:25:31.484] [RX] PITCH:-0.53,PID_OUT:86.47,INT:0.0985,EL:-1134,ER:-2651,VEL:329.4,MOT:1,TILT:25.0,TRIM:0.000,ATE:0,LATCH:0,TORQ:1,CR:0.0,FX1:1.00,FY1:-151.10,FX2:-6.00,FY2:-149.60,IK1:1,IK2:1,MOVE:0
[2026-09-10 22:25:31.585] [RX] PITCH:-0.22,PID_OUT:51.85,INT:0.0985,EL:-1108,ER:-2690,VEL:321.5,MOT:1,TILT:25.0,TRIM:0.000,ATE:0,LATCH:0,TORQ:1,CR:0.0,FX1:1.00,FY1:-151.10,FX2:-6.00,FY2:-149.60,IK1:1,IK2:1,MOVE:0
[2026-09-10 22:25:31.592] [RX] AX12:MODE:0,TQ:1,TL:1023,CM:1,CS:4,MS:0,MT:800
[2026-09-10 22:25:31.690] [RX] PITCH:1.09,PID_OUT:-7.84,INT:0.0985,EL:-1090,ER:-2721,VEL:234.1,MOT:1,TILT:25.0,TRIM:0.000,ATE:0,LATCH:0,TORQ:1,CR:0.0,FX1:1.00,FY1:-151.10,FX2:-6.00,FY2:-149.60,IK1:1,IK2:1,MOVE:0
[2026-09-10 22:25:31.690] [RX] SRV:1,38,0.0,0,0
[2026-09-10 22:25:31.784] [RX] PITCH:2.40,PID_OUT:-42.11,INT:0.0256,EL:-1101,ER:-2737,VEL:53.7,MOT:1,TILT:25.0,TRIM:0.000,ATE:0,LATCH:0,TORQ:1,CR:0.0,FX1:1.00,FY1:-151.10,FX2:-6.00,FY2:-149.60,IK1:1,IK2:1,MOVE:0
[2026-09-10 22:25:31.882] [RX] PITCH:1.05,PID_OUT:67.40,INT:-0.0246,EL:-1112,ER:-2747,VEL:22.0,MOT:1,TILT:25.0,TRIM:0.000,ATE:0,LATCH:0,TORQ:1,CR:0.0,FX1:1.00,FY1:-151.10,FX2:-6.00,FY2:-149.60,IK1:1,IK2:1,MOVE:0
[2026-09-10 22:25:31.982] [RX] PITCH:-0.40,PID_OUT:132.52,INT:0.0985,EL:-1106,ER:-2763,VEL:100.0,MOT:1,TILT:25.0,TRIM:0.000,ATE:0,LATCH:0,TORQ:1,CR:0.0,FX1:1.00,FY1:-151.10,FX2:-6.00,FY2:-149.60,IK1:1,IK2:1,MOVE:0
[2026-09-10 22:25:32.090] [RX] PITCH:0.89,PID_OUT:50.72,INT:0.0985,EL:-1090,ER:-2793,VEL:202.8,MOT:1,TILT:25.0,TRIM:0.000,ATE:0,LATCH:0,TORQ:1,CR:0.0,FX1:1.00,FY1:-151.10,FX2:-6.00,FY2:-149.60,IK1:1,IK2:1,MOVE:0
[2026-09-10 22:25:32.096] [RX] AX12:MODE:0,TQ:1,TL:1023,CM:1,CS:4,MS:0,MT:800
[2026-09-10 22:25:32.181] [RX] PITCH:1.23,PID_OUT:63.67,INT:0.0985,EL:-1076,ER:-2821,VEL:204.0,MOT:1,TILT:25.0,TRIM:0.000,ATE:0,LATCH:0,TORQ:1,CR:0.0,FX1:1.00,FY1:-151.10,FX2:-6.00,FY2:-149.60,IK1:1,IK2:1,MOVE:0
[2026-09-10 22:25:32.283] [RX] PITCH:0.79,PID_OUT:106.82,INT:0.0985,EL:-1063,ER:-2848,VEL:200.0,MOT:1,TILT:25.0,TRIM:0.000,ATE:0,LATCH:0,TORQ:1,CR:0.0,FX1:1.00,FY1:-151.10,FX2:-6.00,FY2:-149.60,IK1:1,IK2:1,MOVE:0
[2026-09-10 22:25:32.381] [RX] PITCH:0.67,PID_OUT:85.29,INT:0.0985,EL:-1047,ER:-2878,VEL:231.5,MOT:1,TILT:25.0,TRIM:0.000,ATE:0,LATCH:0,TORQ:1,CR:0.0,FX1:1.00,FY1:-151.10,FX2:-6.00,FY2:-149.60,IK1:1,IK2:1,MOVE:0
[2026-09-10 22:25:32.481] [RX] PITCH:0.65,PID_OUT:86.03,INT:0.0985,EL:-1029,ER:-2907,VEL:236.3,MOT:1,TILT:25.0,TRIM:0.000,ATE:0,LATCH:0,TORQ:1,CR:0.0,FX1:1.00,FY1:-151.10,FX2:-6.00,FY2:-149.60,IK1:1,IK2:1,MOVE:0
[2026-09-10 22:25:32.587] [RX] PITCH:0.67,PID_OUT:90.55,INT:0.0985,EL:-1009,ER:-2935,VEL:239.3,MOT:1,TILT:25.0,TRIM:0.000,ATE:0,LATCH:0,TORQ:1,CR:0.0,FX1:1.00,FY1:-151.10,FX2:-6.00,FY2:-149.60,IK1:1,IK2:1,MOVE:0
[2026-09-10 22:25:32.591] [RX] AX12:MODE:0,TQ:1,TL:1023,CM:1,CS:4,MS:0,MT:800
[2026-09-10 22:25:32.682] [RX] PITCH:0.93,PID_OUT:85.44,INT:0.0985,EL:-989,ER:-2973,VEL:282.5,MOT:1,TILT:25.0,TRIM:0.000,ATE:0,LATCH:0,TORQ:1,CR:0.0,FX1:1.00,FY1:-151.10,FX2:-6.00,FY2:-149.60,IK1:1,IK2:1,MOVE:0
[2026-09-10 22:25:32.684] [RX] SRV:6,37,0.0,0,0
[2026-09-10 22:25:32.779] [RX] PITCH:0.54,PID_OUT:91.44,INT:0.0985,EL:-968,ER:-3008,VEL:278.7,MOT:1,TILT:25.0,TRIM:0.000,ATE:0,LATCH:0,TORQ:1,CR:0.0,FX1:1.00,FY1:-151.10,FX2:-6.00,FY2:-149.60,IK1:1,IK2:1,MOVE:0
[2026-09-10 22:25:32.881] [RX] PITCH:0.72,PID_OUT:89.92,INT:0.0985,EL:-943,ER:-3052,VEL:334.5,MOT:1,TILT:25.0,TRIM:0.000,ATE:0,LATCH:0,TORQ:1,CR:0.0,FX1:1.00,FY1:-151.10,FX2:-6.00,FY2:-149.60,IK1:1,IK2:1,MOVE:0
[2026-09-10 22:25:32.979] [RX] PITCH:0.72,PID_OUT:97.15,INT:0.0985,EL:-918,ER:-3092,VEL:333.9,MOT:1,TILT:25.0,TRIM:0.000,ATE:0,LATCH:0,TORQ:1,CR:0.0,FX1:1.00,FY1:-151.10,FX2:-6.00,FY2:-149.60,IK1:1,IK2:1,MOVE:0
[2026-09-10 22:25:33.081] [RX] PITCH:0.62,PID_OUT:97.04,INT:0.0985,EL:-892,ER:-3127,VEL:309.0,MOT:1,TILT:25.0,TRIM:0.000,ATE:0,LATCH:0,TORQ:1,CR:0.0,FX1:1.00,FY1:-151.10,FX2:-6.00,FY2:-149.60,IK1:1,IK2:1,MOVE:0
[2026-09-10 22:25:33.089] [RX] AX12:MODE:0,TQ:1,TL:1023,CM:1,CS:4,MS:0,MT:800
[2026-09-10 22:25:33.180] [RX] PITCH:0.43,PID_OUT:120.98,INT:0.0985,EL:-862,ER:-3165,VEL:327.8,MOT:1,TILT:25.0,TRIM:0.000,ATE:0,LATCH:0,TORQ:1,CR:0.0,FX1:1.00,FY1:-151.10,FX2:-6.00,FY2:-149.60,IK1:1,IK2:1,MOVE:0
[2026-09-10 22:25:33.278] [RX] PITCH:0.31,PID_OUT:115.44,INT:0.0985,EL:-829,ER:-3203,VEL:351.7,MOT:1,TILT:25.0,TRIM:0.000,ATE:0,LATCH:0,TORQ:1,CR:0.0,FX1:1.00,FY1:-151.10,FX2:-6.00,FY2:-149.60,IK1:1,IK2:1,MOVE:0
[2026-09-10 22:25:33.380] [RX] PITCH:-0.25,PID_OUT:122.49,INT:0.0985,EL:-790,ER:-3245,VEL:399.3,MOT:1,TILT:25.0,TRIM:0.000,ATE:0,LATCH:0,TORQ:1,CR:0.0,FX1:1.00,FY1:-151.10,FX2:-6.00,FY2:-149.60,IK1:1,IK2:1,MOVE:0
[2026-09-10 22:25:33.483] [RX] PITCH:0.00,PID_OUT:127.24,INT:0.0985,EL:-745,ER:-3290,VEL:446.1,MOT:1,TILT:25.0,TRIM:0.000,ATE:0,LATCH:0,TORQ:1,CR:0.0,FX1:1.00,FY1:-151.10,FX2:-6.00,FY2:-149.60,IK1:1,IK2:1,MOVE:0
[2026-09-10 22:25:33.581] [RX] PITCH:-0.64,PID_OUT:156.53,INT:0.0985,EL:-698,ER:-3337,VEL:471.7,MOT:1,TILT:25.0,TRIM:0.000,ATE:0,LATCH:0,TORQ:1,CR:0.0,FX1:1.00,FY1:-151.10,FX2:-6.00,FY2:-149.60,IK1:1,IK2:1,MOVE:0
[2026-09-10 22:25:33.591] [RX] AX12:MODE:0,TQ:1,TL:1023,CM:1,CS:4,MS:0,MT:800
[2026-09-10 22:25:33.681] [RX] PITCH:-0.40,PID_OUT:127.00,INT:0.0985,EL:-645,ER:-3390,VEL:522.9,MOT:1,TILT:25.0,TRIM:0.000,ATE:0,LATCH:0,TORQ:1,CR:0.0,FX1:1.00,FY1:-151.10,FX2:-6.00,FY2:-149.60,IK1:1,IK2:1,MOVE:0
[2026-09-10 22:25:33.682] [RX] SRV:0,37,0.0,0,0
[2026-09-10 22:25:33.780] [RX] PITCH:8.12,PID_OUT:-788.63,INT:-0.0473,EL:-616,ER:-3427,VEL:270.3,MOT:1,TILT:25.0,TRIM:0.000,ATE:0,LATCH:0,TORQ:1,CR:0.0,FX1:1.00,FY1:-151.10,FX2:-6.00,FY2:-149.60,IK1:1,IK2:1,MOVE:0
[2026-09-10 22:25:33.879] [RX] PITCH:8.20,PID_OUT:-218.08,INT:-0.0985,EL:-687,ER:-3386,VEL:-466.4,MOT:1,TILT:25.0,TRIM:0.000,ATE:0,LATCH:0,TORQ:1,CR:0.0,FX1:1.00,FY1:-151.10,FX2:-6.00,FY2:-149.60,IK1:1,IK2:1,MOVE:0
[2026-09-10 22:25:33.979] [RX] PITCH:1.37,PID_OUT:-24.99,INT:-0.0985,EL:-758,ER:-3326,VEL:-572.8,MOT:1,TILT:25.0,TRIM:0.000,ATE:0,LATCH:0,TORQ:1,CR:0.0,FX1:1.00,FY1:-151.10,FX2:-6.00,FY2:-149.60,IK1:1,IK2:1,MOVE:0
[2026-09-10 22:25:34.090] [RX] PITCH:1.32,PID_OUT:-90.51,INT:-0.0884,EL:-812,ER:-3281,VEL:-508.4,MOT:1,TILT:25.0,TRIM:0.000,ATE:0,LATCH:0,TORQ:1,CR:0.0,FX1:1.00,FY1:-151.10,FX2:-6.00,FY2:-149.60,IK1:1,IK2:1,MOVE:0
[2026-09-10 22:25:34.090] [RX] AX12:MODE:0,TQ:1,TL:1023,CM:1,CS:4,MS:0,MT:800
[2026-09-10 22:25:34.178] [RX] PITCH:2.31,PID_OUT:-127.48,INT:-0.0985,EL:-868,ER:-3235,VEL:-518.0,MOT:1,TILT:25.0,TRIM:0.000,ATE:0,LATCH:0,TORQ:1,CR:0.0,FX1:1.00,FY1:-151.10,FX2:-6.00,FY2:-149.60,IK1:1,IK2:1,MOVE:0
[2026-09-10 22:25:34.277] [RX] PITCH:2.87,PID_OUT:-134.93,INT:-0.0985,EL:-929,ER:-3183,VEL:-560.3,MOT:1,TILT:25.0,TRIM:0.000,ATE:0,LATCH:0,TORQ:1,CR:0.0,FX1:1.00,FY1:-151.10,FX2:-6.00,FY2:-149.60,IK1:1,IK2:1,MOVE:0
[2026-09-10 22:25:34.378] [RX] PITCH:2.23,PID_OUT:-105.24,INT:-0.0985,EL:-996,ER:-3126,VEL:-608.6,MOT:1,TILT:25.0,TRIM:0.000,ATE:0,LATCH:0,TORQ:1,CR:0.0,FX1:1.00,FY1:-151.10,FX2:-6.00,FY2:-149.60,IK1:1,IK2:1,MOVE:0
[2026-09-10 22:25:34.479] [RX] PITCH:2.16,PID_OUT:-102.83,INT:-0.0985,EL:-1066,ER:-3068,VEL:-635.8,MOT:1,TILT:25.0,TRIM:0.000,ATE:0,LATCH:0,TORQ:1,CR:0.0,FX1:1.00,FY1:-151.10,FX2:-6.00,FY2:-149.60,IK1:1,IK2:1,MOVE:0
[2026-09-10 22:25:34.589] [RX] PITCH:2.50,PID_OUT:-128.65,INT:-0.0985,EL:-1137,ER:-3008,VEL:-654.7,MOT:1,TILT:25.0,TRIM:0.000,ATE:0,LATCH:0,TORQ:1,CR:0.0,FX1:1.00,FY1:-151.10,FX2:-6.00,FY2:-149.60,IK1:1,IK2:1,MOVE:0
[2026-09-10 22:25:34.589] [RX] AX12:MODE:0,TQ:1,TL:1023,CM:1,CS:4,MS:0,MT:800
[2026-09-10 22:25:34.678] [RX] PITCH:2.90,PID_OUT:-149.49,INT:-0.0985,EL:-1209,ER:-2946,VEL:-668.0,MOT:1,TILT:25.0,TRIM:0.000,ATE:0,LATCH:0,TORQ:1,CR:0.0,FX1:1.00,FY1:-151.10,FX2:-6.00,FY2:-149.60,IK1:1,IK2:1,MOVE:0
[2026-09-10 22:25:34.681] [RX] SRV:14,37,0.0,0,0
[2026-09-10 22:25:34.778] [RX] PITCH:4.00,PID_OUT:-118.32,INT:-0.0985,EL:-1285,ER:-2880,VEL:-707.2,MOT:1,TILT:25.0,TRIM:0.000,ATE:0,LATCH:0,TORQ:1,CR:0.0,FX1:1.00,FY1:-151.10,FX2:-6.00,FY2:-149.60,IK1:1,IK2:1,MOVE:0
[2026-09-10 22:25:34.879] [RX] PITCH:2.37,PID_OUT:88.05,INT:-0.0985,EL:-1359,ER:-2812,VEL:-706.7,MOT:1,TILT:25.0,TRIM:0.000,ATE:0,LATCH:0,TORQ:1,CR:0.0,FX1:1.00,FY1:-151.10,FX2:-6.00,FY2:-149.60,IK1:1,IK2:1,MOVE:0
[2026-09-10 22:25:34.976] [RX] PITCH:1.87,PID_OUT:22.35,INT:-0.0985,EL:-1394,ER:-2769,VEL:-399.3,MOT:1,TILT:25.0,TRIM:0.000,ATE:0,LATCH:0,TORQ:1,CR:0.0,FX1:1.00,FY1:-151.10,FX2:-6.00,FY2:-149.60,IK1:1,IK2:1,MOVE:0
[2026-09-10 22:25:35.092] [RX] PITCH:-1.78,PID_OUT:189.08,INT:0.0567,EL:-1391,ER:-2748,VEL:-134.6,MOT:1,TILT:25.0,TRIM:0.000,ATE:0,LATCH:0,TORQ:1,CR:0.0,FX1:1.00,FY1:-151.10,FX2:-6.00,FY2:-149.60,IK1:1,IK2:1,MOVE:0
[2026-09-10 22:25:35.093] [RX] AX12:MODE:0,TQ:1,TL:1023,CM:1,CS:4,MS:0,MT:800
[2026-09-10 22:25:35.175] [RX] PITCH:-0.55,PID_OUT:104.87,INT:0.0985,EL:-1370,ER:-2768,VEL:145.7,MOT:1,TILT:25.0,TRIM:0.000,ATE:0,LATCH:0,TORQ:1,CR:0.0,FX1:1.00,FY1:-151.10,FX2:-6.00,FY2:-149.60,IK1:1,IK2:1,MOVE:0
[2026-09-10 22:25:35.275] [RX] PITCH:-0.35,PID_OUT:167.72,INT:0.0985,EL:-1347,ER:-2796,VEL:237.8,MOT:1,TILT:25.0,TRIM:0.000,ATE:0,LATCH:0,TORQ:1,CR:0.0,FX1:1.00,FY1:-151.10,FX2:-6.00,FY2:-149.60,IK1:1,IK2:1,MOVE:0
[2026-09-10 22:25:35.376] [RX] PITCH:-1.47,PID_OUT:147.47,INT:0.0985,EL:-1315,ER:-2826,VEL:308.1,MOT:1,TILT:25.0,TRIM:0.000,ATE:0,LATCH:0,TORQ:1,CR:0.0,FX1:1.00,FY1:-151.10,FX2:-6.00,FY2:-149.60,IK1:1,IK2:1,MOVE:0
[2026-09-10 22:25:35.476] [RX] PITCH:-1.71,PID_OUT:132.96,INT:0.0985,EL:-1275,ER:-2868,VEL:394.7,MOT:1,TILT:25.0,TRIM:0.000,ATE:0,LATCH:0,TORQ:1,CR:0.0,FX1:1.00,FY1:-151.10,FX2:-6.00,FY2:-149.60,IK1:1,IK2:1,MOVE:0
[2026-09-10 22:25:35.581] [RX] PITCH:-0.97,PID_OUT:-1.99,INT:0.0985,EL:-1235,ER:-2910,VEL:407.7,MOT:1,TILT:25.0,TRIM:0.000,ATE:0,LATCH:0,TORQ:1,CR:0.0,FX1:1.00,FY1:-151.10,FX2:-6.00,FY2:-149.60,IK1:1,IK2:1,MOVE:0
[2026-09-10 22:25:35.585] [RX] AX12:MODE:0,TQ:1,TL:1023,CM:1,CS:4,MS:0,MT:800
[2026-09-10 22:25:35.681] [RX] PITCH:1.43,PID_OUT:-72.77,INT:0.0970,EL:-1221,ER:-2947,VEL:271.7,MOT:1,TILT:25.0,TRIM:0.000,ATE:0,LATCH:0,TORQ:1,CR:0.0,FX1:1.00,FY1:-151.10,FX2:-6.00,FY2:-149.60,IK1:1,IK2:1,MOVE:0
[2026-09-10 22:25:35.681] [RX] SRV:1,38,0.0,0,1
[2026-09-10 22:25:35.779] [RX] PITCH:2.83,PID_OUT:-75.02,INT:-0.0255,EL:-1220,ER:-2967,VEL:123.1,MOT:1,TILT:25.0,TRIM:0.000,ATE:0,LATCH:0,TORQ:1,CR:0.0,FX1:1.00,FY1:-151.10,FX2:-6.00,FY2:-149.60,IK1:1,IK2:1,MOVE:0
[2026-09-10 22:25:35.877] [RX] PITCH:1.53,PID_OUT:-43.07,INT:-0.0985,EL:-1244,ER:-2970,VEL:-58.0,MOT:1,TILT:25.0,TRIM:0.000,ATE:0,LATCH:0,TORQ:1,CR:0.0,FX1:1.00,FY1:-151.10,FX2:-6.00,FY2:-149.60,IK1:1,IK2:1,MOVE:0
[2026-09-10 22:25:35.975] [RX] PITCH:0.69,PID_OUT:5.74,INT:-0.0699,EL:-1244,ER:-2970,VEL:-11.4,MOT:1,TILT:25.0,TRIM:0.000,ATE:0,LATCH:0,TORQ:1,CR:0.0,FX1:1.00,FY1:-151.10,FX2:-6.00,FY2:-149.60,IK1:1,IK2:1,MOVE:0
[2026-09-10 22:25:36.085] [RX] PITCH:0.15,PID_OUT:96.41,INT:0.0193,EL:-1242,ER:-2970,VEL:8.6,MOT:1,TILT:25.0,TRIM:0.000,ATE:0,LATCH:0,TORQ:1,CR:0.0,FX1:1.00,FY1:-151.10,FX2:-6.00,FY2:-149.60,IK1:1,IK2:1,MOVE:0
[2026-09-10 22:25:36.090] [RX] AX12:MODE:0,TQ:1,TL:1023,CM:1,CS:4,MS:0,MT:800
[2026-09-10 22:25:36.174] [RX] PITCH:0.58,PID_OUT:67.03,INT:0.0985,EL:-1237,ER:-2991,VEL:102.6,MOT:1,TILT:25.0,TRIM:0.000,ATE:0,LATCH:0,TORQ:1,CR:0.0,FX1:1.00,FY1:-151.10,FX2:-6.00,FY2:-149.60,IK1:1,IK2:1,MOVE:0
[2026-09-10 22:25:36.275] [RX] PITCH:1.41,PID_OUT:38.74,INT:0.0964,EL:-1230,ER:-3015,VEL:148.2,MOT:1,TILT:25.0,TRIM:0.000,ATE:0,LATCH:0,TORQ:1,CR:0.0,FX1:1.00,FY1:-151.10,FX2:-6.00,FY2:-149.60,IK1:1,IK2:1,MOVE:0
[2026-09-10 22:25:36.372] [RX] PITCH:1.43,PID_OUT:48.04,INT:0.0772,EL:-1226,ER:-3033,VEL:118.1,MOT:1,TILT:25.0,TRIM:0.000,ATE:0,LATCH:0,TORQ:1,CR:0.0,FX1:1.00,FY1:-151.10,FX2:-6.00,FY2:-149.60,IK1:1,IK2:1,MOVE:0
[2026-09-10 22:25:36.472] [RX] PITCH:1.00,PID_OUT:76.66,INT:0.0882,EL:-1224,ER:-3047,VEL:89.5,MOT:1,TILT:25.0,TRIM:0.000,ATE:0,LATCH:0,TORQ:1,CR:0.0,FX1:1.00,FY1:-151.10,FX2:-6.00,FY2:-149.60,IK1:1,IK2:1,MOVE:0
[2026-09-10 22:25:36.576] [RX] PITCH:1.04,PID_OUT:66.25,INT:0.0985,EL:-1220,ER:-3065,VEL:102.6,MOT:1,TILT:25.0,TRIM:0.000,ATE:0,LATCH:0,TORQ:1,CR:0.0,FX1:1.00,FY1:-151.10,FX2:-6.00,FY2:-149.60,IK1:1,IK2:1,MOVE:0
[2026-09-10 22:25:36.583] [RX] AX12:MODE:0,TQ:1,TL:1023,CM:1,CS:4,MS:0,MT:800
[2026-09-10 22:25:36.674] [RX] PITCH:1.20,PID_OUT:66.39,INT:0.0985,EL:-1214,ER:-3088,VEL:131.9,MOT:1,TILT:25.0,TRIM:0.000,ATE:0,LATCH:0,TORQ:1,CR:0.0,FX1:1.00,FY1:-151.10,FX2:-6.00,FY2:-149.60,IK1:1,IK2:1,MOVE:0
[2026-09-10 22:25:36.676] [RX] SRV:6,37,0.0,0,0
[2026-09-10 22:25:36.774] [RX] PITCH:1.06,PID_OUT:75.30,INT:0.0985,EL:-1209,ER:-3106,VEL:118.2,MOT:1,TILT:25.0,TRIM:0.000,ATE:0,LATCH:0,TORQ:1,CR:0.0,FX1:1.00,FY1:-151.10,FX2:-6.00,FY2:-149.60,IK1:1,IK2:1,MOVE:0
[2026-09-10 22:25:36.872] [RX] PITCH:0.87,PID_OUT:84.01,INT:0.0985,EL:-1203,ER:-3128,VEL:140.7,MOT:1,TILT:25.0,TRIM:0.000,ATE:0,LATCH:0,TORQ:1,CR:0.0,FX1:1.00,FY1:-151.10,FX2:-6.00,FY2:-149.60,IK1:1,IK2:1,MOVE:0
[2026-09-10 22:25:36.973] [RX] PITCH:0.83,PID_OUT:81.19,INT:0.0985,EL:-1195,ER:-3152,VEL:162.7,MOT:1,TILT:25.0,TRIM:0.000,ATE:0,LATCH:0,TORQ:1,CR:0.0,FX1:1.00,FY1:-151.10,FX2:-6.00,FY2:-149.60,IK1:1,IK2:1,MOVE:0
[2026-09-10 22:25:37.072] [RX] PITCH:0.99,PID_OUT:68.82,INT:0.0985,EL:-1186,ER:-3173,VEL:159.2,MOT:1,TILT:25.0,TRIM:0.000,ATE:0,LATCH:0,TORQ:1,CR:0.0,FX1:1.00,FY1:-151.10,FX2:-6.00,FY2:-149.60,IK1:1,IK2:1,MOVE:0
[2026-09-10 22:25:37.082] [RX] AX12:MODE:0,TQ:1,TL:1023,CM:1,CS:4,MS:0,MT:800
[2026-09-10 22:25:37.169] [RX] PITCH:0.97,PID_OUT:83.57,INT:0.0985,EL:-1175,ER:-3199,VEL:183.4,MOT:1,TILT:25.0,TRIM:0.000,ATE:0,LATCH:0,TORQ:1,CR:0.0,FX1:1.00,FY1:-151.10,FX2:-6.00,FY2:-149.60,IK1:1,IK2:1,MOVE:0
[2026-09-10 22:25:37.273] [RX] PITCH:0.82,PID_OUT:82.95,INT:0.0985,EL:-1164,ER:-3227,VEL:184.3,MOT:1,TILT:25.0,TRIM:0.000,ATE:0,LATCH:0,TORQ:1,CR:0.0,FX1:1.00,FY1:-151.10,FX2:-6.00,FY2:-149.60,IK1:1,IK2:1,MOVE:0
[2026-09-10 22:25:37.374] [RX] PITCH:0.93,PID_OUT:77.72,INT:0.0985,EL:-1150,ER:-3255,VEL:209.4,MOT:1,TILT:25.0,TRIM:0.000,ATE:0,LATCH:0,TORQ:1,CR:0.0,FX1:1.00,FY1:-151.10,FX2:-6.00,FY2:-149.60,IK1:1,IK2:1,MOVE:0
[2026-09-10 22:25:37.476] [RX] PITCH:0.84,PID_OUT:85.03,INT:0.0985,EL:-1136,ER:-3286,VEL:220.4,MOT:1,TILT:25.0,TRIM:0.000,ATE:0,LATCH:0,TORQ:1,CR:0.0,FX1:1.00,FY1:-151.10,FX2:-6.00,FY2:-149.60,IK1:1,IK2:1,MOVE:0
[2026-09-10 22:25:37.571] [RX] PITCH:0.83,PID_OUT:83.99,INT:0.0985,EL:-1121,ER:-3319,VEL:243.3,MOT:1,TILT:25.0,TRIM:0.000,ATE:0,LATCH:0,TORQ:1,CR:0.0,FX1:1.00,FY1:-151.10,FX2:-6.00,FY2:-149.60,IK1:1,IK2:1,MOVE:0
[2026-09-10 22:25:37.581] [RX] AX12:MODE:0,TQ:1,TL:1023,CM:1,CS:4,MS:0,MT:800
[2026-09-10 22:25:37.674] [RX] PITCH:0.70,PID_OUT:92.47,INT:0.0985,EL:-1104,ER:-3347,VEL:239.0,MOT:1,TILT:25.0,TRIM:0.000,ATE:0,LATCH:0,TORQ:1,CR:0.0,FX1:1.00,FY1:-151.10,FX2:-6.00,FY2:-149.60,IK1:1,IK2:1,MOVE:0
[2026-09-10 22:25:37.674] [RX] SRV:0,37,0.0,0,0
[2026-09-10 22:25:37.770] [RX] PITCH:0.76,PID_OUT:81.47,INT:0.0985,EL:-1085,ER:-3379,VEL:258.4,MOT:1,TILT:25.0,TRIM:0.000,ATE:0,LATCH:0,TORQ:1,CR:0.0,FX1:1.00,FY1:-151.10,FX2:-6.00,FY2:-149.60,IK1:1,IK2:1,MOVE:0
[2026-09-10 22:25:37.870] [RX] PITCH:0.62,PID_OUT:89.74,INT:0.0985,EL:-1065,ER:-3412,VEL:258.8,MOT:1,TILT:25.0,TRIM:0.000,ATE:0,LATCH:0,TORQ:1,CR:0.0,FX1:1.00,FY1:-151.10,FX2:-6.00,FY2:-149.60,IK1:1,IK2:1,MOVE:0
[2026-09-10 22:25:37.970] [RX] PITCH:0.45,PID_OUT:104.01,INT:0.0985,EL:-1042,ER:-3445,VEL:273.9,MOT:1,TILT:25.0,TRIM:0.000,ATE:0,LATCH:0,TORQ:1,CR:0.0,FX1:1.00,FY1:-151.10,FX2:-6.00,FY2:-149.60,IK1:1,IK2:1,MOVE:0
[2026-09-10 22:25:38.076] [RX] PITCH:0.46,PID_OUT:106.76,INT:0.0985,EL:-1017,ER:-3477,VEL:286.4,MOT:1,TILT:25.0,TRIM:0.000,ATE:0,LATCH:0,TORQ:1,CR:0.0,FX1:1.00,FY1:-151.10,FX2:-6.00,FY2:-149.60,IK1:1,IK2:1,MOVE:0
[2026-09-10 22:25:38.083] [RX] AX12:MODE:0,TQ:1,TL:1023,CM:1,CS:4,MS:0,MT:800
[2026-09-10 22:25:38.170] [RX] PITCH:0.21,PID_OUT:103.94,INT:0.0985,EL:-989,ER:-3514,VEL:320.1,MOT:1,TILT:25.0,TRIM:0.000,ATE:0,LATCH:0,TORQ:1,CR:0.0,FX1:1.00,FY1:-151.10,FX2:-6.00,FY2:-149.60,IK1:1,IK2:1,MOVE:0
[2026-09-10 22:25:38.271] [RX] PITCH:0.53,PID_OUT:100.28,INT:0.0985,EL:-958,ER:-3550,VEL:330.0,MOT:1,TILT:25.0,TRIM:0.000,ATE:0,LATCH:0,TORQ:1,CR:0.0,FX1:1.00,FY1:-151.10,FX2:-6.00,FY2:-149.60,IK1:1,IK2:1,MOVE:0
[2026-09-10 22:25:38.369] [RX] PITCH:0.23,PID_OUT:109.97,INT:0.0985,EL:-926,ER:-3588,VEL:349.7,MOT:1,TILT:25.0,TRIM:0.000,ATE:0,LATCH:0,TORQ:1,CR:0.0,FX1:1.00,FY1:-151.10,FX2:-6.00,FY2:-149.60,IK1:1,IK2:1,MOVE:0
[2026-09-10 22:25:38.470] [RX] PITCH:0.13,PID_OUT:101.38,INT:0.0985,EL:-890,ER:-3627,VEL:373.6,MOT:1,TILT:25.0,TRIM:0.000,ATE:0,LATCH:0,TORQ:1,CR:0.0,FX1:1.00,FY1:-151.10,FX2:-6.00,FY2:-149.60,IK1:1,IK2:1,MOVE:0
[2026-09-10 22:25:38.570] [RX] PITCH:0.07,PID_OUT:103.80,INT:0.0985,EL:-852,ER:-3668,VEL:389.5,MOT:1,TILT:25.0,TRIM:0.000,ATE:0,LATCH:0,TORQ:1,CR:0.0,FX1:1.00,FY1:-151.10,FX2:-6.00,FY2:-149.60,IK1:1,IK2:1,MOVE:0
[2026-09-10 22:25:38.579] [RX] AX12:MODE:0,TQ:1,TL:1023,CM:1,CS:4,MS:0,MT:800
[2026-09-10 22:25:38.676] [RX] PITCH:0.35,PID_OUT:101.48,INT:0.0985,EL:-813,ER:-3711,VEL:403.0,MOT:1,TILT:25.0,TRIM:0.000,ATE:0,LATCH:0,TORQ:1,CR:0.0,FX1:1.00,FY1:-151.10,FX2:-6.00,FY2:-149.60,IK1:1,IK2:1,MOVE:0
[2026-09-10 22:25:38.676] [RX] SRV:14,37,0.0,0,0
[2026-09-10 22:25:38.776] [RX] PITCH:-3.84,PID_OUT:-224.23,INT:0.0985,EL:-770,ER:-3757,VEL:449.3,MOT:1,TILT:25.0,TRIM:0.000,ATE:0,LATCH:0,TORQ:1,CR:0.0,FX1:1.00,FY1:-151.10,FX2:-6.00,FY2:-149.60,IK1:1,IK2:1,MOVE:0
[2026-09-10 22:25:38.869] [RX] PITCH:5.71,PID_OUT:-143.96,INT:-0.0985,EL:-801,ER:-3732,VEL:-246.0,MOT:1,TILT:25.0,TRIM:0.000,ATE:0,LATCH:0,TORQ:1,CR:0.0,FX1:1.00,FY1:-151.10,FX2:-6.00,FY2:-149.60,IK1:1,IK2:1,MOVE:0
[2026-09-10 22:25:38.970] [RX] PITCH:-0.12,PID_OUT:-11.80,INT:-0.0598,EL:-847,ER:-3690,VEL:-355.0,MOT:1,TILT:25.0,TRIM:0.000,ATE:0,LATCH:0,TORQ:1,CR:0.0,FX1:1.00,FY1:-151.10,FX2:-6.00,FY2:-149.60,IK1:1,IK2:1,MOVE:0
[2026-09-10 22:25:39.081] [RX] PITCH:2.10,PID_OUT:-129.10,INT:-0.0231,EL:-868,ER:-3661,VEL:-262.6,MOT:1,TILT:25.0,TRIM:0.000,ATE:0,LATCH:0,TORQ:1,CR:0.0,FX1:1.00,FY1:-151.10,FX2:-6.00,FY2:-149.60,IK1:1,IK2:1,MOVE:0
[2026-09-10 22:25:39.081] [RX] AX12:MODE:0,TQ:1,TL:1023,CM:1,CS:4,MS:0,MT:800
[2026-09-10 22:25:39.173] [RX] PITCH:3.04,PID_OUT:-115.13,INT:-0.0985,EL:-901,ER:-3627,VEL:-339.9,MOT:1,TILT:25.0,TRIM:0.000,ATE:0,LATCH:0,TORQ:1,CR:0.0,FX1:1.00,FY1:-151.10,FX2:-6.00,FY2:-149.60,IK1:1,IK2:1,MOVE:0
[2026-09-10 22:25:39.273] [RX] PITCH:1.78,PID_OUT:-68.49,INT:-0.0985,EL:-945,ER:-3585,VEL:-415.9,MOT:1,TILT:25.0,TRIM:0.000,ATE:0,LATCH:0,TORQ:1,CR:0.0,FX1:1.00,FY1:-151.10,FX2:-6.00,FY2:-149.60,IK1:1,IK2:1,MOVE:0
[2026-09-10 22:25:39.374] [RX] PITCH:1.65,PID_OUT:-106.21,INT:-0.0985,EL:-988,ER:-3544,VEL:-419.1,MOT:1,TILT:25.0,TRIM:0.000,ATE:0,LATCH:0,TORQ:1,CR:0.0,FX1:1.00,FY1:-151.10,FX2:-6.00,FY2:-149.60,IK1:1,IK2:1,MOVE:0
[2026-09-10 22:25:39.475] [RX] PITCH:2.17,PID_OUT:-118.09,INT:-0.0985,EL:-1035,ER:-3501,VEL:-447.8,MOT:1,TILT:25.0,TRIM:0.000,ATE:0,LATCH:0,TORQ:1,CR:0.0,FX1:1.00,FY1:-151.10,FX2:-6.00,FY2:-149.60,IK1:1,IK2:1,MOVE:0
[2026-09-10 22:25:39.581] [RX] PITCH:2.46,PID_OUT:-118.86,INT:-0.0985,EL:-1087,ER:-3456,VEL:-482.9,MOT:1,TILT:25.0,TRIM:0.000,ATE:0,LATCH:0,TORQ:1,CR:0.0,FX1:1.00,FY1:-151.10,FX2:-6.00,FY2:-149.60,IK1:1,IK2:1,MOVE:0
[2026-09-10 22:25:39.586] [RX] AX12:MODE:0,TQ:1,TL:1023,CM:1,CS:4,MS:0,MT:800
[2026-09-10 22:25:39.676] [RX] PITCH:1.24,PID_OUT:-68.92,INT:-0.0978,EL:-1143,ER:-3409,VEL:-504.7,MOT:1,TILT:25.0,TRIM:0.000,ATE:0,LATCH:0,TORQ:1,CR:0.0,FX1:1.00,FY1:-151.10,FX2:-6.00,FY2:-149.60,IK1:1,IK2:1,MOVE:0
[2026-09-10 22:25:39.680] [RX] SRV:1,38,0.0,2,3
[2026-09-10 22:25:39.779] [RX] PITCH:2.29,PID_OUT:-128.02,INT:-0.0985,EL:-1200,ER:-3363,VEL:-516.0,MOT:1,TILT:25.0,TRIM:0.000,ATE:0,LATCH:0,TORQ:1,CR:0.0,FX1:1.00,FY1:-151.10,FX2:-6.00,FY2:-149.60,IK1:1,IK2:1,MOVE:0
[2026-09-10 22:25:39.882] [RX] PITCH:2.52,PID_OUT:-131.62,INT:-0.0985,EL:-1262,ER:-3312,VEL:-559.7,MOT:1,TILT:25.0,TRIM:0.000,ATE:0,LATCH:0,TORQ:1,CR:0.0,FX1:1.00,FY1:-151.10,FX2:-6.00,FY2:-149.60,IK1:1,IK2:1,MOVE:0
[2026-09-10 22:25:39.980] [RX] PITCH:3.81,PID_OUT:-143.02,INT:-0.0985,EL:-1329,ER:-3257,VEL:-607.4,MOT:1,TILT:25.0,TRIM:0.000,ATE:0,LATCH:0,TORQ:1,CR:0.0,FX1:1.00,FY1:-151.10,FX2:-6.00,FY2:-149.60,IK1:1,IK2:1,MOVE:0
[2026-09-10 22:25:40.086] [RX] PITCH:2.63,PID_OUT:68.00,INT:-0.0985,EL:-1401,ER:-3195,VEL:-651.5,MOT:1,TILT:25.0,TRIM:0.000,ATE:0,LATCH:0,TORQ:1,CR:0.0,FX1:1.00,FY1:-151.10,FX2:-6.00,FY2:-149.60,IK1:1,IK2:1,MOVE:0
[2026-09-10 22:25:40.091] [RX] AX12:MODE:0,TQ:1,TL:1023,CM:1,CS:4,MS:0,MT:800
[2026-09-10 22:25:40.183] [RX] PITCH:0.56,PID_OUT:135.53,INT:-0.0797,EL:-1454,ER:-3148,VEL:-494.0,MOT:1,TILT:25.0,TRIM:0.000,ATE:0,LATCH:0,TORQ:1,CR:0.0,FX1:1.00,FY1:-151.10,FX2:-6.00,FY2:-149.60,IK1:1,IK2:1,MOVE:0
[2026-09-10 22:25:40.280] [RX] PITCH:-0.77,PID_OUT:134.91,INT:0.0985,EL:-1463,ER:-3136,VEL:-144.1,MOT:1,TILT:25.0,TRIM:0.000,ATE:0,LATCH:0,TORQ:1,CR:0.0,FX1:1.00,FY1:-151.10,FX2:-6.00,FY2:-149.60,IK1:1,IK2:1,MOVE:0
[2026-09-10 22:25:40.380] [RX] PITCH:-0.69,PID_OUT:132.67,INT:0.0985,EL:-1453,ER:-3143,VEL:50.8,MOT:1,TILT:25.0,TRIM:0.000,ATE:0,LATCH:0,TORQ:1,CR:0.0,FX1:1.00,FY1:-151.10,FX2:-6.00,FY2:-149.60,IK1:1,IK2:1,MOVE:0
[2026-09-10 22:25:40.481] [RX] PITCH:-0.83,PID_OUT:128.27,INT:0.0985,EL:-1434,ER:-3160,VEL:162.5,MOT:1,TILT:25.0,TRIM:0.000,ATE:0,LATCH:0,TORQ:1,CR:0.0,FX1:1.00,FY1:-151.10,FX2:-6.00,FY2:-149.60,IK1:1,IK2:1,MOVE:0
[2026-09-10 22:25:40.584] [RX] PITCH:-1.15,PID_OUT:94.61,INT:0.0985,EL:-1409,ER:-3184,VEL:234.4,MOT:1,TILT:25.0,TRIM:0.000,ATE:0,LATCH:0,TORQ:1,CR:0.0,FX1:1.00,FY1:-151.10,FX2:-6.00,FY2:-149.60,IK1:1,IK2:1,MOVE:0
[2026-09-10 22:25:40.592] [RX] AX12:MODE:0,TQ:1,TL:1023,CM:1,CS:4,MS:0,MT:800
[2026-09-10 22:25:40.687] [RX] PITCH:-0.06,PID_OUT:45.70,INT:0.0985,EL:-1383,ER:-3209,VEL:244.8,MOT:1,TILT:25.0,TRIM:0.000,ATE:0,LATCH:0,TORQ:1,CR:0.0,FX1:1.00,FY1:-151.10,FX2:-6.00,FY2:-149.60,IK1:1,IK2:1,MOVE:0
[2026-09-10 22:25:40.687] [RX] SRV:6,37,0.0,0,8
[2026-09-10 22:25:40.783] [RX] PITCH:0.58,PID_OUT:1.82,INT:0.0985,EL:-1364,ER:-3231,VEL:205.9,MOT:1,TILT:25.0,TRIM:0.000,ATE:0,LATCH:0,TORQ:1,CR:0.0,FX1:1.00,FY1:-151.10,FX2:-6.00,FY2:-149.60,IK1:1,IK2:1,MOVE:0
[2026-09-10 22:25:40.884] [RX] PITCH:2.13,PID_OUT:-61.01,INT:0.0709,EL:-1353,ER:-3247,VEL:137.0,MOT:1,TILT:25.0,TRIM:0.000,ATE:0,LATCH:0,TORQ:1,CR:0.0,FX1:1.00,FY1:-151.10,FX2:-6.00,FY2:-149.60,IK1:1,IK2:1,MOVE:0
[2026-09-10 22:25:40.988] [RX] PITCH:2.32,PID_OUT:-82.63,INT:-0.0413,EL:-1352,ER:-3252,VEL:38.4,MOT:1,TILT:25.0,TRIM:0.000,ATE:0,LATCH:0,TORQ:1,CR:0.0,FX1:1.00,FY1:-151.10,FX2:-6.00,FY2:-149.60,IK1:1,IK2:1,MOVE:0
[2026-09-10 22:25:41.089] [RX] PITCH:1.95,PID_OUT:-75.55,INT:-0.0985,EL:-1357,ER:-3249,VEL:-32.4,MOT:1,TILT:25.0,TRIM:0.000,ATE:0,LATCH:0,TORQ:1,CR:0.0,FX1:1.00,FY1:-151.10,FX2:-6.00,FY2:-149.60,IK1:1,IK2:1,MOVE:0
[2026-09-10 22:25:41.097] [RX] AX12:MODE:0,TQ:1,TL:1023,CM:1,CS:4,MS:0,MT:800
[2026-09-10 22:25:41.188] [RX] PITCH:1.35,PID_OUT:-56.22,INT:-0.0985,EL:-1364,ER:-3245,VEL:-48.4,MOT:1,TILT:25.0,TRIM:0.000,ATE:0,LATCH:0,TORQ:1,CR:0.0,FX1:1.00,FY1:-151.10,FX2:-6.00,FY2:-149.60,IK1:1,IK2:1,MOVE:0
[2026-09-10 22:25:41.291] [RX] PITCH:1.20,PID_OUT:-57.36,INT:-0.0940,EL:-1370,ER:-3242,VEL:-41.4,MOT:1,TILT:25.0,TRIM:0.000,ATE:0,LATCH:0,TORQ:1,CR:0.0,FX1:1.00,FY1:-151.10,FX2:-6.00,FY2:-149.60,IK1:1,IK2:1,MOVE:0
[2026-09-10 22:25:41.390] [RX] PITCH:1.30,PID_OUT:-67.94,INT:-0.0870,EL:-1375,ER:-3240,VEL:-36.1,MOT:1,TILT:25.0,TRIM:0.000,ATE:0,LATCH:0,TORQ:1,CR:0.0,FX1:1.00,FY1:-151.10,FX2:-6.00,FY2:-149.60,IK1:1,IK2:1,MOVE:0
[2026-09-10 22:25:41.491] [RX] PITCH:1.41,PID_OUT:-69.94,INT:-0.0952,EL:-1381,ER:-3240,VEL:-30.3,MOT:1,TILT:25.0,TRIM:0.000,ATE:0,LATCH:0,TORQ:1,CR:0.0,FX1:1.00,FY1:-151.10,FX2:-6.00,FY2:-149.60,IK1:1,IK2:1,MOVE:0
[2026-09-10 22:25:41.601] [RX] PITCH:1.28,PID_OUT:-61.13,INT:-0.0981,EL:-1388,ER:-3240,VEL:-34.4,MOT:1,TILT:25.0,TRIM:0.000,ATE:0,LATCH:0,TORQ:1,CR:0.0,FX1:1.00,FY1:-151.10,FX2:-6.00,FY2:-149.60,IK1:1,IK2:1,MOVE:0
[2026-09-10 22:25:41.601] [RX] AX12:MODE:0,TQ:1,TL:1023,CM:1,CS:4,MS:0,MT:800
[2026-09-10 22:25:41.697] [RX] PITCH:1.05,PID_OUT:-39.66,INT:-0.0823,EL:-1395,ER:-3240,VEL:-35.2,MOT:1,TILT:25.0,TRIM:0.000,ATE:0,LATCH:0,TORQ:1,CR:0.0,FX1:1.00,FY1:-151.10,FX2:-6.00,FY2:-149.60,IK1:1,IK2:1,MOVE:0
[2026-09-10 22:25:41.697] [RX] SRV:0,37,0.0,0,12
[2026-09-10 22:25:41.793] [RX] PITCH:0.89,PID_OUT:-13.11,INT:-0.0478,EL:-1398,ER:-3240,VEL:-17.7,MOT:1,TILT:25.0,TRIM:0.000,ATE:0,LATCH:0,TORQ:1,CR:0.0,FX1:1.00,FY1:-151.10,FX2:-6.00,FY2:-149.60,IK1:1,IK2:1,MOVE:0
[2026-09-10 22:25:41.893] [RX] PITCH:0.86,PID_OUT:23.55,INT:-0.0088,EL:-1398,ER:-3240,VEL:-3.5,MOT:1,TILT:25.0,TRIM:0.000,ATE:0,LATCH:0,TORQ:1,CR:0.0,FX1:1.00,FY1:-151.10,FX2:-6.00,FY2:-149.60,IK1:1,IK2:1,MOVE:0
[2026-09-10 22:25:41.994] [RX] PITCH:0.32,PID_OUT:88.29,INT:0.0570,EL:-1397,ER:-3242,VEL:14.4,MOT:1,TILT:25.0,TRIM:0.000,ATE:0,LATCH:0,TORQ:1,CR:0.0,FX1:1.00,FY1:-151.10,FX2:-6.00,FY2:-149.60,IK1:1,IK2:1,MOVE:0
[2026-09-10 22:25:42.105] [RX] PITCH:0.69,PID_OUT:78.99,INT:0.0985,EL:-1391,ER:-3247,VEL:47.8,MOT:1,TILT:25.0,TRIM:0.000,ATE:0,LATCH:0,TORQ:1,CR:0.0,FX1:1.00,FY1:-151.10,FX2:-6.00,FY2:-149.60,IK1:1,IK2:1,MOVE:0
[2026-09-10 22:25:42.105] [RX] AX12:MODE:0,TQ:1,TL:1023,CM:1,CS:4,MS:0,MT:800
[2026-09-10 22:25:42.197] [RX] PITCH:0.88,PID_OUT:70.50,INT:0.0985,EL:-1383,ER:-3255,VEL:74.5,MOT:1,TILT:25.0,TRIM:0.000,ATE:0,LATCH:0,TORQ:1,CR:0.0,FX1:1.00,FY1:-151.10,FX2:-6.00,FY2:-149.60,IK1:1,IK2:1,MOVE:0
[2026-09-10 22:25:42.298] [RX] PITCH:0.72,PID_OUT:72.52,INT:0.0985,EL:-1375,ER:-3263,VEL:80.9,MOT:1,TILT:25.0,TRIM:0.000,ATE:0,LATCH:0,TORQ:1,CR:0.0,FX1:1.00,FY1:-151.10,FX2:-6.00,FY2:-149.60,IK1:1,IK2:1,MOVE:0
[2026-09-10 22:25:42.403] [RX] PITCH:0.58,PID_OUT:41.92,INT:0.0985,EL:-1366,ER:-3274,VEL:97.5,MOT:1,TILT:25.0,TRIM:0.000,ATE:0,LATCH:0,TORQ:1,CR:0.0,FX1:1.00,FY1:-151.10,FX2:-6.00,FY2:-149.60,IK1:1,IK2:1,MOVE:0
[2026-09-10 22:25:42.497] [RX] PITCH:1.28,PID_OUT:19.07,INT:0.0985,EL:-1359,ER:-3282,VEL:73.6,MOT:1,TILT:25.0,TRIM:0.000,ATE:0,LATCH:0,TORQ:1,CR:0.0,FX1:1.00,FY1:-151.10,FX2:-6.00,FY2:-149.60,IK1:1,IK2:1,MOVE:0
[2026-09-10 22:25:42.601] [RX] PITCH:2.03,PID_OUT:-35.16,INT:0.0600,EL:-1358,ER:-3283,VEL:18.9,MOT:1,TILT:25.0,TRIM:0.000,ATE:0,LATCH:0,TORQ:1,CR:0.0,FX1:1.00,FY1:-151.10,FX2:-6.00,FY2:-149.60,IK1:1,IK2:1,MOVE:0
[2026-09-10 22:25:42.609] [RX] AX12:MODE:0,TQ:1,TL:1023,CM:1,CS:4,MS:0,MT:800
[2026-09-10 22:25:42.709] [RX] PITCH:2.78,PID_OUT:-121.87,INT:-0.0599,EL:-1360,ER:-3279,VEL:-25.8,MOT:1,TILT:25.0,TRIM:0.000,ATE:0,LATCH:0,TORQ:1,CR:0.0,FX1:1.00,FY1:-151.10,FX2:-6.00,FY2:-149.60,IK1:1,IK2:1,MOVE:0
[2026-09-10 22:25:42.710] [RX] SRV:14,37,0.0,0,16
[2026-09-10 22:25:42.800] [RX] PITCH:1.85,PID_OUT:-58.13,INT:-0.0985,EL:-1370,ER:-3267,VEL:-101.8,MOT:1,TILT:25.0,TRIM:0.000,ATE:0,LATCH:0,TORQ:1,CR:0.0,FX1:1.00,FY1:-151.10,FX2:-6.00,FY2:-149.60,IK1:1,IK2:1,MOVE:0
[2026-09-10 22:25:42.901] [RX] PITCH:1.31,PID_OUT:-60.34,INT:-0.0985,EL:-1380,ER:-3255,VEL:-106.3,MOT:1,TILT:25.0,TRIM:0.000,ATE:0,LATCH:0,TORQ:1,CR:0.0,FX1:1.00,FY1:-151.10,FX2:-6.00,FY2:-149.60,IK1:1,IK2:1,MOVE:0
[2026-09-10 22:25:43.001] [RX] PITCH:1.39,PID_OUT:-63.79,INT:-0.0962,EL:-1389,ER:-3245,VEL:-97.9,MOT:1,TILT:25.0,TRIM:0.000,ATE:0,LATCH:0,TORQ:1,CR:0.0,FX1:1.00,FY1:-151.10,FX2:-6.00,FY2:-149.60,IK1:1,IK2:1,MOVE:0
[2026-09-10 22:25:43.104] [RX] PITCH:1.23,PID_OUT:-42.39,INT:-0.0972,EL:-1397,ER:-3236,VEL:-83.7,MOT:1,TILT:25.0,TRIM:0.000,ATE:0,LATCH:0,TORQ:1,CR:0.0,FX1:1.00,FY1:-151.10,FX2:-6.00,FY2:-149.60,IK1:1,IK2:1,MOVE:0
[2026-09-10 22:25:43.114] [RX] AX12:MODE:0,TQ:1,TL:1023,CM:1,CS:4,MS:0,MT:800
[2026-09-10 22:25:43.206] [RX] PITCH:1.00,PID_OUT:-27.92,INT:-0.0748,EL:-1404,ER:-3229,VEL:-64.3,MOT:1,TILT:25.0,TRIM:0.000,ATE:0,LATCH:0,TORQ:1,CR:0.0,FX1:1.00,FY1:-151.10,FX2:-6.00,FY2:-149.60,IK1:1,IK2:1,MOVE:0
[2026-09-10 22:25:43.306] [RX] PITCH:1.06,PID_OUT:-19.91,INT:-0.0467,EL:-1407,ER:-3225,VEL:-33.6,MOT:1,TILT:25.0,TRIM:0.000,ATE:0,LATCH:0,TORQ:1,CR:0.0,FX1:1.00,FY1:-151.10,FX2:-6.00,FY2:-149.60,IK1:1,IK2:1,MOVE:0
[2026-09-10 22:25:43.407] [RX] PITCH:1.09,PID_OUT:-8.23,INT:-0.0244,EL:-1408,ER:-3225,VEL:-8.4,MOT:1,TILT:25.0,TRIM:0.000,ATE:0,LATCH:0,TORQ:1,CR:0.0,FX1:1.00,FY1:-151.10,FX2:-6.00,FY2:-149.60,IK1:1,IK2:1,MOVE:0
[2026-09-10 22:25:43.507] [RX] PITCH:0.79,PID_OUT:43.97,INT:0.0098,EL:-1408,ER:-3226,VEL:3.8,MOT:1,TILT:25.0,TRIM:0.000,ATE:0,LATCH:0,TORQ:1,CR:0.0,FX1:1.00,FY1:-151.10,FX2:-6.00,FY2:-149.60,IK1:1,IK2:1,MOVE:0
[2026-09-10 22:25:43.617] [RX] PITCH:0.23,PID_OUT:104.37,INT:0.0971,EL:-1405,ER:-3227,VEL:22.5,MOT:1,TILT:25.0,TRIM:0.000,ATE:0,LATCH:0,TORQ:1,CR:0.0,FX1:1.00,FY1:-151.10,FX2:-6.00,FY2:-149.60,IK1:1,IK2:1,MOVE:0
[2026-09-10 22:25:43.620] [RX] AX12:MODE:0,TQ:1,TL:1023,CM:1,CS:4,MS:0,MT:800
[2026-09-10 22:25:43.713] [RX] PITCH:0.51,PID_OUT:58.08,INT:0.0985,EL:-1396,ER:-3234,VEL:72.4,MOT:1,TILT:25.0,TRIM:0.000,ATE:0,LATCH:0,TORQ:1,CR:0.0,FX1:1.00,FY1:-151.10,FX2:-6.00,FY2:-149.60,IK1:1,IK2:1,MOVE:0
[2026-09-10 22:25:43.713] [RX] SRV:1,38,0.0,2,20
[2026-09-10 22:25:43.810] [RX] PITCH:0.73,PID_OUT:49.20,INT:0.0985,EL:-1388,ER:-3242,VEL:75.5,MOT:1,TILT:25.0,TRIM:0.000,ATE:0,LATCH:0,TORQ:1,CR:0.0,FX1:1.00,FY1:-151.10,FX2:-6.00,FY2:-149.60,IK1:1,IK2:1,MOVE:0
[2026-09-10 22:25:43.912] [RX] PITCH:1.34,PID_OUT:26.17,INT:0.0981,EL:-1382,ER:-3249,VEL:64.4,MOT:1,TILT:25.0,TRIM:0.000,ATE:0,LATCH:0,TORQ:1,CR:0.0,FX1:1.00,FY1:-151.10,FX2:-6.00,FY2:-149.60,IK1:1,IK2:1,MOVE:0
[2026-09-10 22:25:44.011] [RX] PITCH:1.68,PID_OUT:13.42,INT:0.0642,EL:-1382,ER:-3252,VEL:25.5,MOT:1,TILT:25.0,TRIM:0.000,ATE:0,LATCH:0,TORQ:1,CR:0.0,FX1:1.00,FY1:-151.10,FX2:-6.00,FY2:-149.60,IK1:1,IK2:1,MOVE:0
[2026-09-10 22:25:44.114] [RX] PITCH:1.52,PID_OUT:-2.59,INT:0.0343,EL:-1382,ER:-3252,VEL:5.0,MOT:1,TILT:25.0,TRIM:0.000,ATE:0,LATCH:0,TORQ:1,CR:0.0,FX1:1.00,FY1:-151.10,FX2:-6.00,FY2:-149.60,IK1:1,IK2:1,MOVE:0
[2026-09-10 22:25:44.126] [RX] AX12:MODE:0,TQ:1,TL:1023,CM:1,CS:4,MS:0,MT:800
[2026-09-10 22:25:44.217] [RX] PITCH:1.75,PID_OUT:-38.96,INT:0.0023,EL:-1382,ER:-3252,VEL:1.0,MOT:1,TILT:25.0,TRIM:0.000,ATE:0,LATCH:0,TORQ:1,CR:0.0,FX1:1.00,FY1:-151.10,FX2:-6.00,FY2:-149.60,IK1:1,IK2:1,MOVE:0
[2026-09-10 22:25:44.314] [RX] PITCH:2.14,PID_OUT:-80.66,INT:-0.0605,EL:-1384,ER:-3251,VEL:-13.0,MOT:1,TILT:25.0,TRIM:0.000,ATE:0,LATCH:0,TORQ:1,CR:0.0,FX1:1.00,FY1:-151.10,FX2:-6.00,FY2:-149.60,IK1:1,IK2:1,MOVE:0
[2026-09-10 22:25:44.416] [RX] PITCH:1.46,PID_OUT:-55.62,INT:-0.0985,EL:-1388,ER:-3247,VEL:-35.6,MOT:1,TILT:25.0,TRIM:0.000,ATE:0,LATCH:0,TORQ:1,CR:0.0,FX1:1.00,FY1:-151.10,FX2:-6.00,FY2:-149.60,IK1:1,IK2:1,MOVE:0
[2026-09-10 22:25:44.517] [RX] PITCH:1.03,PID_OUT:-42.69,INT:-0.0786,EL:-1392,ER:-3246,VEL:-25.4,MOT:1,TILT:25.0,TRIM:0.000,ATE:0,LATCH:0,TORQ:1,CR:0.0,FX1:1.00,FY1:-151.10,FX2:-6.00,FY2:-149.60,IK1:1,IK2:1,MOVE:0
[2026-09-10 22:25:44.615] [RX] PITCH:1.24,PID_OUT:-44.11,INT:-0.0624,EL:-1393,ER:-3245,VEL:-9.6,MOT:1,TILT:25.0,TRIM:0.000,ATE:0,LATCH:0,TORQ:1,CR:0.0,FX1:1.00,FY1:-151.10,FX2:-6.00,FY2:-149.60,IK1:1,IK2:1,MOVE:0
[2026-09-10 22:25:44.626] [RX] AX12:MODE:0,TQ:1,TL:1023,CM:1,CS:4,MS:0,MT:800
[2026-09-10 22:25:44.719] [RX] PITCH:1.11,PID_OUT:-28.77,INT:-0.0530,EL:-1393,ER:-3245,VEL:-1.9,MOT:1,TILT:25.0,TRIM:0.000,ATE:0,LATCH:0,TORQ:1,CR:0.0,FX1:1.00,FY1:-151.10,FX2:-6.00,FY2:-149.60,IK1:1,IK2:1,MOVE:0
[2026-09-10 22:25:44.721] [RX] SRV:6,37,0.0,0,25
[2026-09-10 22:25:44.819] [RX] PITCH:0.81,PID_OUT:7.99,INT:-0.0174,EL:-1393,ER:-3245,VEL:-0.4,MOT:1,TILT:25.0,TRIM:0.000,ATE:0,LATCH:0,TORQ:1,CR:0.0,FX1:1.00,FY1:-151.10,FX2:-6.00,FY2:-149.60,IK1:1,IK2:1,MOVE:0
[2026-09-10 22:25:44.920] [RX] PITCH:0.69,PID_OUT:48.89,INT:0.0418,EL:-1393,ER:-3245,VEL:-0.1,MOT:1,TILT:25.0,TRIM:0.000,ATE:0,LATCH:0,TORQ:1,CR:0.0,FX1:1.00,FY1:-151.10,FX2:-6.00,FY2:-149.60,IK1:1,IK2:1,MOVE:0
[2026-09-10 22:25:45.021] [RX] PITCH:0.76,PID_OUT:70.64,INT:0.0985,EL:-1391,ER:-3246,VEL:15.7,MOT:1,TILT:25.0,TRIM:0.000,ATE:0,LATCH:0,TORQ:1,CR:0.0,FX1:1.00,FY1:-151.10,FX2:-6.00,FY2:-149.60,IK1:1,IK2:1,MOVE:0
[2026-09-10 22:25:45.128] [RX] PITCH:1.35,PID_OUT:44.13,INT:0.0977,EL:-1389,ER:-3249,VEL:18.9,MOT:1,TILT:25.0,TRIM:0.000,ATE:0,LATCH:0,TORQ:1,CR:0.0,FX1:1.00,FY1:-151.10,FX2:-6.00,FY2:-149.60,IK1:1,IK2:1,MOVE:0
[2026-09-10 22:25:45.130] [RX] AX12:MODE:0,TQ:1,TL:1023,CM:1,CS:4,MS:0,MT:800
[2026-09-10 22:25:45.221] [RX] PITCH:1.30,PID_OUT:48.57,INT:0.0927,EL:-1389,ER:-3249,VEL:3.7,MOT:1,TILT:25.0,TRIM:0.000,ATE:0,LATCH:0,TORQ:1,CR:0.0,FX1:1.00,FY1:-151.10,FX2:-6.00,FY2:-149.60,IK1:1,IK2:1,MOVE:0
[2026-09-10 22:25:45.321] [RX] PITCH:1.30,PID_OUT:46.11,INT:0.0951,EL:-1389,ER:-3249,VEL:0.7,MOT:1,TILT:25.0,TRIM:0.000,ATE:0,LATCH:0,TORQ:1,CR:0.0,FX1:1.00,FY1:-151.10,FX2:-6.00,FY2:-149.60,IK1:1,IK2:1,MOVE:0
[2026-09-10 22:25:45.422] [RX] PITCH:1.52,PID_OUT:27.83,INT:0.0844,EL:-1389,ER:-3249,VEL:0.1,MOT:1,TILT:25.0,TRIM:0.000,ATE:0,LATCH:0,TORQ:1,CR:0.0,FX1:1.00,FY1:-151.10,FX2:-6.00,FY2:-149.60,IK1:1,IK2:1,MOVE:0
[2026-09-10 22:25:45.523] [RX] PITCH:1.77,PID_OUT:-8.08,INT:0.0462,EL:-1389,ER:-3249,VEL:0.0,MOT:1,TILT:25.0,TRIM:0.000,ATE:0,LATCH:0,TORQ:1,CR:0.0,FX1:1.00,FY1:-151.10,FX2:-6.00,FY2:-149.60,IK1:1,IK2:1,MOVE:0
[2026-09-10 22:25:45.627] [RX] PITCH:1.96,PID_OUT:-56.24,INT:-0.0117,EL:-1389,ER:-3249,VEL:0.0,MOT:1,TILT:25.0,TRIM:0.000,ATE:0,LATCH:0,TORQ:1,CR:0.0,FX1:1.00,FY1:-151.10,FX2:-6.00,FY2:-149.60,IK1:1,IK2:1,MOVE:0
[2026-09-10 22:25:45.637] [RX] AX12:MODE:0,TQ:1,TL:1023,CM:1,CS:4,MS:0,MT:800
[2026-09-10 22:25:45.733] [RX] PITCH:1.76,PID_OUT:-58.26,INT:-0.0798,EL:-1392,ER:-3246,VEL:-28.5,MOT:1,TILT:25.0,TRIM:0.000,ATE:0,LATCH:0,TORQ:1,CR:0.0,FX1:1.00,FY1:-151.10,FX2:-6.00,FY2:-149.60,IK1:1,IK2:1,MOVE:0
[2026-09-10 22:25:45.733] [RX] SRV:0,37,0.0,0,29
[2026-09-10 22:25:45.827] [RX] PITCH:1.25,PID_OUT:-50.20,INT:-0.0948,EL:-1396,ER:-3243,VEL:-33.2,MOT:1,TILT:25.0,TRIM:0.000,ATE:0,LATCH:0,TORQ:1,CR:0.0,FX1:1.00,FY1:-151.10,FX2:-6.00,FY2:-149.60,IK1:1,IK2:1,MOVE:0
[2026-09-10 22:25:45.927] [RX] PITCH:1.06,PID_OUT:-42.34,INT:-0.0752,EL:-1398,ER:-3243,VEL:-11.6,MOT:1,TILT:25.0,TRIM:0.000,ATE:0,LATCH:0,TORQ:1,CR:0.0,FX1:1.00,FY1:-151.10,FX2:-6.00,FY2:-149.60,IK1:1,IK2:1,MOVE:0
[2026-09-10 22:25:46.027] [RX] PITCH:0.94,PID_OUT:-10.53,INT:-0.0467,EL:-1399,ER:-3243,VEL:-4.0,MOT:1,TILT:25.0,TRIM:0.000,ATE:0,LATCH:0,TORQ:1,CR:0.0,FX1:1.00,FY1:-151.10,FX2:-6.00,FY2:-149.60,IK1:1,IK2:1,MOVE:0
[2026-09-10 22:25:46.131] [RX] PITCH:0.59,PID_OUT:48.13,INT:0.0078,EL:-1399,ER:-3243,VEL:-0.8,MOT:1,TILT:25.0,TRIM:0.000,ATE:0,LATCH:0,TORQ:1,CR:0.0,FX1:1.00,FY1:-151.10,FX2:-6.00,FY2:-149.60,IK1:1,IK2:1,MOVE:0
[2026-09-10 22:25:46.139] [RX] AX12:MODE:0,TQ:1,TL:1023,CM:1,CS:4,MS:0,MT:800
[2026-09-10 22:25:46.231] [RX] PITCH:0.39,PID_OUT:75.16,INT:0.0985,EL:-1396,ER:-3246,VEL:31.0,MOT:1,TILT:25.0,TRIM:0.000,ATE:0,LATCH:0,TORQ:1,CR:0.0,FX1:1.00,FY1:-151.10,FX2:-6.00,FY2:-149.60,IK1:1,IK2:1,MOVE:0
[2026-09-10 22:25:46.332] [RX] PITCH:1.07,PID_OUT:35.02,INT:0.0985,EL:-1392,ER:-3251,VEL:45.6,MOT:1,TILT:25.0,TRIM:0.000,ATE:0,LATCH:0,TORQ:1,CR:0.0,FX1:1.00,FY1:-151.10,FX2:-6.00,FY2:-149.60,IK1:1,IK2:1,MOVE:0
[2026-09-10 22:25:46.431] [RX] PITCH:1.58,PID_OUT:23.13,INT:0.0831,EL:-1392,ER:-3253,VEL:17.2,MOT:1,TILT:25.0,TRIM:0.000,ATE:0,LATCH:0,TORQ:1,CR:0.0,FX1:1.00,FY1:-151.10,FX2:-6.00,FY2:-149.60,IK1:1,IK2:1,MOVE:0
[2026-09-10 22:25:46.531] [RX] PITCH:1.69,PID_OUT:-2.54,INT:0.0484,EL:-1392,ER:-3253,VEL:3.4,MOT:1,TILT:25.0,TRIM:0.000,ATE:0,LATCH:0,TORQ:1,CR:0.0,FX1:1.00,FY1:-151.10,FX2:-6.00,FY2:-149.60,IK1:1,IK2:1,MOVE:0
[2026-09-10 22:25:46.634] [RX] PITCH:1.86,PID_OUT:-41.46,INT:-0.0013,EL:-1392,ER:-3253,VEL:0.7,MOT:1,TILT:25.0,TRIM:0.000,ATE:0,LATCH:0,TORQ:1,CR:0.0,FX1:1.00,FY1:-151.10,FX2:-6.00,FY2:-149.60,IK1:1,IK2:1,MOVE:0
[2026-09-10 22:25:46.643] [RX] AX12:MODE:0,TQ:1,TL:1023,CM:1,CS:4,MS:0,MT:800
[2026-09-10 22:25:46.735] [RX] PITCH:1.95,PID_OUT:-47.89,INT:-0.0632,EL:-1394,ER:-3252,VEL:-14.8,MOT:1,TILT:25.0,TRIM:0.000,ATE:0,LATCH:0,TORQ:1,CR:0.0,FX1:1.00,FY1:-151.10,FX2:-6.00,FY2:-149.60,IK1:1,IK2:1,MOVE:0
[2026-09-10 22:25:46.735] [RX] SRV:14,37,0.0,0,33
[2026-09-10 22:25:46.832] [RX] PITCH:1.29,PID_OUT:-60.32,INT:-0.0885,EL:-1397,ER:-3249,VEL:-24.6,MOT:1,TILT:25.0,TRIM:0.000,ATE:0,LATCH:0,TORQ:1,CR:0.0,FX1:1.00,FY1:-151.10,FX2:-6.00,FY2:-149.60,IK1:1,IK2:1,MOVE:0
[2026-09-10 22:25:46.935] [RX] PITCH:1.14,PID_OUT:-53.71,INT:-0.0737,EL:-1398,ER:-3249,VEL:-6.9,MOT:1,TILT:25.0,TRIM:0.000,ATE:0,LATCH:0,TORQ:1,CR:0.0,FX1:1.00,FY1:-151.10,FX2:-6.00,FY2:-149.60,IK1:1,IK2:1,MOVE:0
[2026-09-10 22:25:47.037] [RX] PITCH:1.23,PID_OUT:-42.99,INT:-0.0656,EL:-1398,ER:-3249,VEL:-1.4,MOT:1,TILT:25.0,TRIM:0.000,ATE:0,LATCH:0,TORQ:1,CR:0.0,FX1:1.00,FY1:-151.10,FX2:-6.00,FY2:-149.60,IK1:1,IK2:1,MOVE:0
[2026-09-10 22:25:47.042] [TX] I295.5
[2026-09-10 22:25:47.093] [RX] Updated -> P:50.800 I:295.500 D:3.520 Offset:-2.4097 Target:1.300 Alpha:0.9600 Tilt:25.00 TrimGain:0.0015 Crouch:0.00 VP:0.0030
[2026-09-10 22:25:47.144] [RX] PITCH:1.10,PID_OUT:-10.01,INT:-0.0525,EL:-1398,ER:-3249,VEL:-0.3,MOT:1,TILT:25.0,TRIM:0.000,ATE:0,LATCH:0,TORQ:1,CR:0.0,FX1:1.00,FY1:-151.10,FX2:-6.00,FY2:-149.60,IK1:1,IK2:1,MOVE:0
[2026-09-10 22:25:47.144] [RX] AX12:MODE:0,TQ:1,TL:1023,CM:1,CS:4,MS:0,MT:800
[2026-09-10 22:25:47.237] [RX] PITCH:0.94,PID_OUT:3.31,INT:-0.0222,EL:-1398,ER:-3249,VEL:-0.1,MOT:1,TILT:25.0,TRIM:0.000,ATE:0,LATCH:0,TORQ:1,CR:0.0,FX1:1.00,FY1:-151.10,FX2:-6.00,FY2:-149.60,IK1:1,IK2:1,MOVE:0
[2026-09-10 22:25:47.338] [RX] PITCH:0.90,PID_OUT:14.37,INT:0.0178,EL:-1398,ER:-3249,VEL:-0.0,MOT:1,TILT:25.0,TRIM:0.000,ATE:0,LATCH:0,TORQ:1,CR:0.0,FX1:1.00,FY1:-151.10,FX2:-6.00,FY2:-149.60,IK1:1,IK2:1,MOVE:0
[2026-09-10 22:25:47.418] [TX] I277.5
[2026-09-10 22:25:47.442] [RX] PITCH:1.03,PID_OUT:19.99,INT:0.0509,EL:-1398,ER:-3249,VEL:-0.0,MOT:1,TILT:25.0,TRIM:0.000,ATE:0,LATCH:0,TORQ:1,CR:0.0,FX1:1.00,FY1:-151.10,FX2:-6.00,FY2:-149.60,IK1:1,IK2:1,MOVE:0
[2026-09-10 22:25:47.471] [RX] Updated -> P:50.800 I:277.500 D:3.520 Offset:-2.4097 Target:1.300 Alpha:0.9600 Tilt:25.00 TrimGain:0.0015 Crouch:0.00 VP:0.0030
[2026-09-10 22:25:47.543] [RX] PITCH:1.04,PID_OUT:28.19,INT:0.0761,EL:-1398,ER:-3249,VEL:-0.0,MOT:1,TILT:25.0,TRIM:0.000,ATE:0,LATCH:0,TORQ:1,CR:0.0,FX1:1.00,FY1:-151.10,FX2:-6.00,FY2:-149.60,IK1:1,IK2:1,MOVE:0
[2026-09-10 22:25:47.649] [RX] PITCH:1.03,PID_OUT:41.35,INT:0.1021,EL:-1398,ER:-3250,VEL:2.4,MOT:1,TILT:25.0,TRIM:0.000,ATE:0,LATCH:0,TORQ:1,CR:0.0,FX1:1.00,FY1:-151.10,FX2:-6.00,FY2:-149.60,IK1:1,IK2:1,MOVE:0
[2026-09-10 22:25:47.652] [RX] AX12:MODE:0,TQ:1,TL:1023,CM:1,CS:4,MS:0,MT:800
[2026-09-10 22:25:47.743] [RX] PITCH:0.82,PID_OUT:69.90,INT:0.1373,EL:-1396,ER:-3250,VEL:7.9,MOT:1,TILT:25.0,TRIM:0.000,ATE:0,LATCH:0,TORQ:1,CR:0.0,FX1:1.00,FY1:-151.10,FX2:-6.00,FY2:-149.60,IK1:1,IK2:1,MOVE:0
[2026-09-10 22:25:47.746] [RX] SRV:1,38,0.0,2,36
[2026-09-10 22:25:47.843] [RX] PITCH:0.67,PID_OUT:80.16,INT:0.1987,EL:-1395,ER:-3254,VEL:27.5,MOT:1,TILT:25.0,TRIM:0.000,ATE:0,LATCH:0,TORQ:1,CR:0.0,FX1:1.00,FY1:-151.10,FX2:-6.00,FY2:-149.60,IK1:1,IK2:1,MOVE:0
[2026-09-10 22:25:47.944] [RX] PITCH:0.73,PID_OUT:78.22,INT:0.2306,EL:-1392,ER:-3259,VEL:39.1,MOT:1,TILT:25.0,TRIM:0.000,ATE:0,LATCH:0,TORQ:1,CR:0.0,FX1:1.00,FY1:-151.10,FX2:-6.00,FY2:-149.60,IK1:1,IK2:1,MOVE:0
[2026-09-10 22:25:48.045] [RX] PITCH:0.88,PID_OUT:75.29,INT:0.2306,EL:-1386,ER:-3266,VEL:61.5,MOT:1,TILT:25.0,TRIM:0.000,ATE:0,LATCH:0,TORQ:1,CR:0.0,FX1:1.00,FY1:-151.10,FX2:-6.00,FY2:-149.60,IK1:1,IK2:1,MOVE:0
[2026-09-10 22:25:48.151] [RX] PITCH:0.93,PID_OUT:74.55,INT:0.2306,EL:-1380,ER:-3274,VEL:73.6,MOT:1,TILT:25.0,TRIM:0.000,ATE:0,LATCH:0,TORQ:1,CR:0.0,FX1:1.00,FY1:-151.10,FX2:-6.00,FY2:-149.60,IK1:1,IK2:1,MOVE:0
[2026-09-10 22:25:48.156] [RX] AX12:MODE:0,TQ:1,TL:1023,CM:1,CS:4,MS:0,MT:800
[2026-09-10 22:25:48.245] [RX] PITCH:0.50,PID_OUT:79.26,INT:0.2306,EL:-1373,ER:-3282,VEL:79.4,MOT:1,TILT:25.0,TRIM:0.000,ATE:0,LATCH:0,TORQ:1,CR:0.0,FX1:1.00,FY1:-151.10,FX2:-6.00,FY2:-149.60,IK1:1,IK2:1,MOVE:0
[2026-09-10 22:25:48.346] [RX] PITCH:-0.23,PID_OUT:-3.35,INT:0.2306,EL:-1365,ER:-3291,VEL:85.8,MOT:1,TILT:25.0,TRIM:0.000,ATE:0,LATCH:0,TORQ:1,CR:0.0,FX1:1.00,FY1:-151.10,FX2:-6.00,FY2:-149.60,IK1:1,IK2:1,MOVE:0
[2026-09-10 22:25:48.447] [RX] PITCH:3.33,PID_OUT:-147.24,INT:0.1530,EL:-1362,ER:-3294,VEL:27.5,MOT:1,TILT:25.0,TRIM:0.000,ATE:0,LATCH:0,TORQ:1,CR:0.0,FX1:1.00,FY1:-151.10,FX2:-6.00,FY2:-149.60,IK1:1,IK2:1,MOVE:0
[2026-09-10 22:25:48.549] [RX] PITCH:3.87,PID_OUT:-123.45,INT:-0.1123,EL:-1382,ER:-3279,VEL:-150.6,MOT:1,TILT:25.0,TRIM:0.000,ATE:0,LATCH:0,TORQ:1,CR:0.0,FX1:1.00,FY1:-151.10,FX2:-6.00,FY2:-149.60,IK1:1,IK2:1,MOVE:0
[2026-09-10 22:25:48.652] [RX] PITCH:2.46,PID_OUT:-80.73,INT:-0.2306,EL:-1410,ER:-3252,VEL:-256.1,MOT:1,TILT:25.0,TRIM:0.000,ATE:0,LATCH:0,TORQ:1,CR:0.0,FX1:1.00,FY1:-151.10,FX2:-6.00,FY2:-149.60,IK1:1,IK2:1,MOVE:0
[2026-09-10 22:25:48.660] [RX] AX12:MODE:0,TQ:1,TL:1023,CM:1,CS:4,MS:0,MT:800
[2026-09-10 22:25:48.756] [RX] PITCH:3.11,PID_OUT:-87.75,INT:-0.2306,EL:-1441,ER:-3223,VEL:-293.9,MOT:1,TILT:25.0,TRIM:0.000,ATE:0,LATCH:0,TORQ:1,CR:0.0,FX1:1.00,FY1:-151.10,FX2:-6.00,FY2:-149.60,IK1:1,IK2:1,MOVE:0
[2026-09-10 22:25:48.756] [RX] SRV:6,37,0.0,0,41
[2026-09-10 22:25:48.852] [RX] PITCH:1.77,PID_OUT:70.64,INT:-0.2306,EL:-1472,ER:-3197,VEL:-277.9,MOT:1,TILT:25.0,TRIM:0.000,ATE:0,LATCH:0,TORQ:1,CR:0.0,FX1:1.00,FY1:-151.10,FX2:-6.00,FY2:-149.60,IK1:1,IK2:1,MOVE:0
[2026-09-10 22:25:48.953] [RX] PITCH:-0.84,PID_OUT:112.96,INT:-0.1106,EL:-1487,ER:-3185,VEL:-134.6,MOT:1,TILT:25.0,TRIM:0.000,ATE:0,LATCH:0,TORQ:1,CR:0.0,FX1:1.00,FY1:-151.10,FX2:-6.00,FY2:-149.60,IK1:1,IK2:1,MOVE:0
[2026-09-10 22:25:49.055] [RX] PITCH:-1.32,PID_OUT:159.06,INT:0.1382,EL:-1480,ER:-3196,VEL:64.8,MOT:1,TILT:25.0,TRIM:0.000,ATE:0,LATCH:0,TORQ:1,CR:0.0,FX1:1.00,FY1:-151.10,FX2:-6.00,FY2:-149.60,IK1:1,IK2:1,MOVE:0
[2026-09-10 22:25:49.155] [RX] PITCH:-0.31,PID_OUT:96.01,INT:0.2306,EL:-1459,ER:-3217,VEL:189.1,MOT:1,TILT:25.0,TRIM:0.000,ATE:0,LATCH:0,TORQ:1,CR:0.0,FX1:1.00,FY1:-151.10,FX2:-6.00,FY2:-149.60,IK1:1,IK2:1,MOVE:0
[2026-09-10 22:25:49.164] [RX] AX12:MODE:0,TQ:1,TL:1023,CM:1,CS:4,MS:0,MT:800
[2026-09-10 22:25:49.254] [RX] PITCH:0.39,PID_OUT:103.68,INT:0.2306,EL:-1433,ER:-3239,VEL:227.2,MOT:1,TILT:25.0,TRIM:0.000,ATE:0,LATCH:0,TORQ:1,CR:0.0,FX1:1.00,FY1:-151.10,FX2:-6.00,FY2:-149.60,IK1:1,IK2:1,MOVE:0
[2026-09-10 22:25:49.355] [RX] PITCH:-0.58,PID_OUT:130.24,INT:0.2306,EL:-1404,ER:-3265,VEL:271.2,MOT:1,TILT:25.0,TRIM:0.000,ATE:0,LATCH:0,TORQ:1,CR:0.0,FX1:1.00,FY1:-151.10,FX2:-6.00,FY2:-149.60,IK1:1,IK2:1,MOVE:0
[2026-09-10 22:25:49.457] [RX] PITCH:-1.93,PID_OUT:-39.32,INT:0.2306,EL:-1370,ER:-3298,VEL:316.8,MOT:1,TILT:25.0,TRIM:0.000,ATE:0,LATCH:0,TORQ:1,CR:0.0,FX1:1.00,FY1:-151.10,FX2:-6.00,FY2:-149.60,IK1:1,IK2:1,MOVE:0
[2026-09-10 22:25:49.557] [RX] PITCH:1.75,PID_OUT:-135.44,INT:0.2226,EL:-1348,ER:-3322,VEL:214.6,MOT:1,TILT:25.0,TRIM:0.000,ATE:0,LATCH:0,TORQ:1,CR:0.0,FX1:1.00,FY1:-151.10,FX2:-6.00,FY2:-149.60,IK1:1,IK2:1,MOVE:0
[2026-09-10 22:25:49.668] [RX] PITCH:4.04,PID_OUT:-172.64,INT:0.0492,EL:-1361,ER:-3313,VEL:-87.2,MOT:1,TILT:25.0,TRIM:0.000,ATE:0,LATCH:0,TORQ:1,CR:0.0,FX1:1.00,FY1:-151.10,FX2:-6.00,FY2:-149.60,IK1:1,IK2:1,MOVE:0
[2026-09-10 22:25:49.670] [RX] AX12:MODE:0,TQ:1,TL:1023,CM:1,CS:4,MS:0,MT:800
[2026-09-10 22:25:49.764] [RX] PITCH:4.12,PID_OUT:-181.39,INT:-0.2306,EL:-1409,ER:-3273,VEL:-392.0,MOT:1,TILT:25.0,TRIM:0.000,ATE:0,LATCH:0,TORQ:1,CR:0.0,FX1:1.00,FY1:-151.10,FX2:-6.00,FY2:-149.60,IK1:1,IK2:1,MOVE:0
[2026-09-10 22:25:49.766] [RX] SRV:0,37,0.0,0,45
[2026-09-10 22:25:49.860] [RX] PITCH:5.21,PID_OUT:-102.07,INT:-0.2306,EL:-1468,ER:-3221,VEL:-529.7,MOT:1,TILT:25.0,TRIM:0.000,ATE:0,LATCH:0,TORQ:1,CR:0.0,FX1:1.00,FY1:-151.10,FX2:-6.00,FY2:-149.60,IK1:1,IK2:1,MOVE:0
[2026-09-10 22:25:49.961] [RX] PITCH:2.71,PID_OUT:106.13,INT:-0.2306,EL:-1528,ER:-3175,VEL:-511.6,MOT:1,TILT:25.0,TRIM:0.000,ATE:0,LATCH:0,TORQ:1,CR:0.0,FX1:1.00,FY1:-151.10,FX2:-6.00,FY2:-149.60,IK1:1,IK2:1,MOVE:0
[2026-09-10 22:25:50.062] [RX] PITCH:0.22,PID_OUT:154.82,INT:-0.1997,EL:-1556,ER:-3151,VEL:-274.4,MOT:1,TILT:25.0,TRIM:0.000,ATE:0,LATCH:0,TORQ:1,CR:0.0,FX1:1.00,FY1:-151.10,FX2:-6.00,FY2:-149.60,IK1:1,IK2:1,MOVE:0
[2026-09-10 22:25:50.172] [RX] PITCH:-1.85,PID_OUT:148.82,INT:0.0386,EL:-1547,ER:-3158,VEL:47.6,MOT:1,TILT:25.0,TRIM:0.000,ATE:0,LATCH:0,TORQ:1,CR:0.0,FX1:1.00,FY1:-151.10,FX2:-6.00,FY2:-149.60,IK1:1,IK2:1,MOVE:0
[2026-09-10 22:25:50.173] [RX] AX12:MODE:0,TQ:1,TL:1023,CM:1,CS:4,MS:0,MT:800
[2026-09-10 22:25:50.267] [RX] PITCH:-1.35,PID_OUT:171.78,INT:0.2306,EL:-1512,ER:-3189,VEL:290.2,MOT:1,TILT:25.0,TRIM:0.000,ATE:0,LATCH:0,TORQ:1,CR:0.0,FX1:1.00,FY1:-151.10,FX2:-6.00,FY2:-149.60,IK1:1,IK2:1,MOVE:0
[2026-09-10 22:25:50.365] [RX] PITCH:-0.95,PID_OUT:170.06,INT:0.2306,EL:-1465,ER:-3231,VEL:424.1,MOT:1,TILT:25.0,TRIM:0.000,ATE:0,LATCH:0,TORQ:1,CR:0.0,FX1:1.00,FY1:-151.10,FX2:-6.00,FY2:-149.60,IK1:1,IK2:1,MOVE:0
[2026-09-10 22:25:50.467] [RX] PITCH:-0.63,PID_OUT:168.61,INT:0.2306,EL:-1412,ER:-3279,VEL:494.3,MOT:1,TILT:25.0,TRIM:0.000,ATE:0,LATCH:0,TORQ:1,CR:0.0,FX1:1.00,FY1:-151.10,FX2:-6.00,FY2:-149.60,IK1:1,IK2:1,MOVE:0
[2026-09-10 22:25:50.570] [RX] PITCH:-1.21,PID_OUT:190.79,INT:0.2306,EL:-1350,ER:-3336,VEL:590.0,MOT:1,TILT:25.0,TRIM:0.000,ATE:0,LATCH:0,TORQ:1,CR:0.0,FX1:1.00,FY1:-151.10,FX2:-6.00,FY2:-149.60,IK1:1,IK2:1,MOVE:0
[2026-09-10 22:25:50.680] [RX] PITCH:-2.58,PID_OUT:194.25,INT:0.2306,EL:-1280,ER:-3407,VEL:696.3,MOT:1,TILT:25.0,TRIM:0.000,ATE:0,LATCH:0,TORQ:1,CR:0.0,FX1:1.00,FY1:-151.10,FX2:-6.00,FY2:-149.60,IK1:1,IK2:1,MOVE:0
[2026-09-10 22:25:50.680] [RX] AX12:MODE:0,TQ:1,TL:1023,CM:1,CS:4,MS:0,MT:800
[2026-09-10 22:25:50.771] [RX] PITCH:-2.30,PID_OUT:102.43,INT:0.2306,EL:-1202,ER:-3485,VEL:767.5,MOT:1,TILT:25.0,TRIM:0.000,ATE:0,LATCH:0,TORQ:1,CR:0.0,FX1:1.00,FY1:-151.10,FX2:-6.00,FY2:-149.60,IK1:1,IK2:1,MOVE:0
[2026-09-10 22:25:50.771] [RX] SRV:14,37,0.0,0,49
[2026-09-10 22:25:50.867] [RX] PITCH:0.04,PID_OUT:-47.86,INT:0.2306,EL:-1131,ER:-3562,VEL:734.3,MOT:1,TILT:25.0,TRIM:0.000,ATE:0,LATCH:0,TORQ:1,CR:0.0,FX1:1.00,FY1:-151.10,FX2:-6.00,FY2:-149.60,IK1:1,IK2:1,MOVE:0
[2026-09-10 22:25:50.968] [RX] PITCH:1.44,PID_OUT:-76.10,INT:0.2160,EL:-1076,ER:-3624,VEL:586.1,MOT:1,TILT:25.0,TRIM:0.000,ATE:0,LATCH:0,TORQ:1,CR:0.0,FX1:1.00,FY1:-151.10,FX2:-6.00,FY2:-149.60,IK1:1,IK2:1,MOVE:0
[2026-09-10 22:25:51.069] [RX] PITCH:2.65,PID_OUT:-118.54,INT:0.1745,EL:-1047,ER:-3664,VEL:367.1,MOT:1,TILT:25.0,TRIM:0.000,ATE:0,LATCH:0,TORQ:1,CR:0.0,FX1:1.00,FY1:-151.10,FX2:-6.00,FY2:-149.60,IK1:1,IK2:1,MOVE:0
[2026-09-10 22:25:51.170] [RX] PITCH:3.80,PID_OUT:-128.94,INT:-0.0633,EL:-1048,ER:-3672,VEL:76.4,MOT:1,TILT:25.0,TRIM:0.000,ATE:0,LATCH:0,TORQ:1,CR:0.0,FX1:1.00,FY1:-151.10,FX2:-6.00,FY2:-149.60,IK1:1,IK2:1,MOVE:0
[2026-09-10 22:25:51.181] [RX] AX12:MODE:0,TQ:1,TL:1023,CM:1,CS:4,MS:0,MT:800
[2026-09-10 22:25:51.273] [RX] PITCH:3.21,PID_OUT:-132.33,INT:-0.2306,EL:-1064,ER:-3663,VEL:-97.3,MOT:1,TILT:25.0,TRIM:0.000,ATE:0,LATCH:0,TORQ:1,CR:0.0,FX1:1.00,FY1:-151.10,FX2:-6.00,FY2:-149.60,IK1:1,IK2:1,MOVE:0
[2026-09-10 22:25:51.373] [RX] PITCH:2.37,PID_OUT:-107.38,INT:-0.2306,EL:-1088,ER:-3645,VEL:-194.1,MOT:1,TILT:25.0,TRIM:0.000,ATE:0,LATCH:0,TORQ:1,CR:0.0,FX1:1.00,FY1:-151.10,FX2:-6.00,FY2:-149.60,IK1:1,IK2:1,MOVE:0
[2026-09-10 22:25:51.474] [RX] PITCH:2.48,PID_OUT:-118.82,INT:-0.2306,EL:-1116,ER:-3623,VEL:-245.4,MOT:1,TILT:25.0,TRIM:0.000,ATE:0,LATCH:0,TORQ:1,CR:0.0,FX1:1.00,FY1:-151.10,FX2:-6.00,FY2:-149.60,IK1:1,IK2:1,MOVE:0
[2026-09-10 22:25:51.573] [RX] PITCH:2.77,PID_OUT:-128.36,INT:-0.2306,EL:-1151,ER:-3594,VEL:-313.3,MOT:1,TILT:25.0,TRIM:0.000,ATE:0,LATCH:0,TORQ:1,CR:0.0,FX1:1.00,FY1:-151.10,FX2:-6.00,FY2:-149.60,IK1:1,IK2:1,MOVE:0
[2026-09-10 22:25:51.676] [RX] PITCH:2.43,PID_OUT:-123.18,INT:-0.2306,EL:-1193,ER:-3559,VEL:-372.7,MOT:1,TILT:25.0,TRIM:0.000,ATE:0,LATCH:0,TORQ:1,CR:0.0,FX1:1.00,FY1:-151.10,FX2:-6.00,FY2:-149.60,IK1:1,IK2:1,MOVE:0
[2026-09-10 22:25:51.685] [RX] AX12:MODE:0,TQ:1,TL:1023,CM:1,CS:4,MS:0,MT:800
[2026-09-10 22:25:51.781] [RX] PITCH:2.78,PID_OUT:-129.19,INT:-0.2306,EL:-1241,ER:-3520,VEL:-427.5,MOT:1,TILT:25.0,TRIM:0.000,ATE:0,LATCH:0,TORQ:1,CR:0.0,FX1:1.00,FY1:-151.10,FX2:-6.00,FY2:-149.60,IK1:1,IK2:1,MOVE:0
[2026-09-10 22:25:51.781] [RX] SRV:1,38,0.0,2,53
[2026-09-10 22:25:51.878] [RX] PITCH:2.64,PID_OUT:-120.31,INT:-0.2306,EL:-1294,ER:-3477,VEL:-474.5,MOT:1,TILT:25.0,TRIM:0.000,ATE:0,LATCH:0,TORQ:1,CR:0.0,FX1:1.00,FY1:-151.10,FX2:-6.00,FY2:-149.60,IK1:1,IK2:1,MOVE:0
[2026-09-10 22:25:51.979] [RX] PITCH:2.40,PID_OUT:-112.30,INT:-0.2306,EL:-1351,ER:-3429,VEL:-517.3,MOT:1,TILT:25.0,TRIM:0.000,ATE:0,LATCH:0,TORQ:1,CR:0.0,FX1:1.00,FY1:-151.10,FX2:-6.00,FY2:-149.60,IK1:1,IK2:1,MOVE:0
[2026-09-10 22:25:52.080] [RX] PITCH:2.73,PID_OUT:-141.94,INT:-0.2306,EL:-1412,ER:-3378,VEL:-557.5,MOT:1,TILT:25.0,TRIM:0.000,ATE:0,LATCH:0,TORQ:1,CR:0.0,FX1:1.00,FY1:-151.10,FX2:-6.00,FY2:-149.60,IK1:1,IK2:1,MOVE:0
[2026-09-10 22:25:52.181] [RX] PITCH:2.36,PID_OUT:-123.41,INT:-0.2306,EL:-1477,ER:-3322,VEL:-598.7,MOT:1,TILT:25.0,TRIM:0.000,ATE:0,LATCH:0,TORQ:1,CR:0.0,FX1:1.00,FY1:-151.10,FX2:-6.00,FY2:-149.60,IK1:1,IK2:1,MOVE:0
[2026-09-10 22:25:52.194] [RX] AX12:MODE:0,TQ:1,TL:1023,CM:1,CS:4,MS:0,MT:800
[2026-09-10 22:25:52.281] [RX] PITCH:4.61,PID_OUT:-108.58,INT:-0.2306,EL:-1544,ER:-3263,VEL:-632.0,MOT:1,TILT:25.0,TRIM:0.000,ATE:0,LATCH:0,TORQ:1,CR:0.0,FX1:1.00,FY1:-151.10,FX2:-6.00,FY2:-149.60,IK1:1,IK2:1,MOVE:0
[2026-09-10 22:25:52.382] [RX] PITCH:0.69,PID_OUT:115.65,INT:-0.2243,EL:-1611,ER:-3203,VEL:-615.2,MOT:1,TILT:25.0,TRIM:0.000,ATE:0,LATCH:0,TORQ:1,CR:0.0,FX1:1.00,FY1:-151.10,FX2:-6.00,FY2:-149.60,IK1:1,IK2:1,MOVE:0
[2026-09-10 22:25:52.482] [RX] PITCH:-0.48,PID_OUT:39.07,INT:-0.0372,EL:-1647,ER:-3174,VEL:-353.8,MOT:1,TILT:25.0,TRIM:0.000,ATE:0,LATCH:0,TORQ:1,CR:0.0,FX1:1.00,FY1:-151.10,FX2:-6.00,FY2:-149.60,IK1:1,IK2:1,MOVE:0
[2026-09-10 22:25:52.583] [RX] PITCH:0.82,PID_OUT:-7.96,INT:0.0645,EL:-1670,ER:-3160,VEL:-217.3,MOT:1,TILT:25.0,TRIM:0.000,ATE:0,LATCH:0,TORQ:1,CR:0.0,FX1:1.00,FY1:-151.10,FX2:-6.00,FY2:-149.60,IK1:1,IK2:1,MOVE:0
[2026-09-10 22:25:52.694] [RX] PITCH:1.68,PID_OUT:-52.99,INT:0.0687,EL:-1688,ER:-3142,VEL:-181.0,MOT:1,TILT:25.0,TRIM:0.000,ATE:0,LATCH:0,TORQ:1,CR:0.0,FX1:1.00,FY1:-151.10,FX2:-6.00,FY2:-149.60,IK1:1,IK2:1,MOVE:0
[2026-09-10 22:25:52.694] [RX] AX12:MODE:0,TQ:1,TL:1023,CM:1,CS:4,MS:0,MT:800
[2026-09-10 22:25:52.789] [RX] PITCH:2.11,PID_OUT:-57.84,INT:-0.0066,EL:-1706,ER:-3124,VEL:-180.5,MOT:1,TILT:25.0,TRIM:0.000,ATE:0,LATCH:0,TORQ:1,CR:0.0,FX1:1.00,FY1:-151.10,FX2:-6.00,FY2:-149.60,IK1:1,IK2:1,MOVE:0
[2026-09-10 22:25:52.789] [RX] SRV:6,37,0.0,0,58
[2026-09-10 22:25:52.885] [RX] PITCH:1.81,PID_OUT:-48.31,INT:-0.0745,EL:-1724,ER:-3107,VEL:-177.5,MOT:1,TILT:25.0,TRIM:0.000,ATE:0,LATCH:0,TORQ:1,CR:0.0,FX1:1.00,FY1:-151.10,FX2:-6.00,FY2:-149.60,IK1:1,IK2:1,MOVE:0
[2026-09-10 22:25:52.986] [RX] PITCH:1.39,PID_OUT:-31.86,INT:-0.1014,EL:-1742,ER:-3092,VEL:-167.2,MOT:1,TILT:25.0,TRIM:0.000,ATE:0,LATCH:0,TORQ:1,CR:0.0,FX1:1.00,FY1:-151.10,FX2:-6.00,FY2:-149.60,IK1:1,IK2:1,MOVE:0
[2026-09-10 22:25:53.086] [RX] PITCH:1.12,PID_OUT:-31.09,INT:-0.0894,EL:-1755,ER:-3078,VEL:-137.1,MOT:1,TILT:25.0,TRIM:0.000,ATE:0,LATCH:0,TORQ:1,CR:0.0,FX1:1.00,FY1:-151.10,FX2:-6.00,FY2:-149.60,IK1:1,IK2:1,MOVE:0
[2026-09-10 22:25:53.189] [RX] PITCH:1.36,PID_OUT:-42.98,INT:-0.0844,EL:-1766,ER:-3068,VEL:-109.0,MOT:1,TILT:25.0,TRIM:0.000,ATE:0,LATCH:0,TORQ:1,CR:0.0,FX1:1.00,FY1:-151.10,FX2:-6.00,FY2:-149.60,IK1:1,IK2:1,MOVE:0
[2026-09-10 22:25:53.198] [RX] AX12:MODE:0,TQ:1,TL:1023,CM:1,CS:4,MS:0,MT:800
[2026-09-10 22:25:53.290] [RX] PITCH:1.35,PID_OUT:-34.05,INT:-0.0905,EL:-1774,ER:-3060,VEL:-83.1,MOT:1,TILT:25.0,TRIM:0.000,ATE:0,LATCH:0,TORQ:1,CR:0.0,FX1:1.00,FY1:-151.10,FX2:-6.00,FY2:-149.60,IK1:1,IK2:1,MOVE:0
[2026-09-10 22:25:53.389] [RX] PITCH:1.15,PID_OUT:-21.26,INT:-0.0847,EL:-1780,ER:-3054,VEL:-61.9,MOT:1,TILT:25.0,TRIM:0.000,ATE:0,LATCH:0,TORQ:1,CR:0.0,FX1:1.00,FY1:-151.10,FX2:-6.00,FY2:-149.60,IK1:1,IK2:1,MOVE:0
[2026-09-10 22:25:53.490] [RX] PITCH:1.17,PID_OUT:-33.64,INT:-0.0666,EL:-1783,ER:-3051,VEL:-38.9,MOT:1,TILT:25.0,TRIM:0.000,ATE:0,LATCH:0,TORQ:1,CR:0.0,FX1:1.00,FY1:-151.10,FX2:-6.00,FY2:-149.60,IK1:1,IK2:1,MOVE:0
[2026-09-10 22:25:53.591] [RX] PITCH:1.42,PID_OUT:-43.26,INT:-0.0694,EL:-1783,ER:-3049,VEL:-16.4,MOT:1,TILT:25.0,TRIM:0.000,ATE:0,LATCH:0,TORQ:1,CR:0.0,FX1:1.00,FY1:-151.10,FX2:-6.00,FY2:-149.60,IK1:1,IK2:1,MOVE:0
[2026-09-10 22:25:53.697] [RX] PITCH:1.33,PID_OUT:-29.74,INT:-0.0793,EL:-1783,ER:-3048,VEL:-6.1,MOT:1,TILT:25.0,TRIM:0.000,ATE:0,LATCH:0,TORQ:1,CR:0.0,FX1:1.00,FY1:-151.10,FX2:-6.00,FY2:-149.60,IK1:1,IK2:1,MOVE:0
[2026-09-10 22:25:53.702] [RX] AX12:MODE:0,TQ:1,TL:1023,CM:1,CS:4,MS:0,MT:800
[2026-09-10 22:25:53.797] [RX] PITCH:1.04,PID_OUT:2.25,INT:-0.0697,EL:-1783,ER:-3048,VEL:-1.2,MOT:1,TILT:25.0,TRIM:0.000,ATE:0,LATCH:0,TORQ:1,CR:0.0,FX1:1.00,FY1:-151.10,FX2:-6.00,FY2:-149.60,IK1:1,IK2:1,MOVE:0
[2026-09-10 22:25:53.797] [RX] SRV:0,37,0.0,0,62
[2026-09-10 22:25:53.893] [RX] PITCH:0.39,PID_OUT:74.22,INT:-0.0108,EL:-1783,ER:-3048,VEL:-0.2,MOT:1,TILT:25.0,TRIM:0.000,ATE:0,LATCH:0,TORQ:1,CR:0.0,FX1:1.00,FY1:-151.10,FX2:-6.00,FY2:-149.60,IK1:1,IK2:1,MOVE:0
[2026-09-10 22:25:53.993] [RX] PITCH:-0.36,PID_OUT:112.38,INT:0.1386,EL:-1778,ER:-3053,VEL:41.9,MOT:1,TILT:25.0,TRIM:0.000,ATE:0,LATCH:0,TORQ:1,CR:0.0,FX1:1.00,FY1:-151.10,FX2:-6.00,FY2:-149.60,IK1:1,IK2:1,MOVE:0
[2026-09-10 22:25:54.094] [RX] PITCH:0.33,PID_OUT:80.21,INT:0.2306,EL:-1766,ER:-3063,VEL:103.2,MOT:1,TILT:25.0,TRIM:0.000,ATE:0,LATCH:0,TORQ:1,CR:0.0,FX1:1.00,FY1:-151.10,FX2:-6.00,FY2:-149.60,IK1:1,IK2:1,MOVE:0
[2026-09-10 22:25:54.197] [RX] PITCH:0.69,PID_OUT:86.50,INT:0.2306,EL:-1752,ER:-3075,VEL:124.7,MOT:1,TILT:25.0,TRIM:0.000,ATE:0,LATCH:0,TORQ:1,CR:0.0,FX1:1.00,FY1:-151.10,FX2:-6.00,FY2:-149.60,IK1:1,IK2:1,MOVE:0
[2026-09-10 22:25:54.205] [RX] AX12:MODE:0,TQ:1,TL:1023,CM:1,CS:4,MS:0,MT:800
[2026-09-10 22:25:54.298] [RX] PITCH:0.74,PID_OUT:85.11,INT:0.2306,EL:-1736,ER:-3088,VEL:143.5,MOT:1,TILT:25.0,TRIM:0.000,ATE:0,LATCH:0,TORQ:1,CR:0.0,FX1:1.00,FY1:-151.10,FX2:-6.00,FY2:-149.60,IK1:1,IK2:1,MOVE:0
[2026-09-10 22:25:54.397] [RX] PITCH:0.63,PID_OUT:95.64,INT:0.2306,EL:-1719,ER:-3104,VEL:165.9,MOT:1,TILT:25.0,TRIM:0.000,ATE:0,LATCH:0,TORQ:1,CR:0.0,FX1:1.00,FY1:-151.10,FX2:-6.00,FY2:-149.60,IK1:1,IK2:1,MOVE:0
[2026-09-10 22:25:54.497] [RX] PITCH:0.46,PID_OUT:102.38,INT:0.2306,EL:-1699,ER:-3121,VEL:181.2,MOT:1,TILT:25.0,TRIM:0.000,ATE:0,LATCH:0,TORQ:1,CR:0.0,FX1:1.00,FY1:-151.10,FX2:-6.00,FY2:-149.60,IK1:1,IK2:1,MOVE:0
[2026-09-10 22:25:54.597] [RX] PITCH:0.35,PID_OUT:96.49,INT:0.2306,EL:-1675,ER:-3143,VEL:222.8,MOT:1,TILT:25.0,TRIM:0.000,ATE:0,LATCH:0,TORQ:1,CR:0.0,FX1:1.00,FY1:-151.10,FX2:-6.00,FY2:-149.60,IK1:1,IK2:1,MOVE:0
[2026-09-10 22:25:54.701] [RX] PITCH:0.16,PID_OUT:106.08,INT:0.2306,EL:-1647,ER:-3170,VEL:268.6,MOT:1,TILT:25.0,TRIM:0.000,ATE:0,LATCH:0,TORQ:1,CR:0.0,FX1:1.00,FY1:-151.10,FX2:-6.00,FY2:-149.60,IK1:1,IK2:1,MOVE:0
[2026-09-10 22:25:54.710] [RX] AX12:MODE:0,TQ:1,TL:1023,CM:1,CS:4,MS:0,MT:800
[2026-09-10 22:25:54.800] [RX] PITCH:0.81,PID_OUT:79.11,INT:0.2306,EL:-1617,ER:-3198,VEL:286.6,MOT:1,TILT:25.0,TRIM:0.000,ATE:0,LATCH:0,TORQ:1,CR:0.0,FX1:1.00,FY1:-151.10,FX2:-6.00,FY2:-149.60,IK1:1,IK2:1,MOVE:0
[2026-09-10 22:25:54.801] [RX] SRV:14,37,0.0,0,66
[2026-09-10 22:25:54.901] [RX] PITCH:0.61,PID_OUT:96.51,INT:0.2306,EL:-1586,ER:-3227,VEL:298.6,MOT:1,TILT:25.0,TRIM:0.000,ATE:0,LATCH:0,TORQ:1,CR:0.0,FX1:1.00,FY1:-151.10,FX2:-6.00,FY2:-149.60,IK1:1,IK2:1,MOVE:0
[2026-09-10 22:25:55.004] [RX] PITCH:0.29,PID_OUT:107.55,INT:0.2306,EL:-1551,ER:-3259,VEL:333.8,MOT:1,TILT:25.0,TRIM:0.000,ATE:0,LATCH:0,TORQ:1,CR:0.0,FX1:1.00,FY1:-151.10,FX2:-6.00,FY2:-149.60,IK1:1,IK2:1,MOVE:0
[2026-09-10 22:25:55.107] [RX] PITCH:0.28,PID_OUT:118.44,INT:0.2306,EL:-1512,ER:-3296,VEL:374.1,MOT:1,TILT:25.0,TRIM:0.000,ATE:0,LATCH:0,TORQ:1,CR:0.0,FX1:1.00,FY1:-151.10,FX2:-6.00,FY2:-149.60,IK1:1,IK2:1,MOVE:0
[2026-09-10 22:25:55.211] [RX] PITCH:0.27,PID_OUT:97.90,INT:0.2306,EL:-1469,ER:-3335,VEL:405.2,MOT:1,TILT:25.0,TRIM:0.000,ATE:0,LATCH:0,TORQ:1,CR:0.0,FX1:1.00,FY1:-151.10,FX2:-6.00,FY2:-149.60,IK1:1,IK2:1,MOVE:0
[2026-09-10 22:25:55.215] [RX] AX12:MODE:0,TQ:1,TL:1023,CM:1,CS:4,MS:0,MT:800
[2026-09-10 22:25:55.306] [RX] PITCH:0.38,PID_OUT:116.83,INT:0.2306,EL:-1423,ER:-3376,VEL:431.4,MOT:1,TILT:25.0,TRIM:0.000,ATE:0,LATCH:0,TORQ:1,CR:0.0,FX1:1.00,FY1:-151.10,FX2:-6.00,FY2:-149.60,IK1:1,IK2:1,MOVE:0
[2026-09-10 22:25:55.405] [RX] PITCH:0.26,PID_OUT:129.43,INT:0.2306,EL:-1373,ER:-3422,VEL:474.1,MOT:1,TILT:25.0,TRIM:0.000,ATE:0,LATCH:0,TORQ:1,CR:0.0,FX1:1.00,FY1:-151.10,FX2:-6.00,FY2:-149.60,IK1:1,IK2:1,MOVE:0
[2026-09-10 22:25:55.510] [RX] PITCH:0.33,PID_OUT:124.25,INT:0.2306,EL:-1320,ER:-3471,VEL:506.4,MOT:1,TILT:25.0,TRIM:0.000,ATE:0,LATCH:0,TORQ:1,CR:0.0,FX1:1.00,FY1:-151.10,FX2:-6.00,FY2:-149.60,IK1:1,IK2:1,MOVE:0
[2026-09-10 22:25:55.606] [RX] PITCH:0.00,PID_OUT:160.31,INT:0.2306,EL:-1264,ER:-3523,VEL:536.5,MOT:1,TILT:25.0,TRIM:0.000,ATE:0,LATCH:0,TORQ:1,CR:0.0,FX1:1.00,FY1:-151.10,FX2:-6.00,FY2:-149.60,IK1:1,IK2:1,MOVE:0
[2026-09-10 22:25:55.724] [RX] PITCH:-0.44,PID_OUT:166.17,INT:0.2306,EL:-1202,ER:-3582,VEL:600.2,MOT:1,TILT:25.0,TRIM:0.000,ATE:0,LATCH:0,TORQ:1,CR:0.0,FX1:1.00,FY1:-151.10,FX2:-6.00,FY2:-149.60,IK1:1,IK2:1,MOVE:0
[2026-09-10 22:25:55.734] [RX] AX12:MODE:0,TQ:1,TL:1023,CM:1,CS:4,MS:0,MT:800
[2026-09-10 22:25:55.812] [RX] PITCH:-0.70,PID_OUT:168.30,INT:0.2306,EL:-1133,ER:-3648,VEL:672.2,MOT:1,TILT:25.0,TRIM:0.000,ATE:0,LATCH:0,TORQ:1,CR:0.0,FX1:1.00,FY1:-151.10,FX2:-6.00,FY2:-149.60,IK1:1,IK2:1,MOVE:0
[2026-09-10 22:25:55.812] [RX] SRV:1,38,0.0,2,70
[2026-09-10 22:25:55.909] [RX] PITCH:-0.95,PID_OUT:182.61,INT:0.2306,EL:-1059,ER:-3720,VEL:728.5,MOT:1,TILT:25.0,TRIM:0.000,ATE:0,LATCH:0,TORQ:1,CR:0.0,FX1:1.00,FY1:-151.10,FX2:-6.00,FY2:-149.60,IK1:1,IK2:1,MOVE:0
[2026-09-10 22:25:56.009] [RX] PITCH:-1.37,PID_OUT:209.36,INT:0.2306,EL:-979,ER:-3799,VEL:786.4,MOT:1,TILT:25.0,TRIM:0.000,ATE:0,LATCH:0,TORQ:1,CR:0.0,FX1:1.00,FY1:-151.10,FX2:-6.00,FY2:-149.60,IK1:1,IK2:1,MOVE:0
[2026-09-10 22:25:56.110] [RX] PITCH:-1.25,PID_OUT:220.83,INT:0.2306,EL:-890,ER:-3887,VEL:872.3,MOT:1,TILT:25.0,TRIM:0.000,ATE:0,LATCH:0,TORQ:1,CR:0.0,FX1:1.00,FY1:-151.10,FX2:-6.00,FY2:-149.60,IK1:1,IK2:1,MOVE:0
[2026-09-10 22:25:56.213] [RX] PITCH:-10.77,PID_OUT:692.07,INT:0.2306,EL:-790,ER:-3969,VEL:898.6,MOT:1,TILT:25.0,TRIM:0.000,ATE:0,LATCH:0,TORQ:1,CR:0.0,FX1:1.00,FY1:-151.10,FX2:-6.00,FY2:-149.60,IK1:1,IK2:1,MOVE:0
[2026-09-10 22:25:56.222] [RX] AX12:MODE:0,TQ:1,TL:1023,CM:1,CS:4,MS:0,MT:800
[2026-09-10 22:25:56.311] [RX] PITCH:-11.17,PID_OUT:602.14,INT:0.2306,EL:-677,ER:-4088,VEL:1139.9,MOT:1,TILT:25.0,TRIM:0.000,ATE:0,LATCH:0,TORQ:1,CR:0.0,FX1:1.00,FY1:-151.10,FX2:-6.00,FY2:-149.60,IK1:1,IK2:1,MOVE:0
[2026-09-10 22:25:56.410] [RX] PITCH:-1.87,PID_OUT:-103.23,INT:0.2306,EL:-574,ER:-4174,VEL:886.7,MOT:1,TILT:25.0,TRIM:0.000,ATE:0,LATCH:0,TORQ:1,CR:0.0,FX1:1.00,FY1:-151.10,FX2:-6.00,FY2:-149.60,IK1:1,IK2:1,MOVE:0
[2026-09-10 22:25:56.510] [RX] PITCH:2.79,PID_OUT:-177.59,INT:0.1598,EL:-585,ER:-4163,VEL:53.5,MOT:1,TILT:25.0,TRIM:0.000,ATE:0,LATCH:0,TORQ:1,CR:0.0,FX1:1.00,FY1:-151.10,FX2:-6.00,FY2:-149.60,IK1:1,IK2:1,MOVE:0
[2026-09-10 22:25:56.612] [RX] PITCH:3.36,PID_OUT:-68.78,INT:-0.1105,EL:-625,ER:-4129,VEL:-290.2,MOT:1,TILT:25.0,TRIM:0.000,ATE:0,LATCH:0,TORQ:1,CR:0.0,FX1:1.00,FY1:-151.10,FX2:-6.00,FY2:-149.60,IK1:1,IK2:1,MOVE:0
[2026-09-10 22:25:56.715] [RX] PITCH:2.50,PID_OUT:-122.58,INT:-0.2306,EL:-668,ER:-4091,VEL:-384.8,MOT:1,TILT:25.0,TRIM:0.000,ATE:0,LATCH:0,TORQ:1,CR:0.0,FX1:1.00,FY1:-151.10,FX2:-6.00,FY2:-149.60,IK1:1,IK2:1,MOVE:0
[2026-09-10 22:25:56.724] [RX] AX12:MODE:0,TQ:1,TL:1023,CM:1,CS:4,MS:0,MT:800
[2026-09-10 22:25:56.818] [RX] PITCH:2.26,PID_OUT:-104.60,INT:-0.2306,EL:-713,ER:-4050,VEL:-426.2,MOT:1,TILT:25.0,TRIM:0.000,ATE:0,LATCH:0,TORQ:1,CR:0.0,FX1:1.00,FY1:-151.10,FX2:-6.00,FY2:-149.60,IK1:1,IK2:1,MOVE:0
[2026-09-10 22:25:56.818] [RX] SRV:6,38,0.0,0,1
[2026-09-10 22:25:56.915] [RX] PITCH:2.08,PID_OUT:-121.48,INT:-0.2306,EL:-760,ER:-4008,VEL:-441.8,MOT:1,TILT:25.0,TRIM:0.000,ATE:0,LATCH:0,TORQ:1,CR:0.0,FX1:1.00,FY1:-151.10,FX2:-6.00,FY2:-149.60,IK1:1,IK2:1,MOVE:0
[2026-09-10 22:25:57.017] [RX] PITCH:2.42,PID_OUT:-133.55,INT:-0.2306,EL:-809,ER:-3961,VEL:-476.2,MOT:1,TILT:25.0,TRIM:0.000,ATE:0,LATCH:0,TORQ:1,CR:0.0,FX1:1.00,FY1:-151.10,FX2:-6.00,FY2:-149.60,IK1:1,IK2:1,MOVE:0
[2026-09-10 22:25:57.118] [RX] PITCH:2.74,PID_OUT:-133.53,INT:-0.2306,EL:-864,ER:-3909,VEL:-529.1,MOT:1,TILT:25.0,TRIM:0.000,ATE:0,LATCH:0,TORQ:1,CR:0.0,FX1:1.00,FY1:-151.10,FX2:-6.00,FY2:-149.60,IK1:1,IK2:1,MOVE:0
[2026-09-10 22:25:57.219] [RX] PITCH:3.31,PID_OUT:-112.22,INT:-0.2306,EL:-922,ER:-3853,VEL:-566.1,MOT:1,TILT:25.0,TRIM:0.000,ATE:0,LATCH:0,TORQ:1,CR:0.0,FX1:1.00,FY1:-151.10,FX2:-6.00,FY2:-149.60,IK1:1,IK2:1,MOVE:0
[2026-09-10 22:25:57.230] [RX] AX12:MODE:0,TQ:1,TL:1023,CM:1,CS:4,MS:0,MT:800
[2026-09-10 22:25:57.319] [RX] PITCH:7.37,PID_OUT:-441.16,INT:-0.2306,EL:-985,ER:-3792,VEL:-618.6,MOT:1,TILT:25.0,TRIM:0.000,ATE:0,LATCH:0,TORQ:1,CR:0.0,FX1:1.00,FY1:-151.10,FX2:-6.00,FY2:-149.60,IK1:1,IK2:1,MOVE:0
[2026-09-10 22:25:57.417] [RX] PITCH:5.07,PID_OUT:-27.60,INT:-0.2306,EL:-1058,ER:-3715,VEL:-724.7,MOT:1,TILT:25.0,TRIM:0.000,ATE:0,LATCH:0,TORQ:1,CR:0.0,FX1:1.00,FY1:-151.10,FX2:-6.00,FY2:-149.60,IK1:1,IK2:1,MOVE:0
[2026-09-10 22:25:57.517] [RX] PITCH:-1.11,PID_OUT:255.41,INT:-0.1958,EL:-1097,ER:-3685,VEL:-361.3,MOT:1,TILT:25.0,TRIM:0.000,ATE:0,LATCH:0,TORQ:1,CR:0.0,FX1:1.00,FY1:-151.10,FX2:-6.00,FY2:-149.60,IK1:1,IK2:1,MOVE:0
[2026-09-10 22:25:57.617] [RX] PITCH:-1.20,PID_OUT:199.20,INT:0.1303,EL:-1069,ER:-3719,VEL:194.8,MOT:1,TILT:25.0,TRIM:0.000,ATE:0,LATCH:0,TORQ:1,CR:0.0,FX1:1.00,FY1:-151.10,FX2:-6.00,FY2:-149.60,IK1:1,IK2:1,MOVE:0
[2026-09-10 22:25:57.723] [RX] PITCH:-0.58,PID_OUT:138.91,INT:0.2306,EL:-1031,ER:-3761,VEL:367.5,MOT:1,TILT:25.0,TRIM:0.000,ATE:0,LATCH:0,TORQ:1,CR:0.0,FX1:1.00,FY1:-151.10,FX2:-6.00,FY2:-149.60,IK1:1,IK2:1,MOVE:0
[2026-09-10 22:25:57.728] [RX] AX12:MODE:0,TQ:1,TL:1023,CM:1,CS:4,MS:0,MT:800
[2026-09-10 22:25:57.819] [RX] PITCH:-0.81,PID_OUT:143.96,INT:0.2306,EL:-986,ER:-3810,VEL:457.7,MOT:1,TILT:25.0,TRIM:0.000,ATE:0,LATCH:0,TORQ:1,CR:0.0,FX1:1.00,FY1:-151.10,FX2:-6.00,FY2:-149.60,IK1:1,IK2:1,MOVE:0
[2026-09-10 22:25:57.822] [RX] SRV:0,37,6.3,0,0
[2026-09-10 22:25:57.917] [RX] PITCH:-0.64,PID_OUT:172.55,INT:0.2306,EL:-935,ER:-3861,VEL:505.9,MOT:1,TILT:25.0,TRIM:0.000,ATE:0,LATCH:0,TORQ:1,CR:0.0,FX1:1.00,FY1:-151.10,FX2:-6.00,FY2:-149.60,IK1:1,IK2:1,MOVE:0
[2026-09-10 22:25:58.014] [RX] PITCH:-0.25,PID_OUT:163.28,INT:0.2306,EL:-876,ER:-3919,VEL:573.6,MOT:1,TILT:25.0,TRIM:0.000,ATE:0,LATCH:0,TORQ:1,CR:0.0,FX1:1.00,FY1:-151.10,FX2:-6.00,FY2:-149.60,IK1:1,IK2:1,MOVE:0
[2026-09-10 22:25:58.118] [RX] PITCH:-1.79,PID_OUT:232.56,INT:0.2306,EL:-811,ER:-3987,VEL:665.1,MOT:1,TILT:25.0,TRIM:0.000,ATE:0,LATCH:0,TORQ:1,CR:0.0,FX1:1.00,FY1:-151.10,FX2:-6.00,FY2:-149.60,IK1:1,IK2:1,MOVE:0
[2026-09-10 22:25:58.227] [RX] PITCH:-1.70,PID_OUT:250.62,INT:0.2306,EL:-735,ER:-4064,VEL:746.0,MOT:1,TILT:25.0,TRIM:0.000,ATE:0,LATCH:0,TORQ:1,CR:0.0,FX1:1.00,FY1:-151.10,FX2:-6.00,FY2:-149.60,IK1:1,IK2:1,MOVE:0
[2026-09-10 22:25:58.227] [RX] AX12:MODE:0,TQ:1,TL:1023,CM:1,CS:4,MS:0,MT:800
[2026-09-10 22:25:58.316] [RX] PITCH:-3.16,PID_OUT:192.66,INT:0.2306,EL:-641,ER:-4162,VEL:937.8,MOT:1,TILT:25.0,TRIM:0.000,ATE:0,LATCH:0,TORQ:1,CR:0.0,FX1:1.00,FY1:-151.10,FX2:-6.00,FY2:-149.60,IK1:1,IK2:1,MOVE:0
[2026-09-10 22:25:58.419] [RX] PITCH:-1.56,PID_OUT:-350.13,INT:0.2306,EL:-564,ER:-4264,VEL:866.3,MOT:1,TILT:25.0,TRIM:0.000,ATE:0,LATCH:0,TORQ:1,CR:0.0,FX1:1.00,FY1:-151.10,FX2:-6.00,FY2:-149.60,IK1:1,IK2:1,MOVE:0
[2026-09-10 22:25:58.516] [RX] PITCH:5.87,PID_OUT:-161.01,INT:-0.0798,EL:-609,ER:-4274,VEL:-56.0,MOT:1,TILT:25.0,TRIM:0.000,ATE:0,LATCH:0,TORQ:1,CR:0.0,FX1:1.00,FY1:-151.10,FX2:-6.00,FY2:-149.60,IK1:1,IK2:1,MOVE:0
[2026-09-10 22:25:58.619] [RX] PITCH:1.54,PID_OUT:-29.09,INT:-0.2306,EL:-669,ER:-4255,VEL:-323.2,MOT:1,TILT:25.0,TRIM:0.000,ATE:0,LATCH:0,TORQ:1,CR:0.0,FX1:1.00,FY1:-151.10,FX2:-6.00,FY2:-149.60,IK1:1,IK2:1,MOVE:0
[2026-09-10 22:25:58.729] [RX] PITCH:0.77,PID_OUT:-42.41,INT:-0.2028,EL:-720,ER:-4245,VEL:-302.6,MOT:1,TILT:25.0,TRIM:0.000,ATE:0,LATCH:0,TORQ:1,CR:0.0,FX1:1.00,FY1:-151.10,FX2:-6.00,FY2:-149.60,IK1:1,IK2:1,MOVE:0
[2026-09-10 22:25:58.729] [RX] AX12:MODE:0,TQ:1,TL:1023,CM:1,CS:4,MS:0,MT:800
[2026-09-10 22:25:58.820] [RX] PITCH:1.61,PID_OUT:-87.67,INT:-0.2077,EL:-768,ER:-4235,VEL:-295.7,MOT:1,TILT:25.0,TRIM:0.000,ATE:0,LATCH:0,TORQ:1,CR:0.0,FX1:1.00,FY1:-151.10,FX2:-6.00,FY2:-149.60,IK1:1,IK2:1,MOVE:0
[2026-09-10 22:25:58.820] [RX] SRV:14,37,0.8,0,0
[2026-09-10 22:25:58.914] [RX] PITCH:1.76,PID_OUT:-81.67,INT:-0.2306,EL:-817,ER:-4223,VEL:-307.7,MOT:1,TILT:25.0,TRIM:0.000,ATE:0,LATCH:0,TORQ:1,CR:0.0,FX1:1.00,FY1:-151.10,FX2:-6.00,FY2:-149.60,IK1:1,IK2:1,MOVE:0
[2026-09-10 22:25:59.015] [RX] PITCH:1.47,PID_OUT:-87.24,INT:-0.2306,EL:-865,ER:-4208,VEL:-314.3,MOT:1,TILT:25.0,TRIM:0.000,ATE:0,LATCH:0,TORQ:1,CR:0.0,FX1:1.00,FY1:-151.10,FX2:-6.00,FY2:-149.60,IK1:1,IK2:1,MOVE:0
[2026-09-10 22:25:59.115] [RX] PITCH:1.61,PID_OUT:-79.66,INT:-0.2306,EL:-911,ER:-4189,VEL:-321.3,MOT:1,TILT:25.0,TRIM:0.000,ATE:0,LATCH:0,TORQ:1,CR:0.0,FX1:1.00,FY1:-151.10,FX2:-6.00,FY2:-149.60,IK1:1,IK2:1,MOVE:0
[2026-09-10 22:25:59.220] [RX] PITCH:1.56,PID_OUT:-76.56,INT:-0.2306,EL:-957,ER:-4169,VEL:-328.0,MOT:1,TILT:25.0,TRIM:0.000,ATE:0,LATCH:0,TORQ:1,CR:0.0,FX1:1.00,FY1:-151.10,FX2:-6.00,FY2:-149.60,IK1:1,IK2:1,MOVE:0
[2026-09-10 22:25:59.227] [RX] AX12:MODE:0,TQ:1,TL:1023,CM:1,CS:4,MS:0,MT:800
[2026-09-10 22:25:59.314] [RX] PITCH:1.43,PID_OUT:-76.84,INT:-0.2306,EL:-1001,ER:-4147,VEL:-330.0,MOT:1,TILT:25.0,TRIM:0.000,ATE:0,LATCH:0,TORQ:1,CR:0.0,FX1:1.00,FY1:-151.10,FX2:-6.00,FY2:-149.60,IK1:1,IK2:1,MOVE:0
[2026-09-10 22:25:59.416] [RX] PITCH:1.42,PID_OUT:-61.55,INT:-0.2306,EL:-1044,ER:-4123,VEL:-333.3,MOT:1,TILT:25.0,TRIM:0.000,ATE:0,LATCH:0,TORQ:1,CR:0.0,FX1:1.00,FY1:-151.10,FX2:-6.00,FY2:-149.60,IK1:1,IK2:1,MOVE:0
[2026-09-10 22:25:59.511] [RX] PITCH:1.10,PID_OUT:-55.33,INT:-0.2195,EL:-1087,ER:-4100,VEL:-330.2,MOT:1,TILT:25.0,TRIM:0.000,ATE:0,LATCH:0,TORQ:1,CR:0.0,FX1:1.00,FY1:-151.10,FX2:-6.00,FY2:-149.60,IK1:1,IK2:1,MOVE:0
[2026-09-10 22:25:59.615] [RX] PITCH:1.33,PID_OUT:-62.74,INT:-0.2113,EL:-1126,ER:-4077,VEL:-317.1,MOT:1,TILT:25.0,TRIM:0.000,ATE:0,LATCH:0,TORQ:1,CR:0.0,FX1:1.00,FY1:-151.10,FX2:-6.00,FY2:-149.60,IK1:1,IK2:1,MOVE:0
[2026-09-10 22:25:59.728] [RX] PITCH:1.38,PID_OUT:-70.70,INT:-0.2107,EL:-1162,ER:-4054,VEL:-300.5,MOT:1,TILT:25.0,TRIM:0.000,ATE:0,LATCH:0,TORQ:1,CR:0.0,FX1:1.00,FY1:-151.10,FX2:-6.00,FY2:-149.60,IK1:1,IK2:1,MOVE:0
[2026-09-10 22:25:59.728] [RX] AX12:MODE:0,TQ:1,TL:1023,CM:1,CS:4,MS:0,MT:800
[2026-09-10 22:25:59.821] [RX] PITCH:1.08,PID_OUT:-39.74,INT:-0.2088,EL:-1195,ER:-4030,VEL:-285.2,MOT:1,TILT:25.0,TRIM:0.000,ATE:0,LATCH:0,TORQ:1,CR:0.0,FX1:1.00,FY1:-151.10,FX2:-6.00,FY2:-149.60,IK1:1,IK2:1,MOVE:0
[2026-09-10 22:25:59.822] [RX] SRV:1,38,9.4,0,0
[2026-09-10 22:25:59.916] [RX] PITCH:1.02,PID_OUT:-50.64,INT:-0.1789,EL:-1224,ER:-4008,VEL:-256.9,MOT:1,TILT:25.0,TRIM:0.000,ATE:0,LATCH:0,TORQ:1,CR:0.0,FX1:1.00,FY1:-151.10,FX2:-6.00,FY2:-149.60,IK1:1,IK2:1,MOVE:0
[2026-09-10 22:26:00.013] [RX] PITCH:1.40,PID_OUT:-67.35,INT:-0.1715,EL:-1251,ER:-3985,VEL:-251.8,MOT:1,TILT:25.0,TRIM:0.000,ATE:0,LATCH:0,TORQ:1,CR:0.0,FX1:1.00,FY1:-151.10,FX2:-6.00,FY2:-149.60,IK1:1,IK2:1,MOVE:0
[2026-09-10 22:26:00.114] [RX] PITCH:1.36,PID_OUT:-73.97,INT:-0.1673,EL:-1276,ER:-3963,VEL:-232.0,MOT:1,TILT:25.0,TRIM:0.000,ATE:0,LATCH:0,TORQ:1,CR:0.0,FX1:1.00,FY1:-151.10,FX2:-6.00,FY2:-149.60,IK1:1,IK2:1,MOVE:0
[2026-09-10 22:26:00.219] [RX] PITCH:1.45,PID_OUT:-46.81,INT:-0.1946,EL:-1301,ER:-3945,VEL:-219.5,MOT:1,TILT:25.0,TRIM:0.000,ATE:0,LATCH:0,TORQ:1,CR:0.0,FX1:1.00,FY1:-151.10,FX2:-6.00,FY2:-149.60,IK1:1,IK2:1,MOVE:0
[2026-09-10 22:26:00.225] [RX] AX12:MODE:0,TQ:1,TL:1023,CM:1,CS:4,MS:0,MT:800
[2026-09-10 22:26:00.313] [RX] PITCH:1.07,PID_OUT:-32.97,INT:-0.1831,EL:-1326,ER:-3925,VEL:-229.6,MOT:1,TILT:25.0,TRIM:0.000,ATE:0,LATCH:0,TORQ:1,CR:0.0,FX1:1.00,FY1:-151.10,FX2:-6.00,FY2:-149.60,IK1:1,IK2:1,MOVE:0
[2026-09-10 22:26:00.415] [RX] PITCH:0.94,PID_OUT:-36.64,INT:-0.1479,EL:-1346,ER:-3908,VEL:-204.9,MOT:1,TILT:25.0,TRIM:0.000,ATE:0,LATCH:0,TORQ:1,CR:0.0,FX1:1.00,FY1:-151.10,FX2:-6.00,FY2:-149.60,IK1:1,IK2:1,MOVE:0
[2026-09-10 22:26:00.510] [RX] PITCH:1.10,PID_OUT:-42.12,INT:-0.1152,EL:-1375,ER:-3894,VEL:-211.1,MOT:1,TILT:25.0,TRIM:0.000,ATE:0,LATCH:0,TORQ:1,CR:0.0,FX1:1.00,FY1:-151.10,FX2:-6.00,FY2:-149.60,IK1:1,IK2:1,MOVE:0
[2026-09-10 22:26:00.614] [RX] PITCH:1.34,PID_OUT:-47.68,INT:-0.1108,EL:-1399,ER:-3882,VEL:-179.5,MOT:1,TILT:25.0,TRIM:0.000,ATE:0,LATCH:0,TORQ:1,CR:0.0,FX1:1.00,FY1:-151.10,FX2:-6.00,FY2:-149.60,IK1:1,IK2:1,MOVE:0
[2026-09-10 22:26:00.713] [RX] PITCH:1.48,PID_OUT:-51.48,INT:-0.1272,EL:-1422,ER:-3872,VEL:-160.1,MOT:1,TILT:25.0,TRIM:0.000,ATE:0,LATCH:0,TORQ:1,CR:0.0,FX1:1.00,FY1:-151.10,FX2:-6.00,FY2:-149.60,IK1:1,IK2:1,MOVE:0
[2026-09-10 22:26:00.722] [RX] AX12:MODE:0,TQ:1,TL:1023,CM:1,CS:4,MS:0,MT:800
[2026-09-10 22:26:00.816] [RX] PITCH:1.22,PID_OUT:-34.43,INT:-0.1317,EL:-1443,ER:-3863,VEL:-135.2,MOT:1,TILT:25.0,TRIM:0.000,ATE:0,LATCH:0,TORQ:1,CR:0.0,FX1:1.00,FY1:-151.10,FX2:-6.00,FY2:-149.60,IK1:1,IK2:1,MOVE:0
[2026-09-10 22:26:00.816] [RX] SRV:6,38,0.0,0,0
[2026-09-10 22:26:00.915] [RX] PITCH:1.14,PID_OUT:-33.36,INT:-0.1154,EL:-1443,ER:-3857,VEL:-47.5,MOT:1,TILT:25.0,TRIM:0.000,ATE:0,LATCH:0,TORQ:1,CR:0.0,FX1:1.00,FY1:-151.10,FX2:-6.00,FY2:-149.60,IK1:1,IK2:1,MOVE:0
[2026-09-10 22:26:01.016] [RX] PITCH:1.22,PID_OUT:-27.68,INT:-0.1037,EL:-1443,ER:-3856,VEL:-11.4,MOT:1,TILT:25.0,TRIM:0.000,ATE:0,LATCH:0,TORQ:1,CR:0.0,FX1:1.00,FY1:-151.10,FX2:-6.00,FY2:-149.60,IK1:1,IK2:1,MOVE:0
[2026-09-10 22:26:01.111] [RX] PITCH:0.86,PID_OUT:20.56,INT:-0.0806,EL:-1443,ER:-3865,VEL:65.2,MOT:1,TILT:25.0,TRIM:0.000,ATE:0,LATCH:0,TORQ:1,CR:0.0,FX1:1.00,FY1:-151.10,FX2:-6.00,FY2:-149.60,IK1:1,IK2:1,MOVE:0
[2026-09-10 22:26:01.221] [RX] PITCH:-0.22,PID_OUT:129.31,INT:0.0118,EL:-1441,ER:-3923,VEL:190.3,MOT:1,TILT:25.0,TRIM:0.000,ATE:0,LATCH:0,TORQ:1,CR:0.0,FX1:1.00,FY1:-151.10,FX2:-6.00,FY2:-149.60,IK1:1,IK2:1,MOVE:0
[2026-09-10 22:26:01.224] [RX] AX12:MODE:0,TQ:1,TL:1023,CM:1,CS:4,MS:0,MT:800
[2026-09-10 22:26:01.312] [RX] PITCH:-0.35,PID_OUT:110.94,INT:0.1829,EL:-1433,ER:-3946,VEL:167.0,MOT:1,TILT:25.0,TRIM:0.000,ATE:0,LATCH:0,TORQ:1,CR:0.0,FX1:1.00,FY1:-151.10,FX2:-6.00,FY2:-149.60,IK1:1,IK2:1,MOVE:0
[2026-09-10 22:26:01.413] [RX] PITCH:0.33,PID_OUT:83.40,INT:0.2306,EL:-1416,ER:-3977,VEL:235.7,MOT:1,TILT:25.0,TRIM:0.000,ATE:0,LATCH:0,TORQ:1,CR:0.0,FX1:1.00,FY1:-151.10,FX2:-6.00,FY2:-149.60,IK1:1,IK2:1,MOVE:0
[2026-09-10 22:26:01.510] [RX] PITCH:0.67,PID_OUT:94.37,INT:0.2306,EL:-1397,ER:-4008,VEL:254.6,MOT:1,TILT:25.0,TRIM:0.000,ATE:0,LATCH:0,TORQ:1,CR:0.0,FX1:1.00,FY1:-151.10,FX2:-6.00,FY2:-149.60,IK1:1,IK2:1,MOVE:0
[2026-09-10 22:26:01.610] [RX] PITCH:0.42,PID_OUT:111.17,INT:0.2306,EL:-1376,ER:-4041,VEL:274.1,MOT:1,TILT:25.0,TRIM:0.000,ATE:0,LATCH:0,TORQ:1,CR:0.0,FX1:1.00,FY1:-151.10,FX2:-6.00,FY2:-149.60,IK1:1,IK2:1,MOVE:0
[2026-09-10 22:26:01.716] [RX] PITCH:0.37,PID_OUT:104.91,INT:0.2306,EL:-1350,ER:-4076,VEL:299.0,MOT:1,TILT:25.0,TRIM:0.000,ATE:0,LATCH:0,TORQ:1,CR:0.0,FX1:1.00,FY1:-151.10,FX2:-6.00,FY2:-149.60,IK1:1,IK2:1,MOVE:0
[2026-09-10 22:26:01.722] [RX] AX12:MODE:0,TQ:1,TL:1023,CM:1,CS:4,MS:0,MT:800
[2026-09-10 22:26:01.813] [RX] PITCH:0.44,PID_OUT:98.19,INT:0.2306,EL:-1319,ER:-4118,VEL:364.5,MOT:1,TILT:25.0,TRIM:0.000,ATE:0,LATCH:0,TORQ:1,CR:0.0,FX1:1.00,FY1:-151.10,FX2:-6.00,FY2:-149.60,IK1:1,IK2:1,MOVE:0
[2026-09-10 22:26:01.815] [RX] SRV:0,38,6.3,0,1
[2026-09-10 22:26:01.911] [RX] PITCH:0.20,PID_OUT:105.67,INT:0.2306,EL:-1284,ER:-4159,VEL:380.7,MOT:1,TILT:25.0,TRIM:0.000,ATE:0,LATCH:0,TORQ:1,CR:0.0,FX1:1.00,FY1:-151.10,FX2:-6.00,FY2:-149.60,IK1:1,IK2:1,MOVE:0
[2026-09-10 22:26:02.011] [RX] PITCH:0.41,PID_OUT:117.13,INT:0.2306,EL:-1245,ER:-4205,VEL:416.1,MOT:1,TILT:25.0,TRIM:0.000,ATE:0,LATCH:0,TORQ:1,CR:0.0,FX1:1.00,FY1:-151.10,FX2:-6.00,FY2:-149.60,IK1:1,IK2:1,MOVE:0
[2026-09-10 22:26:02.109] [RX] PITCH:0.19,PID_OUT:141.00,INT:0.2306,EL:-1204,ER:-4251,VEL:434.3,MOT:1,TILT:25.0,TRIM:0.000,ATE:0,LATCH:0,TORQ:1,CR:0.0,FX1:1.00,FY1:-151.10,FX2:-6.00,FY2:-149.60,IK1:1,IK2:1,MOVE:0
[2026-09-10 22:26:02.218] [RX] PITCH:-0.24,PID_OUT:136.12,INT:0.2306,EL:-1158,ER:-4294,VEL:441.3,MOT:1,TILT:25.0,TRIM:0.000,ATE:0,LATCH:0,TORQ:1,CR:0.0,FX1:1.00,FY1:-151.10,FX2:-6.00,FY2:-149.60,IK1:1,IK2:1,MOVE:0
[2026-09-10 22:26:02.222] [RX] AX12:MODE:0,TQ:1,TL:1023,CM:1,CS:4,MS:0,MT:800
[2026-09-10 22:26:02.310] [RX] PITCH:-0.51,PID_OUT:133.19,INT:0.2306,EL:-1107,ER:-4339,VEL:481.3,MOT:1,TILT:25.0,TRIM:0.000,ATE:0,LATCH:0,TORQ:1,CR:0.0,FX1:1.00,FY1:-151.10,FX2:-6.00,FY2:-149.60,IK1:1,IK2:1,MOVE:0
[2026-09-10 22:26:02.411] [RX] PITCH:-0.12,PID_OUT:135.68,INT:0.2306,EL:-1051,ER:-4388,VEL:520.5,MOT:1,TILT:25.0,TRIM:0.000,ATE:0,LATCH:0,TORQ:1,CR:0.0,FX1:1.00,FY1:-151.10,FX2:-6.00,FY2:-149.60,IK1:1,IK2:1,MOVE:0
[2026-09-10 22:26:02.509] [RX] PITCH:-0.42,PID_OUT:127.02,INT:0.2306,EL:-993,ER:-4440,VEL:550.0,MOT:1,TILT:25.0,TRIM:0.000,ATE:0,LATCH:0,TORQ:1,CR:0.0,FX1:1.00,FY1:-151.10,FX2:-6.00,FY2:-149.60,IK1:1,IK2:1,MOVE:0
[2026-09-10 22:26:02.611] [RX] PITCH:-0.38,PID_OUT:146.08,INT:0.2306,EL:-930,ER:-4499,VEL:599.1,MOT:1,TILT:25.0,TRIM:0.000,ATE:0,LATCH:0,TORQ:1,CR:0.0,FX1:1.00,FY1:-151.10,FX2:-6.00,FY2:-149.60,IK1:1,IK2:1,MOVE:0
[2026-09-10 22:26:02.719] [RX] PITCH:-2.45,PID_OUT:617.78,INT:0.2306,EL:-862,ER:-4556,VEL:606.0,MOT:1,TILT:25.0,TRIM:0.000,ATE:0,LATCH:0,TORQ:1,CR:0.0,FX1:1.00,FY1:-151.10,FX2:-6.00,FY2:-149.60,IK1:1,IK2:1,MOVE:0
[2026-09-10 22:26:02.719] [RX] AX12:MODE:0,TQ:1,TL:1023,CM:1,CS:4,MS:0,MT:800
[2026-09-10 22:26:02.812] [RX] PITCH:-7.21,PID_OUT:2.12,INT:0.2306,EL:-763,ER:-4630,VEL:858.8,MOT:1,TILT:25.0,TRIM:0.000,ATE:0,LATCH:0,TORQ:1,CR:0.0,FX1:1.00,FY1:-151.10,FX2:-6.00,FY2:-149.60,IK1:1,IK2:1,MOVE:0
[2026-09-10 22:26:02.812] [RX] SRV:14,37,10.9,0,0
[2026-09-10 22:26:02.910] [RX] PITCH:9.55,PID_OUT:-844.26,INT:-0.0470,EL:-739,ER:-4646,VEL:146.8,MOT:1,TILT:25.0,TRIM:0.000,ATE:0,LATCH:0,TORQ:1,CR:0.0,FX1:1.00,FY1:-151.10,FX2:-6.00,FY2:-149.60,IK1:1,IK2:1,MOVE:0
[2026-09-10 22:26:03.008] [RX] PITCH:8.04,PID_OUT:-152.46,INT:-0.2306,EL:-820,ER:-4586,VEL:-556.1,MOT:1,TILT:25.0,TRIM:0.000,ATE:0,LATCH:0,TORQ:1,CR:0.0,FX1:1.00,FY1:-151.10,FX2:-6.00,FY2:-149.60,IK1:1,IK2:1,MOVE:0
[2026-09-10 22:26:03.109] [RX] PITCH:1.33,PID_OUT:45.35,INT:-0.2306,EL:-882,ER:-4524,VEL:-589.8,MOT:1,TILT:25.0,TRIM:0.000,ATE:0,LATCH:0,TORQ:1,CR:0.0,FX1:1.00,FY1:-151.10,FX2:-6.00,FY2:-149.60,IK1:1,IK2:1,MOVE:0
[2026-09-10 22:26:03.219] [RX] PITCH:2.40,PID_OUT:-245.35,INT:-0.2306,EL:-929,ER:-4478,VEL:-508.2,MOT:1,TILT:25.0,TRIM:0.000,ATE:0,LATCH:0,TORQ:1,CR:0.0,FX1:1.00,FY1:-151.10,FX2:-6.00,FY2:-149.60,IK1:1,IK2:1,MOVE:0
[2026-09-10 22:26:03.220] [RX] AX12:MODE:0,TQ:1,TL:1023,CM:1,CS:4,MS:0,MT:800
[2026-09-10 22:26:03.310] [RX] PITCH:3.72,PID_OUT:-182.85,INT:-0.2306,EL:-992,ER:-4419,VEL:-604.8,MOT:1,TILT:25.0,TRIM:0.000,ATE:0,LATCH:0,TORQ:1,CR:0.0,FX1:1.00,FY1:-151.10,FX2:-6.00,FY2:-149.60,IK1:1,IK2:1,MOVE:0
[2026-09-10 22:26:03.410] [RX] PITCH:5.89,PID_OUT:-182.38,INT:-0.2306,EL:-1072,ER:-4348,VEL:-736.2,MOT:1,TILT:25.0,TRIM:0.000,ATE:0,LATCH:0,TORQ:1,CR:0.0,FX1:1.00,FY1:-151.10,FX2:-6.00,FY2:-149.60,IK1:1,IK2:1,MOVE:0
[2026-09-10 22:26:03.508] [RX] PITCH:5.52,PID_OUT:51.51,INT:-0.2306,EL:-1156,ER:-4275,VEL:-770.9,MOT:1,TILT:25.0,TRIM:0.000,ATE:0,LATCH:0,TORQ:1,CR:0.0,FX1:1.00,FY1:-151.10,FX2:-6.00,FY2:-149.60,IK1:1,IK2:1,MOVE:0
[2026-09-10 22:26:03.610] [RX] PITCH:1.53,PID_OUT:136.00,INT:-0.2306,EL:-1198,ER:-4244,VEL:-371.2,MOT:1,TILT:25.0,TRIM:0.000,ATE:0,LATCH:0,TORQ:1,CR:0.0,FX1:1.00,FY1:-151.10,FX2:-6.00,FY2:-149.60,IK1:1,IK2:1,MOVE:0
[2026-09-10 22:26:03.717] [RX] PITCH:-1.23,PID_OUT:135.15,INT:-0.0869,EL:-1208,ER:-4245,VEL:-73.4,MOT:1,TILT:25.0,TRIM:0.000,ATE:0,LATCH:0,TORQ:1,CR:0.0,FX1:1.00,FY1:-151.10,FX2:-6.00,FY2:-149.60,IK1:1,IK2:1,MOVE:0
[2026-09-10 22:26:03.717] [RX] AX12:MODE:0,TQ:1,TL:1023,CM:1,CS:4,MS:0,MT:800
[2026-09-10 22:26:03.811] [RX] PITCH:-1.85,PID_OUT:226.10,INT:0.2306,EL:-1183,ER:-4275,VEL:241.7,MOT:1,TILT:25.0,TRIM:0.000,ATE:0,LATCH:0,TORQ:1,CR:0.0,FX1:1.00,FY1:-151.10,FX2:-6.00,FY2:-149.60,IK1:1,IK2:1,MOVE:0
[2026-09-10 22:26:03.811] [RX] SRV:1,39,0.0,0,0
[2026-09-10 22:26:03.906] [RX] PITCH:-0.65,PID_OUT:136.22,INT:0.2306,EL:-1142,ER:-4319,VEL:391.5,MOT:1,TILT:25.0,TRIM:0.000,ATE:0,LATCH:0,TORQ:1,CR:0.0,FX1:1.00,FY1:-151.10,FX2:-6.00,FY2:-149.60,IK1:1,IK2:1,MOVE:0
[2026-09-10 22:26:04.007] [RX] PITCH:-1.13,PID_OUT:172.55,INT:0.2306,EL:-1095,ER:-4366,VEL:464.8,MOT:1,TILT:25.0,TRIM:0.000,ATE:0,LATCH:0,TORQ:1,CR:0.0,FX1:1.00,FY1:-151.10,FX2:-6.00,FY2:-149.60,IK1:1,IK2:1,MOVE:0
[2026-09-10 22:26:04.109] [RX] PITCH:-1.82,PID_OUT:245.87,INT:0.2306,EL:-1037,ER:-4424,VEL:573.3,MOT:1,TILT:25.0,TRIM:0.000,ATE:0,LATCH:0,TORQ:1,CR:0.0,FX1:1.00,FY1:-151.10,FX2:-6.00,FY2:-149.60,IK1:1,IK2:1,MOVE:0
[2026-09-10 22:26:04.213] [RX] PITCH:-1.31,PID_OUT:201.76,INT:0.2306,EL:-964,ER:-4497,VEL:706.8,MOT:1,TILT:25.0,TRIM:0.000,ATE:0,LATCH:0,TORQ:1,CR:0.0,FX1:1.00,FY1:-151.10,FX2:-6.00,FY2:-149.60,IK1:1,IK2:1,MOVE:0
[2026-09-10 22:26:04.214] [RX] AX12:MODE:0,TQ:1,TL:1023,CM:1,CS:4,MS:0,MT:800
[2026-09-10 22:26:04.307] [RX] PITCH:-1.54,PID_OUT:216.39,INT:0.2306,EL:-881,ER:-4577,VEL:804.6,MOT:1,TILT:25.0,TRIM:0.000,ATE:0,LATCH:0,TORQ:1,CR:0.0,FX1:1.00,FY1:-151.10,FX2:-6.00,FY2:-149.60,IK1:1,IK2:1,MOVE:0
[2026-09-10 22:26:04.408] [RX] PITCH:8.46,PID_OUT:-802.09,INT:0.0786,EL:-829,ER:-4638,VEL:476.5,MOT:1,TILT:25.0,TRIM:0.000,ATE:0,LATCH:0,TORQ:1,CR:0.0,FX1:1.00,FY1:-151.10,FX2:-6.00,FY2:-149.60,IK1:1,IK2:1,MOVE:0
[2026-09-10 22:26:04.506] [RX] PITCH:11.52,PID_OUT:-514.05,INT:-0.2306,EL:-898,ER:-4601,VEL:-393.8,MOT:1,TILT:25.0,TRIM:0.000,ATE:0,LATCH:0,TORQ:1,CR:0.0,FX1:1.00,FY1:-151.10,FX2:-6.00,FY2:-149.60,IK1:1,IK2:1,MOVE:0
[2026-09-10 22:26:04.606] [RX] PITCH:3.63,PID_OUT:50.26,INT:-0.2306,EL:-1000,ER:-4524,VEL:-787.3,MOT:1,TILT:25.0,TRIM:0.000,ATE:0,LATCH:0,TORQ:1,CR:0.0,FX1:1.00,FY1:-151.10,FX2:-6.00,FY2:-149.60,IK1:1,IK2:1,MOVE:0
[2026-09-10 22:26:04.717] [RX] PITCH:0.04,PID_OUT:14.02,INT:-0.1715,EL:-1086,ER:-4462,VEL:-719.7,MOT:1,TILT:25.0,TRIM:0.000,ATE:0,LATCH:0,TORQ:1,CR:0.0,FX1:1.00,FY1:-151.10,FX2:-6.00,FY2:-149.60,IK1:1,IK2:1,MOVE:0
[2026-09-10 22:26:04.717] [RX] AX12:MODE:0,TQ:1,TL:1023,CM:1,CS:4,MS:0,MT:800
[2026-09-10 22:26:04.806] [RX] PITCH:0.71,PID_OUT:-50.68,INT:-0.0495,EL:-1154,ER:-4413,VEL:-606.2,MOT:1,TILT:25.0,TRIM:0.000,ATE:0,LATCH:0,TORQ:1,CR:0.0,FX1:1.00,FY1:-151.10,FX2:-6.00,FY2:-149.60,IK1:1,IK2:1,MOVE:0
[2026-09-10 22:26:04.809] [RX] SRV:6,38,0.0,0,0
[2026-09-10 22:26:04.907] [RX] PITCH:2.53,PID_OUT:-141.39,INT:-0.1032,EL:-1217,ER:-4363,VEL:-574.5,MOT:1,TILT:25.0,TRIM:0.000,ATE:0,LATCH:0,TORQ:1,CR:0.0,FX1:1.00,FY1:-151.10,FX2:-6.00,FY2:-149.60,IK1:1,IK2:1,MOVE:0
[2026-09-10 22:26:05.004] [RX] PITCH:2.42,PID_OUT:-95.24,INT:-0.2306,EL:-1287,ER:-4306,VEL:-629.1,MOT:1,TILT:25.0,TRIM:0.000,ATE:0,LATCH:0,TORQ:1,CR:0.0,FX1:1.00,FY1:-151.10,FX2:-6.00,FY2:-149.60,IK1:1,IK2:1,MOVE:0
[2026-09-10 22:26:05.105] [RX] PITCH:1.66,PID_OUT:-93.04,INT:-0.2306,EL:-1360,ER:-4246,VEL:-658.7,MOT:1,TILT:25.0,TRIM:0.000,ATE:0,LATCH:0,TORQ:1,CR:0.0,FX1:1.00,FY1:-151.10,FX2:-6.00,FY2:-149.60,IK1:1,IK2:1,MOVE:0
[2026-09-10 22:26:05.217] [RX] PITCH:2.20,PID_OUT:-122.67,INT:-0.2306,EL:-1431,ER:-4187,VEL:-651.6,MOT:1,TILT:25.0,TRIM:0.000,ATE:0,LATCH:0,TORQ:1,CR:0.0,FX1:1.00,FY1:-151.10,FX2:-6.00,FY2:-149.60,IK1:1,IK2:1,MOVE:0
[2026-09-10 22:26:05.217] [RX] AX12:MODE:0,TQ:1,TL:1023,CM:1,CS:4,MS:0,MT:800
[2026-09-10 22:26:05.306] [RX] PITCH:1.15,PID_OUT:-74.95,INT:-0.2285,EL:-1502,ER:-4126,VEL:-651.1,MOT:1,TILT:25.0,TRIM:0.000,ATE:0,LATCH:0,TORQ:1,CR:0.0,FX1:1.00,FY1:-151.10,FX2:-6.00,FY2:-149.60,IK1:1,IK2:1,MOVE:0
[2026-09-10 22:26:05.404] [RX] PITCH:2.19,PID_OUT:-126.54,INT:-0.2306,EL:-1571,ER:-4069,VEL:-634.8,MOT:1,TILT:25.0,TRIM:0.000,ATE:0,LATCH:0,TORQ:1,CR:0.0,FX1:1.00,FY1:-151.10,FX2:-6.00,FY2:-149.60,IK1:1,IK2:1,MOVE:0
[2026-09-10 22:26:05.505] [RX] PITCH:1.99,PID_OUT:-122.65,INT:-0.2306,EL:-1641,ER:-4010,VEL:-649.3,MOT:1,TILT:25.0,TRIM:0.000,ATE:0,LATCH:0,TORQ:1,CR:0.0,FX1:1.00,FY1:-151.10,FX2:-6.00,FY2:-149.60,IK1:1,IK2:1,MOVE:0
[2026-09-10 22:26:05.605] [RX] PITCH:1.90,PID_OUT:-114.39,INT:-0.2306,EL:-1712,ER:-3949,VEL:-657.3,MOT:1,TILT:25.0,TRIM:0.000,ATE:0,LATCH:0,TORQ:1,CR:0.0,FX1:1.00,FY1:-151.10,FX2:-6.00,FY2:-149.60,IK1:1,IK2:1,MOVE:0
[2026-09-10 22:26:05.720] [RX] PITCH:2.86,PID_OUT:-122.07,INT:-0.2306,EL:-1784,ER:-3885,VEL:-678.6,MOT:1,TILT:25.0,TRIM:0.000,ATE:0,LATCH:0,TORQ:1,CR:0.0,FX1:1.00,FY1:-151.10,FX2:-6.00,FY2:-149.60,IK1:1,IK2:1,MOVE:0
[2026-09-10 22:26:05.729] [RX] AX12:MODE:0,TQ:1,TL:1023,CM:1,CS:4,MS:0,MT:800
[2026-09-10 22:26:05.804] [RX] PITCH:2.17,PID_OUT:-117.96,INT:-0.2306,EL:-1859,ER:-3818,VEL:-708.7,MOT:1,TILT:25.0,TRIM:0.000,ATE:0,LATCH:0,TORQ:1,CR:0.0,FX1:1.00,FY1:-151.10,FX2:-6.00,FY2:-149.60,IK1:1,IK2:1,MOVE:0
[2026-09-10 22:26:05.807] [RX] SRV:0,39,6.3,0,0
[2026-09-10 22:26:05.904] [RX] PITCH:1.70,PID_OUT:-92.95,INT:-0.2306,EL:-1933,ER:-3751,VEL:-706.8,MOT:1,TILT:25.0,TRIM:0.000,ATE:0,LATCH:0,TORQ:1,CR:0.0,FX1:1.00,FY1:-151.10,FX2:-6.00,FY2:-149.60,IK1:1,IK2:1,MOVE:0
[2026-09-10 22:26:06.005] [RX] PITCH:1.92,PID_OUT:-121.95,INT:-0.2306,EL:-2006,ER:-3685,VEL:-699.2,MOT:1,TILT:25.0,TRIM:0.000,ATE:0,LATCH:0,TORQ:1,CR:0.0,FX1:1.00,FY1:-151.10,FX2:-6.00,FY2:-149.60,IK1:1,IK2:1,MOVE:0
[2026-09-10 22:26:06.103] [RX] PITCH:1.97,PID_OUT:-115.34,INT:-0.2306,EL:-2079,ER:-3618,VEL:-702.1,MOT:1,TILT:25.0,TRIM:0.000,ATE:0,LATCH:0,TORQ:1,CR:0.0,FX1:1.00,FY1:-151.10,FX2:-6.00,FY2:-149.60,IK1:1,IK2:1,MOVE:0
[2026-09-10 22:26:06.206] [RX] PITCH:2.93,PID_OUT:-142.26,INT:-0.2306,EL:-2154,ER:-3550,VEL:-715.0,MOT:1,TILT:25.0,TRIM:0.000,ATE:0,LATCH:0,TORQ:1,CR:0.0,FX1:1.00,FY1:-151.10,FX2:-6.00,FY2:-149.60,IK1:1,IK2:1,MOVE:0
[2026-09-10 22:26:06.213] [RX] AX12:MODE:0,TQ:1,TL:1023,CM:1,CS:4,MS:0,MT:800
[2026-09-10 22:26:06.304] [RX] PITCH:2.78,PID_OUT:-89.61,INT:-0.2306,EL:-2231,ER:-3478,VEL:-741.2,MOT:1,TILT:25.0,TRIM:0.000,ATE:0,LATCH:0,TORQ:1,CR:0.0,FX1:1.00,FY1:-151.10,FX2:-6.00,FY2:-149.60,IK1:1,IK2:1,MOVE:0
[2026-09-10 22:26:06.401] [RX] PITCH:1.19,PID_OUT:-17.93,INT:-0.2296,EL:-2308,ER:-3408,VEL:-730.1,MOT:1,TILT:25.0,TRIM:0.000,ATE:0,LATCH:0,TORQ:1,CR:0.0,FX1:1.00,FY1:-151.10,FX2:-6.00,FY2:-149.60,IK1:1,IK2:1,MOVE:0
[2026-09-10 22:26:06.503] [RX] PITCH:1.23,PID_OUT:3.34,INT:-0.1687,EL:-2378,ER:-3346,VEL:-665.2,MOT:1,TILT:25.0,TRIM:0.000,ATE:0,LATCH:0,TORQ:1,CR:0.0,FX1:1.00,FY1:-151.10,FX2:-6.00,FY2:-149.60,IK1:1,IK2:1,MOVE:0
[2026-09-10 22:26:06.604] [RX] PITCH:0.23,PID_OUT:82.59,INT:-0.1672,EL:-2443,ER:-3291,VEL:-598.7,MOT:1,TILT:25.0,TRIM:0.000,ATE:0,LATCH:0,TORQ:1,CR:0.0,FX1:1.00,FY1:-151.10,FX2:-6.00,FY2:-149.60,IK1:1,IK2:1,MOVE:0
[2026-09-10 22:26:06.708] [RX] PITCH:-0.84,PID_OUT:91.00,INT:0.0059,EL:-2488,ER:-3261,VEL:-402.9,MOT:1,TILT:25.0,TRIM:0.000,ATE:0,LATCH:0,TORQ:1,CR:0.0,FX1:1.00,FY1:-151.10,FX2:-6.00,FY2:-149.60,IK1:1,IK2:1,MOVE:0
[2026-09-10 22:26:06.711] [RX] AX12:MODE:0,TQ:1,TL:1023,CM:1,CS:4,MS:0,MT:800
[2026-09-10 22:26:06.807] [RX] PITCH:0.62,PID_OUT:-11.59,INT:0.1585,EL:-2514,ER:-3247,VEL:-229.8,MOT:1,TILT:25.0,TRIM:0.000,ATE:0,LATCH:0,TORQ:1,CR:0.0,FX1:1.00,FY1:-151.10,FX2:-6.00,FY2:-149.60,IK1:1,IK2:1,MOVE:0
[2026-09-10 22:26:06.809] [RX] SRV:14,37,0.0,0,0
[2026-09-10 22:26:06.903] [RX] PITCH:2.13,PID_OUT:-86.52,INT:0.1475,EL:-2541,ER:-3224,VEL:-257.2,MOT:1,TILT:25.0,TRIM:0.000,ATE:0,LATCH:0,TORQ:1,CR:0.0,FX1:1.00,FY1:-151.10,FX2:-6.00,FY2:-149.60,IK1:1,IK2:1,MOVE:0
[2026-09-10 22:26:07.001] [RX] PITCH:4.11,PID_OUT:-200.31,INT:0.0032,EL:-2579,ER:-3201,VEL:-285.0,MOT:1,TILT:25.0,TRIM:0.000,ATE:0,LATCH:0,TORQ:1,CR:0.0,FX1:1.00,FY1:-151.10,FX2:-6.00,FY2:-149.60,IK1:1,IK2:1,MOVE:0
[2026-09-10 22:26:07.102] [RX] PITCH:2.67,PID_OUT:137.45,INT:-0.2306,EL:-2624,ER:-3193,VEL:-261.1,MOT:1,TILT:25.0,TRIM:0.000,ATE:0,LATCH:0,TORQ:1,CR:0.0,FX1:1.00,FY1:-151.10,FX2:-6.00,FY2:-149.60,IK1:1,IK2:1,MOVE:0
[2026-09-10 22:26:07.208] [RX] PITCH:-2.21,PID_OUT:223.24,INT:-0.0066,EL:-2635,ER:-3207,VEL:1.8,MOT:1,TILT:25.0,TRIM:0.000,ATE:0,LATCH:0,TORQ:1,CR:0.0,FX1:1.00,FY1:-151.10,FX2:-6.00,FY2:-149.60,IK1:1,IK2:1,MOVE:0
[2026-09-10 22:26:07.211] [RX] AX12:MODE:0,TQ:1,TL:1023,CM:1,CS:4,MS:0,MT:800
[2026-09-10 22:26:07.301] [RX] PITCH:-1.09,PID_OUT:95.08,INT:0.2306,EL:-2610,ER:-3242,VEL:259.7,MOT:1,TILT:25.0,TRIM:0.000,ATE:0,LATCH:0,TORQ:1,CR:0.0,FX1:1.00,FY1:-151.10,FX2:-6.00,FY2:-149.60,IK1:1,IK2:1,MOVE:0
[2026-09-10 22:26:07.404] [RX] PITCH:-1.30,PID_OUT:172.65,INT:0.2306,EL:-2575,ER:-3284,VEL:363.8,MOT:1,TILT:25.0,TRIM:0.000,ATE:0,LATCH:0,TORQ:1,CR:0.0,FX1:1.00,FY1:-151.10,FX2:-6.00,FY2:-149.60,IK1:1,IK2:1,MOVE:0
[2026-09-10 22:26:07.503] [RX] PITCH:-0.82,PID_OUT:165.41,INT:0.2306,EL:-2527,ER:-3335,VEL:474.4,MOT:1,TILT:25.0,TRIM:0.000,ATE:0,LATCH:0,TORQ:1,CR:0.0,FX1:1.00,FY1:-151.10,FX2:-6.00,FY2:-149.60,IK1:1,IK2:1,MOVE:0
[2026-09-10 22:26:07.599] [RX] PITCH:-0.72,PID_OUT:158.82,INT:0.2306,EL:-2472,ER:-3395,VEL:570.4,MOT:1,TILT:25.0,TRIM:0.000,ATE:0,LATCH:0,TORQ:1,CR:0.0,FX1:1.00,FY1:-151.10,FX2:-6.00,FY2:-149.60,IK1:1,IK2:1,MOVE:0
[2026-09-10 22:26:07.710] [RX] PITCH:-1.05,PID_OUT:215.16,INT:0.2306,EL:-2406,ER:-3461,VEL:657.8,MOT:1,TILT:25.0,TRIM:0.000,ATE:0,LATCH:0,TORQ:1,CR:0.0,FX1:1.00,FY1:-151.10,FX2:-6.00,FY2:-149.60,IK1:1,IK2:1,MOVE:0
[2026-09-10 22:26:07.711] [RX] AX12:MODE:0,TQ:1,TL:1023,CM:1,CS:4,MS:0,MT:800
[2026-09-10 22:26:07.801] [RX] PITCH:-1.85,PID_OUT:189.78,INT:0.2306,EL:-2331,ER:-3537,VEL:743.9,MOT:1,TILT:25.0,TRIM:0.000,ATE:0,LATCH:0,TORQ:1,CR:0.0,FX1:1.00,FY1:-151.10,FX2:-6.00,FY2:-149.60,IK1:1,IK2:1,MOVE:0
[2026-09-10 22:26:07.803] [RX] SRV:1,40,6.3,0,0
[2026-09-10 22:26:07.899] [RX] PITCH:-3.50,PID_OUT:225.28,INT:0.2306,EL:-2245,ER:-3623,VEL:849.1,MOT:1,TILT:25.0,TRIM:0.000,ATE:0,LATCH:0,TORQ:1,CR:0.0,FX1:1.00,FY1:-151.10,FX2:-6.00,FY2:-149.60,IK1:1,IK2:1,MOVE:0
[2026-09-10 22:26:08.001] [RX] PITCH:-2.79,PID_OUT:108.61,INT:0.2306,EL:-2154,ER:-3717,VEL:907.5,MOT:1,TILT:25.0,TRIM:0.000,ATE:0,LATCH:0,TORQ:1,CR:0.0,FX1:1.00,FY1:-151.10,FX2:-6.00,FY2:-149.60,IK1:1,IK2:1,MOVE:0
[2026-09-10 22:26:08.096] [RX] PITCH:-3.39,PID_OUT:345.12,INT:0.2306,EL:-2093,ER:-3815,VEL:781.7,MOT:1,TILT:25.0,TRIM:0.000,ATE:0,LATCH:0,TORQ:1,CR:0.0,FX1:1.00,FY1:-151.10,FX2:-6.00,FY2:-149.60,IK1:1,IK2:1,MOVE:0
[2026-09-10 22:26:08.209] [RX] PITCH:-1.56,PID_OUT:-432.56,INT:0.2306,EL:-2011,ER:-3933,VEL:958.1,MOT:1,TILT:25.0,TRIM:0.000,ATE:0,LATCH:0,TORQ:1,CR:0.0,FX1:1.00,FY1:-151.10,FX2:-6.00,FY2:-149.60,IK1:1,IK2:1,MOVE:0
[2026-09-10 22:26:08.212] [RX] AX12:MODE:0,TQ:1,TL:1023,CM:1,CS:4,MS:0,MT:800
[2026-09-10 22:26:08.299] [RX] PITCH:1.53,PID_OUT:-161.63,INT:0.1175,EL:-2027,ER:-3990,VEL:321.3,MOT:1,TILT:25.0,TRIM:0.000,ATE:0,LATCH:0,TORQ:1,CR:0.0,FX1:1.00,FY1:-151.10,FX2:-6.00,FY2:-149.60,IK1:1,IK2:1,MOVE:0
[2026-09-10 22:26:08.400] [RX] PITCH:4.08,PID_OUT:-16.44,INT:-0.0630,EL:-2055,ER:-4014,VEL:17.9,MOT:1,TILT:25.0,TRIM:0.000,ATE:0,LATCH:0,TORQ:1,CR:0.0,FX1:1.00,FY1:-151.10,FX2:-6.00,FY2:-149.60,IK1:1,IK2:1,MOVE:0
[2026-09-10 22:26:08.499] [RX] PITCH:2.68,PID_OUT:-130.89,INT:-0.2281,EL:-2088,ER:-4013,VEL:-136.5,MOT:1,TILT:25.0,TRIM:0.000,ATE:0,LATCH:0,TORQ:1,CR:0.0,FX1:1.00,FY1:-151.10,FX2:-6.00,FY2:-149.60,IK1:1,IK2:1,MOVE:0
[2026-09-10 22:26:08.600] [RX] PITCH:2.95,PID_OUT:-150.08,INT:-0.2306,EL:-2123,ER:-4007,VEL:-201.9,MOT:1,TILT:25.0,TRIM:0.000,ATE:0,LATCH:0,TORQ:1,CR:0.0,FX1:1.00,FY1:-151.10,FX2:-6.00,FY2:-149.60,IK1:1,IK2:1,MOVE:0
[2026-09-10 22:26:08.702] [RX] PITCH:2.40,PID_OUT:-130.06,INT:-0.2306,EL:-2163,ER:-3991,VEL:-272.6,MOT:1,TILT:25.0,TRIM:0.000,ATE:0,LATCH:0,TORQ:1,CR:0.0,FX1:1.00,FY1:-151.10,FX2:-6.00,FY2:-149.60,IK1:1,IK2:1,MOVE:0
[2026-09-10 22:26:08.710] [RX] AX12:MODE:0,TQ:1,TL:1023,CM:1,CS:4,MS:0,MT:800
[2026-09-10 22:26:08.800] [RX] PITCH:2.59,PID_OUT:-149.58,INT:-0.2306,EL:-2205,ER:-3968,VEL:-319.2,MOT:1,TILT:25.0,TRIM:0.000,ATE:0,LATCH:0,TORQ:1,CR:0.0,FX1:1.00,FY1:-151.10,FX2:-6.00,FY2:-149.60,IK1:1,IK2:1,MOVE:0
[2026-09-10 22:26:08.802] [RX] SRV:6,38,0.0,0,0
[2026-09-10 22:26:08.898] [RX] PITCH:2.96,PID_OUT:-136.80,INT:-0.2306,EL:-2253,ER:-3936,VEL:-392.1,MOT:1,TILT:25.0,TRIM:0.000,ATE:0,LATCH:0,TORQ:1,CR:0.0,FX1:1.00,FY1:-151.10,FX2:-6.00,FY2:-149.60,IK1:1,IK2:1,MOVE:0
[2026-09-10 22:26:08.998] [RX] PITCH:3.33,PID_OUT:-149.89,INT:-0.2306,EL:-2308,ER:-3898,VEL:-456.5,MOT:1,TILT:25.0,TRIM:0.000,ATE:0,LATCH:0,TORQ:1,CR:0.0,FX1:1.00,FY1:-151.10,FX2:-6.00,FY2:-149.60,IK1:1,IK2:1,MOVE:0
[2026-09-10 22:26:09.095] [RX] PITCH:2.71,PID_OUT:-130.77,INT:-0.2306,EL:-2370,ER:-3853,VEL:-517.3,MOT:1,TILT:25.0,TRIM:0.000,ATE:0,LATCH:0,TORQ:1,CR:0.0,FX1:1.00,FY1:-151.10,FX2:-6.00,FY2:-149.60,IK1:1,IK2:1,MOVE:0
[2026-09-10 22:26:09.207] [RX] PITCH:2.39,PID_OUT:-113.96,INT:-0.2306,EL:-2435,ER:-3805,VEL:-557.9,MOT:1,TILT:25.0,TRIM:0.000,ATE:0,LATCH:0,TORQ:1,CR:0.0,FX1:1.00,FY1:-151.10,FX2:-6.00,FY2:-149.60,IK1:1,IK2:1,MOVE:0
[2026-09-10 22:26:09.210] [RX] AX12:MODE:0,TQ:1,TL:1023,CM:1,CS:4,MS:0,MT:800
[2026-09-10 22:26:09.298] [RX] PITCH:3.92,PID_OUT:-144.64,INT:-0.2306,EL:-2502,ER:-3754,VEL:-588.8,MOT:1,TILT:25.0,TRIM:0.000,ATE:0,LATCH:0,TORQ:1,CR:0.0,FX1:1.00,FY1:-151.10,FX2:-6.00,FY2:-149.60,IK1:1,IK2:1,MOVE:0
[2026-09-10 22:26:09.397] [RX] PITCH:2.11,PID_OUT:22.41,INT:-0.2306,EL:-2571,ER:-3700,VEL:-599.1,MOT:1,TILT:25.0,TRIM:0.000,ATE:0,LATCH:0,TORQ:1,CR:0.0,FX1:1.00,FY1:-151.10,FX2:-6.00,FY2:-149.60,IK1:1,IK2:1,MOVE:0
[2026-09-10 22:26:09.496] [RX] PITCH:-0.45,PID_OUT:60.67,INT:-0.1202,EL:-2629,ER:-3657,VEL:-504.1,MOT:1,TILT:25.0,TRIM:0.000,ATE:0,LATCH:0,TORQ:1,CR:0.0,FX1:1.00,FY1:-151.10,FX2:-6.00,FY2:-149.60,IK1:1,IK2:1,MOVE:0
[2026-09-10 22:26:09.598] [RX] PITCH:0.79,PID_OUT:-38.48,INT:-0.0029,EL:-2671,ER:-3632,VEL:-367.6,MOT:1,TILT:25.0,TRIM:0.000,ATE:0,LATCH:0,TORQ:1,CR:0.0,FX1:1.00,FY1:-151.10,FX2:-6.00,FY2:-149.60,IK1:1,IK2:1,MOVE:0
[2026-09-10 22:26:09.702] [RX] PITCH:2.27,PID_OUT:-107.54,INT:-0.0363,EL:-2711,ER:-3603,VEL:-348.4,MOT:1,TILT:25.0,TRIM:0.000,ATE:0,LATCH:0,TORQ:1,CR:0.0,FX1:1.00,FY1:-151.10,FX2:-6.00,FY2:-149.60,IK1:1,IK2:1,MOVE:0
[2026-09-10 22:26:09.713] [RX] AX12:MODE:0,TQ:1,TL:1023,CM:1,CS:4,MS:0,MT:800
[2026-09-10 22:26:09.801] [RX] PITCH:2.51,PID_OUT:-110.07,INT:-0.1632,EL:-2756,ER:-3568,VEL:-397.4,MOT:1,TILT:25.0,TRIM:0.000,ATE:0,LATCH:0,TORQ:1,CR:0.0,FX1:1.00,FY1:-151.10,FX2:-6.00,FY2:-149.60,IK1:1,IK2:1,MOVE:0
[2026-09-10 22:26:09.801] [RX] SRV:0,39,0.0,0,0
[2026-09-10 22:26:09.902] [RX] PITCH:1.62,PID_OUT:-71.07,INT:-0.2301,EL:-2801,ER:-3530,VEL:-413.0,MOT:1,TILT:25.0,TRIM:0.000,ATE:0,LATCH:0,TORQ:1,CR:0.0,FX1:1.00,FY1:-151.10,FX2:-6.00,FY2:-149.60,IK1:1,IK2:1,MOVE:0
[2026-09-10 22:26:09.995] [RX] PITCH:1.17,PID_OUT:-57.62,INT:-0.2227,EL:-2843,ER:-3494,VEL:-392.3,MOT:1,TILT:25.0,TRIM:0.000,ATE:0,LATCH:0,TORQ:1,CR:0.0,FX1:1.00,FY1:-151.10,FX2:-6.00,FY2:-149.60,IK1:1,IK2:1,MOVE:0
[2026-09-10 22:26:10.096] [RX] PITCH:1.23,PID_OUT:-71.98,INT:-0.2195,EL:-2882,ER:-3459,VEL:-374.6,MOT:1,TILT:25.0,TRIM:0.000,ATE:0,LATCH:0,TORQ:1,CR:0.0,FX1:1.00,FY1:-151.10,FX2:-6.00,FY2:-149.60,IK1:1,IK2:1,MOVE:0
[2026-09-10 22:26:10.201] [RX] PITCH:1.30,PID_OUT:-67.19,INT:-0.2207,EL:-2923,ER:-3426,VEL:-370.1,MOT:1,TILT:25.0,TRIM:0.000,ATE:0,LATCH:0,TORQ:1,CR:0.0,FX1:1.00,FY1:-151.10,FX2:-6.00,FY2:-149.60,IK1:1,IK2:1,MOVE:0
[2026-09-10 22:26:10.209] [RX] AX12:MODE:0,TQ:1,TL:1023,CM:1,CS:4,MS:0,MT:800
[2026-09-10 22:26:10.295] [RX] PITCH:1.12,PID_OUT:-64.36,INT:-0.2125,EL:-2962,ER:-3393,VEL:-360.9,MOT:1,TILT:25.0,TRIM:0.000,ATE:0,LATCH:0,TORQ:1,CR:0.0,FX1:1.00,FY1:-151.10,FX2:-6.00,FY2:-149.60,IK1:1,IK2:1,MOVE:0
[2026-09-10 22:26:10.397] [RX] PITCH:1.20,PID_OUT:-66.61,INT:-0.1995,EL:-2999,ER:-3361,VEL:-348.8,MOT:1,TILT:25.0,TRIM:0.000,ATE:0,LATCH:0,TORQ:1,CR:0.0,FX1:1.00,FY1:-151.10,FX2:-6.00,FY2:-149.60,IK1:1,IK2:1,MOVE:0
[2026-09-10 22:26:10.495] [RX] PITCH:1.35,PID_OUT:-68.15,INT:-0.1943,EL:-3037,ER:-3331,VEL:-338.9,MOT:1,TILT:25.0,TRIM:0.000,ATE:0,LATCH:0,TORQ:1,CR:0.0,FX1:1.00,FY1:-151.10,FX2:-6.00,FY2:-149.60,IK1:1,IK2:1,MOVE:0
[2026-09-10 22:26:10.595] [RX] PITCH:1.50,PID_OUT:-75.04,INT:-0.2084,EL:-3078,ER:-3301,VEL:-353.3,MOT:1,TILT:25.0,TRIM:0.000,ATE:0,LATCH:0,TORQ:1,CR:0.0,FX1:1.00,FY1:-151.10,FX2:-6.00,FY2:-149.60,IK1:1,IK2:1,MOVE:0
[2026-09-10 22:26:10.700] [RX] PITCH:1.30,PID_OUT:-67.38,INT:-0.2285,EL:-3118,ER:-3270,VEL:-356.2,MOT:1,TILT:25.0,TRIM:0.000,ATE:0,LATCH:0,TORQ:1,CR:0.0,FX1:1.00,FY1:-151.10,FX2:-6.00,FY2:-149.60,IK1:1,IK2:1,MOVE:0
[2026-09-10 22:26:10.707] [RX] AX12:MODE:0,TQ:1,TL:1023,CM:1,CS:4,MS:0,MT:800
[2026-09-10 22:26:10.803] [RX] PITCH:1.07,PID_OUT:-50.09,INT:-0.2224,EL:-3156,ER:-3240,VEL:-338.0,MOT:1,TILT:25.0,TRIM:0.000,ATE:0,LATCH:0,TORQ:1,CR:0.0,FX1:1.00,FY1:-151.10,FX2:-6.00,FY2:-149.60,IK1:1,IK2:1,MOVE:0
[2026-09-10 22:26:10.803] [RX] SRV:14,37,0.0,0,0
[2026-09-10 22:26:10.897] [RX] PITCH:1.36,PID_OUT:-69.26,INT:-0.2159,EL:-3193,ER:-3212,VEL:-325.7,MOT:1,TILT:25.0,TRIM:0.000,ATE:0,LATCH:0,TORQ:1,CR:0.0,FX1:1.00,FY1:-151.10,FX2:-6.00,FY2:-149.60,IK1:1,IK2:1,MOVE:0
[2026-09-10 22:26:10.995] [RX] PITCH:1.19,PID_OUT:-51.69,INT:-0.2162,EL:-3233,ER:-3186,VEL:-333.1,MOT:1,TILT:25.0,TRIM:0.000,ATE:0,LATCH:0,TORQ:1,CR:0.0,FX1:1.00,FY1:-151.10,FX2:-6.00,FY2:-149.60,IK1:1,IK2:1,MOVE:0
[2026-09-10 22:26:11.094] [RX] PITCH:1.23,PID_OUT:-60.22,INT:-0.2067,EL:-3271,ER:-3163,VEL:-307.6,MOT:1,TILT:25.0,TRIM:0.000,ATE:0,LATCH:0,TORQ:1,CR:0.0,FX1:1.00,FY1:-151.10,FX2:-6.00,FY2:-149.60,IK1:1,IK2:1,MOVE:0
[2026-09-10 22:26:11.199] [RX] PITCH:1.26,PID_OUT:-53.43,INT:-0.2043,EL:-3309,ER:-3141,VEL:-302.3,MOT:1,TILT:25.0,TRIM:0.000,ATE:0,LATCH:0,TORQ:1,CR:0.0,FX1:1.00,FY1:-151.10,FX2:-6.00,FY2:-149.60,IK1:1,IK2:1,MOVE:0
[2026-09-10 22:26:11.207] [RX] AX12:MODE:0,TQ:1,TL:1023,CM:1,CS:4,MS:0,MT:800
[2026-09-10 22:26:11.294] [RX] PITCH:1.08,PID_OUT:-50.34,INT:-0.1879,EL:-3342,ER:-3122,VEL:-267.0,MOT:1,TILT:25.0,TRIM:0.000,ATE:0,LATCH:0,TORQ:1,CR:0.0,FX1:1.00,FY1:-151.10,FX2:-6.00,FY2:-149.60,IK1:1,IK2:1,MOVE:0
[2026-09-10 22:26:11.394] [RX] PITCH:0.97,PID_OUT:-38.93,INT:-0.1564,EL:-3377,ER:-3105,VEL:-258.5,MOT:1,TILT:25.0,TRIM:0.000,ATE:0,LATCH:0,TORQ:1,CR:0.0,FX1:1.00,FY1:-151.10,FX2:-6.00,FY2:-149.60,IK1:1,IK2:1,MOVE:0
[2026-09-10 22:26:11.493] [RX] PITCH:1.18,PID_OUT:-42.10,INT:-0.1360,EL:-3418,ER:-3091,VEL:-283.9,MOT:1,TILT:25.0,TRIM:0.000,ATE:0,LATCH:0,TORQ:1,CR:0.0,FX1:1.00,FY1:-151.10,FX2:-6.00,FY2:-149.60,IK1:1,IK2:1,MOVE:0
[2026-09-10 22:26:11.595] [RX] PITCH:1.36,PID_OUT:-53.91,INT:-0.1317,EL:-3449,ER:-3078,VEL:-228.9,MOT:1,TILT:25.0,TRIM:0.000,ATE:0,LATCH:0,TORQ:1,CR:0.0,FX1:1.00,FY1:-151.10,FX2:-6.00,FY2:-149.60,IK1:1,IK2:1,MOVE:0
[2026-09-10 22:26:11.694] [RX] PITCH:3.43,PID_OUT:30.66,INT:-0.2306,EL:-3461,ER:-3064,VEL:-129.6,MOT:1,TILT:25.0,TRIM:0.000,ATE:0,LATCH:0,TORQ:1,CR:0.0,FX1:1.00,FY1:-151.10,FX2:-6.00,FY2:-149.60,IK1:1,IK2:1,MOVE:0
[2026-09-10 22:26:11.701] [RX] AX12:MODE:0,TQ:1,TL:1023,CM:1,CS:4,MS:0,MT:800
[2026-09-10 22:26:11.798] [RX] PITCH:-2.00,PID_OUT:175.59,INT:-0.0615,EL:-3453,ER:-3069,VEL:41.5,MOT:1,TILT:25.0,TRIM:0.000,ATE:0,LATCH:0,TORQ:1,CR:0.0,FX1:1.00,FY1:-151.10,FX2:-6.00,FY2:-149.60,IK1:1,IK2:1,MOVE:0
[2026-09-10 22:26:11.798] [RX] SRV:1,40,6.3,0,1
[2026-09-10 22:26:11.895] [RX] PITCH:-1.55,PID_OUT:160.82,INT:0.2306,EL:-3420,ER:-3104,VEL:293.9,MOT:1,TILT:25.0,TRIM:0.000,ATE:0,LATCH:0,TORQ:1,CR:0.0,FX1:1.00,FY1:-151.10,FX2:-6.00,FY2:-149.60,IK1:1,IK2:1,MOVE:0
[2026-09-10 22:26:11.997] [RX] PITCH:-0.42,PID_OUT:140.43,INT:0.2306,EL:-3376,ER:-3149,VEL:416.2,MOT:1,TILT:25.0,TRIM:0.000,ATE:0,LATCH:0,TORQ:1,CR:0.0,FX1:1.00,FY1:-151.10,FX2:-6.00,FY2:-149.60,IK1:1,IK2:1,MOVE:0
[2026-09-10 22:26:12.092] [RX] PITCH:-0.55,PID_OUT:163.20,INT:0.2306,EL:-3329,ER:-3193,VEL:452.5,MOT:1,TILT:25.0,TRIM:0.000,ATE:0,LATCH:0,TORQ:1,CR:0.0,FX1:1.00,FY1:-151.10,FX2:-6.00,FY2:-149.60,IK1:1,IK2:1,MOVE:0
[2026-09-10 22:26:12.193] [RX] PITCH:-1.15,PID_OUT:195.28,INT:0.2306,EL:-3275,ER:-3248,VEL:542.0,MOT:1,TILT:25.0,TRIM:0.000,ATE:0,LATCH:0,TORQ:1,CR:0.0,FX1:1.00,FY1:-151.10,FX2:-6.00,FY2:-149.60,IK1:1,IK2:1,MOVE:0
[2026-09-10 22:26:12.202] [RX] AX12:MODE:0,TQ:1,TL:1023,CM:1,CS:4,MS:0,MT:800
[2026-09-10 22:26:12.294] [RX] PITCH:-1.27,PID_OUT:167.84,INT:0.2306,EL:-3211,ER:-3313,VEL:636.1,MOT:1,TILT:25.0,TRIM:0.000,ATE:0,LATCH:0,TORQ:1,CR:0.0,FX1:1.00,FY1:-151.10,FX2:-6.00,FY2:-149.60,IK1:1,IK2:1,MOVE:0
[2026-09-10 22:26:12.394] [RX] PITCH:-1.17,PID_OUT:194.29,INT:0.2306,EL:-3139,ER:-3386,VEL:715.2,MOT:1,TILT:25.0,TRIM:0.000,ATE:0,LATCH:0,TORQ:1,CR:0.0,FX1:1.00,FY1:-151.10,FX2:-6.00,FY2:-149.60,IK1:1,IK2:1,MOVE:0
[2026-09-10 22:26:12.493] [RX] PITCH:-0.93,PID_OUT:167.42,INT:0.2306,EL:-3060,ER:-3471,VEL:809.9,MOT:1,TILT:25.0,TRIM:0.000,ATE:0,LATCH:0,TORQ:1,CR:0.0,FX1:1.00,FY1:-151.10,FX2:-6.00,FY2:-149.60,IK1:1,IK2:1,MOVE:0
[2026-09-10 22:26:12.591] [RX] PITCH:-0.17,PID_OUT:214.33,INT:0.2306,EL:-2978,ER:-3554,VEL:823.1,MOT:1,TILT:25.0,TRIM:0.000,ATE:0,LATCH:0,TORQ:1,CR:0.0,FX1:1.00,FY1:-151.10,FX2:-6.00,FY2:-149.60,IK1:1,IK2:1,MOVE:0
[2026-09-10 22:26:12.697] [RX] PITCH:-1.92,PID_OUT:220.59,INT:0.2306,EL:-2888,ER:-3649,VEL:918.3,MOT:1,TILT:25.0,TRIM:0.000,ATE:0,LATCH:0,TORQ:1,CR:0.0,FX1:1.00,FY1:-151.10,FX2:-6.00,FY2:-149.60,IK1:1,IK2:1,MOVE:0
[2026-09-10 22:26:12.703] [RX] AX12:MODE:0,TQ:1,TL:1023,CM:1,CS:4,MS:0,MT:800
[2026-09-10 22:26:12.793] [RX] PITCH:-4.82,PID_OUT:528.90,INT:0.2306,EL:-2791,ER:-3757,VEL:1002.7,MOT:1,TILT:25.0,TRIM:0.000,ATE:0,LATCH:0,TORQ:1,CR:0.0,FX1:1.00,FY1:-151.10,FX2:-6.00,FY2:-149.60,IK1:1,IK2:1,MOVE:0
[2026-09-10 22:26:12.796] [RX] SRV:6,38,0.0,0,0
[2026-09-10 22:26:12.892] [RX] PITCH:-6.37,PID_OUT:528.17,INT:0.2306,EL:-2678,ER:-3878,VEL:1152.9,MOT:1,TILT:25.0,TRIM:0.000,ATE:0,LATCH:0,TORQ:1,CR:0.0,FX1:1.00,FY1:-151.10,FX2:-6.00,FY2:-149.60,IK1:1,IK2:1,MOVE:0
[2026-09-10 22:26:12.992] [RX] PITCH:-6.19,PID_OUT:510.10,INT:0.2306,EL:-2556,ER:-4009,VEL:1252.7,MOT:1,TILT:25.0,TRIM:0.000,ATE:0,LATCH:0,TORQ:1,CR:0.0,FX1:1.00,FY1:-151.10,FX2:-6.00,FY2:-149.60,IK1:1,IK2:1,MOVE:0
[2026-09-10 22:26:13.091] [RX] PITCH:-10.58,PID_OUT:949.04,INT:0.2306,EL:-2424,ER:-4144,VEL:1325.0,MOT:1,TILT:25.0,TRIM:0.000,ATE:0,LATCH:0,TORQ:1,CR:0.0,FX1:1.00,FY1:-151.10,FX2:-6.00,FY2:-149.60,IK1:1,IK2:1,MOVE:0
[2026-09-10 22:26:13.199] [RX] PITCH:-24.85,PID_OUT:1648.97,INT:0.2306,EL:-2293,ER:-4279,VEL:1325.5,MOT:1,TILT:25.0,TRIM:0.000,ATE:0,LATCH:0,TORQ:1,CR:0.0,FX1:1.00,FY1:-151.10,FX2:-6.00,FY2:-149.60,IK1:1,IK2:1,MOVE:0
[2026-09-10 22:26:13.205] [RX] AX12:MODE:0,TQ:1,TL:1023,CM:1,CS:4,MS:0,MT:800
[2026-09-10 22:26:13.205] [RX] SAFETY:CUTOFF
--------------------------------------------------------------------------------
[2026-09-10 22:26:13.205] [SYS] Session Stopped: SAFETY CUTOFF
Total Duration: 70.14s | Total Lines Captured: 922
================================================================================
