================================================================================
SERIAL MONITOR BACKUP LOG
Port: COM13 | Baud: 115200
Session Started: 2026-09-08 18:01:47
Trigger Reason: Motors ENABLED
Last IMU Calibration: Offset: -1.7055° (calibrated at 2026-09-08 18:00:40)
Active FW Parameters: pitchOffset=-1.7055, Kp=44.6, Ki=0.0, Kd=0.0, targetAngle=0.0, alpha=0.96, maxSafeTilt=25.0, Ki_trim=0.0015, crouchOffset=0.0, Kp_vel=0.076
================================================================================
[Timestamp]                [Dir]  Payload
--------------------------------------------------------------------------------
[2026-09-08 18:01:47.990] [RX] Motors ENABLED
[2026-09-08 18:01:48.043] [RX] PITCH:5.26,PID_OUT:-234.45,INT:0.0000,EL:0,ER:0,VEL:0.0,MOT:1,TILT:25.0,TRIM:0.000,ATE:1,LATCH:0,TORQ:1,CR:0.0,FX1:1.00,FY1:-151.10,FX2:-6.00,FY2:-149.60,IK1:1,IK2:1,MOVE:0
[2026-09-08 18:01:48.140] [RX] PITCH:0.77,PID_OUT:65.83,INT:0.0000,EL:-9,ER:8,VEL:-29.4,MOT:1,TILT:25.0,TRIM:2.245,ATE:1,LATCH:0,TORQ:1,CR:0.0,FX1:1.00,FY1:-151.10,FX2:-6.00,FY2:-149.60,IK1:1,IK2:1,MOVE:0
[2026-09-08 18:01:48.240] [RX] PITCH:0.32,PID_OUT:253.52,INT:0.0000,EL:-16,ER:11,VEL:-82.7,MOT:1,TILT:25.0,TRIM:6.000,ATE:1,LATCH:0,TORQ:1,CR:0.0,FX1:1.00,FY1:-151.10,FX2:-6.00,FY2:-149.60,IK1:1,IK2:1,MOVE:0
[2026-09-08 18:01:48.240] [RX] AX12:MODE:0,TQ:1,TL:1023,CM:1,CS:4,MS:0,MT:800
[2026-09-08 18:01:48.345] [RX] PITCH:2.03,PID_OUT:57.06,INT:0.0000,EL:-14,ER:8,VEL:-43.4,MOT:1,TILT:25.0,TRIM:3.308,ATE:1,LATCH:0,TORQ:1,CR:0.0,FX1:1.00,FY1:-151.10,FX2:-6.00,FY2:-149.60,IK1:1,IK2:1,MOVE:0
[2026-09-08 18:01:48.345] [RX] SRV:0,35,0.0,0,20
[2026-09-08 18:01:48.430] [RX] PITCH:1.06,PID_OUT:-113.46,INT:0.0000,EL:-14,ER:5,VEL:19.7,MOT:1,TILT:25.0,TRIM:-1.485,ATE:1,LATCH:0,TORQ:1,CR:0.0,FX1:1.00,FY1:-151.10,FX2:-6.00,FY2:-149.60,IK1:1,IK2:1,MOVE:0
[2026-09-08 18:01:48.542] [RX] PITCH:0.38,PID_OUT:16.89,INT:0.0000,EL:-17,ER:6,VEL:-9.7,MOT:1,TILT:25.0,TRIM:0.756,ATE:1,LATCH:0,TORQ:1,CR:0.0,FX1:1.00,FY1:-151.10,FX2:-6.00,FY2:-149.60,IK1:1,IK2:1,MOVE:0
[2026-09-08 18:01:48.644] [RX] PITCH:0.14,PID_OUT:1.00,INT:0.0000,EL:-17,ER:6,VEL:-1.9,MOT:1,TILT:25.0,TRIM:0.163,ATE:1,LATCH:0,TORQ:1,CR:0.0,FX1:1.00,FY1:-151.10,FX2:-6.00,FY2:-149.60,IK1:1,IK2:1,MOVE:0
[2026-09-08 18:01:48.752] [RX] PITCH:-0.31,PID_OUT:15.94,INT:0.0000,EL:-17,ER:6,VEL:-0.4,MOT:1,TILT:25.0,TRIM:0.046,ATE:1,LATCH:0,TORQ:1,CR:0.0,FX1:1.00,FY1:-151.10,FX2:-6.00,FY2:-149.60,IK1:1,IK2:1,MOVE:0
[2026-09-08 18:01:48.756] [RX] AX12:MODE:0,TQ:1,TL:1023,CM:1,CS:4,MS:0,MT:800
[2026-09-08 18:01:48.842] [RX] PITCH:-0.97,PID_OUT:44.34,INT:0.0000,EL:-17,ER:6,VEL:-0.1,MOT:1,TILT:25.0,TRIM:0.023,ATE:1,LATCH:0,TORQ:1,CR:0.0,FX1:1.00,FY1:-151.10,FX2:-6.00,FY2:-149.60,IK1:1,IK2:1,MOVE:0
[2026-09-08 18:01:48.946] [RX] PITCH:-1.90,PID_OUT:77.33,INT:0.0000,EL:-17,ER:5,VEL:2.4,MOT:1,TILT:25.0,TRIM:-0.165,ATE:1,LATCH:0,TORQ:1,CR:0.0,FX1:1.00,FY1:-151.10,FX2:-6.00,FY2:-149.60,IK1:1,IK2:1,MOVE:0
[2026-09-08 18:01:49.042] [RX] PITCH:-2.60,PID_OUT:54.78,INT:0.0000,EL:-16,ER:3,VEL:18.3,MOT:1,TILT:25.0,TRIM:-1.375,ATE:1,LATCH:0,TORQ:1,CR:0.0,FX1:1.00,FY1:-151.10,FX2:-6.00,FY2:-149.60,IK1:1,IK2:1,MOVE:0
[2026-09-08 18:01:49.147] [RX] PITCH:-2.21,PID_OUT:47.72,INT:0.0000,EL:-15,ER:1,VEL:15.2,MOT:1,TILT:25.0,TRIM:-1.140,ATE:1,LATCH:0,TORQ:1,CR:0.0,FX1:1.00,FY1:-151.10,FX2:-6.00,FY2:-149.60,IK1:1,IK2:1,MOVE:0
[2026-09-08 18:01:49.249] [RX] PITCH:-1.75,PID_OUT:68.45,INT:0.0000,EL:-15,ER:1,VEL:3.0,MOT:1,TILT:25.0,TRIM:-0.215,ATE:1,LATCH:0,TORQ:1,CR:0.0,FX1:1.00,FY1:-151.10,FX2:-6.00,FY2:-149.60,IK1:1,IK2:1,MOVE:0
[2026-09-08 18:01:49.256] [RX] AX12:MODE:0,TQ:1,TL:1023,CM:1,CS:4,MS:0,MT:800
[2026-09-08 18:01:49.353] [RX] PITCH:-0.91,PID_OUT:39.09,INT:0.0000,EL:-15,ER:1,VEL:0.6,MOT:1,TILT:25.0,TRIM:-0.033,ATE:1,LATCH:0,TORQ:1,CR:0.0,FX1:1.00,FY1:-151.10,FX2:-6.00,FY2:-149.60,IK1:1,IK2:1,MOVE:0
[2026-09-08 18:01:49.353] [RX] SRV:14,35,0.0,0,23
[2026-09-08 18:01:49.454] [RX] PITCH:0.32,PID_OUT:-14.07,INT:0.0000,EL:-15,ER:1,VEL:0.1,MOT:1,TILT:25.0,TRIM:0.003,ATE:1,LATCH:0,TORQ:1,CR:0.0,FX1:1.00,FY1:-151.10,FX2:-6.00,FY2:-149.60,IK1:1,IK2:1,MOVE:0
[2026-09-08 18:01:49.552] [RX] PITCH:1.62,PID_OUT:-50.06,INT:0.0000,EL:-16,ER:1,VEL:-6.4,MOT:1,TILT:25.0,TRIM:0.495,ATE:1,LATCH:0,TORQ:1,CR:0.0,FX1:1.00,FY1:-151.10,FX2:-6.00,FY2:-149.60,IK1:1,IK2:1,MOVE:0
[2026-09-08 18:01:49.654] [RX] PITCH:2.76,PID_OUT:-96.68,INT:0.0000,EL:-17,ER:2,VEL:-7.6,MOT:1,TILT:25.0,TRIM:0.591,ATE:1,LATCH:0,TORQ:1,CR:0.0,FX1:1.00,FY1:-151.10,FX2:-6.00,FY2:-149.60,IK1:1,IK2:1,MOVE:0
[2026-09-08 18:01:49.764] [RX] PITCH:3.20,PID_OUT:-56.77,INT:0.0000,EL:-19,ER:6,VEL:-25.2,MOT:1,TILT:25.0,TRIM:1.930,ATE:1,LATCH:0,TORQ:1,CR:0.0,FX1:1.00,FY1:-151.10,FX2:-6.00,FY2:-149.60,IK1:1,IK2:1,MOVE:0
[2026-09-08 18:01:49.764] [RX] AX12:MODE:0,TQ:1,TL:1023,CM:1,CS:4,MS:0,MT:800
[2026-09-08 18:01:49.848] [RX] PITCH:3.96,PID_OUT:-72.25,INT:0.0000,EL:-22,ER:8,VEL:-30.5,MOT:1,TILT:25.0,TRIM:2.339,ATE:1,LATCH:0,TORQ:1,CR:0.0,FX1:1.00,FY1:-151.10,FX2:-6.00,FY2:-149.60,IK1:1,IK2:1,MOVE:0
[2026-09-08 18:01:49.953] [RX] PITCH:3.96,PID_OUT:-59.97,INT:0.0000,EL:-27,ER:10,VEL:-34.0,MOT:1,TILT:25.0,TRIM:2.611,ATE:1,LATCH:0,TORQ:1,CR:0.0,FX1:1.00,FY1:-151.10,FX2:-6.00,FY2:-149.60,IK1:1,IK2:1,MOVE:0
[2026-09-08 18:01:50.054] [RX] PITCH:4.63,PID_OUT:-66.90,INT:0.0000,EL:-32,ER:12,VEL:-40.8,MOT:1,TILT:25.0,TRIM:3.133,ATE:1,LATCH:0,TORQ:1,CR:0.0,FX1:1.00,FY1:-151.10,FX2:-6.00,FY2:-149.60,IK1:1,IK2:1,MOVE:0
[2026-09-08 18:01:50.154] [RX] PITCH:5.68,PID_OUT:-109.18,INT:0.0000,EL:-37,ER:16,VEL:-42.0,MOT:1,TILT:25.0,TRIM:3.231,ATE:1,LATCH:0,TORQ:1,CR:0.0,FX1:1.00,FY1:-151.10,FX2:-6.00,FY2:-149.60,IK1:1,IK2:1,MOVE:0
[2026-09-08 18:01:50.252] [RX] PITCH:5.38,PID_OUT:-25.64,INT:0.0000,EL:-44,ER:23,VEL:-62.6,MOT:1,TILT:25.0,TRIM:4.805,ATE:1,LATCH:0,TORQ:1,CR:0.0,FX1:1.00,FY1:-151.10,FX2:-6.00,FY2:-149.60,IK1:1,IK2:1,MOVE:0
[2026-09-08 18:01:50.252] [RX] AX12:MODE:0,TQ:1,TL:1023,CM:1,CS:4,MS:0,MT:800
[2026-09-08 18:01:50.354] [RX] PITCH:4.82,PID_OUT:-68.26,INT:0.0000,EL:-48,ER:27,VEL:-42.6,MOT:1,TILT:25.0,TRIM:3.291,ATE:1,LATCH:0,TORQ:1,CR:0.0,FX1:1.00,FY1:-151.10,FX2:-6.00,FY2:-149.60,IK1:1,IK2:1,MOVE:0
[2026-09-08 18:01:50.354] [RX] SRV:1,36,0.0,0,27
[2026-09-08 18:01:50.457] [RX] PITCH:2.67,PID_OUT:-34.53,INT:0.0000,EL:-50,ER:31,VEL:-24.2,MOT:1,TILT:25.0,TRIM:1.895,ATE:1,LATCH:0,TORQ:1,CR:0.0,FX1:1.00,FY1:-151.10,FX2:-6.00,FY2:-149.60,IK1:1,IK2:1,MOVE:0
[2026-09-08 18:01:50.548] [RX] PITCH:0.01,PID_OUT:24.25,INT:0.0000,EL:-50,ER:32,VEL:-6.5,MOT:1,TILT:25.0,TRIM:0.555,ATE:1,LATCH:0,TORQ:1,CR:0.0,FX1:1.00,FY1:-151.10,FX2:-6.00,FY2:-149.60,IK1:1,IK2:1,MOVE:0
[2026-09-08 18:01:50.649] [RX] PITCH:-3.17,PID_OUT:109.85,INT:0.0000,EL:-49,ER:31,VEL:10.1,MOT:1,TILT:25.0,TRIM:-0.709,ATE:1,LATCH:0,TORQ:1,CR:0.0,FX1:1.00,FY1:-151.10,FX2:-6.00,FY2:-149.60,IK1:1,IK2:1,MOVE:0
[2026-09-08 18:01:50.761] [RX] PITCH:-5.33,PID_OUT:56.41,INT:0.0000,EL:-43,ER:26,VEL:54.2,MOT:1,TILT:25.0,TRIM:-4.061,ATE:1,LATCH:0,TORQ:1,CR:0.0,FX1:1.00,FY1:-151.10,FX2:-6.00,FY2:-149.60,IK1:1,IK2:1,MOVE:0
[2026-09-08 18:01:50.774] [RX] AX12:MODE:0,TQ:1,TL:1023,CM:1,CS:4,MS:0,MT:800
[2026-09-08 18:01:50.862] [RX] PITCH:-8.41,PID_OUT:107.48,INT:0.0000,EL:-34,ER:19,VEL:83.5,MOT:1,TILT:25.0,TRIM:-6.000,ATE:1,LATCH:0,TORQ:1,CR:0.0,FX1:1.00,FY1:-151.10,FX2:-6.00,FY2:-149.60,IK1:1,IK2:1,MOVE:0
[2026-09-08 18:01:50.963] [RX] PITCH:-7.72,PID_OUT:76.83,INT:0.0000,EL:-16,ER:4,VEL:154.8,MOT:1,TILT:25.0,TRIM:-6.000,ATE:1,LATCH:0,TORQ:1,CR:0.0,FX1:1.00,FY1:-151.10,FX2:-6.00,FY2:-149.60,IK1:1,IK2:1,MOVE:0
[2026-09-08 18:01:51.060] [RX] PITCH:-6.15,PID_OUT:6.73,INT:0.0000,EL:-1,ER:-11,VEL:140.8,MOT:1,TILT:25.0,TRIM:-6.000,ATE:1,LATCH:0,TORQ:1,CR:0.0,FX1:1.00,FY1:-151.10,FX2:-6.00,FY2:-149.60,IK1:1,IK2:1,MOVE:0
[2026-09-08 18:01:51.164] [RX] PITCH:-6.45,PID_OUT:85.58,INT:0.0000,EL:3,ER:-17,VEL:59.4,MOT:1,TILT:25.0,TRIM:-4.527,ATE:1,LATCH:0,TORQ:1,CR:0.0,FX1:1.00,FY1:-151.10,FX2:-6.00,FY2:-149.60,IK1:1,IK2:1,MOVE:0
[2026-09-08 18:01:51.276] [RX] PITCH:-5.22,PID_OUT:20.81,INT:0.0000,EL:8,ER:-24,VEL:62.3,MOT:1,TILT:25.0,TRIM:-4.757,ATE:1,LATCH:0,TORQ:1,CR:0.0,FX1:1.00,FY1:-151.10,FX2:-6.00,FY2:-149.60,IK1:1,IK2:1,MOVE:0
[2026-09-08 18:01:51.276] [RX] AX12:MODE:0,TQ:1,TL:1023,CM:1,CS:4,MS:0,MT:800
[2026-09-08 18:01:51.371] [RX] PITCH:-3.27,PID_OUT:51.01,INT:0.0000,EL:10,ER:-28,VEL:27.6,MOT:1,TILT:25.0,TRIM:-2.126,ATE:1,LATCH:0,TORQ:1,CR:0.0,FX1:1.00,FY1:-151.10,FX2:-6.00,FY2:-149.60,IK1:1,IK2:1,MOVE:0
[2026-09-08 18:01:51.371] [RX] SRV:6,37,6.3,0,31
[2026-09-08 18:01:51.467] [RX] PITCH:-1.47,PID_OUT:37.61,INT:0.0000,EL:10,ER:-29,VEL:7.8,MOT:1,TILT:25.0,TRIM:-0.625,ATE:1,LATCH:0,TORQ:1,CR:0.0,FX1:1.00,FY1:-151.10,FX2:-6.00,FY2:-149.60,IK1:1,IK2:1,MOVE:0
[2026-09-08 18:01:51.570] [RX] PITCH:-0.03,PID_OUT:-5.27,INT:0.0000,EL:10,ER:-29,VEL:1.5,MOT:1,TILT:25.0,TRIM:-0.146,ATE:1,LATCH:0,TORQ:1,CR:0.0,FX1:1.00,FY1:-151.10,FX2:-6.00,FY2:-149.60,IK1:1,IK2:1,MOVE:0
[2026-09-08 18:01:51.667] [RX] PITCH:1.21,PID_OUT:-31.06,INT:0.0000,EL:10,ER:-28,VEL:-7.2,MOT:1,TILT:25.0,TRIM:0.518,ATE:1,LATCH:0,TORQ:1,CR:0.0,FX1:1.00,FY1:-151.10,FX2:-6.00,FY2:-149.60,IK1:1,IK2:1,MOVE:0
[2026-09-08 18:01:51.778] [RX] PITCH:2.69,PID_OUT:-62.05,INT:0.0000,EL:8,ER:-27,VEL:-17.4,MOT:1,TILT:25.0,TRIM:1.297,ATE:1,LATCH:0,TORQ:1,CR:0.0,FX1:1.00,FY1:-151.10,FX2:-6.00,FY2:-149.60,IK1:1,IK2:1,MOVE:0
[2026-09-08 18:01:51.778] [RX] AX12:MODE:0,TQ:1,TL:1023,CM:1,CS:4,MS:0,MT:800
[2026-09-08 18:01:51.868] [RX] PITCH:4.14,PID_OUT:-107.83,INT:0.0000,EL:5,ER:-26,VEL:-23.0,MOT:1,TILT:25.0,TRIM:1.719,ATE:1,LATCH:0,TORQ:1,CR:0.0,FX1:1.00,FY1:-151.10,FX2:-6.00,FY2:-149.60,IK1:1,IK2:1,MOVE:0
[2026-09-08 18:01:51.966] [RX] PITCH:5.75,PID_OUT:-99.02,INT:0.0000,EL:-3,ER:-23,VEL:-46.7,MOT:1,TILT:25.0,TRIM:3.529,ATE:1,LATCH:0,TORQ:1,CR:0.0,FX1:1.00,FY1:-151.10,FX2:-6.00,FY2:-149.60,IK1:1,IK2:1,MOVE:0
[2026-09-08 18:01:52.067] [RX] PITCH:7.85,PID_OUT:-82.34,INT:0.0000,EL:-13,ER:-17,VEL:-81.4,MOT:1,TILT:25.0,TRIM:6.000,ATE:1,LATCH:0,TORQ:1,CR:0.0,FX1:1.00,FY1:-151.10,FX2:-6.00,FY2:-149.60,IK1:1,IK2:1,MOVE:0
[2026-09-08 18:01:52.175] [RX] PITCH:10.32,PID_OUT:-192.48,INT:0.0000,EL:-30,ER:-5,VEL:-152.0,MOT:1,TILT:25.0,TRIM:6.000,ATE:1,LATCH:0,TORQ:1,CR:0.0,FX1:1.00,FY1:-151.10,FX2:-6.00,FY2:-149.60,IK1:1,IK2:1,MOVE:0
[2026-09-08 18:01:52.268] [RX] PITCH:6.48,PID_OUT:-21.39,INT:0.0000,EL:-68,ER:29,VEL:-329.1,MOT:1,TILT:25.0,TRIM:6.000,ATE:1,LATCH:0,TORQ:1,CR:0.0,FX1:1.00,FY1:-151.10,FX2:-6.00,FY2:-149.60,IK1:1,IK2:1,MOVE:0
[2026-09-08 18:01:52.284] [RX] AX12:MODE:0,TQ:1,TL:1023,CM:1,CS:4,MS:0,MT:800
[2026-09-08 18:01:52.376] [RX] PITCH:1.69,PID_OUT:192.24,INT:0.0000,EL:-99,ER:57,VEL:-268.6,MOT:1,TILT:25.0,TRIM:6.000,ATE:1,LATCH:0,TORQ:1,CR:0.0,FX1:1.00,FY1:-151.10,FX2:-6.00,FY2:-149.60,IK1:1,IK2:1,MOVE:0
[2026-09-08 18:01:52.377] [RX] SRV:0,35,0.0,0,36
[2026-09-08 18:01:52.473] [RX] PITCH:4.26,PID_OUT:-201.14,INT:0.0000,EL:-92,ER:49,VEL:4.7,MOT:1,TILT:25.0,TRIM:-0.253,ATE:1,LATCH:0,TORQ:1,CR:0.0,FX1:1.00,FY1:-151.10,FX2:-6.00,FY2:-149.60,IK1:1,IK2:1,MOVE:0
[2026-09-08 18:01:52.575] [RX] PITCH:-2.03,PID_OUT:-34.79,INT:0.0000,EL:-94,ER:48,VEL:38.4,MOT:1,TILT:25.0,TRIM:-2.812,ATE:1,LATCH:0,TORQ:1,CR:0.0,FX1:1.00,FY1:-151.10,FX2:-6.00,FY2:-149.60,IK1:1,IK2:1,MOVE:0
[2026-09-08 18:01:52.675] [RX] PITCH:-5.47,PID_OUT:117.28,INT:0.0000,EL:-93,ER:40,VEL:38.8,MOT:1,TILT:25.0,TRIM:-2.842,ATE:1,LATCH:0,TORQ:1,CR:0.0,FX1:1.00,FY1:-151.10,FX2:-6.00,FY2:-149.60,IK1:1,IK2:1,MOVE:0
[2026-09-08 18:01:52.783] [RX] PITCH:-8.50,PID_OUT:111.63,INT:0.0000,EL:-81,ER:27,VEL:127.5,MOT:1,TILT:25.0,TRIM:-6.000,ATE:1,LATCH:0,TORQ:1,CR:0.0,FX1:1.00,FY1:-151.10,FX2:-6.00,FY2:-149.60,IK1:1,IK2:1,MOVE:0
[2026-09-08 18:01:52.789] [RX] AX12:MODE:0,TQ:1,TL:1023,CM:1,CS:4,MS:0,MT:800
[2026-09-08 18:01:52.875] [RX] PITCH:-7.34,PID_OUT:59.65,INT:0.0000,EL:-62,ER:7,VEL:186.5,MOT:1,TILT:25.0,TRIM:-6.000,ATE:1,LATCH:0,TORQ:1,CR:0.0,FX1:1.00,FY1:-151.10,FX2:-6.00,FY2:-149.60,IK1:1,IK2:1,MOVE:0
[2026-09-08 18:01:52.978] [RX] PITCH:-4.95,PID_OUT:-46.91,INT:0.0000,EL:-47,ER:-11,VEL:156.4,MOT:1,TILT:25.0,TRIM:-6.000,ATE:1,LATCH:0,TORQ:1,CR:0.0,FX1:1.00,FY1:-151.10,FX2:-6.00,FY2:-149.60,IK1:1,IK2:1,MOVE:0
[2026-09-08 18:01:53.074] [RX] PITCH:-4.68,PID_OUT:89.66,INT:0.0000,EL:-47,ER:-16,VEL:35.5,MOT:1,TILT:25.0,TRIM:-2.674,ATE:1,LATCH:0,TORQ:1,CR:0.0,FX1:1.00,FY1:-151.10,FX2:-6.00,FY2:-149.60,IK1:1,IK2:1,MOVE:0
[2026-09-08 18:01:53.180] [RX] PITCH:-4.49,PID_OUT:26.50,INT:0.0000,EL:-44,ER:-23,VEL:51.5,MOT:1,TILT:25.0,TRIM:-3.893,ATE:1,LATCH:0,TORQ:1,CR:0.0,FX1:1.00,FY1:-151.10,FX2:-6.00,FY2:-149.60,IK1:1,IK2:1,MOVE:0
[2026-09-08 18:01:53.292] [RX] PITCH:-3.56,PID_OUT:88.73,INT:0.0000,EL:-42,ER:-26,VEL:20.9,MOT:1,TILT:25.0,TRIM:-1.574,ATE:1,LATCH:0,TORQ:1,CR:0.0,FX1:1.00,FY1:-151.10,FX2:-6.00,FY2:-149.60,IK1:1,IK2:1,MOVE:0
[2026-09-08 18:01:53.292] [RX] AX12:MODE:0,TQ:1,TL:1023,CM:1,CS:4,MS:0,MT:800
[2026-09-08 18:01:53.381] [RX] PITCH:-3.76,PID_OUT:40.36,INT:0.0000,EL:-39,ER:-29,VEL:37.8,MOT:1,TILT:25.0,TRIM:-2.860,ATE:1,LATCH:0,TORQ:1,CR:0.0,FX1:1.00,FY1:-151.10,FX2:-6.00,FY2:-149.60,IK1:1,IK2:1,MOVE:0
[2026-09-08 18:01:53.381] [RX] SRV:14,35,0.0,0,40
[2026-09-08 18:01:53.482] [RX] PITCH:-4.61,PID_OUT:147.57,INT:0.0000,EL:-37,ER:-31,VEL:17.2,MOT:1,TILT:25.0,TRIM:-1.300,ATE:1,LATCH:0,TORQ:1,CR:0.0,FX1:1.00,FY1:-151.10,FX2:-6.00,FY2:-149.60,IK1:1,IK2:1,MOVE:0
[2026-09-08 18:01:53.582] [RX] PITCH:-5.10,PID_OUT:43.33,INT:0.0000,EL:-30,ER:-36,VEL:54.3,MOT:1,TILT:25.0,TRIM:-4.128,ATE:1,LATCH:0,TORQ:1,CR:0.0,FX1:1.00,FY1:-151.10,FX2:-6.00,FY2:-149.60,IK1:1,IK2:1,MOVE:0
[2026-09-08 18:01:53.686] [RX] PITCH:-7.25,PID_OUT:128.79,INT:0.0000,EL:-25,ER:-41,VEL:57.3,MOT:1,TILT:25.0,TRIM:-4.360,ATE:1,LATCH:0,TORQ:1,CR:0.0,FX1:1.00,FY1:-151.10,FX2:-6.00,FY2:-149.60,IK1:1,IK2:1,MOVE:0
[2026-09-08 18:01:53.794] [RX] PITCH:-9.11,PID_OUT:138.52,INT:0.0000,EL:-14,ER:-50,VEL:93.7,MOT:1,TILT:25.0,TRIM:-6.000,ATE:1,LATCH:0,TORQ:1,CR:0.0,FX1:1.00,FY1:-151.10,FX2:-6.00,FY2:-149.60,IK1:1,IK2:1,MOVE:0
[2026-09-08 18:01:53.794] [RX] AX12:MODE:0,TQ:1,TL:1023,CM:1,CS:4,MS:0,MT:800
[2026-09-08 18:01:53.886] [RX] PITCH:-9.25,PID_OUT:144.81,INT:0.0000,EL:9,ER:-70,VEL:217.4,MOT:1,TILT:25.0,TRIM:-6.000,ATE:1,LATCH:0,TORQ:1,CR:0.0,FX1:1.00,FY1:-151.10,FX2:-6.00,FY2:-149.60,IK1:1,IK2:1,MOVE:0
[2026-09-08 18:01:53.984] [RX] PITCH:-5.72,PID_OUT:-12.46,INT:0.0000,EL:43,ER:-102,VEL:298.8,MOT:1,TILT:25.0,TRIM:-6.000,ATE:1,LATCH:0,TORQ:1,CR:0.0,FX1:1.00,FY1:-151.10,FX2:-6.00,FY2:-149.60,IK1:1,IK2:1,MOVE:0
[2026-09-08 18:01:54.087] [RX] PITCH:-4.75,PID_OUT:-55.89,INT:0.0000,EL:64,ER:-125,VEL:222.7,MOT:1,TILT:25.0,TRIM:-6.000,ATE:1,LATCH:0,TORQ:1,CR:0.0,FX1:1.00,FY1:-151.10,FX2:-6.00,FY2:-149.60,IK1:1,IK2:1,MOVE:0
[2026-09-08 18:01:54.188] [RX] PITCH:-5.47,PID_OUT:-23.47,INT:0.0000,EL:70,ER:-133,VEL:84.1,MOT:1,TILT:25.0,TRIM:-6.000,ATE:1,LATCH:0,TORQ:1,CR:0.0,FX1:1.00,FY1:-151.10,FX2:-6.00,FY2:-149.60,IK1:1,IK2:1,MOVE:0
[2026-09-08 18:01:54.295] [RX] PITCH:-5.32,PID_OUT:16.86,INT:0.0000,EL:73,ER:-139,VEL:63.0,MOT:1,TILT:25.0,TRIM:-4.945,ATE:1,LATCH:0,TORQ:1,CR:0.0,FX1:1.00,FY1:-151.10,FX2:-6.00,FY2:-149.60,IK1:1,IK2:1,MOVE:0
[2026-09-08 18:01:54.303] [RX] AX12:MODE:0,TQ:1,TL:1023,CM:1,CS:4,MS:0,MT:800
[2026-09-08 18:01:54.386] [RX] PITCH:-3.06,PID_OUT:25.50,INT:0.0000,EL:75,ER:-143,VEL:30.7,MOT:1,TILT:25.0,TRIM:-2.492,ATE:1,LATCH:0,TORQ:1,CR:0.0,FX1:1.00,FY1:-151.10,FX2:-6.00,FY2:-149.60,IK1:1,IK2:1,MOVE:0
[2026-09-08 18:01:54.394] [RX] SRV:1,36,0.0,0,44
[2026-09-08 18:01:54.490] [RX] PITCH:-1.22,PID_OUT:26.86,INT:0.0000,EL:75,ER:-143,VEL:6.0,MOT:1,TILT:25.0,TRIM:-0.622,ATE:1,LATCH:0,TORQ:1,CR:0.0,FX1:1.00,FY1:-151.10,FX2:-6.00,FY2:-149.60,IK1:1,IK2:1,MOVE:0
[2026-09-08 18:01:54.589] [RX] PITCH:1.32,PID_OUT:-70.04,INT:0.0000,EL:75,ER:-143,VEL:1.2,MOT:1,TILT:25.0,TRIM:-0.254,ATE:1,LATCH:0,TORQ:1,CR:0.0,FX1:1.00,FY1:-151.10,FX2:-6.00,FY2:-149.60,IK1:1,IK2:1,MOVE:0
[2026-09-08 18:01:54.690] [RX] PITCH:3.22,PID_OUT:-101.80,INT:0.0000,EL:72,ER:-142,VEL:-14.5,MOT:1,TILT:25.0,TRIM:0.940,ATE:1,LATCH:0,TORQ:1,CR:0.0,FX1:1.00,FY1:-151.10,FX2:-6.00,FY2:-149.60,IK1:1,IK2:1,MOVE:0
[2026-09-08 18:01:54.788] [RX] PITCH:4.43,PID_OUT:-76.97,INT:0.0000,EL:64,ER:-142,VEL:-37.6,MOT:1,TILT:25.0,TRIM:2.703,ATE:1,LATCH:0,TORQ:1,CR:0.0,FX1:1.00,FY1:-151.10,FX2:-6.00,FY2:-149.60,IK1:1,IK2:1,MOVE:0
[2026-09-08 18:01:54.806] [RX] AX12:MODE:0,TQ:1,TL:1023,CM:1,CS:4,MS:0,MT:800
[2026-09-08 18:01:54.894] [RX] PITCH:5.97,PID_OUT:-117.74,INT:0.0000,EL:55,ER:-142,VEL:-45.8,MOT:1,TILT:25.0,TRIM:3.331,ATE:1,LATCH:0,TORQ:1,CR:0.0,FX1:1.00,FY1:-151.10,FX2:-6.00,FY2:-149.60,IK1:1,IK2:1,MOVE:0
[2026-09-08 18:01:54.998] [RX] PITCH:8.00,PID_OUT:-119.57,INT:0.0000,EL:41,ER:-141,VEL:-71.9,MOT:1,TILT:25.0,TRIM:5.321,ATE:1,LATCH:0,TORQ:1,CR:0.0,FX1:1.00,FY1:-151.10,FX2:-6.00,FY2:-149.60,IK1:1,IK2:1,MOVE:0
[2026-09-08 18:01:55.097] [RX] PITCH:11.68,PID_OUT:-253.54,INT:0.0000,EL:19,ER:-135,VEL:-151.1,MOT:1,TILT:25.0,TRIM:6.000,ATE:1,LATCH:0,TORQ:1,CR:0.0,FX1:1.00,FY1:-151.10,FX2:-6.00,FY2:-149.60,IK1:1,IK2:1,MOVE:0
[2026-09-08 18:01:55.195] [RX] PITCH:7.90,PID_OUT:-84.59,INT:0.0000,EL:-45,ER:-87,VEL:-488.3,MOT:1,TILT:25.0,TRIM:6.000,ATE:1,LATCH:0,TORQ:1,CR:0.0,FX1:1.00,FY1:-151.10,FX2:-6.00,FY2:-149.60,IK1:1,IK2:1,MOVE:0
[2026-09-08 18:01:55.301] [RX] PITCH:9.12,PID_OUT:-139.25,INT:0.0000,EL:-100,ER:-39,VEL:-499.2,MOT:1,TILT:25.0,TRIM:6.000,ATE:1,LATCH:0,TORQ:1,CR:0.0,FX1:1.00,FY1:-151.10,FX2:-6.00,FY2:-149.60,IK1:1,IK2:1,MOVE:0
[2026-09-08 18:01:55.309] [RX] AX12:MODE:0,TQ:1,TL:1023,CM:1,CS:4,MS:0,MT:800
[2026-09-08 18:01:55.404] [RX] PITCH:10.67,PID_OUT:-208.43,INT:0.0000,EL:-154,ER:11,VEL:-527.7,MOT:1,TILT:25.0,TRIM:6.000,ATE:1,LATCH:0,TORQ:1,CR:0.0,FX1:1.00,FY1:-151.10,FX2:-6.00,FY2:-149.60,IK1:1,IK2:1,MOVE:0
[2026-09-08 18:01:55.404] [RX] SRV:6,37,6.3,0,48
[2026-09-08 18:01:55.497] [RX] PITCH:7.09,PID_OUT:-48.54,INT:0.0000,EL:-223,ER:75,VEL:-642.5,MOT:1,TILT:25.0,TRIM:6.000,ATE:1,LATCH:0,TORQ:1,CR:0.0,FX1:1.00,FY1:-151.10,FX2:-6.00,FY2:-149.60,IK1:1,IK2:1,MOVE:0
[2026-09-08 18:01:55.595] [RX] PITCH:3.92,PID_OUT:92.86,INT:0.0000,EL:-286,ER:134,VEL:-604.2,MOT:1,TILT:25.0,TRIM:6.000,ATE:1,LATCH:0,TORQ:1,CR:0.0,FX1:1.00,FY1:-151.10,FX2:-6.00,FY2:-149.60,IK1:1,IK2:1,MOVE:0
[2026-09-08 18:01:55.699] [RX] PITCH:4.26,PID_OUT:77.82,INT:0.0000,EL:-322,ER:170,VEL:-373.6,MOT:1,TILT:25.0,TRIM:6.000,ATE:1,LATCH:0,TORQ:1,CR:0.0,FX1:1.00,FY1:-151.10,FX2:-6.00,FY2:-149.60,IK1:1,IK2:1,MOVE:0
[2026-09-08 18:01:55.803] [RX] PITCH:6.09,PID_OUT:-3.94,INT:0.0000,EL:-334,ER:187,VEL:-184.7,MOT:1,TILT:25.0,TRIM:6.000,ATE:1,LATCH:0,TORQ:1,CR:0.0,FX1:1.00,FY1:-151.10,FX2:-6.00,FY2:-149.60,IK1:1,IK2:1,MOVE:0
[2026-09-08 18:01:55.811] [RX] AX12:MODE:0,TQ:1,TL:1023,CM:1,CS:4,MS:0,MT:800
[2026-09-08 18:01:55.904] [RX] PITCH:6.39,PID_OUT:-17.19,INT:0.0000,EL:-340,ER:197,VEL:-92.7,MOT:1,TILT:25.0,TRIM:6.000,ATE:1,LATCH:0,TORQ:1,CR:0.0,FX1:1.00,FY1:-151.10,FX2:-6.00,FY2:-149.60,IK1:1,IK2:1,MOVE:0
[2026-09-08 18:01:56.004] [RX] PITCH:5.71,PID_OUT:-69.48,INT:0.0000,EL:-341,ER:204,VEL:-49.3,MOT:1,TILT:25.0,TRIM:4.151,ATE:1,LATCH:0,TORQ:1,CR:0.0,FX1:1.00,FY1:-151.10,FX2:-6.00,FY2:-149.60,IK1:1,IK2:1,MOVE:0
[2026-09-08 18:01:56.104] [RX] PITCH:3.26,PID_OUT:21.96,INT:0.0000,EL:-342,ER:212,VEL:-43.9,MOT:1,TILT:25.0,TRIM:3.749,ATE:1,LATCH:0,TORQ:1,CR:0.0,FX1:1.00,FY1:-151.10,FX2:-6.00,FY2:-149.60,IK1:1,IK2:1,MOVE:0
[2026-09-08 18:01:56.204] [RX] PITCH:0.14,PID_OUT:58.26,INT:0.0000,EL:-342,ER:214,VEL:-13.5,MOT:1,TILT:25.0,TRIM:1.443,ATE:1,LATCH:0,TORQ:1,CR:0.0,FX1:1.00,FY1:-151.10,FX2:-6.00,FY2:-149.60,IK1:1,IK2:1,MOVE:0
[2026-09-08 18:01:56.317] [RX] PITCH:-3.69,PID_OUT:157.97,INT:0.0000,EL:-341,ER:213,VEL:7.4,MOT:1,TILT:25.0,TRIM:-0.144,ATE:1,LATCH:0,TORQ:1,CR:0.0,FX1:1.00,FY1:-151.10,FX2:-6.00,FY2:-149.60,IK1:1,IK2:1,MOVE:0
[2026-09-08 18:01:56.317] [RX] AX12:MODE:0,TQ:1,TL:1023,CM:1,CS:4,MS:0,MT:800
[2026-09-08 18:01:56.413] [RX] PITCH:-8.08,PID_OUT:187.93,INT:0.0000,EL:-335,ER:205,VEL:56.3,MOT:1,TILT:25.0,TRIM:-3.870,ATE:1,LATCH:0,TORQ:1,CR:0.0,FX1:1.00,FY1:-151.10,FX2:-6.00,FY2:-149.60,IK1:1,IK2:1,MOVE:0
[2026-09-08 18:01:56.413] [RX] SRV:0,35,0.0,0,53
[2026-09-08 18:01:56.509] [RX] PITCH:-12.29,PID_OUT:280.33,INT:0.0000,EL:-309,ER:180,VEL:262.4,MOT:1,TILT:25.0,TRIM:-6.000,ATE:1,LATCH:0,TORQ:1,CR:0.0,FX1:1.00,FY1:-151.10,FX2:-6.00,FY2:-149.60,IK1:1,IK2:1,MOVE:0
[2026-09-08 18:01:56.608] [RX] PITCH:-7.52,PID_OUT:67.66,INT:0.0000,EL:-238,ER:110,VEL:628.7,MOT:1,TILT:25.0,TRIM:-6.000,ATE:1,LATCH:0,TORQ:1,CR:0.0,FX1:1.00,FY1:-151.10,FX2:-6.00,FY2:-149.60,IK1:1,IK2:1,MOVE:0
[2026-09-08 18:01:56.711] [RX] PITCH:-7.68,PID_OUT:75.11,INT:0.0000,EL:-176,ER:48,VEL:604.9,MOT:1,TILT:25.0,TRIM:-6.000,ATE:1,LATCH:0,TORQ:1,CR:0.0,FX1:1.00,FY1:-151.10,FX2:-6.00,FY2:-149.60,IK1:1,IK2:1,MOVE:0
[2026-09-08 18:01:56.813] [RX] PITCH:-9.05,PID_OUT:135.93,INT:0.0000,EL:-121,ER:-10,VEL:581.1,MOT:1,TILT:25.0,TRIM:-6.000,ATE:1,LATCH:0,TORQ:1,CR:0.0,FX1:1.00,FY1:-151.10,FX2:-6.00,FY2:-149.60,IK1:1,IK2:1,MOVE:0
[2026-09-08 18:01:56.813] [RX] AX12:MODE:0,TQ:1,TL:1023,CM:1,CS:4,MS:0,MT:800
[2026-09-08 18:01:56.915] [RX] PITCH:-5.17,PID_OUT:-37.21,INT:0.0000,EL:-59,ER:-70,VEL:601.3,MOT:1,TILT:25.0,TRIM:-6.000,ATE:1,LATCH:0,TORQ:1,CR:0.0,FX1:1.00,FY1:-151.10,FX2:-6.00,FY2:-149.60,IK1:1,IK2:1,MOVE:0
[2026-09-08 18:01:57.005] [RX] PITCH:-1.55,PID_OUT:-198.35,INT:0.0000,EL:-21,ER:-111,VEL:380.5,MOT:1,TILT:25.0,TRIM:-6.000,ATE:1,LATCH:0,TORQ:1,CR:0.0,FX1:1.00,FY1:-151.10,FX2:-6.00,FY2:-149.60,IK1:1,IK2:1,MOVE:0
[2026-09-08 18:01:57.112] [RX] PITCH:-6.04,PID_OUT:199.61,INT:0.0000,EL:-29,ER:-106,VEL:19.8,MOT:1,TILT:25.0,TRIM:-1.564,ATE:1,LATCH:0,TORQ:1,CR:0.0,FX1:1.00,FY1:-151.10,FX2:-6.00,FY2:-149.60,IK1:1,IK2:1,MOVE:0
[2026-09-08 18:01:57.208] [RX] PITCH:-0.17,PID_OUT:-149.42,INT:0.0000,EL:-21,ER:-112,VEL:45.5,MOT:1,TILT:25.0,TRIM:-3.523,ATE:1,LATCH:0,TORQ:1,CR:0.0,FX1:1.00,FY1:-151.10,FX2:-6.00,FY2:-149.60,IK1:1,IK2:1,MOVE:0
[2026-09-08 18:01:57.314] [RX] PITCH:1.57,PID_OUT:-14.03,INT:0.0000,EL:-27,ER:-109,VEL:-17.4,MOT:1,TILT:25.0,TRIM:1.256,ATE:1,LATCH:0,TORQ:1,CR:0.0,FX1:1.00,FY1:-151.10,FX2:-6.00,FY2:-149.60,IK1:1,IK2:1,MOVE:0
[2026-09-08 18:01:57.318] [RX] AX12:MODE:0,TQ:1,TL:1023,CM:1,CS:4,MS:0,MT:800
[2026-09-08 18:01:57.420] [RX] PITCH:4.97,PID_OUT:-87.57,INT:0.0000,EL:-30,ER:-106,VEL:-40.4,MOT:1,TILT:25.0,TRIM:3.008,ATE:1,LATCH:0,TORQ:1,CR:0.0,FX1:1.00,FY1:-151.10,FX2:-6.00,FY2:-149.60,IK1:1,IK2:1,MOVE:0
[2026-09-08 18:01:57.420] [RX] SRV:14,35,0.0,0,57
[2026-09-08 18:01:57.515] [RX] PITCH:7.22,PID_OUT:-196.11,INT:0.0000,EL:-35,ER:-101,VEL:-37.9,MOT:1,TILT:25.0,TRIM:2.825,ATE:1,LATCH:0,TORQ:1,CR:0.0,FX1:1.00,FY1:-151.10,FX2:-6.00,FY2:-149.60,IK1:1,IK2:1,MOVE:0
[2026-09-08 18:01:57.616] [RX] PITCH:8.59,PID_OUT:-115.42,INT:0.0000,EL:-49,ER:-88,VEL:-119.2,MOT:1,TILT:25.0,TRIM:6.000,ATE:1,LATCH:0,TORQ:1,CR:0.0,FX1:1.00,FY1:-151.10,FX2:-6.00,FY2:-149.60,IK1:1,IK2:1,MOVE:0
[2026-09-08 18:01:57.717] [RX] PITCH:10.17,PID_OUT:-185.79,INT:0.0000,EL:-65,ER:-65,VEL:-197.1,MOT:1,TILT:25.0,TRIM:6.000,ATE:1,LATCH:0,TORQ:1,CR:0.0,FX1:1.00,FY1:-151.10,FX2:-6.00,FY2:-149.60,IK1:1,IK2:1,MOVE:0
[2026-09-08 18:01:57.810] [RX] PITCH:9.30,PID_OUT:-147.28,INT:0.0000,EL:-92,ER:-23,VEL:-331.5,MOT:1,TILT:25.0,TRIM:6.000,ATE:1,LATCH:0,TORQ:1,CR:0.0,FX1:1.00,FY1:-151.10,FX2:-6.00,FY2:-149.60,IK1:1,IK2:1,MOVE:0
[2026-09-08 18:01:57.826] [RX] AX12:MODE:0,TQ:1,TL:1023,CM:1,CS:4,MS:0,MT:800
[2026-09-08 18:01:57.920] [RX] PITCH:8.13,PID_OUT:-94.88,INT:0.0000,EL:-122,ER:30,VEL:-399.7,MOT:1,TILT:25.0,TRIM:6.000,ATE:1,LATCH:0,TORQ:1,CR:0.0,FX1:1.00,FY1:-151.10,FX2:-6.00,FY2:-149.60,IK1:1,IK2:1,MOVE:0
[2026-09-08 18:01:58.021] [RX] PITCH:7.15,PID_OUT:-51.34,INT:0.0000,EL:-150,ER:82,VEL:-395.3,MOT:1,TILT:25.0,TRIM:6.000,ATE:1,LATCH:0,TORQ:1,CR:0.0,FX1:1.00,FY1:-151.10,FX2:-6.00,FY2:-149.60,IK1:1,IK2:1,MOVE:0
[2026-09-08 18:01:58.121] [RX] PITCH:6.71,PID_OUT:-31.74,INT:0.0000,EL:-169,ER:130,VEL:-339.6,MOT:1,TILT:25.0,TRIM:6.000,ATE:1,LATCH:0,TORQ:1,CR:0.0,FX1:1.00,FY1:-151.10,FX2:-6.00,FY2:-149.60,IK1:1,IK2:1,MOVE:0
[2026-09-08 18:01:58.218] [RX] PITCH:6.56,PID_OUT:-24.89,INT:0.0000,EL:-181,ER:171,VEL:-274.2,MOT:1,TILT:25.0,TRIM:6.000,ATE:1,LATCH:0,TORQ:1,CR:0.0,FX1:1.00,FY1:-151.10,FX2:-6.00,FY2:-149.60,IK1:1,IK2:1,MOVE:0
[2026-09-08 18:01:58.333] [RX] PITCH:4.66,PID_OUT:59.72,INT:0.0000,EL:-189,ER:206,VEL:-219.5,MOT:1,TILT:25.0,TRIM:6.000,ATE:1,LATCH:0,TORQ:1,CR:0.0,FX1:1.00,FY1:-151.10,FX2:-6.00,FY2:-149.60,IK1:1,IK2:1,MOVE:0
[2026-09-08 18:01:58.333] [RX] AX12:MODE:0,TQ:1,TL:1023,CM:1,CS:4,MS:0,MT:800
[2026-09-08 18:01:58.424] [RX] PITCH:1.59,PID_OUT:193.55,INT:0.0000,EL:-185,ER:224,VEL:-74.1,MOT:1,TILT:25.0,TRIM:5.933,ATE:1,LATCH:0,TORQ:1,CR:0.0,FX1:1.00,FY1:-151.10,FX2:-6.00,FY2:-149.60,IK1:1,IK2:1,MOVE:0
[2026-09-08 18:01:58.424] [RX] SRV:1,36,0.0,0,61
[2026-09-08 18:01:58.522] [RX] PITCH:1.10,PID_OUT:116.97,INT:0.0000,EL:-179,ER:228,VEL:-45.0,MOT:1,TILT:25.0,TRIM:3.720,ATE:1,LATCH:0,TORQ:1,CR:0.0,FX1:1.00,FY1:-151.10,FX2:-6.00,FY2:-149.60,IK1:1,IK2:1,MOVE:0
[2026-09-08 18:01:58.625] [RX] PITCH:-3.79,PID_OUT:5.84,INT:0.0000,EL:-170,ER:225,VEL:52.1,MOT:1,TILT:25.0,TRIM:-3.660,ATE:1,LATCH:0,TORQ:1,CR:0.0,FX1:1.00,FY1:-151.10,FX2:-6.00,FY2:-149.60,IK1:1,IK2:1,MOVE:0
[2026-09-08 18:01:58.726] [RX] PITCH:-9.97,PID_OUT:177.15,INT:0.0000,EL:-158,ER:217,VEL:120.3,MOT:1,TILT:25.0,TRIM:-6.000,ATE:1,LATCH:0,TORQ:1,CR:0.0,FX1:1.00,FY1:-151.10,FX2:-6.00,FY2:-149.60,IK1:1,IK2:1,MOVE:0
[2026-09-08 18:01:58.826] [RX] PITCH:-11.14,PID_OUT:229.25,INT:0.0000,EL:-111,ER:175,VEL:433.9,MOT:1,TILT:25.0,TRIM:-6.000,ATE:1,LATCH:0,TORQ:1,CR:0.0,FX1:1.00,FY1:-151.10,FX2:-6.00,FY2:-149.60,IK1:1,IK2:1,MOVE:0
[2026-09-08 18:01:58.837] [RX] AX12:MODE:0,TQ:1,TL:1023,CM:1,CS:4,MS:0,MT:800
[2026-09-08 18:01:58.928] [RX] PITCH:-7.86,PID_OUT:83.08,INT:0.0000,EL:-49,ER:105,VEL:606.1,MOT:1,TILT:25.0,TRIM:-6.000,ATE:1,LATCH:0,TORQ:1,CR:0.0,FX1:1.00,FY1:-151.10,FX2:-6.00,FY2:-149.60,IK1:1,IK2:1,MOVE:0
[2026-09-08 18:01:59.025] [RX] PITCH:-7.76,PID_OUT:78.35,INT:0.0000,EL:2,ER:41,VEL:576.9,MOT:1,TILT:25.0,TRIM:-6.000,ATE:1,LATCH:0,TORQ:1,CR:0.0,FX1:1.00,FY1:-151.10,FX2:-6.00,FY2:-149.60,IK1:1,IK2:1,MOVE:0
[2026-09-08 18:01:59.128] [RX] PITCH:-5.15,PID_OUT:-38.03,INT:0.0000,EL:45,ER:-21,VEL:526.3,MOT:1,TILT:25.0,TRIM:-6.000,ATE:1,LATCH:0,TORQ:1,CR:0.0,FX1:1.00,FY1:-151.10,FX2:-6.00,FY2:-149.60,IK1:1,IK2:1,MOVE:0
[2026-09-08 18:01:59.230] [RX] PITCH:-1.76,PID_OUT:-189.22,INT:0.0000,EL:63,ER:-59,VEL:267.4,MOT:1,TILT:25.0,TRIM:-6.000,ATE:1,LATCH:0,TORQ:1,CR:0.0,FX1:1.00,FY1:-151.10,FX2:-6.00,FY2:-149.60,IK1:1,IK2:1,MOVE:0
[2026-09-08 18:01:59.341] [RX] PITCH:-5.13,PID_OUT:100.19,INT:0.0000,EL:53,ER:-57,VEL:36.9,MOT:1,TILT:25.0,TRIM:-2.883,ATE:1,LATCH:0,TORQ:1,CR:0.0,FX1:1.00,FY1:-151.10,FX2:-6.00,FY2:-149.60,IK1:1,IK2:1,MOVE:0
[2026-09-08 18:01:59.341] [RX] AX12:MODE:0,TQ:1,TL:1023,CM:1,CS:4,MS:0,MT:800
[2026-09-08 18:01:59.432] [RX] PITCH:-0.04,PID_OUT:-23.90,INT:0.0000,EL:54,ER:-61,VEL:6.4,MOT:1,TILT:25.0,TRIM:-0.571,ATE:1,LATCH:0,TORQ:1,CR:0.0,FX1:1.00,FY1:-151.10,FX2:-6.00,FY2:-149.60,IK1:1,IK2:1,MOVE:0
[2026-09-08 18:01:59.432] [RX] SRV:6,37,6.3,0,65
[2026-09-08 18:01:59.527] [RX] PITCH:4.59,PID_OUT:-150.63,INT:0.0000,EL:52,ER:-59,VEL:-17.1,MOT:1,TILT:25.0,TRIM:1.212,ATE:1,LATCH:0,TORQ:1,CR:0.0,FX1:1.00,FY1:-151.10,FX2:-6.00,FY2:-149.60,IK1:1,IK2:1,MOVE:0
[2026-09-08 18:01:59.631] [RX] PITCH:7.54,PID_OUT:-128.44,INT:0.0000,EL:45,ER:-50,VEL:-62.3,MOT:1,TILT:25.0,TRIM:4.660,ATE:1,LATCH:0,TORQ:1,CR:0.0,FX1:1.00,FY1:-151.10,FX2:-6.00,FY2:-149.60,IK1:1,IK2:1,MOVE:0
[2026-09-08 18:01:59.734] [RX] PITCH:10.43,PID_OUT:-197.41,INT:0.0000,EL:34,ER:-33,VEL:-142.9,MOT:1,TILT:25.0,TRIM:6.000,ATE:1,LATCH:0,TORQ:1,CR:0.0,FX1:1.00,FY1:-151.10,FX2:-6.00,FY2:-149.60,IK1:1,IK2:1,MOVE:0
[2026-09-08 18:01:59.832] [RX] PITCH:8.50,PID_OUT:-111.36,INT:0.0000,EL:-2,ER:6,VEL:-346.9,MOT:1,TILT:25.0,TRIM:6.000,ATE:1,LATCH:0,TORQ:1,CR:0.0,FX1:1.00,FY1:-151.10,FX2:-6.00,FY2:-149.60,IK1:1,IK2:1,MOVE:0
[2026-09-08 18:01:59.832] [RX] AX12:MODE:0,TQ:1,TL:1023,CM:1,CS:4,MS:0,MT:800
[2026-09-08 18:01:59.930] [RX] PITCH:5.81,PID_OUT:8.37,INT:0.0000,EL:-40,ER:50,VEL:-382.7,MOT:1,TILT:25.0,TRIM:6.000,ATE:1,LATCH:0,TORQ:1,CR:0.0,FX1:1.00,FY1:-151.10,FX2:-6.00,FY2:-149.60,IK1:1,IK2:1,MOVE:0
[2026-09-08 18:02:00.030] [RX] PITCH:6.68,PID_OUT:-30.30,INT:0.0000,EL:-64,ER:77,VEL:-273.4,MOT:1,TILT:25.0,TRIM:6.000,ATE:1,LATCH:0,TORQ:1,CR:0.0,FX1:1.00,FY1:-151.10,FX2:-6.00,FY2:-149.60,IK1:1,IK2:1,MOVE:0
[2026-09-08 18:02:00.136] [RX] PITCH:9.57,PID_OUT:-159.12,INT:0.0000,EL:-78,ER:106,VEL:-223.9,MOT:1,TILT:25.0,TRIM:6.000,ATE:1,LATCH:0,TORQ:1,CR:0.0,FX1:1.00,FY1:-151.10,FX2:-6.00,FY2:-149.60,IK1:1,IK2:1,MOVE:0
[2026-09-08 18:02:00.238] [RX] PITCH:10.02,PID_OUT:-179.23,INT:0.0000,EL:-108,ER:146,VEL:-354.9,MOT:1,TILT:25.0,TRIM:6.000,ATE:1,LATCH:0,TORQ:1,CR:0.0,FX1:1.00,FY1:-151.10,FX2:-6.00,FY2:-149.60,IK1:1,IK2:1,MOVE:0
[2026-09-08 18:02:00.337] [RX] PITCH:4.13,PID_OUT:83.44,INT:0.0000,EL:-157,ER:195,VEL:-452.2,MOT:1,TILT:25.0,TRIM:6.000,ATE:1,LATCH:0,TORQ:1,CR:0.0,FX1:1.00,FY1:-151.10,FX2:-6.00,FY2:-149.60,IK1:1,IK2:1,MOVE:0
[2026-09-08 18:02:00.349] [RX] AX12:MODE:0,TQ:1,TL:1023,CM:1,CS:4,MS:0,MT:800
[2026-09-08 18:02:00.441] [RX] PITCH:4.30,PID_OUT:75.88,INT:0.0000,EL:-175,ER:216,VEL:-187.6,MOT:1,TILT:25.0,TRIM:6.000,ATE:1,LATCH:0,TORQ:1,CR:0.0,FX1:1.00,FY1:-151.10,FX2:-6.00,FY2:-149.60,IK1:1,IK2:1,MOVE:0
[2026-09-08 18:02:00.441] [RX] SRV:0,35,0.0,0,70
[2026-09-08 18:02:00.538] [RX] PITCH:6.25,PID_OUT:-83.18,INT:0.0000,EL:-174,ER:217,VEL:-53.8,MOT:1,TILT:25.0,TRIM:4.381,ATE:1,LATCH:0,TORQ:1,CR:0.0,FX1:1.00,FY1:-151.10,FX2:-6.00,FY2:-149.60,IK1:1,IK2:1,MOVE:0
[2026-09-08 18:02:00.631] [RX] PITCH:3.24,PID_OUT:-19.21,INT:0.0000,EL:-177,ER:221,VEL:-33.1,MOT:1,TILT:25.0,TRIM:2.808,ATE:1,LATCH:0,TORQ:1,CR:0.0,FX1:1.00,FY1:-151.10,FX2:-6.00,FY2:-149.60,IK1:1,IK2:1,MOVE:0
[2026-09-08 18:02:00.734] [RX] PITCH:1.09,PID_OUT:-13.14,INT:0.0000,EL:-177,ER:221,VEL:-6.5,MOT:1,TILT:25.0,TRIM:0.792,ATE:1,LATCH:0,TORQ:1,CR:0.0,FX1:1.00,FY1:-151.10,FX2:-6.00,FY2:-149.60,IK1:1,IK2:1,MOVE:0
[2026-09-08 18:02:00.839] [RX] PITCH:-1.44,PID_OUT:81.77,INT:0.0000,EL:-177,ER:221,VEL:-1.3,MOT:1,TILT:25.0,TRIM:0.396,ATE:1,LATCH:0,TORQ:1,CR:0.0,FX1:1.00,FY1:-151.10,FX2:-6.00,FY2:-149.60,IK1:1,IK2:1,MOVE:0
[2026-09-08 18:02:00.845] [RX] AX12:MODE:0,TQ:1,TL:1023,CM:1,CS:4,MS:0,MT:800
[2026-09-08 18:02:00.942] [RX] PITCH:-4.60,PID_OUT:131.00,INT:0.0000,EL:-174,ER:219,VEL:25.8,MOT:1,TILT:25.0,TRIM:-1.665,ATE:1,LATCH:0,TORQ:1,CR:0.0,FX1:1.00,FY1:-151.10,FX2:-6.00,FY2:-149.60,IK1:1,IK2:1,MOVE:0
[2026-09-08 18:02:01.047] [RX] PITCH:-7.84,PID_OUT:142.45,INT:0.0000,EL:-167,ER:211,VEL:64.9,MOT:1,TILT:25.0,TRIM:-4.645,ATE:1,LATCH:0,TORQ:1,CR:0.0,FX1:1.00,FY1:-151.10,FX2:-6.00,FY2:-149.60,IK1:1,IK2:1,MOVE:0
[2026-09-08 18:02:01.140] [RX] PITCH:-11.91,PID_OUT:263.51,INT:0.0000,EL:-149,ER:192,VEL:197.1,MOT:1,TILT:25.0,TRIM:-6.000,ATE:1,LATCH:0,TORQ:1,CR:0.0,FX1:1.00,FY1:-151.10,FX2:-6.00,FY2:-149.60,IK1:1,IK2:1,MOVE:0
[2026-09-08 18:02:01.236] [RX] PITCH:-5.58,PID_OUT:-18.56,INT:0.0000,EL:-89,ER:130,VEL:536.1,MOT:1,TILT:25.0,TRIM:-6.000,ATE:1,LATCH:0,TORQ:1,CR:0.0,FX1:1.00,FY1:-151.10,FX2:-6.00,FY2:-149.60,IK1:1,IK2:1,MOVE:0
[2026-09-08 18:02:01.353] [RX] PITCH:-4.15,PID_OUT:-82.54,INT:0.0000,EL:-49,ER:78,VEL:446.4,MOT:1,TILT:25.0,TRIM:-6.000,ATE:1,LATCH:0,TORQ:1,CR:0.0,FX1:1.00,FY1:-151.10,FX2:-6.00,FY2:-149.60,IK1:1,IK2:1,MOVE:0
[2026-09-08 18:02:01.353] [RX] AX12:MODE:0,TQ:1,TL:1023,CM:1,CS:4,MS:0,MT:800
[2026-09-08 18:02:01.448] [RX] PITCH:-6.52,PID_OUT:23.21,INT:0.0000,EL:-33,ER:49,VEL:260.5,MOT:1,TILT:25.0,TRIM:-6.000,ATE:1,LATCH:0,TORQ:1,CR:0.0,FX1:1.00,FY1:-151.10,FX2:-6.00,FY2:-149.60,IK1:1,IK2:1,MOVE:0
[2026-09-08 18:02:01.448] [RX] SRV:14,35,0.0,0,74
[2026-09-08 18:02:01.547] [RX] PITCH:-7.71,PID_OUT:76.26,INT:0.0000,EL:-26,ER:28,VEL:157.5,MOT:1,TILT:25.0,TRIM:-6.000,ATE:1,LATCH:0,TORQ:1,CR:0.0,FX1:1.00,FY1:-151.10,FX2:-6.00,FY2:-149.60,IK1:1,IK2:1,MOVE:0
[2026-09-08 18:02:01.648] [RX] PITCH:-6.93,PID_OUT:41.29,INT:0.0000,EL:-20,ER:11,VEL:119.0,MOT:1,TILT:25.0,TRIM:-6.000,ATE:1,LATCH:0,TORQ:1,CR:0.0,FX1:1.00,FY1:-151.10,FX2:-6.00,FY2:-149.60,IK1:1,IK2:1,MOVE:0
[2026-09-08 18:02:01.746] [RX] PITCH:-6.06,PID_OUT:26.06,INT:0.0000,EL:-18,ER:-1,VEL:72.3,MOT:1,TILT:25.0,TRIM:-5.475,ATE:1,LATCH:0,TORQ:1,CR:0.0,FX1:1.00,FY1:-151.10,FX2:-6.00,FY2:-149.60,IK1:1,IK2:1,MOVE:0
[2026-09-08 18:02:01.849] [RX] PITCH:-4.59,PID_OUT:76.45,INT:0.0000,EL:-18,ER:-7,VEL:38.0,MOT:1,TILT:25.0,TRIM:-2.879,ATE:1,LATCH:0,TORQ:1,CR:0.0,FX1:1.00,FY1:-151.10,FX2:-6.00,FY2:-149.60,IK1:1,IK2:1,MOVE:0
[2026-09-08 18:02:01.860] [RX] AX12:MODE:0,TQ:1,TL:1023,CM:1,CS:4,MS:0,MT:800
[2026-09-08 18:02:01.947] [RX] PITCH:-2.53,PID_OUT:39.77,INT:0.0000,EL:-17,ER:-11,VEL:21.6,MOT:1,TILT:25.0,TRIM:-1.636,ATE:1,LATCH:0,TORQ:1,CR:0.0,FX1:1.00,FY1:-151.10,FX2:-6.00,FY2:-149.60,IK1:1,IK2:1,MOVE:0
[2026-09-08 18:02:02.050] [RX] PITCH:-0.36,PID_OUT:1.82,INT:0.0000,EL:-17,ER:-11,VEL:4.3,MOT:1,TILT:25.0,TRIM:-0.318,ATE:1,LATCH:0,TORQ:1,CR:0.0,FX1:1.00,FY1:-151.10,FX2:-6.00,FY2:-149.60,IK1:1,IK2:1,MOVE:0
[2026-09-08 18:02:02.140] [TX] TE0
[2026-09-08 18:02:02.147] [RX] PITCH:2.24,PID_OUT:-81.00,INT:0.0000,EL:-17,ER:-10,VEL:-5.5,MOT:1,TILT:25.0,TRIM:0.426,ATE:1,LATCH:0,TORQ:1,CR:0.0,FX1:1.00,FY1:-151.10,FX2:-6.00,FY2:-149.60,IK1:1,IK2:1,MOVE:0
[2026-09-08 18:02:02.162] [RX] ACK:AUTOTRIM_OFF
[2026-09-08 18:02:02.241] [RX] PITCH:4.99,PID_OUT:-222.46,INT:0.0000,EL:-22,ER:-1,VEL:-78.9,MOT:1,TILT:25.0,TRIM:0.000,ATE:0,LATCH:0,TORQ:1,CR:0.0,FX1:1.00,FY1:-151.10,FX2:-6.00,FY2:-149.60,IK1:1,IK2:1,MOVE:0
[2026-09-08 18:02:02.358] [RX] PITCH:0.57,PID_OUT:-25.22,INT:0.0000,EL:-59,ER:37,VEL:-323.5,MOT:1,TILT:25.0,TRIM:0.000,ATE:0,LATCH:0,TORQ:1,CR:0.0,FX1:1.00,FY1:-151.10,FX2:-6.00,FY2:-149.60,IK1:1,IK2:1,MOVE:0
[2026-09-08 18:02:02.366] [RX] AX12:MODE:0,TQ:1,TL:1023,CM:1,CS:4,MS:0,MT:800
[2026-09-08 18:02:02.456] [RX] PITCH:-1.78,PID_OUT:79.38,INT:0.0000,EL:-90,ER:70,VEL:-304.0,MOT:1,TILT:25.0,TRIM:0.000,ATE:0,LATCH:0,TORQ:1,CR:0.0,FX1:1.00,FY1:-151.10,FX2:-6.00,FY2:-149.60,IK1:1,IK2:1,MOVE:0
[2026-09-08 18:02:02.456] [RX] SRV:1,36,0.0,0,77
[2026-09-08 18:02:02.558] [RX] PITCH:-0.77,PID_OUT:34.42,INT:0.0000,EL:-100,ER:91,VEL:-161.3,MOT:1,TILT:25.0,TRIM:0.000,ATE:0,LATCH:0,TORQ:1,CR:0.0,FX1:1.00,FY1:-151.10,FX2:-6.00,FY2:-149.60,IK1:1,IK2:1,MOVE:0
[2026-09-08 18:02:02.647] [RX] PITCH:1.98,PID_OUT:-88.24,INT:0.0000,EL:-101,ER:102,VEL:-81.8,MOT:1,TILT:25.0,TRIM:0.000,ATE:0,LATCH:0,TORQ:1,CR:0.0,FX1:1.00,FY1:-151.10,FX2:-6.00,FY2:-149.60,IK1:1,IK2:1,MOVE:0
[2026-09-08 18:02:02.759] [RX] PITCH:3.59,PID_OUT:-160.05,INT:0.0000,EL:-110,ER:117,VEL:-132.6,MOT:1,TILT:25.0,TRIM:0.000,ATE:0,LATCH:0,TORQ:1,CR:0.0,FX1:1.00,FY1:-151.10,FX2:-6.00,FY2:-149.60,IK1:1,IK2:1,MOVE:0
[2026-09-08 18:02:02.864] [RX] PITCH:0.83,PID_OUT:-37.13,INT:0.0000,EL:-138,ER:146,VEL:-259.9,MOT:1,TILT:25.0,TRIM:0.000,ATE:0,LATCH:0,TORQ:1,CR:0.0,FX1:1.00,FY1:-151.10,FX2:-6.00,FY2:-149.60,IK1:1,IK2:1,MOVE:0
[2026-09-08 18:02:02.870] [RX] AX12:MODE:0,TQ:1,TL:1023,CM:1,CS:4,MS:0,MT:800
[2026-09-08 18:02:02.959] [RX] PITCH:-1.71,PID_OUT:76.48,INT:0.0000,EL:-164,ER:172,VEL:-250.1,MOT:1,TILT:25.0,TRIM:0.000,ATE:0,LATCH:0,TORQ:1,CR:0.0,FX1:1.00,FY1:-151.10,FX2:-6.00,FY2:-149.60,IK1:1,IK2:1,MOVE:0
[2026-09-08 18:02:03.060] [RX] PITCH:-1.00,PID_OUT:44.71,INT:0.0000,EL:-175,ER:183,VEL:-115.5,MOT:1,TILT:25.0,TRIM:0.000,ATE:0,LATCH:0,TORQ:1,CR:0.0,FX1:1.00,FY1:-151.10,FX2:-6.00,FY2:-149.60,IK1:1,IK2:1,MOVE:0
[2026-09-08 18:02:03.162] [RX] PITCH:0.38,PID_OUT:-16.74,INT:0.0000,EL:-175,ER:184,VEL:-24.8,MOT:1,TILT:25.0,TRIM:0.000,ATE:0,LATCH:0,TORQ:1,CR:0.0,FX1:1.00,FY1:-151.10,FX2:-6.00,FY2:-149.60,IK1:1,IK2:1,MOVE:0
[2026-09-08 18:02:03.257] [RX] PITCH:-0.10,PID_OUT:4.59,INT:0.0000,EL:-175,ER:184,VEL:-4.9,MOT:1,TILT:25.0,TRIM:0.000,ATE:0,LATCH:0,TORQ:1,CR:0.0,FX1:1.00,FY1:-151.10,FX2:-6.00,FY2:-149.60,IK1:1,IK2:1,MOVE:0
[2026-09-08 18:02:03.361] [RX] PITCH:-1.84,PID_OUT:82.22,INT:0.0000,EL:-175,ER:184,VEL:-1.0,MOT:1,TILT:25.0,TRIM:0.000,ATE:0,LATCH:0,TORQ:1,CR:0.0,FX1:1.00,FY1:-151.10,FX2:-6.00,FY2:-149.60,IK1:1,IK2:1,MOVE:0
[2026-09-08 18:02:03.372] [RX] AX12:MODE:0,TQ:1,TL:1023,CM:1,CS:4,MS:0,MT:800
[2026-09-08 18:02:03.456] [RX] PITCH:-3.90,PID_OUT:174.12,INT:0.0000,EL:-171,ER:179,VEL:50.9,MOT:1,TILT:25.0,TRIM:0.000,ATE:0,LATCH:0,TORQ:1,CR:0.0,FX1:1.00,FY1:-151.10,FX2:-6.00,FY2:-149.60,IK1:1,IK2:1,MOVE:0
[2026-09-08 18:02:03.456] [RX] SRV:6,37,6.3,0,81
[2026-09-08 18:02:03.561] [RX] PITCH:-2.37,PID_OUT:105.61,INT:0.0000,EL:-150,ER:156,VEL:205.9,MOT:1,TILT:25.0,TRIM:0.000,ATE:0,LATCH:0,TORQ:1,CR:0.0,FX1:1.00,FY1:-151.10,FX2:-6.00,FY2:-149.60,IK1:1,IK2:1,MOVE:0
[2026-09-08 18:02:03.658] [RX] PITCH:-0.58,PID_OUT:26.06,INT:0.0000,EL:-124,ER:129,VEL:246.8,MOT:1,TILT:25.0,TRIM:0.000,ATE:0,LATCH:0,TORQ:1,CR:0.0,FX1:1.00,FY1:-151.10,FX2:-6.00,FY2:-149.60,IK1:1,IK2:1,MOVE:0
[2026-09-08 18:02:03.764] [RX] PITCH:-1.62,PID_OUT:72.27,INT:0.0000,EL:-106,ER:107,VEL:203.0,MOT:1,TILT:25.0,TRIM:0.000,ATE:0,LATCH:0,TORQ:1,CR:0.0,FX1:1.00,FY1:-151.10,FX2:-6.00,FY2:-149.60,IK1:1,IK2:1,MOVE:0
[2026-09-08 18:02:03.863] [RX] PITCH:-2.36,PID_OUT:105.27,INT:0.0000,EL:-90,ER:84,VEL:203.0,MOT:1,TILT:25.0,TRIM:0.000,ATE:0,LATCH:0,TORQ:1,CR:0.0,FX1:1.00,FY1:-151.10,FX2:-6.00,FY2:-149.60,IK1:1,IK2:1,MOVE:0
[2026-09-08 18:02:03.875] [RX] AX12:MODE:0,TQ:1,TL:1023,CM:1,CS:4,MS:0,MT:800
[2026-09-08 18:02:03.955] [RX] PITCH:-0.82,PID_OUT:36.63,INT:0.0000,EL:-69,ER:57,VEL:232.8,MOT:1,TILT:25.0,TRIM:0.000,ATE:0,LATCH:0,TORQ:1,CR:0.0,FX1:1.00,FY1:-151.10,FX2:-6.00,FY2:-149.60,IK1:1,IK2:1,MOVE:0
[2026-09-08 18:02:04.067] [RX] PITCH:2.33,PID_OUT:-104.13,INT:0.0000,EL:-52,ER:34,VEL:196.1,MOT:1,TILT:25.0,TRIM:0.000,ATE:0,LATCH:0,TORQ:1,CR:0.0,FX1:1.00,FY1:-151.10,FX2:-6.00,FY2:-149.60,IK1:1,IK2:1,MOVE:0
[2026-09-08 18:02:04.169] [RX] PITCH:3.14,PID_OUT:-139.88,INT:0.0000,EL:-55,ER:32,VEL:11.3,MOT:1,TILT:25.0,TRIM:0.000,ATE:0,LATCH:0,TORQ:1,CR:0.0,FX1:1.00,FY1:-151.10,FX2:-6.00,FY2:-149.60,IK1:1,IK2:1,MOVE:0
[2026-09-08 18:02:04.266] [RX] PITCH:1.51,PID_OUT:-67.42,INT:0.0000,EL:-73,ER:42,VEL:-117.4,MOT:1,TILT:25.0,TRIM:0.000,ATE:0,LATCH:0,TORQ:1,CR:0.0,FX1:1.00,FY1:-151.10,FX2:-6.00,FY2:-149.60,IK1:1,IK2:1,MOVE:0
[2026-09-08 18:02:04.386] [RX] PITCH:0.61,PID_OUT:-27.19,INT:0.0000,EL:-91,ER:53,VEL:-135.7,MOT:1,TILT:25.0,TRIM:0.000,ATE:0,LATCH:0,TORQ:1,CR:0.0,FX1:1.00,FY1:-151.10,FX2:-6.00,FY2:-149.60,IK1:1,IK2:1,MOVE:0
[2026-09-08 18:02:04.386] [RX] AX12:MODE:0,TQ:1,TL:1023,CM:1,CS:4,MS:0,MT:800
[2026-09-08 18:02:04.479] [RX] PITCH:2.56,PID_OUT:-114.36,INT:0.0000,EL:-102,ER:60,VEL:-100.6,MOT:1,TILT:25.0,TRIM:0.000,ATE:0,LATCH:0,TORQ:1,CR:0.0,FX1:1.00,FY1:-151.10,FX2:-6.00,FY2:-149.60,IK1:1,IK2:1,MOVE:0
[2026-09-08 18:02:04.480] [RX] SRV:0,35,0.0,0,86
[2026-09-08 18:02:04.568] [RX] PITCH:1.36,PID_OUT:-60.46,INT:0.0000,EL:-120,ER:74,VEL:-157.0,MOT:1,TILT:25.0,TRIM:0.000,ATE:0,LATCH:0,TORQ:1,CR:0.0,FX1:1.00,FY1:-151.10,FX2:-6.00,FY2:-149.60,IK1:1,IK2:1,MOVE:0
[2026-09-08 18:02:04.667] [RX] PITCH:-1.35,PID_OUT:60.19,INT:0.0000,EL:-138,ER:91,VEL:-165.1,MOT:1,TILT:25.0,TRIM:0.000,ATE:0,LATCH:0,TORQ:1,CR:0.0,FX1:1.00,FY1:-151.10,FX2:-6.00,FY2:-149.60,IK1:1,IK2:1,MOVE:0
[2026-09-08 18:02:04.761] [RX] PITCH:-1.89,PID_OUT:84.50,INT:0.0000,EL:-143,ER:98,VEL:-64.9,MOT:1,TILT:25.0,TRIM:0.000,ATE:0,LATCH:0,TORQ:1,CR:0.0,FX1:1.00,FY1:-151.10,FX2:-6.00,FY2:-149.60,IK1:1,IK2:1,MOVE:0
[2026-09-08 18:02:04.876] [RX] PITCH:-2.33,PID_OUT:104.04,INT:0.0000,EL:-143,ER:98,VEL:-12.8,MOT:1,TILT:25.0,TRIM:0.000,ATE:0,LATCH:0,TORQ:1,CR:0.0,FX1:1.00,FY1:-151.10,FX2:-6.00,FY2:-149.60,IK1:1,IK2:1,MOVE:0
[2026-09-08 18:02:04.885] [RX] AX12:MODE:0,TQ:1,TL:1023,CM:1,CS:4,MS:0,MT:800
[2026-09-08 18:02:04.971] [RX] PITCH:-4.31,PID_OUT:192.36,INT:0.0000,EL:-138,ER:93,VEL:51.0,MOT:1,TILT:25.0,TRIM:0.000,ATE:0,LATCH:0,TORQ:1,CR:0.0,FX1:1.00,FY1:-151.10,FX2:-6.00,FY2:-149.60,IK1:1,IK2:1,MOVE:0
[2026-09-08 18:02:05.076] [RX] PITCH:-1.78,PID_OUT:79.32,INT:0.0000,EL:-106,ER:63,VEL:284.9,MOT:1,TILT:25.0,TRIM:0.000,ATE:0,LATCH:0,TORQ:1,CR:0.0,FX1:1.00,FY1:-151.10,FX2:-6.00,FY2:-149.60,IK1:1,IK2:1,MOVE:0
[2026-09-08 18:02:05.177] [RX] PITCH:1.07,PID_OUT:-47.73,INT:0.0000,EL:-73,ER:31,VEL:304.7,MOT:1,TILT:25.0,TRIM:0.000,ATE:0,LATCH:0,TORQ:1,CR:0.0,FX1:1.00,FY1:-151.10,FX2:-6.00,FY2:-149.60,IK1:1,IK2:1,MOVE:0
[2026-09-08 18:02:05.278] [RX] PITCH:0.92,PID_OUT:-41.01,INT:0.0000,EL:-50,ER:10,VEL:223.8,MOT:1,TILT:25.0,TRIM:0.000,ATE:0,LATCH:0,TORQ:1,CR:0.0,FX1:1.00,FY1:-151.10,FX2:-6.00,FY2:-149.60,IK1:1,IK2:1,MOVE:0
[2026-09-08 18:02:05.381] [RX] PITCH:0.76,PID_OUT:-33.73,INT:0.0000,EL:-39,ER:-2,VEL:127.0,MOT:1,TILT:25.0,TRIM:0.000,ATE:0,LATCH:0,TORQ:1,CR:0.0,FX1:1.00,FY1:-151.10,FX2:-6.00,FY2:-149.60,IK1:1,IK2:1,MOVE:0
[2026-09-08 18:02:05.381] [RX] AX12:MODE:0,TQ:1,TL:1023,CM:1,CS:4,MS:0,MT:800
[2026-09-08 18:02:05.486] [RX] PITCH:0.91,PID_OUT:-40.48,INT:0.0000,EL:-37,ER:-6,VEL:40.7,MOT:1,TILT:25.0,TRIM:0.000,ATE:0,LATCH:0,TORQ:1,CR:0.0,FX1:1.00,FY1:-151.10,FX2:-6.00,FY2:-149.60,IK1:1,IK2:1,MOVE:0
[2026-09-08 18:02:05.486] [RX] SRV:14,35,0.0,0,90
[2026-09-08 18:02:05.510] [TX] P72.10000000000001
[2026-09-08 18:02:05.551] [RX] Updated -> P:72.100 I:0.000 D:0.000 Offset:-1.7055 Target:0.000 Alpha:0.9600 Tilt:25.00 TrimGain:0.0015 Crouch:0.00 VP:0.0760
[2026-09-08 18:02:05.679] [RX] PITCH:0.84,PID_OUT:-60.44,INT:0.0000,EL:-59,ER:12,VEL:-202.5,MOT:1,TILT:25.0,TRIM:0.000,ATE:0,LATCH:0,TORQ:1,CR:0.0,FX1:1.00,FY1:-151.10,FX2:-6.00,FY2:-149.60,IK1:1,IK2:1,MOVE:0
[2026-09-08 18:02:05.780] [RX] PITCH:-2.72,PID_OUT:196.41,INT:0.0000,EL:-85,ER:33,VEL:-195.9,MOT:1,TILT:25.0,TRIM:0.000,ATE:0,LATCH:0,TORQ:1,CR:0.0,FX1:1.00,FY1:-151.10,FX2:-6.00,FY2:-149.60,IK1:1,IK2:1,MOVE:0
[2026-09-08 18:02:05.885] [RX] PITCH:4.90,PID_OUT:-352.99,INT:0.0000,EL:-82,ER:28,VEL:-38.3,MOT:1,TILT:25.0,TRIM:0.000,ATE:0,LATCH:0,TORQ:1,CR:0.0,FX1:1.00,FY1:-151.10,FX2:-6.00,FY2:-149.60,IK1:1,IK2:1,MOVE:0
[2026-09-08 18:02:05.892] [RX] AX12:MODE:0,TQ:1,TL:1023,CM:1,CS:4,MS:0,MT:800
[2026-09-08 18:02:05.983] [RX] PITCH:-4.62,PID_OUT:332.81,INT:0.0000,EL:-144,ER:81,VEL:-495.4,MOT:1,TILT:25.0,TRIM:0.000,ATE:0,LATCH:0,TORQ:1,CR:0.0,FX1:1.00,FY1:-151.10,FX2:-6.00,FY2:-149.60,IK1:1,IK2:1,MOVE:0
[2026-09-08 18:02:06.085] [RX] PITCH:-4.63,PID_OUT:333.96,INT:0.0000,EL:-124,ER:69,VEL:141.4,MOT:1,TILT:25.0,TRIM:0.000,ATE:0,LATCH:0,TORQ:1,CR:0.0,FX1:1.00,FY1:-151.10,FX2:-6.00,FY2:-149.60,IK1:1,IK2:1,MOVE:0
[2026-09-08 18:02:06.185] [RX] PITCH:9.70,PID_OUT:-699.10,INT:0.0000,EL:-93,ER:26,VEL:219.0,MOT:1,TILT:25.0,TRIM:0.000,ATE:0,LATCH:0,TORQ:1,CR:0.0,FX1:1.00,FY1:-151.10,FX2:-6.00,FY2:-149.60,IK1:1,IK2:1,MOVE:0
[2026-09-08 18:02:06.287] [RX] PITCH:-7.52,PID_OUT:541.88,INT:0.0000,EL:-154,ER:79,VEL:-455.6,MOT:1,TILT:25.0,TRIM:0.000,ATE:0,LATCH:0,TORQ:1,CR:0.0,FX1:1.00,FY1:-151.10,FX2:-6.00,FY2:-149.60,IK1:1,IK2:1,MOVE:0
[2026-09-08 18:02:06.373] [RX] PITCH:-9.74,PID_OUT:702.50,INT:0.0000,EL:-135,ER:69,VEL:128.4,MOT:1,TILT:25.0,TRIM:0.000,ATE:0,LATCH:0,TORQ:1,CR:0.0,FX1:1.00,FY1:-151.10,FX2:-6.00,FY2:-149.60,IK1:1,IK2:1,MOVE:0
[2026-09-08 18:02:06.389] [RX] AX12:MODE:0,TQ:1,TL:1023,CM:1,CS:4,MS:0,MT:800
[2026-09-08 18:02:06.491] [RX] PITCH:6.39,PID_OUT:-460.61,INT:0.0000,EL:-67,ER:-4,VEL:586.9,MOT:1,TILT:25.0,TRIM:0.000,ATE:0,LATCH:0,TORQ:1,CR:0.0,FX1:1.00,FY1:-151.10,FX2:-6.00,FY2:-149.60,IK1:1,IK2:1,MOVE:0
[2026-09-08 18:02:06.491] [RX] SRV:1,36,0.0,0,94
[2026-09-08 18:02:06.592] [RX] PITCH:-3.29,PID_OUT:237.06,INT:0.0000,EL:-96,ER:13,VEL:-160.0,MOT:1,TILT:25.0,TRIM:0.000,ATE:0,LATCH:0,TORQ:1,CR:0.0,FX1:1.00,FY1:-151.10,FX2:-6.00,FY2:-149.60,IK1:1,IK2:1,MOVE:0
[2026-09-08 18:02:06.691] [RX] PITCH:-5.01,PID_OUT:361.23,INT:0.0000,EL:-73,ER:-3,VEL:231.5,MOT:1,TILT:25.0,TRIM:0.000,ATE:0,LATCH:0,TORQ:1,CR:0.0,FX1:1.00,FY1:-151.10,FX2:-6.00,FY2:-149.60,IK1:1,IK2:1,MOVE:0
[2026-09-08 18:02:06.793] [RX] PITCH:10.40,PID_OUT:-750.04,INT:0.0000,EL:-26,ER:-58,VEL:359.8,MOT:1,TILT:25.0,TRIM:0.000,ATE:0,LATCH:0,TORQ:1,CR:0.0,FX1:1.00,FY1:-151.10,FX2:-6.00,FY2:-149.60,IK1:1,IK2:1,MOVE:0
[2026-09-08 18:02:06.899] [RX] PITCH:3.14,PID_OUT:-226.40,INT:0.0000,EL:-82,ER:-15,VEL:-403.0,MOT:1,TILT:25.0,TRIM:0.000,ATE:0,LATCH:0,TORQ:1,CR:0.0,FX1:1.00,FY1:-151.10,FX2:-6.00,FY2:-149.60,IK1:1,IK2:1,MOVE:0
[2026-09-08 18:02:06.903] [RX] AX12:MODE:0,TQ:1,TL:1023,CM:1,CS:4,MS:0,MT:800
[2026-09-08 18:02:06.996] [RX] PITCH:-9.97,PID_OUT:718.74,INT:0.0000,EL:-122,ER:30,VEL:-282.2,MOT:1,TILT:25.0,TRIM:0.000,ATE:0,LATCH:0,TORQ:1,CR:0.0,FX1:1.00,FY1:-151.10,FX2:-6.00,FY2:-149.60,IK1:1,IK2:1,MOVE:0
[2026-09-08 18:02:07.097] [RX] PITCH:4.41,PID_OUT:-317.91,INT:0.0000,EL:-69,ER:-26,VEL:436.1,MOT:1,TILT:25.0,TRIM:0.000,ATE:0,LATCH:0,TORQ:1,CR:0.0,FX1:1.00,FY1:-151.10,FX2:-6.00,FY2:-149.60,IK1:1,IK2:1,MOVE:0
[2026-09-08 18:02:07.193] [RX] PITCH:7.78,PID_OUT:-561.08,INT:0.0000,EL:-85,ER:-24,VEL:-101.7,MOT:1,TILT:25.0,TRIM:0.000,ATE:0,LATCH:0,TORQ:1,CR:0.0,FX1:1.00,FY1:-151.10,FX2:-6.00,FY2:-149.60,IK1:1,IK2:1,MOVE:0
[2026-09-08 18:02:07.295] [RX] PITCH:-10.10,PID_OUT:728.03,INT:0.0000,EL:-141,ER:29,VEL:-376.1,MOT:1,TILT:25.0,TRIM:0.000,ATE:0,LATCH:0,TORQ:1,CR:0.0,FX1:1.00,FY1:-151.10,FX2:-6.00,FY2:-149.60,IK1:1,IK2:1,MOVE:0
[2026-09-08 18:02:07.395] [RX] PITCH:3.41,PID_OUT:-245.59,INT:0.0000,EL:-101,ER:-11,VEL:299.3,MOT:1,TILT:25.0,TRIM:0.000,ATE:0,LATCH:0,TORQ:1,CR:0.0,FX1:1.00,FY1:-151.10,FX2:-6.00,FY2:-149.60,IK1:1,IK2:1,MOVE:0
[2026-09-08 18:02:07.405] [RX] AX12:MODE:0,TQ:1,TL:1023,CM:1,CS:4,MS:0,MT:800
[2026-09-08 18:02:07.498] [RX] PITCH:0.09,PID_OUT:-6.49,INT:0.0000,EL:-124,ER:2,VEL:-186.3,MOT:1,TILT:25.0,TRIM:0.000,ATE:0,LATCH:0,TORQ:1,CR:0.0,FX1:1.00,FY1:-151.10,FX2:-6.00,FY2:-149.60,IK1:1,IK2:1,MOVE:0
[2026-09-08 18:02:07.500] [RX] SRV:6,37,6.3,0,98
[2026-09-08 18:02:07.595] [RX] PITCH:-3.63,PID_OUT:261.95,INT:0.0000,EL:-122,ER:4,VEL:77.2,MOT:1,TILT:25.0,TRIM:0.000,ATE:0,LATCH:0,TORQ:1,CR:0.0,FX1:1.00,FY1:-151.10,FX2:-6.00,FY2:-149.60,IK1:1,IK2:1,MOVE:0
[2026-09-08 18:02:07.698] [RX] PITCH:2.55,PID_OUT:-183.96,INT:0.0000,EL:-106,ER:-20,VEL:64.1,MOT:1,TILT:25.0,TRIM:0.000,ATE:0,LATCH:0,TORQ:1,CR:0.0,FX1:1.00,FY1:-151.10,FX2:-6.00,FY2:-149.60,IK1:1,IK2:1,MOVE:0
[2026-09-08 18:02:07.812] [RX] PITCH:-2.87,PID_OUT:206.95,INT:0.0000,EL:-110,ER:-13,VEL:59.1,MOT:1,TILT:25.0,TRIM:0.000,ATE:0,LATCH:0,TORQ:1,CR:0.0,FX1:1.00,FY1:-151.10,FX2:-6.00,FY2:-149.60,IK1:1,IK2:1,MOVE:0
[2026-09-08 18:02:07.902] [RX] PITCH:2.52,PID_OUT:-181.61,INT:0.0000,EL:-95,ER:-30,VEL:44.4,MOT:1,TILT:25.0,TRIM:0.000,ATE:0,LATCH:0,TORQ:1,CR:0.0,FX1:1.00,FY1:-151.10,FX2:-6.00,FY2:-149.60,IK1:1,IK2:1,MOVE:0
[2026-09-08 18:02:07.903] [RX] AX12:MODE:0,TQ:1,TL:1023,CM:1,CS:4,MS:0,MT:800
[2026-09-08 18:02:08.003] [RX] PITCH:-1.80,PID_OUT:129.49,INT:0.0000,EL:-95,ER:-25,VEL:84.1,MOT:1,TILT:25.0,TRIM:0.000,ATE:0,LATCH:0,TORQ:1,CR:0.0,FX1:1.00,FY1:-151.10,FX2:-6.00,FY2:-149.60,IK1:1,IK2:1,MOVE:0
[2026-09-08 18:02:08.101] [RX] PITCH:2.04,PID_OUT:-147.08,INT:0.0000,EL:-89,ER:-38,VEL:-1.6,MOT:1,TILT:25.0,TRIM:0.000,ATE:0,LATCH:0,TORQ:1,CR:0.0,FX1:1.00,FY1:-151.10,FX2:-6.00,FY2:-149.60,IK1:1,IK2:1,MOVE:0
[2026-09-08 18:02:08.201] [RX] PITCH:-3.10,PID_OUT:223.46,INT:0.0000,EL:-96,ER:-28,VEL:24.4,MOT:1,TILT:25.0,TRIM:0.000,ATE:0,LATCH:0,TORQ:1,CR:0.0,FX1:1.00,FY1:-151.10,FX2:-6.00,FY2:-149.60,IK1:1,IK2:1,MOVE:0
[2026-09-08 18:02:08.302] [RX] PITCH:5.34,PID_OUT:-384.86,INT:0.0000,EL:-86,ER:-43,VEL:3.9,MOT:1,TILT:25.0,TRIM:0.000,ATE:0,LATCH:0,TORQ:1,CR:0.0,FX1:1.00,FY1:-151.10,FX2:-6.00,FY2:-149.60,IK1:1,IK2:1,MOVE:0
[2026-09-08 18:02:08.402] [RX] PITCH:-6.63,PID_OUT:477.94,INT:0.0000,EL:-123,ER:-7,VEL:-217.5,MOT:1,TILT:25.0,TRIM:0.000,ATE:0,LATCH:0,TORQ:1,CR:0.0,FX1:1.00,FY1:-151.10,FX2:-6.00,FY2:-149.60,IK1:1,IK2:1,MOVE:0
[2026-09-08 18:02:08.413] [RX] AX12:MODE:0,TQ:1,TL:1023,CM:1,CS:4,MS:0,MT:800
[2026-09-08 18:02:08.507] [RX] PITCH:6.01,PID_OUT:-433.61,INT:0.0000,EL:-86,ER:-43,VEL:229.3,MOT:1,TILT:25.0,TRIM:0.000,ATE:0,LATCH:0,TORQ:1,CR:0.0,FX1:1.00,FY1:-151.10,FX2:-6.00,FY2:-149.60,IK1:1,IK2:1,MOVE:0
[2026-09-08 18:02:08.510] [RX] SRV:0,35,0.0,0,103
[2026-09-08 18:02:08.605] [RX] PITCH:-4.77,PID_OUT:343.92,INT:0.0000,EL:-128,ER:-12,VEL:-297.4,MOT:1,TILT:25.0,TRIM:0.000,ATE:0,LATCH:0,TORQ:1,CR:0.0,FX1:1.00,FY1:-151.10,FX2:-6.00,FY2:-149.60,IK1:1,IK2:1,MOVE:0
[2026-09-08 18:02:08.706] [RX] PITCH:-1.83,PID_OUT:132.06,INT:0.0000,EL:-101,ER:-38,VEL:247.8,MOT:1,TILT:25.0,TRIM:0.000,ATE:0,LATCH:0,TORQ:1,CR:0.0,FX1:1.00,FY1:-151.10,FX2:-6.00,FY2:-149.60,IK1:1,IK2:1,MOVE:0
[2026-09-08 18:02:08.805] [RX] PITCH:5.91,PID_OUT:-426.01,INT:0.0000,EL:-98,ER:-56,VEL:2.6,MOT:1,TILT:25.0,TRIM:0.000,ATE:0,LATCH:0,TORQ:1,CR:0.0,FX1:1.00,FY1:-151.10,FX2:-6.00,FY2:-149.60,IK1:1,IK2:1,MOVE:0
[2026-09-08 18:02:08.908] [RX] PITCH:-7.83,PID_OUT:564.89,INT:0.0000,EL:-128,ER:-28,VEL:-127.8,MOT:1,TILT:25.0,TRIM:0.000,ATE:0,LATCH:0,TORQ:1,CR:0.0,FX1:1.00,FY1:-151.10,FX2:-6.00,FY2:-149.60,IK1:1,IK2:1,MOVE:0
[2026-09-08 18:02:08.914] [RX] AX12:MODE:0,TQ:1,TL:1023,CM:1,CS:4,MS:0,MT:800
[2026-09-08 18:02:09.009] [RX] PITCH:7.59,PID_OUT:-547.56,INT:0.0000,EL:-84,ER:-78,VEL:349.2,MOT:1,TILT:25.0,TRIM:0.000,ATE:0,LATCH:0,TORQ:1,CR:0.0,FX1:1.00,FY1:-151.10,FX2:-6.00,FY2:-149.60,IK1:1,IK2:1,MOVE:0
[2026-09-08 18:02:09.111] [RX] PITCH:-2.94,PID_OUT:211.74,INT:0.0000,EL:-122,ER:-49,VEL:-277.9,MOT:1,TILT:25.0,TRIM:0.000,ATE:0,LATCH:0,TORQ:1,CR:0.0,FX1:1.00,FY1:-151.10,FX2:-6.00,FY2:-149.60,IK1:1,IK2:1,MOVE:0
[2026-09-08 18:02:09.207] [RX] PITCH:-4.14,PID_OUT:298.23,INT:0.0000,EL:-113,ER:-59,VEL:124.5,MOT:1,TILT:25.0,TRIM:0.000,ATE:0,LATCH:0,TORQ:1,CR:0.0,FX1:1.00,FY1:-151.10,FX2:-6.00,FY2:-149.60,IK1:1,IK2:1,MOVE:0
[2026-09-08 18:02:09.309] [RX] PITCH:7.22,PID_OUT:-520.56,INT:0.0000,EL:-96,ER:-85,VEL:72.8,MOT:1,TILT:25.0,TRIM:0.000,ATE:0,LATCH:0,TORQ:1,CR:0.0,FX1:1.00,FY1:-151.10,FX2:-6.00,FY2:-149.60,IK1:1,IK2:1,MOVE:0
[2026-09-08 18:02:09.421] [RX] PITCH:-8.67,PID_OUT:625.28,INT:0.0000,EL:-131,ER:-49,VEL:-195.4,MOT:1,TILT:25.0,TRIM:0.000,ATE:0,LATCH:0,TORQ:1,CR:0.0,FX1:1.00,FY1:-151.10,FX2:-6.00,FY2:-149.60,IK1:1,IK2:1,MOVE:0
[2026-09-08 18:02:09.424] [RX] AX12:MODE:0,TQ:1,TL:1023,CM:1,CS:4,MS:0,MT:800
[2026-09-08 18:02:09.517] [RX] PITCH:6.72,PID_OUT:-484.51,INT:0.0000,EL:-87,ER:-98,VEL:357.7,MOT:1,TILT:25.0,TRIM:0.000,ATE:0,LATCH:0,TORQ:1,CR:0.0,FX1:1.00,FY1:-151.10,FX2:-6.00,FY2:-149.60,IK1:1,IK2:1,MOVE:0
[2026-09-08 18:02:09.517] [RX] SRV:14,35,0.0,0,107
[2026-09-08 18:02:09.604] [RX] PITCH:-0.54,PID_OUT:39.27,INT:0.0000,EL:-120,ER:-73,VEL:-254.2,MOT:1,TILT:25.0,TRIM:0.000,ATE:0,LATCH:0,TORQ:1,CR:0.0,FX1:1.00,FY1:-151.10,FX2:-6.00,FY2:-149.60,IK1:1,IK2:1,MOVE:0
[2026-09-08 18:02:09.709] [RX] PITCH:-5.96,PID_OUT:429.42,INT:0.0000,EL:-122,ER:-71,VEL:54.2,MOT:1,TILT:25.0,TRIM:0.000,ATE:0,LATCH:0,TORQ:1,CR:0.0,FX1:1.00,FY1:-151.10,FX2:-6.00,FY2:-149.60,IK1:1,IK2:1,MOVE:0
[2026-09-08 18:02:09.803] [RX] PITCH:8.72,PID_OUT:-628.39,INT:0.0000,EL:-92,ER:-110,VEL:184.3,MOT:1,TILT:25.0,TRIM:0.000,ATE:0,LATCH:0,TORQ:1,CR:0.0,FX1:1.00,FY1:-151.10,FX2:-6.00,FY2:-149.60,IK1:1,IK2:1,MOVE:0
[2026-09-08 18:02:09.915] [RX] PITCH:-7.29,PID_OUT:525.77,INT:0.0000,EL:-141,ER:-64,VEL:-343.3,MOT:1,TILT:25.0,TRIM:0.000,ATE:0,LATCH:0,TORQ:1,CR:0.0,FX1:1.00,FY1:-151.10,FX2:-6.00,FY2:-149.60,IK1:1,IK2:1,MOVE:0
[2026-09-08 18:02:09.925] [RX] AX12:MODE:0,TQ:1,TL:1023,CM:1,CS:4,MS:0,MT:800
[2026-09-08 18:02:10.017] [RX] PITCH:1.38,PID_OUT:-99.55,INT:0.0000,EL:-109,ER:-97,VEL:275.7,MOT:1,TILT:25.0,TRIM:0.000,ATE:0,LATCH:0,TORQ:1,CR:0.0,FX1:1.00,FY1:-151.10,FX2:-6.00,FY2:-149.60,IK1:1,IK2:1,MOVE:0
[2026-09-08 18:02:10.115] [RX] PITCH:6.49,PID_OUT:-467.96,INT:0.0000,EL:-117,ER:-101,VEL:-81.0,MOT:1,TILT:25.0,TRIM:0.000,ATE:0,LATCH:0,TORQ:1,CR:0.0,FX1:1.00,FY1:-151.10,FX2:-6.00,FY2:-149.60,IK1:1,IK2:1,MOVE:0
[2026-09-08 18:02:10.216] [RX] PITCH:-8.46,PID_OUT:609.81,INT:0.0000,EL:-147,ER:-69,VEL:-152.4,MOT:1,TILT:25.0,TRIM:0.000,ATE:0,LATCH:0,TORQ:1,CR:0.0,FX1:1.00,FY1:-151.10,FX2:-6.00,FY2:-149.60,IK1:1,IK2:1,MOVE:0
[2026-09-08 18:02:10.316] [RX] PITCH:7.94,PID_OUT:-572.66,INT:0.0000,EL:-104,ER:-121,VEL:351.7,MOT:1,TILT:25.0,TRIM:0.000,ATE:0,LATCH:0,TORQ:1,CR:0.0,FX1:1.00,FY1:-151.10,FX2:-6.00,FY2:-149.60,IK1:1,IK2:1,MOVE:0
[2026-09-08 18:02:10.415] [RX] PITCH:-1.00,PID_OUT:71.78,INT:0.0000,EL:-145,ER:-91,VEL:-296.6,MOT:1,TILT:25.0,TRIM:0.000,ATE:0,LATCH:0,TORQ:1,CR:0.0,FX1:1.00,FY1:-151.10,FX2:-6.00,FY2:-149.60,IK1:1,IK2:1,MOVE:0
[2026-09-08 18:02:10.425] [RX] AX12:MODE:0,TQ:1,TL:1023,CM:1,CS:4,MS:0,MT:800
[2026-09-08 18:02:10.516] [RX] PITCH:-7.36,PID_OUT:530.70,INT:0.0000,EL:-150,ER:-87,VEL:24.1,MOT:1,TILT:25.0,TRIM:0.000,ATE:0,LATCH:0,TORQ:1,CR:0.0,FX1:1.00,FY1:-151.10,FX2:-6.00,FY2:-149.60,IK1:1,IK2:1,MOVE:0
[2026-09-08 18:02:10.516] [RX] SRV:1,36,0.0,0,111
[2026-09-08 18:02:10.616] [RX] PITCH:8.88,PID_OUT:-639.95,INT:0.0000,EL:-109,ER:-139,VEL:310.7,MOT:1,TILT:25.0,TRIM:0.000,ATE:0,LATCH:0,TORQ:1,CR:0.0,FX1:1.00,FY1:-151.10,FX2:-6.00,FY2:-149.60,IK1:1,IK2:1,MOVE:0
[2026-09-08 18:02:10.722] [RX] PITCH:-7.17,PID_OUT:516.95,INT:0.0000,EL:-153,ER:-98,VEL:-321.3,MOT:1,TILT:25.0,TRIM:0.000,ATE:0,LATCH:0,TORQ:1,CR:0.0,FX1:1.00,FY1:-151.10,FX2:-6.00,FY2:-149.60,IK1:1,IK2:1,MOVE:0
[2026-09-08 18:02:10.748] [TX] D2.4000000000000004
[2026-09-08 18:02:10.796] [RX] Updated -> P:72.100 I:0.000 D:2.400 Offset:-1.7055 Target:0.000 Alpha:0.9600 Tilt:25.00 TrimGain:0.0015 Crouch:0.00 VP:0.0760
[2026-09-08 18:02:10.922] [RX] PITCH:6.32,PID_OUT:-208.97,INT:0.0000,EL:-122,ER:-133,VEL:-13.6,MOT:1,TILT:25.0,TRIM:0.000,ATE:0,LATCH:0,TORQ:1,CR:0.0,FX1:1.00,FY1:-151.10,FX2:-6.00,FY2:-149.60,IK1:1,IK2:1,MOVE:0
[2026-09-08 18:02:10.926] [RX] AX12:MODE:0,TQ:1,TL:1023,CM:1,CS:4,MS:0,MT:800
[2026-09-08 18:02:11.018] [RX] PITCH:-2.81,PID_OUT:0.26,INT:0.0000,EL:-134,ER:-122,VEL:11.9,MOT:1,TILT:25.0,TRIM:0.000,ATE:0,LATCH:0,TORQ:1,CR:0.0,FX1:1.00,FY1:-151.10,FX2:-6.00,FY2:-149.60,IK1:1,IK2:1,MOVE:0
[2026-09-08 18:02:11.122] [RX] PITCH:1.21,PID_OUT:20.29,INT:0.0000,EL:-139,ER:-124,VEL:-72.1,MOT:1,TILT:25.0,TRIM:0.000,ATE:0,LATCH:0,TORQ:1,CR:0.0,FX1:1.00,FY1:-151.10,FX2:-6.00,FY2:-149.60,IK1:1,IK2:1,MOVE:0
[2026-09-08 18:02:11.217] [RX] PITCH:-1.45,PID_OUT:61.23,INT:0.0000,EL:-149,ER:-118,VEL:-47.4,MOT:1,TILT:25.0,TRIM:0.000,ATE:0,LATCH:0,TORQ:1,CR:0.0,FX1:1.00,FY1:-151.10,FX2:-6.00,FY2:-149.60,IK1:1,IK2:1,MOVE:0
[2026-09-08 18:02:11.312] [TX] D3.0
[2026-09-08 18:02:11.318] [RX] PITCH:-0.43,PID_OUT:27.41,INT:0.0000,EL:-148,ER:-120,VEL:-2.4,MOT:1,TILT:25.0,TRIM:0.000,ATE:0,LATCH:0,TORQ:1,CR:0.0,FX1:1.00,FY1:-151.10,FX2:-6.00,FY2:-149.60,IK1:1,IK2:1,MOVE:0
[2026-09-08 18:02:11.363] [RX] Updated -> P:72.100 I:0.000 D:3.000 Offset:-1.7055 Target:0.000 Alpha:0.9600 Tilt:25.00 TrimGain:0.0015 Crouch:0.00 VP:0.0760
[2026-09-08 18:02:11.426] [RX] PITCH:-1.14,PID_OUT:86.69,INT:0.0000,EL:-148,ER:-120,VEL:-0.5,MOT:1,TILT:25.0,TRIM:0.000,ATE:0,LATCH:0,TORQ:1,CR:0.0,FX1:1.00,FY1:-151.10,FX2:-6.00,FY2:-149.60,IK1:1,IK2:1,MOVE:0
[2026-09-08 18:02:11.436] [RX] AX12:MODE:0,TQ:1,TL:1023,CM:1,CS:4,MS:0,MT:800
[2026-09-08 18:02:11.533] [RX] PITCH:-1.43,PID_OUT:90.85,INT:0.0000,EL:-145,ER:-121,VEL:17.6,MOT:1,TILT:25.0,TRIM:0.000,ATE:0,LATCH:0,TORQ:1,CR:0.0,FX1:1.00,FY1:-151.10,FX2:-6.00,FY2:-149.60,IK1:1,IK2:1,MOVE:0
[2026-09-08 18:02:11.533] [RX] SRV:6,37,6.3,0,115
[2026-09-08 18:02:11.628] [RX] PITCH:-1.09,PID_OUT:67.98,INT:0.0000,EL:-139,ER:-121,VEL:25.3,MOT:1,TILT:25.0,TRIM:0.000,ATE:0,LATCH:0,TORQ:1,CR:0.0,FX1:1.00,FY1:-151.10,FX2:-6.00,FY2:-149.60,IK1:1,IK2:1,MOVE:0
[2026-09-08 18:02:11.731] [RX] PITCH:-1.29,PID_OUT:77.76,INT:0.0000,EL:-134,ER:-121,VEL:24.6,MOT:1,TILT:25.0,TRIM:0.000,ATE:0,LATCH:0,TORQ:1,CR:0.0,FX1:1.00,FY1:-151.10,FX2:-6.00,FY2:-149.60,IK1:1,IK2:1,MOVE:0
[2026-09-08 18:02:11.829] [RX] PITCH:-1.10,PID_OUT:62.10,INT:0.0000,EL:-130,ER:-121,VEL:21.8,MOT:1,TILT:25.0,TRIM:0.000,ATE:0,LATCH:0,TORQ:1,CR:0.0,FX1:1.00,FY1:-151.10,FX2:-6.00,FY2:-149.60,IK1:1,IK2:1,MOVE:0
[2026-09-08 18:02:11.927] [RX] PITCH:-1.04,PID_OUT:65.81,INT:0.0000,EL:-128,ER:-121,VEL:13.1,MOT:1,TILT:25.0,TRIM:0.000,ATE:0,LATCH:0,TORQ:1,CR:0.0,FX1:1.00,FY1:-151.10,FX2:-6.00,FY2:-149.60,IK1:1,IK2:1,MOVE:0
[2026-09-08 18:02:11.939] [RX] AX12:MODE:0,TQ:1,TL:1023,CM:1,CS:4,MS:0,MT:800
[2026-09-08 18:02:11.986] [TX] D2.4000000000000004
[2026-09-08 18:02:12.041] [RX] PITCH:-0.95,PID_OUT:56.30,INT:0.0000,EL:-128,ER:-121,VEL:2.6,MOT:1,TILT:25.0,TRIM:0.000,ATE:0,LATCH:0,TORQ:1,CR:0.0,FX1:1.00,FY1:-151.10,FX2:-6.00,FY2:-149.60,IK1:1,IK2:1,MOVE:0
[2026-09-08 18:02:12.062] [RX] Updated -> P:72.100 I:0.000 D:2.400 Offset:-1.7055 Target:0.000 Alpha:0.9600 Tilt:25.00 TrimGain:0.0015 Crouch:0.00 VP:0.0760
[2026-09-08 18:02:12.123] [RX] PITCH:-0.71,PID_OUT:43.33,INT:0.0000,EL:-128,ER:-121,VEL:0.5,MOT:1,TILT:25.0,TRIM:0.000,ATE:0,LATCH:0,TORQ:1,CR:0.0,FX1:1.00,FY1:-151.10,FX2:-6.00,FY2:-149.60,IK1:1,IK2:1,MOVE:0
[2026-09-08 18:02:12.232] [RX] PITCH:-0.59,PID_OUT:32.96,INT:0.0000,EL:-128,ER:-121,VEL:0.1,MOT:1,TILT:25.0,TRIM:0.000,ATE:0,LATCH:0,TORQ:1,CR:0.0,FX1:1.00,FY1:-151.10,FX2:-6.00,FY2:-149.60,IK1:1,IK2:1,MOVE:0
[2026-09-08 18:02:12.322] [RX] PITCH:-0.39,PID_OUT:23.28,INT:0.0000,EL:-128,ER:-121,VEL:0.0,MOT:1,TILT:25.0,TRIM:0.000,ATE:0,LATCH:0,TORQ:1,CR:0.0,FX1:1.00,FY1:-151.10,FX2:-6.00,FY2:-149.60,IK1:1,IK2:1,MOVE:0
[2026-09-08 18:02:12.436] [RX] PITCH:-0.45,PID_OUT:25.59,INT:0.0000,EL:-128,ER:-121,VEL:0.0,MOT:1,TILT:25.0,TRIM:0.000,ATE:0,LATCH:0,TORQ:1,CR:0.0,FX1:1.00,FY1:-151.10,FX2:-6.00,FY2:-149.60,IK1:1,IK2:1,MOVE:0
[2026-09-08 18:02:12.443] [RX] AX12:MODE:0,TQ:1,TL:1023,CM:1,CS:4,MS:0,MT:800
[2026-09-08 18:02:12.539] [RX] PITCH:-0.51,PID_OUT:26.89,INT:0.0000,EL:-128,ER:-121,VEL:0.0,MOT:1,TILT:25.0,TRIM:0.000,ATE:0,LATCH:0,TORQ:1,CR:0.0,FX1:1.00,FY1:-151.10,FX2:-6.00,FY2:-149.60,IK1:1,IK2:1,MOVE:0
[2026-09-08 18:02:12.539] [RX] SRV:0,35,0.0,0,119
[2026-09-08 18:02:12.636] [RX] PITCH:-0.45,PID_OUT:16.09,INT:0.0000,EL:-128,ER:-121,VEL:0.0,MOT:1,TILT:25.0,TRIM:0.000,ATE:0,LATCH:0,TORQ:1,CR:0.0,FX1:1.00,FY1:-151.10,FX2:-6.00,FY2:-149.60,IK1:1,IK2:1,MOVE:0
[2026-09-08 18:02:12.735] [RX] PITCH:-0.41,PID_OUT:-5.56,INT:0.0000,EL:-128,ER:-121,VEL:0.0,MOT:1,TILT:25.0,TRIM:0.000,ATE:0,LATCH:0,TORQ:1,CR:0.0,FX1:1.00,FY1:-151.10,FX2:-6.00,FY2:-149.60,IK1:1,IK2:1,MOVE:0
[2026-09-08 18:02:12.826] [RX] PITCH:0.45,PID_OUT:-126.56,INT:0.0000,EL:-129,ER:-121,VEL:-7.5,MOT:1,TILT:25.0,TRIM:0.000,ATE:0,LATCH:0,TORQ:1,CR:0.0,FX1:1.00,FY1:-151.10,FX2:-6.00,FY2:-149.60,IK1:1,IK2:1,MOVE:0
[2026-09-08 18:02:12.940] [RX] PITCH:2.30,PID_OUT:-172.96,INT:0.0000,EL:-143,ER:-112,VEL:-115.2,MOT:1,TILT:25.0,TRIM:0.000,ATE:0,LATCH:0,TORQ:1,CR:0.0,FX1:1.00,FY1:-151.10,FX2:-6.00,FY2:-149.60,IK1:1,IK2:1,MOVE:0
[2026-09-08 18:02:12.944] [RX] AX12:MODE:0,TQ:1,TL:1023,CM:1,CS:4,MS:0,MT:800
[2026-09-08 18:02:13.042] [RX] PITCH:1.78,PID_OUT:-88.70,INT:0.0000,EL:-176,ER:-86,VEL:-270.1,MOT:1,TILT:25.0,TRIM:0.000,ATE:0,LATCH:0,TORQ:1,CR:0.0,FX1:1.00,FY1:-151.10,FX2:-6.00,FY2:-149.60,IK1:1,IK2:1,MOVE:0
[2026-09-08 18:02:13.131] [RX] PITCH:1.25,PID_OUT:-41.42,INT:0.0000,EL:-211,ER:-58,VEL:-299.7,MOT:1,TILT:25.0,TRIM:0.000,ATE:0,LATCH:0,TORQ:1,CR:0.0,FX1:1.00,FY1:-151.10,FX2:-6.00,FY2:-149.60,IK1:1,IK2:1,MOVE:0
[2026-09-08 18:02:13.243] [RX] PITCH:0.77,PID_OUT:63.06,INT:0.0000,EL:-242,ER:-30,VEL:-294.1,MOT:1,TILT:25.0,TRIM:0.000,ATE:0,LATCH:0,TORQ:1,CR:0.0,FX1:1.00,FY1:-151.10,FX2:-6.00,FY2:-149.60,IK1:1,IK2:1,MOVE:0
[2026-09-08 18:02:13.341] [RX] PITCH:-1.37,PID_OUT:116.47,INT:0.0000,EL:-256,ER:-14,VEL:-142.5,MOT:1,TILT:25.0,TRIM:0.000,ATE:0,LATCH:0,TORQ:1,CR:0.0,FX1:1.00,FY1:-151.10,FX2:-6.00,FY2:-149.60,IK1:1,IK2:1,MOVE:0
[2026-09-08 18:02:13.453] [RX] PITCH:-2.32,PID_OUT:196.42,INT:0.0000,EL:-249,ER:-17,VEL:26.5,MOT:1,TILT:25.0,TRIM:0.000,ATE:0,LATCH:0,TORQ:1,CR:0.0,FX1:1.00,FY1:-151.10,FX2:-6.00,FY2:-149.60,IK1:1,IK2:1,MOVE:0
[2026-09-08 18:02:13.455] [RX] AX12:MODE:0,TQ:1,TL:1023,CM:1,CS:4,MS:0,MT:800
[2026-09-08 18:02:13.546] [RX] PITCH:-1.99,PID_OUT:154.77,INT:0.0000,EL:-223,ER:-37,VEL:206.3,MOT:1,TILT:25.0,TRIM:0.000,ATE:0,LATCH:0,TORQ:1,CR:0.0,FX1:1.00,FY1:-151.10,FX2:-6.00,FY2:-149.60,IK1:1,IK2:1,MOVE:0
[2026-09-08 18:02:13.550] [RX] SRV:14,35,0.0,0,123
[2026-09-08 18:02:13.646] [RX] PITCH:-2.86,PID_OUT:172.35,INT:0.0000,EL:-183,ER:-69,VEL:353.3,MOT:1,TILT:25.0,TRIM:0.000,ATE:0,LATCH:0,TORQ:1,CR:0.0,FX1:1.00,FY1:-151.10,FX2:-6.00,FY2:-149.60,IK1:1,IK2:1,MOVE:0
[2026-09-08 18:02:13.744] [RX] PITCH:-2.68,PID_OUT:131.06,INT:0.0000,EL:-128,ER:-112,VEL:469.9,MOT:1,TILT:25.0,TRIM:0.000,ATE:0,LATCH:0,TORQ:1,CR:0.0,FX1:1.00,FY1:-151.10,FX2:-6.00,FY2:-149.60,IK1:1,IK2:1,MOVE:0
[2026-09-08 18:02:13.849] [RX] PITCH:-1.69,PID_OUT:51.62,INT:0.0000,EL:-71,ER:-157,VEL:499.9,MOT:1,TILT:25.0,TRIM:0.000,ATE:0,LATCH:0,TORQ:1,CR:0.0,FX1:1.00,FY1:-151.10,FX2:-6.00,FY2:-149.60,IK1:1,IK2:1,MOVE:0
[2026-09-08 18:02:13.950] [RX] PITCH:-0.79,PID_OUT:-22.27,INT:0.0000,EL:-16,ER:-197,VEL:473.7,MOT:1,TILT:25.0,TRIM:0.000,ATE:0,LATCH:0,TORQ:1,CR:0.0,FX1:1.00,FY1:-151.10,FX2:-6.00,FY2:-149.60,IK1:1,IK2:1,MOVE:0
[2026-09-08 18:02:13.961] [RX] AX12:MODE:0,TQ:1,TL:1023,CM:1,CS:4,MS:0,MT:800
[2026-09-08 18:02:14.053] [RX] PITCH:0.32,PID_OUT:-64.53,INT:0.0000,EL:29,ER:-225,VEL:366.6,MOT:1,TILT:25.0,TRIM:0.000,ATE:0,LATCH:0,TORQ:1,CR:0.0,FX1:1.00,FY1:-151.10,FX2:-6.00,FY2:-149.60,IK1:1,IK2:1,MOVE:0
[2026-09-08 18:02:14.149] [RX] PITCH:0.79,PID_OUT:-51.80,INT:0.0000,EL:55,ER:-238,VEL:214.4,MOT:1,TILT:25.0,TRIM:0.000,ATE:0,LATCH:0,TORQ:1,CR:0.0,FX1:1.00,FY1:-151.10,FX2:-6.00,FY2:-149.60,IK1:1,IK2:1,MOVE:0
[2026-09-08 18:02:14.246] [RX] PITCH:0.34,PID_OUT:9.15,INT:0.0000,EL:68,ER:-240,VEL:94.8,MOT:1,TILT:25.0,TRIM:0.000,ATE:0,LATCH:0,TORQ:1,CR:0.0,FX1:1.00,FY1:-151.10,FX2:-6.00,FY2:-149.60,IK1:1,IK2:1,MOVE:0
[2026-09-08 18:02:14.347] [RX] PITCH:-0.85,PID_OUT:91.37,INT:0.0000,EL:75,ER:-241,VEL:55.5,MOT:1,TILT:25.0,TRIM:0.000,ATE:0,LATCH:0,TORQ:1,CR:0.0,FX1:1.00,FY1:-151.10,FX2:-6.00,FY2:-149.60,IK1:1,IK2:1,MOVE:0
[2026-09-08 18:02:14.462] [RX] PITCH:-1.09,PID_OUT:90.44,INT:0.0000,EL:84,ER:-247,VEL:72.5,MOT:1,TILT:25.0,TRIM:0.000,ATE:0,LATCH:0,TORQ:1,CR:0.0,FX1:1.00,FY1:-151.10,FX2:-6.00,FY2:-149.60,IK1:1,IK2:1,MOVE:0
[2026-09-08 18:02:14.463] [RX] AX12:MODE:0,TQ:1,TL:1023,CM:1,CS:4,MS:0,MT:800
[2026-09-08 18:02:14.549] [RX] PITCH:-1.31,PID_OUT:100.55,INT:0.0000,EL:96,ER:-254,VEL:94.5,MOT:1,TILT:25.0,TRIM:0.000,ATE:0,LATCH:0,TORQ:1,CR:0.0,FX1:1.00,FY1:-151.10,FX2:-6.00,FY2:-149.60,IK1:1,IK2:1,MOVE:0
[2026-09-08 18:02:14.549] [RX] SRV:1,36,0.0,0,127
[2026-09-08 18:02:14.652] [RX] PITCH:-0.94,PID_OUT:76.08,INT:0.0000,EL:113,ER:-264,VEL:132.6,MOT:1,TILT:25.0,TRIM:0.000,ATE:0,LATCH:0,TORQ:1,CR:0.0,FX1:1.00,FY1:-151.10,FX2:-6.00,FY2:-149.60,IK1:1,IK2:1,MOVE:0
[2026-09-08 18:02:14.754] [RX] PITCH:-1.28,PID_OUT:109.79,INT:0.0000,EL:129,ER:-274,VEL:133.1,MOT:1,TILT:25.0,TRIM:0.000,ATE:0,LATCH:0,TORQ:1,CR:0.0,FX1:1.00,FY1:-151.10,FX2:-6.00,FY2:-149.60,IK1:1,IK2:1,MOVE:0
[2026-09-08 18:02:14.856] [RX] PITCH:-1.67,PID_OUT:125.12,INT:0.0000,EL:149,ER:-290,VEL:176.0,MOT:1,TILT:25.0,TRIM:0.000,ATE:0,LATCH:0,TORQ:1,CR:0.0,FX1:1.00,FY1:-151.10,FX2:-6.00,FY2:-149.60,IK1:1,IK2:1,MOVE:0
[2026-09-08 18:02:14.958] [RX] PITCH:-2.14,PID_OUT:125.00,INT:0.0000,EL:175,ER:-315,VEL:243.8,MOT:1,TILT:25.0,TRIM:0.000,ATE:0,LATCH:0,TORQ:1,CR:0.0,FX1:1.00,FY1:-151.10,FX2:-6.00,FY2:-149.60,IK1:1,IK2:1,MOVE:0
[2026-09-08 18:02:14.962] [RX] AX12:MODE:0,TQ:1,TL:1023,CM:1,CS:4,MS:0,MT:800
[2026-09-08 18:02:15.057] [RX] PITCH:-1.09,PID_OUT:10.04,INT:0.0000,EL:204,ER:-347,VEL:291.7,MOT:1,TILT:25.0,TRIM:0.000,ATE:0,LATCH:0,TORQ:1,CR:0.0,FX1:1.00,FY1:-151.10,FX2:-6.00,FY2:-149.60,IK1:1,IK2:1,MOVE:0
[2026-09-08 18:02:15.157] [RX] PITCH:0.30,PID_OUT:-57.39,INT:0.0000,EL:226,ER:-374,VEL:242.2,MOT:1,TILT:25.0,TRIM:0.000,ATE:0,LATCH:0,TORQ:1,CR:0.0,FX1:1.00,FY1:-151.10,FX2:-6.00,FY2:-149.60,IK1:1,IK2:1,MOVE:0
[2026-09-08 18:02:15.258] [RX] PITCH:0.32,PID_OUT:-60.15,INT:0.0000,EL:236,ER:-390,VEL:145.7,MOT:1,TILT:25.0,TRIM:0.000,ATE:0,LATCH:0,TORQ:1,CR:0.0,FX1:1.00,FY1:-151.10,FX2:-6.00,FY2:-149.60,IK1:1,IK2:1,MOVE:0
[2026-09-08 18:02:15.355] [RX] PITCH:1.04,PID_OUT:-81.92,INT:0.0000,EL:235,ER:-396,VEL:41.6,MOT:1,TILT:25.0,TRIM:0.000,ATE:0,LATCH:0,TORQ:1,CR:0.0,FX1:1.00,FY1:-151.10,FX2:-6.00,FY2:-149.60,IK1:1,IK2:1,MOVE:0
[2026-09-08 18:02:15.462] [RX] PITCH:1.40,PID_OUT:-101.49,INT:0.0000,EL:231,ER:-394,VEL:-16.4,MOT:1,TILT:25.0,TRIM:0.000,ATE:0,LATCH:0,TORQ:1,CR:0.0,FX1:1.00,FY1:-151.10,FX2:-6.00,FY2:-149.60,IK1:1,IK2:1,MOVE:0
[2026-09-08 18:02:15.467] [RX] AX12:MODE:0,TQ:1,TL:1023,CM:1,CS:4,MS:0,MT:800
[2026-09-08 18:02:15.547] [RX] PITCH:1.31,PID_OUT:-85.27,INT:0.0000,EL:221,ER:-389,VEL:-63.7,MOT:1,TILT:25.0,TRIM:0.000,ATE:0,LATCH:0,TORQ:1,CR:0.0,FX1:1.00,FY1:-151.10,FX2:-6.00,FY2:-149.60,IK1:1,IK2:1,MOVE:0
[2026-09-08 18:02:15.563] [RX] SRV:6,37,6.3,0,131
[2026-09-08 18:02:15.661] [RX] PITCH:1.03,PID_OUT:-73.43,INT:0.0000,EL:208,ER:-382,VEL:-93.6,MOT:1,TILT:25.0,TRIM:0.000,ATE:0,LATCH:0,TORQ:1,CR:0.0,FX1:1.00,FY1:-151.10,FX2:-6.00,FY2:-149.60,IK1:1,IK2:1,MOVE:0
[2026-09-08 18:02:15.755] [RX] PITCH:1.08,PID_OUT:-77.21,INT:0.0000,EL:194,ER:-377,VEL:-96.6,MOT:1,TILT:25.0,TRIM:0.000,ATE:0,LATCH:0,TORQ:1,CR:0.0,FX1:1.00,FY1:-151.10,FX2:-6.00,FY2:-149.60,IK1:1,IK2:1,MOVE:0
[2026-09-08 18:02:15.861] [RX] PITCH:1.01,PID_OUT:-77.09,INT:0.0000,EL:179,ER:-371,VEL:-102.4,MOT:1,TILT:25.0,TRIM:0.000,ATE:0,LATCH:0,TORQ:1,CR:0.0,FX1:1.00,FY1:-151.10,FX2:-6.00,FY2:-149.60,IK1:1,IK2:1,MOVE:0
[2026-09-08 18:02:15.961] [RX] PITCH:1.17,PID_OUT:-84.42,INT:0.0000,EL:162,ER:-365,VEL:-112.1,MOT:1,TILT:25.0,TRIM:0.000,ATE:0,LATCH:0,TORQ:1,CR:0.0,FX1:1.00,FY1:-151.10,FX2:-6.00,FY2:-149.60,IK1:1,IK2:1,MOVE:0
[2026-09-08 18:02:15.961] [RX] AX12:MODE:0,TQ:1,TL:1023,CM:1,CS:4,MS:0,MT:800
[2026-09-08 18:02:16.066] [RX] PITCH:0.96,PID_OUT:-67.66,INT:0.0000,EL:144,ER:-357,VEL:-126.2,MOT:1,TILT:25.0,TRIM:0.000,ATE:0,LATCH:0,TORQ:1,CR:0.0,FX1:1.00,FY1:-151.10,FX2:-6.00,FY2:-149.60,IK1:1,IK2:1,MOVE:0
[2026-09-08 18:02:16.169] [RX] PITCH:0.88,PID_OUT:-71.80,INT:0.0000,EL:126,ER:-351,VEL:-120.1,MOT:1,TILT:25.0,TRIM:0.000,ATE:0,LATCH:0,TORQ:1,CR:0.0,FX1:1.00,FY1:-151.10,FX2:-6.00,FY2:-149.60,IK1:1,IK2:1,MOVE:0
[2026-09-08 18:02:16.263] [RX] PITCH:0.88,PID_OUT:-64.42,INT:0.0000,EL:108,ER:-345,VEL:-120.3,MOT:1,TILT:25.0,TRIM:0.000,ATE:0,LATCH:0,TORQ:1,CR:0.0,FX1:1.00,FY1:-151.10,FX2:-6.00,FY2:-149.60,IK1:1,IK2:1,MOVE:0
[2026-09-08 18:02:16.357] [RX] PITCH:0.96,PID_OUT:-70.91,INT:0.0000,EL:91,ER:-340,VEL:-113.2,MOT:1,TILT:25.0,TRIM:0.000,ATE:0,LATCH:0,TORQ:1,CR:0.0,FX1:1.00,FY1:-151.10,FX2:-6.00,FY2:-149.60,IK1:1,IK2:1,MOVE:0
[2026-09-08 18:02:16.464] [RX] PITCH:0.75,PID_OUT:-47.88,INT:0.0000,EL:74,ER:-334,VEL:-116.1,MOT:1,TILT:25.0,TRIM:0.000,ATE:0,LATCH:0,TORQ:1,CR:0.0,FX1:1.00,FY1:-151.10,FX2:-6.00,FY2:-149.60,IK1:1,IK2:1,MOVE:0
[2026-09-08 18:02:16.469] [RX] AX12:MODE:0,TQ:1,TL:1023,CM:1,CS:4,MS:0,MT:800
[2026-09-08 18:02:16.566] [RX] PITCH:0.59,PID_OUT:-45.05,INT:0.0000,EL:59,ER:-330,VEL:-98.4,MOT:1,TILT:25.0,TRIM:0.000,ATE:0,LATCH:0,TORQ:1,CR:0.0,FX1:1.00,FY1:-151.10,FX2:-6.00,FY2:-149.60,IK1:1,IK2:1,MOVE:0
[2026-09-08 18:02:16.566] [RX] SRV:0,35,0.0,0,136
[2026-09-08 18:02:16.666] [RX] PITCH:0.81,PID_OUT:-58.15,INT:0.0000,EL:47,ER:-329,VEL:-68.3,MOT:1,TILT:25.0,TRIM:0.000,ATE:0,LATCH:0,TORQ:1,CR:0.0,FX1:1.00,FY1:-151.10,FX2:-6.00,FY2:-149.60,IK1:1,IK2:1,MOVE:0
[2026-09-08 18:02:16.769] [RX] PITCH:0.62,PID_OUT:-46.14,INT:0.0000,EL:36,ER:-328,VEL:-58.2,MOT:1,TILT:25.0,TRIM:0.000,ATE:0,LATCH:0,TORQ:1,CR:0.0,FX1:1.00,FY1:-151.10,FX2:-6.00,FY2:-149.60,IK1:1,IK2:1,MOVE:0
[2026-09-08 18:02:16.871] [RX] PITCH:0.47,PID_OUT:-30.92,INT:0.0000,EL:28,ER:-328,VEL:-40.2,MOT:1,TILT:25.0,TRIM:0.000,ATE:0,LATCH:0,TORQ:1,CR:0.0,FX1:1.00,FY1:-151.10,FX2:-6.00,FY2:-149.60,IK1:1,IK2:1,MOVE:0
[2026-09-08 18:02:16.978] [RX] PITCH:0.30,PID_OUT:-18.75,INT:0.0000,EL:24,ER:-328,VEL:-19.1,MOT:1,TILT:25.0,TRIM:0.000,ATE:0,LATCH:0,TORQ:1,CR:0.0,FX1:1.00,FY1:-151.10,FX2:-6.00,FY2:-149.60,IK1:1,IK2:1,MOVE:0
[2026-09-08 18:02:16.982] [RX] AX12:MODE:0,TQ:1,TL:1023,CM:1,CS:4,MS:0,MT:800
[2026-09-08 18:02:17.066] [RX] PITCH:0.00,PID_OUT:14.97,INT:0.0000,EL:23,ER:-328,VEL:-5.5,MOT:1,TILT:25.0,TRIM:0.000,ATE:0,LATCH:0,TORQ:1,CR:0.0,FX1:1.00,FY1:-151.10,FX2:-6.00,FY2:-149.60,IK1:1,IK2:1,MOVE:0
[2026-09-08 18:02:17.172] [RX] PITCH:-0.88,PID_OUT:100.95,INT:0.0000,EL:23,ER:-329,VEL:4.3,MOT:1,TILT:25.0,TRIM:0.000,ATE:0,LATCH:0,TORQ:1,CR:0.0,FX1:1.00,FY1:-151.10,FX2:-6.00,FY2:-149.60,IK1:1,IK2:1,MOVE:0
[2026-09-08 18:02:17.271] [RX] PITCH:-1.46,PID_OUT:109.14,INT:0.0000,EL:31,ER:-336,VEL:65.9,MOT:1,TILT:25.0,TRIM:0.000,ATE:0,LATCH:0,TORQ:1,CR:0.0,FX1:1.00,FY1:-151.10,FX2:-6.00,FY2:-149.60,IK1:1,IK2:1,MOVE:0
[2026-09-08 18:02:17.366] [RX] PITCH:-1.53,PID_OUT:115.33,INT:0.0000,EL:44,ER:-350,VEL:128.8,MOT:1,TILT:25.0,TRIM:0.000,ATE:0,LATCH:0,TORQ:1,CR:0.0,FX1:1.00,FY1:-151.10,FX2:-6.00,FY2:-149.60,IK1:1,IK2:1,MOVE:0
[2026-09-08 18:02:17.478] [RX] PITCH:-1.70,PID_OUT:126.01,INT:0.0000,EL:63,ER:-369,VEL:184.9,MOT:1,TILT:25.0,TRIM:0.000,ATE:0,LATCH:0,TORQ:1,CR:0.0,FX1:1.00,FY1:-151.10,FX2:-6.00,FY2:-149.60,IK1:1,IK2:1,MOVE:0
[2026-09-08 18:02:17.478] [RX] AX12:MODE:0,TQ:1,TL:1023,CM:1,CS:4,MS:0,MT:800
[2026-09-08 18:02:17.577] [RX] PITCH:-1.67,PID_OUT:134.62,INT:0.0000,EL:89,ER:-396,VEL:254.1,MOT:1,TILT:25.0,TRIM:0.000,ATE:0,LATCH:0,TORQ:1,CR:0.0,FX1:1.00,FY1:-151.10,FX2:-6.00,FY2:-149.60,IK1:1,IK2:1,MOVE:0
[2026-09-08 18:02:17.577] [RX] SRV:14,35,0.0,0,140
[2026-09-08 18:02:17.678] [RX] PITCH:-2.19,PID_OUT:161.22,INT:0.0000,EL:121,ER:-429,VEL:317.0,MOT:1,TILT:25.0,TRIM:0.000,ATE:0,LATCH:0,TORQ:1,CR:0.0,FX1:1.00,FY1:-151.10,FX2:-6.00,FY2:-149.60,IK1:1,IK2:1,MOVE:0
[2026-09-08 18:02:17.775] [RX] PITCH:-2.16,PID_OUT:139.56,INT:0.0000,EL:163,ER:-470,VEL:401.3,MOT:1,TILT:25.0,TRIM:0.000,ATE:0,LATCH:0,TORQ:1,CR:0.0,FX1:1.00,FY1:-151.10,FX2:-6.00,FY2:-149.60,IK1:1,IK2:1,MOVE:0
[2026-09-08 18:02:17.871] [RX] PITCH:-2.83,PID_OUT:144.52,INT:0.0000,EL:215,ER:-522,VEL:513.0,MOT:1,TILT:25.0,TRIM:0.000,ATE:0,LATCH:0,TORQ:1,CR:0.0,FX1:1.00,FY1:-151.10,FX2:-6.00,FY2:-149.60,IK1:1,IK2:1,MOVE:0
[2026-09-08 18:02:17.982] [RX] PITCH:-1.19,PID_OUT:93.92,INT:0.0000,EL:272,ER:-579,VEL:547.5,MOT:1,TILT:25.0,TRIM:0.000,ATE:0,LATCH:0,TORQ:1,CR:0.0,FX1:1.00,FY1:-151.10,FX2:-6.00,FY2:-149.60,IK1:1,IK2:1,MOVE:0
[2026-09-08 18:02:17.984] [RX] AX12:MODE:0,TQ:1,TL:1023,CM:1,CS:4,MS:0,MT:800
[2026-09-08 18:02:18.081] [RX] PITCH:-0.48,PID_OUT:-325.51,INT:0.0000,EL:322,ER:-637,VEL:543.0,MOT:1,TILT:25.0,TRIM:0.000,ATE:0,LATCH:0,TORQ:1,CR:0.0,FX1:1.00,FY1:-151.10,FX2:-6.00,FY2:-149.60,IK1:1,IK2:1,MOVE:0
[2026-09-08 18:02:18.172] [RX] PITCH:-0.38,PID_OUT:118.77,INT:0.0000,EL:297,ER:-641,VEL:-13.6,MOT:1,TILT:25.0,TRIM:0.000,ATE:0,LATCH:0,TORQ:1,CR:0.0,FX1:1.00,FY1:-151.10,FX2:-6.00,FY2:-149.60,IK1:1,IK2:1,MOVE:0
[2026-09-08 18:02:18.279] [RX] PITCH:-0.95,PID_OUT:42.58,INT:0.0000,EL:289,ER:-642,VEL:-12.2,MOT:1,TILT:25.0,TRIM:0.000,ATE:0,LATCH:0,TORQ:1,CR:0.0,FX1:1.00,FY1:-151.10,FX2:-6.00,FY2:-149.60,IK1:1,IK2:1,MOVE:0
[2026-09-08 18:02:18.366] [RX] PITCH:-0.23,PID_OUT:30.10,INT:0.0000,EL:288,ER:-651,VEL:31.7,MOT:1,TILT:25.0,TRIM:0.000,ATE:0,LATCH:0,TORQ:1,CR:0.0,FX1:1.00,FY1:-151.10,FX2:-6.00,FY2:-149.60,IK1:1,IK2:1,MOVE:0
[2026-09-08 18:02:18.486] [RX] PITCH:-0.91,PID_OUT:66.80,INT:0.0000,EL:288,ER:-652,VEL:10.8,MOT:1,TILT:25.0,TRIM:0.000,ATE:0,LATCH:0,TORQ:1,CR:0.0,FX1:1.00,FY1:-151.10,FX2:-6.00,FY2:-149.60,IK1:1,IK2:1,MOVE:0
[2026-09-08 18:02:18.486] [RX] AX12:MODE:0,TQ:1,TL:1023,CM:1,CS:4,MS:0,MT:800
[2026-09-08 18:02:18.585] [RX] PITCH:-1.05,PID_OUT:68.26,INT:0.0000,EL:288,ER:-670,VEL:75.3,MOT:1,TILT:25.0,TRIM:0.000,ATE:0,LATCH:0,TORQ:1,CR:0.0,FX1:1.00,FY1:-151.10,FX2:-6.00,FY2:-149.60,IK1:1,IK2:1,MOVE:0
[2026-09-08 18:02:18.585] [RX] SRV:1,35,0.0,0,0
[2026-09-08 18:02:18.674] [RX] PITCH:-0.87,PID_OUT:57.40,INT:0.0000,EL:288,ER:-682,VEL:58.3,MOT:1,TILT:25.0,TRIM:0.000,ATE:0,LATCH:0,TORQ:1,CR:0.0,FX1:1.00,FY1:-151.10,FX2:-6.00,FY2:-149.60,IK1:1,IK2:1,MOVE:0
[2026-09-08 18:02:18.778] [RX] PITCH:-0.78,PID_OUT:50.99,INT:0.0000,EL:288,ER:-682,VEL:11.5,MOT:1,TILT:25.0,TRIM:0.000,ATE:0,LATCH:0,TORQ:1,CR:0.0,FX1:1.00,FY1:-151.10,FX2:-6.00,FY2:-149.60,IK1:1,IK2:1,MOVE:0
[2026-09-08 18:02:18.880] [RX] PITCH:-0.72,PID_OUT:46.78,INT:0.0000,EL:288,ER:-682,VEL:2.3,MOT:1,TILT:25.0,TRIM:0.000,ATE:0,LATCH:0,TORQ:1,CR:0.0,FX1:1.00,FY1:-151.10,FX2:-6.00,FY2:-149.60,IK1:1,IK2:1,MOVE:0
[2026-09-08 18:02:18.983] [RX] PITCH:-0.70,PID_OUT:44.85,INT:0.0000,EL:288,ER:-682,VEL:0.4,MOT:1,TILT:25.0,TRIM:0.000,ATE:0,LATCH:0,TORQ:1,CR:0.0,FX1:1.00,FY1:-151.10,FX2:-6.00,FY2:-149.60,IK1:1,IK2:1,MOVE:0
[2026-09-08 18:02:18.988] [RX] AX12:MODE:0,TQ:1,TL:1023,CM:1,CS:4,MS:0,MT:800
[2026-09-08 18:02:19.076] [RX] PITCH:-0.67,PID_OUT:42.71,INT:0.0000,EL:288,ER:-682,VEL:0.1,MOT:1,TILT:25.0,TRIM:0.000,ATE:0,LATCH:0,TORQ:1,CR:0.0,FX1:1.00,FY1:-151.10,FX2:-6.00,FY2:-149.60,IK1:1,IK2:1,MOVE:0
[2026-09-08 18:02:19.176] [RX] PITCH:-0.63,PID_OUT:39.37,INT:0.0000,EL:288,ER:-682,VEL:0.0,MOT:1,TILT:25.0,TRIM:0.000,ATE:0,LATCH:0,TORQ:1,CR:0.0,FX1:1.00,FY1:-151.10,FX2:-6.00,FY2:-149.60,IK1:1,IK2:1,MOVE:0
[2026-09-08 18:02:19.275] [RX] PITCH:-0.64,PID_OUT:39.50,INT:0.0000,EL:288,ER:-682,VEL:0.0,MOT:1,TILT:25.0,TRIM:0.000,ATE:0,LATCH:0,TORQ:1,CR:0.0,FX1:1.00,FY1:-151.10,FX2:-6.00,FY2:-149.60,IK1:1,IK2:1,MOVE:0
[2026-09-08 18:02:19.377] [RX] PITCH:-0.63,PID_OUT:39.63,INT:0.0000,EL:288,ER:-682,VEL:0.0,MOT:1,TILT:25.0,TRIM:0.000,ATE:0,LATCH:0,TORQ:1,CR:0.0,FX1:1.00,FY1:-151.10,FX2:-6.00,FY2:-149.60,IK1:1,IK2:1,MOVE:0
[2026-09-08 18:02:19.485] [RX] PITCH:-0.63,PID_OUT:39.29,INT:0.0000,EL:288,ER:-682,VEL:0.0,MOT:1,TILT:25.0,TRIM:0.000,ATE:0,LATCH:0,TORQ:1,CR:0.0,FX1:1.00,FY1:-151.10,FX2:-6.00,FY2:-149.60,IK1:1,IK2:1,MOVE:0
[2026-09-08 18:02:19.488] [RX] AX12:MODE:0,TQ:1,TL:1023,CM:1,CS:4,MS:0,MT:800
[2026-09-08 18:02:19.582] [RX] PITCH:-0.61,PID_OUT:37.86,INT:0.0000,EL:288,ER:-682,VEL:0.0,MOT:1,TILT:25.0,TRIM:0.000,ATE:0,LATCH:0,TORQ:1,CR:0.0,FX1:1.00,FY1:-151.10,FX2:-6.00,FY2:-149.60,IK1:1,IK2:1,MOVE:0
[2026-09-08 18:02:19.582] [RX] SRV:6,43,6.3,0,0
[2026-09-08 18:02:19.676] [RX] PITCH:-0.62,PID_OUT:38.08,INT:0.0000,EL:288,ER:-682,VEL:0.0,MOT:1,TILT:25.0,TRIM:0.000,ATE:0,LATCH:0,TORQ:1,CR:0.0,FX1:1.00,FY1:-151.10,FX2:-6.00,FY2:-149.60,IK1:1,IK2:1,MOVE:0
[2026-09-08 18:02:19.776] [RX] PITCH:-0.62,PID_OUT:37.79,INT:0.0000,EL:288,ER:-682,VEL:0.0,MOT:1,TILT:25.0,TRIM:0.000,ATE:0,LATCH:0,TORQ:1,CR:0.0,FX1:1.00,FY1:-151.10,FX2:-6.00,FY2:-149.60,IK1:1,IK2:1,MOVE:0
[2026-09-08 18:02:19.875] [RX] PITCH:-0.62,PID_OUT:38.89,INT:0.0000,EL:288,ER:-682,VEL:0.0,MOT:1,TILT:25.0,TRIM:0.000,ATE:0,LATCH:0,TORQ:1,CR:0.0,FX1:1.00,FY1:-151.10,FX2:-6.00,FY2:-149.60,IK1:1,IK2:1,MOVE:0
[2026-09-08 18:02:19.976] [RX] PITCH:-0.61,PID_OUT:38.33,INT:0.0000,EL:288,ER:-682,VEL:0.0,MOT:1,TILT:25.0,TRIM:0.000,ATE:0,LATCH:0,TORQ:1,CR:0.0,FX1:1.00,FY1:-151.10,FX2:-6.00,FY2:-149.60,IK1:1,IK2:1,MOVE:0
[2026-09-08 18:02:19.982] [RX] AX12:MODE:0,TQ:1,TL:1023,CM:1,CS:4,MS:0,MT:800
[2026-09-08 18:02:20.078] [RX] PITCH:-0.60,PID_OUT:37.25,INT:0.0000,EL:288,ER:-682,VEL:0.0,MOT:1,TILT:25.0,TRIM:0.000,ATE:0,LATCH:0,TORQ:1,CR:0.0,FX1:1.00,FY1:-151.10,FX2:-6.00,FY2:-149.60,IK1:1,IK2:1,MOVE:0
[2026-09-08 18:02:20.179] [RX] PITCH:-0.59,PID_OUT:36.88,INT:0.0000,EL:288,ER:-682,VEL:0.0,MOT:1,TILT:25.0,TRIM:0.000,ATE:0,LATCH:0,TORQ:1,CR:0.0,FX1:1.00,FY1:-151.10,FX2:-6.00,FY2:-149.60,IK1:1,IK2:1,MOVE:0
[2026-09-08 18:02:20.277] [RX] PITCH:-0.60,PID_OUT:36.91,INT:0.0000,EL:288,ER:-682,VEL:0.0,MOT:1,TILT:25.0,TRIM:0.000,ATE:0,LATCH:0,TORQ:1,CR:0.0,FX1:1.00,FY1:-151.10,FX2:-6.00,FY2:-149.60,IK1:1,IK2:1,MOVE:0
[2026-09-08 18:02:20.376] [RX] PITCH:-0.59,PID_OUT:35.97,INT:0.0000,EL:288,ER:-682,VEL:0.0,MOT:1,TILT:25.0,TRIM:0.000,ATE:0,LATCH:0,TORQ:1,CR:0.0,FX1:1.00,FY1:-151.10,FX2:-6.00,FY2:-149.60,IK1:1,IK2:1,MOVE:0
[2026-09-08 18:02:20.479] [RX] PITCH:-0.57,PID_OUT:35.21,INT:0.0000,EL:288,ER:-682,VEL:0.0,MOT:1,TILT:25.0,TRIM:0.000,ATE:0,LATCH:0,TORQ:1,CR:0.0,FX1:1.00,FY1:-151.10,FX2:-6.00,FY2:-149.60,IK1:1,IK2:1,MOVE:0
[2026-09-08 18:02:20.486] [RX] AX12:MODE:0,TQ:1,TL:1023,CM:1,CS:4,MS:0,MT:800
[2026-09-08 18:02:20.578] [RX] PITCH:-0.56,PID_OUT:33.92,INT:0.0000,EL:288,ER:-682,VEL:0.0,MOT:1,TILT:25.0,TRIM:0.000,ATE:0,LATCH:0,TORQ:1,CR:0.0,FX1:1.00,FY1:-151.10,FX2:-6.00,FY2:-149.60,IK1:1,IK2:1,MOVE:0
[2026-09-08 18:02:20.578] [RX] SRV:0,35,7.0,0,1
[2026-09-08 18:02:20.674] [RX] PITCH:-0.56,PID_OUT:34.40,INT:0.0000,EL:288,ER:-682,VEL:0.0,MOT:1,TILT:25.0,TRIM:0.000,ATE:0,LATCH:0,TORQ:1,CR:0.0,FX1:1.00,FY1:-151.10,FX2:-6.00,FY2:-149.60,IK1:1,IK2:1,MOVE:0
[2026-09-08 18:02:20.772] [RX] PITCH:-0.56,PID_OUT:34.83,INT:0.0000,EL:288,ER:-682,VEL:0.0,MOT:1,TILT:25.0,TRIM:0.000,ATE:0,LATCH:0,TORQ:1,CR:0.0,FX1:1.00,FY1:-151.10,FX2:-6.00,FY2:-149.60,IK1:1,IK2:1,MOVE:0
[2026-09-08 18:02:20.874] [RX] PITCH:-0.60,PID_OUT:37.46,INT:0.0000,EL:288,ER:-682,VEL:0.0,MOT:1,TILT:25.0,TRIM:0.000,ATE:0,LATCH:0,TORQ:1,CR:0.0,FX1:1.00,FY1:-151.10,FX2:-6.00,FY2:-149.60,IK1:1,IK2:1,MOVE:0
[2026-09-08 18:02:20.981] [RX] PITCH:-0.62,PID_OUT:38.52,INT:0.0000,EL:288,ER:-682,VEL:0.0,MOT:1,TILT:25.0,TRIM:0.000,ATE:0,LATCH:0,TORQ:1,CR:0.0,FX1:1.00,FY1:-151.10,FX2:-6.00,FY2:-149.60,IK1:1,IK2:1,MOVE:0
[2026-09-08 18:02:20.981] [RX] AX12:MODE:0,TQ:1,TL:1023,CM:1,CS:4,MS:0,MT:800
[2026-09-08 18:02:21.075] [RX] PITCH:-0.59,PID_OUT:36.64,INT:0.0000,EL:288,ER:-682,VEL:0.0,MOT:1,TILT:25.0,TRIM:0.000,ATE:0,LATCH:0,TORQ:1,CR:0.0,FX1:1.00,FY1:-151.10,FX2:-6.00,FY2:-149.60,IK1:1,IK2:1,MOVE:0
[2026-09-08 18:02:21.167] [RX] PITCH:-0.59,PID_OUT:36.43,INT:0.0000,EL:288,ER:-682,VEL:0.0,MOT:1,TILT:25.0,TRIM:0.000,ATE:0,LATCH:0,TORQ:1,CR:0.0,FX1:1.00,FY1:-151.10,FX2:-6.00,FY2:-149.60,IK1:1,IK2:1,MOVE:0
[2026-09-08 18:02:21.274] [RX] PITCH:-0.60,PID_OUT:37.49,INT:0.0000,EL:288,ER:-682,VEL:0.0,MOT:1,TILT:25.0,TRIM:0.000,ATE:0,LATCH:0,TORQ:1,CR:0.0,FX1:1.00,FY1:-151.10,FX2:-6.00,FY2:-149.60,IK1:1,IK2:1,MOVE:0
[2026-09-08 18:02:21.367] [RX] PITCH:-0.60,PID_OUT:36.63,INT:0.0000,EL:288,ER:-682,VEL:0.0,MOT:1,TILT:25.0,TRIM:0.000,ATE:0,LATCH:0,TORQ:1,CR:0.0,FX1:1.00,FY1:-151.10,FX2:-6.00,FY2:-149.60,IK1:1,IK2:1,MOVE:0
[2026-09-08 18:02:21.471] [RX] PITCH:-0.61,PID_OUT:38.19,INT:0.0000,EL:288,ER:-682,VEL:0.0,MOT:1,TILT:25.0,TRIM:0.000,ATE:0,LATCH:0,TORQ:1,CR:0.0,FX1:1.00,FY1:-151.10,FX2:-6.00,FY2:-149.60,IK1:1,IK2:1,MOVE:0
[2026-09-08 18:02:21.483] [RX] AX12:MODE:0,TQ:1,TL:1023,CM:1,CS:4,MS:0,MT:800
[2026-09-08 18:02:21.568] [RX] PITCH:-0.61,PID_OUT:37.94,INT:0.0000,EL:288,ER:-682,VEL:0.0,MOT:1,TILT:25.0,TRIM:0.000,ATE:0,LATCH:0,TORQ:1,CR:0.0,FX1:1.00,FY1:-151.10,FX2:-6.00,FY2:-149.60,IK1:1,IK2:1,MOVE:0
[2026-09-08 18:02:21.568] [RX] SRV:14,35,0.0,0,0
[2026-09-08 18:02:21.667] [RX] PITCH:-0.60,PID_OUT:37.52,INT:0.0000,EL:288,ER:-682,VEL:0.0,MOT:1,TILT:25.0,TRIM:0.000,ATE:0,LATCH:0,TORQ:1,CR:0.0,FX1:1.00,FY1:-151.10,FX2:-6.00,FY2:-149.60,IK1:1,IK2:1,MOVE:0
[2026-09-08 18:02:21.767] [RX] PITCH:-0.59,PID_OUT:37.42,INT:0.0000,EL:288,ER:-682,VEL:0.0,MOT:1,TILT:25.0,TRIM:0.000,ATE:0,LATCH:0,TORQ:1,CR:0.0,FX1:1.00,FY1:-151.10,FX2:-6.00,FY2:-149.60,IK1:1,IK2:1,MOVE:0
[2026-09-08 18:02:21.861] [RX] PITCH:-0.58,PID_OUT:36.34,INT:0.0000,EL:288,ER:-682,VEL:0.0,MOT:1,TILT:25.0,TRIM:0.000,ATE:0,LATCH:0,TORQ:1,CR:0.0,FX1:1.00,FY1:-151.10,FX2:-6.00,FY2:-149.60,IK1:1,IK2:1,MOVE:0
[2026-09-08 18:02:21.955] [TX] S0.8
[2026-09-08 18:02:21.974] [RX] PITCH:-0.59,PID_OUT:35.54,INT:0.0000,EL:288,ER:-682,VEL:0.0,MOT:1,TILT:25.0,TRIM:0.000,ATE:0,LATCH:0,TORQ:1,CR:0.0,FX1:1.00,FY1:-151.10,FX2:-6.00,FY2:-149.60,IK1:1,IK2:1,MOVE:0
[2026-09-08 18:02:21.995] [RX] AX12:MODE:0,TQ:1,TL:1023,CM:1,CS:4,MS:0,MT:800
[2026-09-08 18:02:22.008] [RX] Updated -> P:72.100 I:0.000 D:2.400 Offset:-1.7055 Target:0.800 Alpha:0.9600 Tilt:25.00 TrimGain:0.0015 Crouch:0.00 VP:0.0760
[2026-09-08 18:02:22.070] [RX] PITCH:-0.55,PID_OUT:86.83,INT:0.0000,EL:289,ER:-682,VEL:6.4,MOT:1,TILT:25.0,TRIM:0.000,ATE:0,LATCH:0,TORQ:1,CR:0.0,FX1:1.00,FY1:-151.10,FX2:-6.00,FY2:-149.60,IK1:1,IK2:1,MOVE:0
[2026-09-08 18:02:22.170] [RX] PITCH:-0.37,PID_OUT:75.06,INT:0.0000,EL:291,ER:-729,VEL:278.4,MOT:1,TILT:25.0,TRIM:0.000,ATE:0,LATCH:0,TORQ:1,CR:0.0,FX1:1.00,FY1:-151.10,FX2:-6.00,FY2:-149.60,IK1:1,IK2:1,MOVE:0
[2026-09-08 18:02:22.270] [RX] PITCH:0.05,PID_OUT:50.43,INT:0.0000,EL:292,ER:-766,VEL:142.6,MOT:1,TILT:25.0,TRIM:0.000,ATE:0,LATCH:0,TORQ:1,CR:0.0,FX1:1.00,FY1:-151.10,FX2:-6.00,FY2:-149.60,IK1:1,IK2:1,MOVE:0
[2026-09-08 18:02:22.370] [RX] PITCH:-0.04,PID_OUT:54.73,INT:0.0000,EL:292,ER:-766,VEL:28.1,MOT:1,TILT:25.0,TRIM:0.000,ATE:0,LATCH:0,TORQ:1,CR:0.0,FX1:1.00,FY1:-151.10,FX2:-6.00,FY2:-149.60,IK1:1,IK2:1,MOVE:0
[2026-09-08 18:02:22.482] [RX] PITCH:-0.05,PID_OUT:55.55,INT:0.0000,EL:292,ER:-766,VEL:5.5,MOT:1,TILT:25.0,TRIM:0.000,ATE:0,LATCH:0,TORQ:1,CR:0.0,FX1:1.00,FY1:-151.10,FX2:-6.00,FY2:-149.60,IK1:1,IK2:1,MOVE:0
[2026-09-08 18:02:22.482] [RX] AX12:MODE:0,TQ:1,TL:1023,CM:1,CS:4,MS:0,MT:800
[2026-09-08 18:02:22.571] [RX] PITCH:-0.08,PID_OUT:57.59,INT:0.0000,EL:292,ER:-766,VEL:1.1,MOT:1,TILT:25.0,TRIM:0.000,ATE:0,LATCH:0,TORQ:1,CR:0.0,FX1:1.00,FY1:-151.10,FX2:-6.00,FY2:-149.60,IK1:1,IK2:1,MOVE:0
[2026-09-08 18:02:22.571] [RX] SRV:1,35,0.0,0,0
[2026-09-08 18:02:22.670] [RX] PITCH:-0.11,PID_OUT:59.55,INT:0.0000,EL:292,ER:-766,VEL:0.2,MOT:1,TILT:25.0,TRIM:0.000,ATE:0,LATCH:0,TORQ:1,CR:0.0,FX1:1.00,FY1:-151.10,FX2:-6.00,FY2:-149.60,IK1:1,IK2:1,MOVE:0
[2026-09-08 18:02:22.770] [RX] PITCH:-0.12,PID_OUT:60.23,INT:0.0000,EL:292,ER:-766,VEL:0.0,MOT:1,TILT:25.0,TRIM:0.000,ATE:0,LATCH:0,TORQ:1,CR:0.0,FX1:1.00,FY1:-151.10,FX2:-6.00,FY2:-149.60,IK1:1,IK2:1,MOVE:0
[2026-09-08 18:02:22.869] [RX] PITCH:-0.11,PID_OUT:58.82,INT:0.0000,EL:292,ER:-766,VEL:0.0,MOT:1,TILT:25.0,TRIM:0.000,ATE:0,LATCH:0,TORQ:1,CR:0.0,FX1:1.00,FY1:-151.10,FX2:-6.00,FY2:-149.60,IK1:1,IK2:1,MOVE:0
[2026-09-08 18:02:22.972] [RX] PITCH:-0.10,PID_OUT:59.53,INT:0.0000,EL:292,ER:-766,VEL:0.0,MOT:1,TILT:25.0,TRIM:0.000,ATE:0,LATCH:0,TORQ:1,CR:0.0,FX1:1.00,FY1:-151.10,FX2:-6.00,FY2:-149.60,IK1:1,IK2:1,MOVE:0
[2026-09-08 18:02:22.979] [RX] AX12:MODE:0,TQ:1,TL:1023,CM:1,CS:4,MS:0,MT:800
[2026-09-08 18:02:23.069] [RX] PITCH:-0.14,PID_OUT:61.91,INT:0.0000,EL:292,ER:-766,VEL:0.0,MOT:1,TILT:25.0,TRIM:0.000,ATE:0,LATCH:0,TORQ:1,CR:0.0,FX1:1.00,FY1:-151.10,FX2:-6.00,FY2:-149.60,IK1:1,IK2:1,MOVE:0
[2026-09-08 18:02:23.168] [RX] PITCH:-0.16,PID_OUT:63.04,INT:0.0000,EL:292,ER:-766,VEL:0.0,MOT:1,TILT:25.0,TRIM:0.000,ATE:0,LATCH:0,TORQ:1,CR:0.0,FX1:1.00,FY1:-151.10,FX2:-6.00,FY2:-149.60,IK1:1,IK2:1,MOVE:0
[2026-09-08 18:02:23.269] [RX] PITCH:-0.12,PID_OUT:60.95,INT:0.0000,EL:292,ER:-766,VEL:0.0,MOT:1,TILT:25.0,TRIM:0.000,ATE:0,LATCH:0,TORQ:1,CR:0.0,FX1:1.00,FY1:-151.10,FX2:-6.00,FY2:-149.60,IK1:1,IK2:1,MOVE:0
[2026-09-08 18:02:23.372] [RX] PITCH:-0.11,PID_OUT:59.57,INT:0.0000,EL:292,ER:-766,VEL:0.0,MOT:1,TILT:25.0,TRIM:0.000,ATE:0,LATCH:0,TORQ:1,CR:0.0,FX1:1.00,FY1:-151.10,FX2:-6.00,FY2:-149.60,IK1:1,IK2:1,MOVE:0
[2026-09-08 18:02:23.480] [RX] PITCH:-0.11,PID_OUT:59.88,INT:0.0000,EL:292,ER:-766,VEL:0.0,MOT:1,TILT:25.0,TRIM:0.000,ATE:0,LATCH:0,TORQ:1,CR:0.0,FX1:1.00,FY1:-151.10,FX2:-6.00,FY2:-149.60,IK1:1,IK2:1,MOVE:0
[2026-09-08 18:02:23.480] [RX] AX12:MODE:0,TQ:1,TL:1023,CM:1,CS:4,MS:0,MT:800
[2026-09-08 18:02:23.575] [RX] PITCH:-0.10,PID_OUT:59.56,INT:0.0000,EL:292,ER:-766,VEL:0.0,MOT:1,TILT:25.0,TRIM:0.000,ATE:0,LATCH:0,TORQ:1,CR:0.0,FX1:1.00,FY1:-151.10,FX2:-6.00,FY2:-149.60,IK1:1,IK2:1,MOVE:0
[2026-09-08 18:02:23.575] [RX] SRV:6,43,6.3,0,0
[2026-09-08 18:02:23.668] [RX] PITCH:-0.12,PID_OUT:60.71,INT:0.0000,EL:292,ER:-766,VEL:0.0,MOT:1,TILT:25.0,TRIM:0.000,ATE:0,LATCH:0,TORQ:1,CR:0.0,FX1:1.00,FY1:-151.10,FX2:-6.00,FY2:-149.60,IK1:1,IK2:1,MOVE:0
[2026-09-08 18:02:23.768] [RX] PITCH:-0.22,PID_OUT:71.56,INT:0.0000,EL:292,ER:-766,VEL:0.0,MOT:1,TILT:25.0,TRIM:0.000,ATE:0,LATCH:0,TORQ:1,CR:0.0,FX1:1.00,FY1:-151.10,FX2:-6.00,FY2:-149.60,IK1:1,IK2:1,MOVE:0
[2026-09-08 18:02:23.867] [RX] PITCH:-1.12,PID_OUT:73.62,INT:0.0000,EL:293,ER:-772,VEL:50.4,MOT:1,TILT:25.0,TRIM:0.000,ATE:0,LATCH:0,TORQ:1,CR:0.0,FX1:1.00,FY1:-151.10,FX2:-6.00,FY2:-149.60,IK1:1,IK2:1,MOVE:0
[2026-09-08 18:02:23.962] [RX] PITCH:1.30,PID_OUT:-95.02,INT:0.0000,EL:296,ER:-778,VEL:33.4,MOT:1,TILT:25.0,TRIM:0.000,ATE:0,LATCH:0,TORQ:1,CR:0.0,FX1:1.00,FY1:-151.10,FX2:-6.00,FY2:-149.60,IK1:1,IK2:1,MOVE:0
[2026-09-08 18:02:23.977] [RX] AX12:MODE:0,TQ:1,TL:1023,CM:1,CS:4,MS:0,MT:800
[2026-09-08 18:02:24.064] [RX] PITCH:3.29,PID_OUT:-143.22,INT:0.0000,EL:274,ER:-766,VEL:-157.1,MOT:1,TILT:25.0,TRIM:0.000,ATE:0,LATCH:0,TORQ:1,CR:0.0,FX1:1.00,FY1:-151.10,FX2:-6.00,FY2:-149.60,IK1:1,IK2:1,MOVE:0
[2026-09-08 18:02:24.168] [RX] PITCH:1.64,PID_OUT:-19.17,INT:0.0000,EL:244,ER:-745,VEL:-236.0,MOT:1,TILT:25.0,TRIM:0.000,ATE:0,LATCH:0,TORQ:1,CR:0.0,FX1:1.00,FY1:-151.10,FX2:-6.00,FY2:-149.60,IK1:1,IK2:1,MOVE:0
[2026-09-08 18:02:24.259] [RX] PITCH:0.99,PID_OUT:-23.96,INT:0.0000,EL:217,ER:-729,VEL:-209.3,MOT:1,TILT:25.0,TRIM:0.000,ATE:0,LATCH:0,TORQ:1,CR:0.0,FX1:1.00,FY1:-151.10,FX2:-6.00,FY2:-149.60,IK1:1,IK2:1,MOVE:0
[2026-09-08 18:02:24.368] [RX] PITCH:1.68,PID_OUT:-98.08,INT:0.0000,EL:187,ER:-718,VEL:-201.5,MOT:1,TILT:25.0,TRIM:0.000,ATE:0,LATCH:0,TORQ:1,CR:0.0,FX1:1.00,FY1:-151.10,FX2:-6.00,FY2:-149.60,IK1:1,IK2:1,MOVE:0
[2026-09-08 18:02:24.467] [RX] PITCH:1.96,PID_OUT:-89.56,INT:0.0000,EL:151,ER:-704,VEL:-249.0,MOT:1,TILT:25.0,TRIM:0.000,ATE:0,LATCH:0,TORQ:1,CR:0.0,FX1:1.00,FY1:-151.10,FX2:-6.00,FY2:-149.60,IK1:1,IK2:1,MOVE:0
[2026-09-08 18:02:24.467] [RX] AX12:MODE:0,TQ:1,TL:1023,CM:1,CS:4,MS:0,MT:800
[2026-09-08 18:02:24.564] [RX] PITCH:1.96,PID_OUT:-96.87,INT:0.0000,EL:116,ER:-687,VEL:-255.5,MOT:1,TILT:25.0,TRIM:0.000,ATE:0,LATCH:0,TORQ:1,CR:0.0,FX1:1.00,FY1:-151.10,FX2:-6.00,FY2:-149.60,IK1:1,IK2:1,MOVE:0
[2026-09-08 18:02:24.564] [RX] SRV:0,36,8.6,0,0
[2026-09-08 18:02:24.665] [RX] PITCH:1.99,PID_OUT:-92.98,INT:0.0000,EL:78,ER:-668,VEL:-278.2,MOT:1,TILT:25.0,TRIM:0.000,ATE:0,LATCH:0,TORQ:1,CR:0.0,FX1:1.00,FY1:-151.10,FX2:-6.00,FY2:-149.60,IK1:1,IK2:1,MOVE:0
[2026-09-08 18:02:24.759] [RX] PITCH:1.97,PID_OUT:-92.46,INT:0.0000,EL:46,ER:-647,VEL:-267.8,MOT:1,TILT:25.0,TRIM:0.000,ATE:0,LATCH:0,TORQ:1,CR:0.0,FX1:1.00,FY1:-151.10,FX2:-6.00,FY2:-149.60,IK1:1,IK2:1,MOVE:0
[2026-09-08 18:02:24.855] [RX] PITCH:2.08,PID_OUT:-111.20,INT:0.0000,EL:13,ER:-625,VEL:-278.1,MOT:1,TILT:25.0,TRIM:0.000,ATE:0,LATCH:0,TORQ:1,CR:0.0,FX1:1.00,FY1:-151.10,FX2:-6.00,FY2:-149.60,IK1:1,IK2:1,MOVE:0
[2026-09-08 18:02:24.972] [RX] PITCH:2.22,PID_OUT:-102.12,INT:0.0000,EL:-20,ER:-601,VEL:-281.7,MOT:1,TILT:25.0,TRIM:0.000,ATE:0,LATCH:0,TORQ:1,CR:0.0,FX1:1.00,FY1:-151.10,FX2:-6.00,FY2:-149.60,IK1:1,IK2:1,MOVE:0
[2026-09-08 18:02:24.972] [RX] AX12:MODE:0,TQ:1,TL:1023,CM:1,CS:4,MS:0,MT:800
[2026-09-08 18:02:25.060] [RX] PITCH:1.83,PID_OUT:-90.06,INT:0.0000,EL:-53,ER:-573,VEL:-299.7,MOT:1,TILT:25.0,TRIM:0.000,ATE:0,LATCH:0,TORQ:1,CR:0.0,FX1:1.00,FY1:-151.10,FX2:-6.00,FY2:-149.60,IK1:1,IK2:1,MOVE:0
[2026-09-08 18:02:25.167] [RX] PITCH:2.25,PID_OUT:-111.82,INT:0.0000,EL:-88,ER:-545,VEL:-318.3,MOT:1,TILT:25.0,TRIM:0.000,ATE:0,LATCH:0,TORQ:1,CR:0.0,FX1:1.00,FY1:-151.10,FX2:-6.00,FY2:-149.60,IK1:1,IK2:1,MOVE:0
[2026-09-08 18:02:25.266] [RX] PITCH:2.13,PID_OUT:-106.50,INT:0.0000,EL:-124,ER:-515,VEL:-329.5,MOT:1,TILT:25.0,TRIM:0.000,ATE:0,LATCH:0,TORQ:1,CR:0.0,FX1:1.00,FY1:-151.10,FX2:-6.00,FY2:-149.60,IK1:1,IK2:1,MOVE:0
[2026-09-08 18:02:25.355] [RX] PITCH:2.25,PID_OUT:-110.69,INT:0.0000,EL:-163,ER:-484,VEL:-350.8,MOT:1,TILT:25.0,TRIM:0.000,ATE:0,LATCH:0,TORQ:1,CR:0.0,FX1:1.00,FY1:-151.10,FX2:-6.00,FY2:-149.60,IK1:1,IK2:1,MOVE:0
[2026-09-08 18:02:25.462] [RX] PITCH:3.04,PID_OUT:-90.47,INT:0.0000,EL:-206,ER:-449,VEL:-391.2,MOT:1,TILT:25.0,TRIM:0.000,ATE:0,LATCH:0,TORQ:1,CR:0.0,FX1:1.00,FY1:-151.10,FX2:-6.00,FY2:-149.60,IK1:1,IK2:1,MOVE:0
[2026-09-08 18:02:25.475] [RX] AX12:MODE:0,TQ:1,TL:1023,CM:1,CS:4,MS:0,MT:800
[2026-09-08 18:02:25.555] [RX] PITCH:0.24,PID_OUT:116.28,INT:0.0000,EL:-250,ER:-415,VEL:-372.0,MOT:1,TILT:25.0,TRIM:0.000,ATE:0,LATCH:0,TORQ:1,CR:0.0,FX1:1.00,FY1:-151.10,FX2:-6.00,FY2:-149.60,IK1:1,IK2:1,MOVE:0
[2026-09-08 18:02:25.555] [RX] SRV:14,35,0.0,0,0
[2026-09-08 18:02:25.653] [RX] PITCH:0.48,PID_OUT:62.88,INT:0.0000,EL:-273,ER:-404,VEL:-191.2,MOT:1,TILT:25.0,TRIM:0.000,ATE:0,LATCH:0,TORQ:1,CR:0.0,FX1:1.00,FY1:-151.10,FX2:-6.00,FY2:-149.60,IK1:1,IK2:1,MOVE:0
[2026-09-08 18:02:25.763] [RX] PITCH:-0.80,PID_OUT:133.52,INT:0.0000,EL:-278,ER:-413,VEL:1.7,MOT:1,TILT:25.0,TRIM:0.000,ATE:0,LATCH:0,TORQ:1,CR:0.0,FX1:1.00,FY1:-151.10,FX2:-6.00,FY2:-149.60,IK1:1,IK2:1,MOVE:0
[2026-09-08 18:02:25.861] [RX] PITCH:-1.42,PID_OUT:143.42,INT:0.0000,EL:-265,ER:-432,VEL:154.8,MOT:1,TILT:25.0,TRIM:0.000,ATE:0,LATCH:0,TORQ:1,CR:0.0,FX1:1.00,FY1:-151.10,FX2:-6.00,FY2:-149.60,IK1:1,IK2:1,MOVE:0
[2026-09-08 18:02:25.965] [RX] PITCH:-1.17,PID_OUT:131.56,INT:0.0000,EL:-241,ER:-471,VEL:290.5,MOT:1,TILT:25.0,TRIM:0.000,ATE:0,LATCH:0,TORQ:1,CR:0.0,FX1:1.00,FY1:-151.10,FX2:-6.00,FY2:-149.60,IK1:1,IK2:1,MOVE:0
[2026-09-08 18:02:25.965] [RX] AX12:MODE:0,TQ:1,TL:1023,CM:1,CS:4,MS:0,MT:800
[2026-09-08 18:02:26.061] [RX] PITCH:-1.18,PID_OUT:147.37,INT:0.0000,EL:-211,ER:-511,VEL:340.7,MOT:1,TILT:25.0,TRIM:0.000,ATE:0,LATCH:0,TORQ:1,CR:0.0,FX1:1.00,FY1:-151.10,FX2:-6.00,FY2:-149.60,IK1:1,IK2:1,MOVE:0
[2026-09-08 18:02:26.159] [RX] PITCH:-1.45,PID_OUT:135.07,INT:0.0000,EL:-172,ER:-549,VEL:386.0,MOT:1,TILT:25.0,TRIM:0.000,ATE:0,LATCH:0,TORQ:1,CR:0.0,FX1:1.00,FY1:-151.10,FX2:-6.00,FY2:-149.60,IK1:1,IK2:1,MOVE:0
[2026-09-08 18:02:26.253] [RX] PITCH:-1.24,PID_OUT:139.13,INT:0.0000,EL:-128,ER:-590,VEL:414.9,MOT:1,TILT:25.0,TRIM:0.000,ATE:0,LATCH:0,TORQ:1,CR:0.0,FX1:1.00,FY1:-151.10,FX2:-6.00,FY2:-149.60,IK1:1,IK2:1,MOVE:0
[2026-09-08 18:02:26.364] [RX] PITCH:-2.10,PID_OUT:141.72,INT:0.0000,EL:-79,ER:-638,VEL:480.3,MOT:1,TILT:25.0,TRIM:0.000,ATE:0,LATCH:0,TORQ:1,CR:0.0,FX1:1.00,FY1:-151.10,FX2:-6.00,FY2:-149.60,IK1:1,IK2:1,MOVE:0
[2026-09-08 18:02:26.462] [RX] PITCH:-0.80,PID_OUT:-3.93,INT:0.0000,EL:-25,ER:-690,VEL:516.6,MOT:1,TILT:25.0,TRIM:0.000,ATE:0,LATCH:0,TORQ:1,CR:0.0,FX1:1.00,FY1:-151.10,FX2:-6.00,FY2:-149.60,IK1:1,IK2:1,MOVE:0
[2026-09-08 18:02:26.462] [RX] AX12:MODE:0,TQ:1,TL:1023,CM:1,CS:4,MS:0,MT:800
[2026-09-08 18:02:26.557] [RX] PITCH:1.06,PID_OUT:-153.19,INT:0.0000,EL:10,ER:-738,VEL:406.1,MOT:1,TILT:25.0,TRIM:0.000,ATE:0,LATCH:0,TORQ:1,CR:0.0,FX1:1.00,FY1:-151.10,FX2:-6.00,FY2:-149.60,IK1:1,IK2:1,MOVE:0
[2026-09-08 18:02:26.557] [RX] SRV:1,35,0.0,0,2
[2026-09-08 18:02:26.654] [RX] PITCH:2.17,PID_OUT:-116.63,INT:0.0000,EL:7,ER:-755,VEL:64.9,MOT:1,TILT:25.0,TRIM:0.000,ATE:0,LATCH:0,TORQ:1,CR:0.0,FX1:1.00,FY1:-151.10,FX2:-6.00,FY2:-149.60,IK1:1,IK2:1,MOVE:0
[2026-09-08 18:02:26.763] [RX] PITCH:2.78,PID_OUT:-137.29,INT:0.0000,EL:-11,ER:-750,VEL:-108.7,MOT:1,TILT:25.0,TRIM:0.000,ATE:0,LATCH:0,TORQ:1,CR:0.0,FX1:1.00,FY1:-151.10,FX2:-6.00,FY2:-149.60,IK1:1,IK2:1,MOVE:0
[2026-09-08 18:02:26.860] [RX] PITCH:2.34,PID_OUT:-113.51,INT:0.0000,EL:-36,ER:-735,VEL:-184.3,MOT:1,TILT:25.0,TRIM:0.000,ATE:0,LATCH:0,TORQ:1,CR:0.0,FX1:1.00,FY1:-151.10,FX2:-6.00,FY2:-149.60,IK1:1,IK2:1,MOVE:0
[2026-09-08 18:02:26.972] [RX] PITCH:2.55,PID_OUT:-135.65,INT:0.0000,EL:-64,ER:-715,VEL:-244.1,MOT:1,TILT:25.0,TRIM:0.000,ATE:0,LATCH:0,TORQ:1,CR:0.0,FX1:1.00,FY1:-151.10,FX2:-6.00,FY2:-149.60,IK1:1,IK2:1,MOVE:0
[2026-09-08 18:02:26.972] [RX] AX12:MODE:0,TQ:1,TL:1023,CM:1,CS:4,MS:0,MT:800
[2026-09-08 18:02:27.060] [RX] PITCH:2.73,PID_OUT:-150.08,INT:0.0000,EL:-98,ER:-689,VEL:-292.5,MOT:1,TILT:25.0,TRIM:0.000,ATE:0,LATCH:0,TORQ:1,CR:0.0,FX1:1.00,FY1:-151.10,FX2:-6.00,FY2:-149.60,IK1:1,IK2:1,MOVE:0
[2026-09-08 18:02:27.160] [RX] PITCH:2.53,PID_OUT:-137.07,INT:0.0000,EL:-138,ER:-657,VEL:-350.4,MOT:1,TILT:25.0,TRIM:0.000,ATE:0,LATCH:0,TORQ:1,CR:0.0,FX1:1.00,FY1:-151.10,FX2:-6.00,FY2:-149.60,IK1:1,IK2:1,MOVE:0
[2026-09-08 18:02:27.261] [RX] PITCH:2.89,PID_OUT:-149.28,INT:0.0000,EL:-186,ER:-618,VEL:-425.9,MOT:1,TILT:25.0,TRIM:0.000,ATE:0,LATCH:0,TORQ:1,CR:0.0,FX1:1.00,FY1:-151.10,FX2:-6.00,FY2:-149.60,IK1:1,IK2:1,MOVE:0
[2026-09-08 18:02:27.361] [RX] PITCH:3.74,PID_OUT:-166.81,INT:0.0000,EL:-243,ER:-571,VEL:-515.6,MOT:1,TILT:25.0,TRIM:0.000,ATE:0,LATCH:0,TORQ:1,CR:0.0,FX1:1.00,FY1:-151.10,FX2:-6.00,FY2:-149.60,IK1:1,IK2:1,MOVE:0
[2026-09-08 18:02:27.456] [RX] PITCH:2.13,PID_OUT:-23.94,INT:0.0000,EL:-308,ER:-519,VEL:-571.7,MOT:1,TILT:25.0,TRIM:0.000,ATE:0,LATCH:0,TORQ:1,CR:0.0,FX1:1.00,FY1:-151.10,FX2:-6.00,FY2:-149.60,IK1:1,IK2:1,MOVE:0
[2026-09-08 18:02:27.472] [RX] AX12:MODE:0,TQ:1,TL:1023,CM:1,CS:4,MS:0,MT:800
[2026-09-08 18:02:27.557] [RX] PITCH:0.14,PID_OUT:108.61,INT:0.0000,EL:-364,ER:-476,VEL:-491.2,MOT:1,TILT:25.0,TRIM:0.000,ATE:0,LATCH:0,TORQ:1,CR:0.0,FX1:1.00,FY1:-151.10,FX2:-6.00,FY2:-149.60,IK1:1,IK2:1,MOVE:0
[2026-09-08 18:02:27.557] [RX] SRV:6,44,6.3,0,0
[2026-09-08 18:02:27.656] [RX] PITCH:1.11,PID_OUT:36.63,INT:0.0000,EL:-403,ER:-449,VEL:-350.4,MOT:1,TILT:25.0,TRIM:0.000,ATE:0,LATCH:0,TORQ:1,CR:0.0,FX1:1.00,FY1:-151.10,FX2:-6.00,FY2:-149.60,IK1:1,IK2:1,MOVE:0
[2026-09-08 18:02:27.760] [RX] PITCH:-0.18,PID_OUT:117.18,INT:0.0000,EL:-430,ER:-434,VEL:-213.4,MOT:1,TILT:25.0,TRIM:0.000,ATE:0,LATCH:0,TORQ:1,CR:0.0,FX1:1.00,FY1:-151.10,FX2:-6.00,FY2:-149.60,IK1:1,IK2:1,MOVE:0
[2026-09-08 18:02:27.859] [RX] PITCH:-0.35,PID_OUT:111.43,INT:0.0000,EL:-435,ER:-438,VEL:-44.4,MOT:1,TILT:25.0,TRIM:0.000,ATE:0,LATCH:0,TORQ:1,CR:0.0,FX1:1.00,FY1:-151.10,FX2:-6.00,FY2:-149.60,IK1:1,IK2:1,MOVE:0
[2026-09-08 18:02:27.963] [RX] PITCH:-1.79,PID_OUT:157.00,INT:0.0000,EL:-426,ER:-452,VEL:103.4,MOT:1,TILT:25.0,TRIM:0.000,ATE:0,LATCH:0,TORQ:1,CR:0.0,FX1:1.00,FY1:-151.10,FX2:-6.00,FY2:-149.60,IK1:1,IK2:1,MOVE:0
[2026-09-08 18:02:27.963] [RX] AX12:MODE:0,TQ:1,TL:1023,CM:1,CS:4,MS:0,MT:800
[2026-09-08 18:02:28.054] [RX] PITCH:-1.08,PID_OUT:140.07,INT:0.0000,EL:-400,ER:-489,VEL:284.2,MOT:1,TILT:25.0,TRIM:0.000,ATE:0,LATCH:0,TORQ:1,CR:0.0,FX1:1.00,FY1:-151.10,FX2:-6.00,FY2:-149.60,IK1:1,IK2:1,MOVE:0
[2026-09-08 18:02:28.159] [RX] PITCH:-1.39,PID_OUT:152.84,INT:0.0000,EL:-368,ER:-526,VEL:342.8,MOT:1,TILT:25.0,TRIM:0.000,ATE:0,LATCH:0,TORQ:1,CR:0.0,FX1:1.00,FY1:-151.10,FX2:-6.00,FY2:-149.60,IK1:1,IK2:1,MOVE:0
[2026-09-08 18:02:28.249] [RX] PITCH:-1.89,PID_OUT:140.87,INT:0.0000,EL:-327,ER:-567,VEL:407.7,MOT:1,TILT:25.0,TRIM:0.000,ATE:0,LATCH:0,TORQ:1,CR:0.0,FX1:1.00,FY1:-151.10,FX2:-6.00,FY2:-149.60,IK1:1,IK2:1,MOVE:0
[2026-09-08 18:02:28.357] [RX] PITCH:-0.61,PID_OUT:49.87,INT:0.0000,EL:-278,ER:-616,VEL:467.9,MOT:1,TILT:25.0,TRIM:0.000,ATE:0,LATCH:0,TORQ:1,CR:0.0,FX1:1.00,FY1:-151.10,FX2:-6.00,FY2:-149.60,IK1:1,IK2:1,MOVE:0
[2026-09-08 18:02:28.457] [RX] PITCH:-1.09,PID_OUT:106.88,INT:0.0000,EL:-232,ER:-663,VEL:462.0,MOT:1,TILT:25.0,TRIM:0.000,ATE:0,LATCH:0,TORQ:1,CR:0.0,FX1:1.00,FY1:-151.10,FX2:-6.00,FY2:-149.60,IK1:1,IK2:1,MOVE:0
[2026-09-08 18:02:28.457] [RX] AX12:MODE:0,TQ:1,TL:1023,CM:1,CS:4,MS:0,MT:800
[2026-09-08 18:02:28.561] [RX] PITCH:-0.96,PID_OUT:61.15,INT:0.0000,EL:-187,ER:-711,VEL:465.7,MOT:1,TILT:25.0,TRIM:0.000,ATE:0,LATCH:0,TORQ:1,CR:0.0,FX1:1.00,FY1:-151.10,FX2:-6.00,FY2:-149.60,IK1:1,IK2:1,MOVE:0
[2026-09-08 18:02:28.562] [RX] SRV:0,37,6.3,0,0
[2026-09-08 18:02:28.657] [RX] PITCH:0.69,PID_OUT:-56.92,INT:0.0000,EL:-153,ER:-753,VEL:369.1,MOT:1,TILT:25.0,TRIM:0.000,ATE:0,LATCH:0,TORQ:1,CR:0.0,FX1:1.00,FY1:-151.10,FX2:-6.00,FY2:-149.60,IK1:1,IK2:1,MOVE:0
[2026-09-08 18:02:28.754] [RX] PITCH:1.10,PID_OUT:-70.82,INT:0.0000,EL:-138,ER:-786,VEL:252.2,MOT:1,TILT:25.0,TRIM:0.000,ATE:0,LATCH:0,TORQ:1,CR:0.0,FX1:1.00,FY1:-151.10,FX2:-6.00,FY2:-149.60,IK1:1,IK2:1,MOVE:0
[2026-09-08 18:02:28.857] [RX] PITCH:1.25,PID_OUT:-77.77,INT:0.0000,EL:-136,ER:-804,VEL:126.1,MOT:1,TILT:25.0,TRIM:0.000,ATE:0,LATCH:0,TORQ:1,CR:0.0,FX1:1.00,FY1:-151.10,FX2:-6.00,FY2:-149.60,IK1:1,IK2:1,MOVE:0
[2026-09-08 18:02:28.963] [RX] PITCH:1.98,PID_OUT:-124.73,INT:0.0000,EL:-137,ER:-807,VEL:26.1,MOT:1,TILT:25.0,TRIM:0.000,ATE:0,LATCH:0,TORQ:1,CR:0.0,FX1:1.00,FY1:-151.10,FX2:-6.00,FY2:-149.60,IK1:1,IK2:1,MOVE:0
[2026-09-08 18:02:28.968] [RX] AX12:MODE:0,TQ:1,TL:1023,CM:1,CS:4,MS:0,MT:800
[2026-09-08 18:02:29.053] [RX] PITCH:2.98,PID_OUT:-146.90,INT:0.0000,EL:-159,ER:-799,VEL:-116.3,MOT:1,TILT:25.0,TRIM:0.000,ATE:0,LATCH:0,TORQ:1,CR:0.0,FX1:1.00,FY1:-151.10,FX2:-6.00,FY2:-149.60,IK1:1,IK2:1,MOVE:0
[2026-09-08 18:02:29.149] [RX] PITCH:2.35,PID_OUT:-106.26,INT:0.0000,EL:-195,ER:-779,VEL:-245.6,MOT:1,TILT:25.0,TRIM:0.000,ATE:0,LATCH:0,TORQ:1,CR:0.0,FX1:1.00,FY1:-151.10,FX2:-6.00,FY2:-149.60,IK1:1,IK2:1,MOVE:0
[2026-09-08 18:02:29.259] [RX] PITCH:2.33,PID_OUT:-125.43,INT:0.0000,EL:-229,ER:-756,VEL:-284.5,MOT:1,TILT:25.0,TRIM:0.000,ATE:0,LATCH:0,TORQ:1,CR:0.0,FX1:1.00,FY1:-151.10,FX2:-6.00,FY2:-149.60,IK1:1,IK2:1,MOVE:0
[2026-09-08 18:02:29.354] [RX] PITCH:3.11,PID_OUT:-175.54,INT:0.0000,EL:-266,ER:-730,VEL:-313.6,MOT:1,TILT:25.0,TRIM:0.000,ATE:0,LATCH:0,TORQ:1,CR:0.0,FX1:1.00,FY1:-151.10,FX2:-6.00,FY2:-149.60,IK1:1,IK2:1,MOVE:0
[2026-09-08 18:02:29.460] [RX] PITCH:3.10,PID_OUT:-135.56,INT:0.0000,EL:-313,ER:-693,VEL:-402.2,MOT:1,TILT:25.0,TRIM:0.000,ATE:0,LATCH:0,TORQ:1,CR:0.0,FX1:1.00,FY1:-151.10,FX2:-6.00,FY2:-149.60,IK1:1,IK2:1,MOVE:0
[2026-09-08 18:02:29.460] [RX] AX12:MODE:0,TQ:1,TL:1023,CM:1,CS:4,MS:0,MT:800
[2026-09-08 18:02:29.556] [RX] PITCH:2.10,PID_OUT:-69.57,INT:0.0000,EL:-362,ER:-652,VEL:-441.3,MOT:1,TILT:25.0,TRIM:0.000,ATE:0,LATCH:0,TORQ:1,CR:0.0,FX1:1.00,FY1:-151.10,FX2:-6.00,FY2:-149.60,IK1:1,IK2:1,MOVE:0
[2026-09-08 18:02:29.556] [RX] SRV:14,36,0.0,0,0
[2026-09-08 18:02:29.651] [RX] PITCH:1.82,PID_OUT:-66.55,INT:0.0000,EL:-408,ER:-615,VEL:-415.6,MOT:1,TILT:25.0,TRIM:0.000,ATE:0,LATCH:0,TORQ:1,CR:0.0,FX1:1.00,FY1:-151.10,FX2:-6.00,FY2:-149.60,IK1:1,IK2:1,MOVE:0
[2026-09-08 18:02:29.753] [RX] PITCH:2.18,PID_OUT:-70.16,INT:0.0000,EL:-453,ER:-580,VEL:-401.9,MOT:1,TILT:25.0,TRIM:0.000,ATE:0,LATCH:0,TORQ:1,CR:0.0,FX1:1.00,FY1:-151.10,FX2:-6.00,FY2:-149.60,IK1:1,IK2:1,MOVE:0
[2026-09-08 18:02:29.850] [RX] PITCH:1.84,PID_OUT:-23.86,INT:0.0000,EL:-496,ER:-546,VEL:-383.4,MOT:1,TILT:25.0,TRIM:0.000,ATE:0,LATCH:0,TORQ:1,CR:0.0,FX1:1.00,FY1:-151.10,FX2:-6.00,FY2:-149.60,IK1:1,IK2:1,MOVE:0
[2026-09-08 18:02:29.952] [RX] PITCH:0.21,PID_OUT:97.39,INT:0.0000,EL:-536,ER:-524,VEL:-303.9,MOT:1,TILT:25.0,TRIM:0.000,ATE:0,LATCH:0,TORQ:1,CR:0.0,FX1:1.00,FY1:-151.10,FX2:-6.00,FY2:-149.60,IK1:1,IK2:1,MOVE:0
[2026-09-08 18:02:29.957] [RX] AX12:MODE:0,TQ:1,TL:1023,CM:1,CS:4,MS:0,MT:800
[2026-09-08 18:02:30.053] [RX] PITCH:0.33,PID_OUT:60.22,INT:0.0000,EL:-557,ER:-515,VEL:-155.0,MOT:1,TILT:25.0,TRIM:0.000,ATE:0,LATCH:0,TORQ:1,CR:0.0,FX1:1.00,FY1:-151.10,FX2:-6.00,FY2:-149.60,IK1:1,IK2:1,MOVE:0
[2026-09-08 18:02:30.148] [RX] PITCH:-0.11,PID_OUT:109.14,INT:0.0000,EL:-565,ER:-514,VEL:-56.7,MOT:1,TILT:25.0,TRIM:0.000,ATE:0,LATCH:0,TORQ:1,CR:0.0,FX1:1.00,FY1:-151.10,FX2:-6.00,FY2:-149.60,IK1:1,IK2:1,MOVE:0
[2026-09-08 18:02:30.253] [RX] PITCH:-1.58,PID_OUT:167.16,INT:0.0000,EL:-556,ER:-539,VEL:131.8,MOT:1,TILT:25.0,TRIM:0.000,ATE:0,LATCH:0,TORQ:1,CR:0.0,FX1:1.00,FY1:-151.10,FX2:-6.00,FY2:-149.60,IK1:1,IK2:1,MOVE:0
[2026-09-08 18:02:30.352] [RX] PITCH:-1.45,PID_OUT:153.10,INT:0.0000,EL:-529,ER:-577,VEL:298.2,MOT:1,TILT:25.0,TRIM:0.000,ATE:0,LATCH:0,TORQ:1,CR:0.0,FX1:1.00,FY1:-151.10,FX2:-6.00,FY2:-149.60,IK1:1,IK2:1,MOVE:0
[2026-09-08 18:02:30.451] [RX] PITCH:-1.65,PID_OUT:154.20,INT:0.0000,EL:-491,ER:-621,VEL:399.9,MOT:1,TILT:25.0,TRIM:0.000,ATE:0,LATCH:0,TORQ:1,CR:0.0,FX1:1.00,FY1:-151.10,FX2:-6.00,FY2:-149.60,IK1:1,IK2:1,MOVE:0
[2026-09-08 18:02:30.451] [RX] AX12:MODE:0,TQ:1,TL:1023,CM:1,CS:4,MS:0,MT:800
[2026-09-08 18:02:30.554] [RX] PITCH:-1.14,PID_OUT:137.71,INT:0.0000,EL:-447,ER:-665,VEL:430.2,MOT:1,TILT:25.0,TRIM:0.000,ATE:0,LATCH:0,TORQ:1,CR:0.0,FX1:1.00,FY1:-151.10,FX2:-6.00,FY2:-149.60,IK1:1,IK2:1,MOVE:0
[2026-09-08 18:02:30.554] [RX] SRV:1,35,0.0,0,0
[2026-09-08 18:02:30.652] [RX] PITCH:-2.34,PID_OUT:162.78,INT:0.0000,EL:-396,ER:-715,VEL:509.3,MOT:1,TILT:25.0,TRIM:0.000,ATE:0,LATCH:0,TORQ:1,CR:0.0,FX1:1.00,FY1:-151.10,FX2:-6.00,FY2:-149.60,IK1:1,IK2:1,MOVE:0
[2026-09-08 18:02:30.749] [RX] PITCH:-1.27,PID_OUT:99.00,INT:0.0000,EL:-335,ER:-778,VEL:595.4,MOT:1,TILT:25.0,TRIM:0.000,ATE:0,LATCH:0,TORQ:1,CR:0.0,FX1:1.00,FY1:-151.10,FX2:-6.00,FY2:-149.60,IK1:1,IK2:1,MOVE:0
[2026-09-08 18:02:30.850] [RX] PITCH:-1.32,PID_OUT:14.38,INT:0.0000,EL:-273,ER:-840,VEL:615.7,MOT:1,TILT:25.0,TRIM:0.000,ATE:0,LATCH:0,TORQ:1,CR:0.0,FX1:1.00,FY1:-151.10,FX2:-6.00,FY2:-149.60,IK1:1,IK2:1,MOVE:0
[2026-09-08 18:02:30.954] [RX] PITCH:1.40,PID_OUT:-125.56,INT:0.0000,EL:-238,ER:-893,VEL:444.1,MOT:1,TILT:25.0,TRIM:0.000,ATE:0,LATCH:0,TORQ:1,CR:0.0,FX1:1.00,FY1:-151.10,FX2:-6.00,FY2:-149.60,IK1:1,IK2:1,MOVE:0
[2026-09-08 18:02:30.963] [RX] AX12:MODE:0,TQ:1,TL:1023,CM:1,CS:4,MS:0,MT:800
[2026-09-08 18:02:31.045] [RX] PITCH:1.56,PID_OUT:-91.88,INT:0.0000,EL:-232,ER:-916,VEL:190.5,MOT:1,TILT:25.0,TRIM:0.000,ATE:0,LATCH:0,TORQ:1,CR:0.0,FX1:1.00,FY1:-151.10,FX2:-6.00,FY2:-149.60,IK1:1,IK2:1,MOVE:0
[2026-09-08 18:02:31.152] [RX] PITCH:1.66,PID_OUT:-80.29,INT:0.0000,EL:-234,ER:-922,VEL:51.5,MOT:1,TILT:25.0,TRIM:0.000,ATE:0,LATCH:0,TORQ:1,CR:0.0,FX1:1.00,FY1:-151.10,FX2:-6.00,FY2:-149.60,IK1:1,IK2:1,MOVE:0
[2026-09-08 18:02:31.253] [RX] PITCH:2.86,PID_OUT:-156.33,INT:0.0000,EL:-246,ER:-919,VEL:-70.9,MOT:1,TILT:25.0,TRIM:0.000,ATE:0,LATCH:0,TORQ:1,CR:0.0,FX1:1.00,FY1:-151.10,FX2:-6.00,FY2:-149.60,IK1:1,IK2:1,MOVE:0
[2026-09-08 18:02:31.340] [RX] PITCH:2.46,PID_OUT:-111.39,INT:0.0000,EL:-276,ER:-902,VEL:-206.6,MOT:1,TILT:25.0,TRIM:0.000,ATE:0,LATCH:0,TORQ:1,CR:0.0,FX1:1.00,FY1:-151.10,FX2:-6.00,FY2:-149.60,IK1:1,IK2:1,MOVE:0
[2026-09-08 18:02:31.452] [RX] PITCH:2.52,PID_OUT:-127.42,INT:0.0000,EL:-313,ER:-880,VEL:-276.3,MOT:1,TILT:25.0,TRIM:0.000,ATE:0,LATCH:0,TORQ:1,CR:0.0,FX1:1.00,FY1:-151.10,FX2:-6.00,FY2:-149.60,IK1:1,IK2:1,MOVE:0
[2026-09-08 18:02:31.463] [RX] AX12:MODE:0,TQ:1,TL:1023,CM:1,CS:4,MS:0,MT:800
[2026-09-08 18:02:31.554] [RX] PITCH:2.50,PID_OUT:-134.27,INT:0.0000,EL:-348,ER:-853,VEL:-307.6,MOT:1,TILT:25.0,TRIM:0.000,ATE:0,LATCH:0,TORQ:1,CR:0.0,FX1:1.00,FY1:-151.10,FX2:-6.00,FY2:-149.60,IK1:1,IK2:1,MOVE:0
[2026-09-08 18:02:31.554] [RX] SRV:6,44,6.3,0,0
[2026-09-08 18:02:31.649] [RX] PITCH:2.98,PID_OUT:-123.76,INT:0.0000,EL:-389,ER:-820,VEL:-365.6,MOT:1,TILT:25.0,TRIM:0.000,ATE:0,LATCH:0,TORQ:1,CR:0.0,FX1:1.00,FY1:-151.10,FX2:-6.00,FY2:-149.60,IK1:1,IK2:1,MOVE:0
[2026-09-08 18:02:31.741] [RX] PITCH:2.37,PID_OUT:-79.34,INT:0.0000,EL:-436,ER:-780,VEL:-416.6,MOT:1,TILT:25.0,TRIM:0.000,ATE:0,LATCH:0,TORQ:1,CR:0.0,FX1:1.00,FY1:-151.10,FX2:-6.00,FY2:-149.60,IK1:1,IK2:1,MOVE:0
[2026-09-08 18:02:31.850] [RX] PITCH:2.01,PID_OUT:-67.79,INT:0.0000,EL:-480,ER:-742,VEL:-409.1,MOT:1,TILT:25.0,TRIM:0.000,ATE:0,LATCH:0,TORQ:1,CR:0.0,FX1:1.00,FY1:-151.10,FX2:-6.00,FY2:-149.60,IK1:1,IK2:1,MOVE:0
[2026-09-08 18:02:31.955] [RX] PITCH:1.69,PID_OUT:-57.46,INT:0.0000,EL:-521,ER:-709,VEL:-375.6,MOT:1,TILT:25.0,TRIM:0.000,ATE:0,LATCH:0,TORQ:1,CR:0.0,FX1:1.00,FY1:-151.10,FX2:-6.00,FY2:-149.60,IK1:1,IK2:1,MOVE:0
[2026-09-08 18:02:31.961] [RX] AX12:MODE:0,TQ:1,TL:1023,CM:1,CS:4,MS:0,MT:800
[2026-09-08 18:02:32.049] [RX] PITCH:2.09,PID_OUT:-52.75,INT:0.0000,EL:-558,ER:-678,VEL:-340.8,MOT:1,TILT:25.0,TRIM:0.000,ATE:0,LATCH:0,TORQ:1,CR:0.0,FX1:1.00,FY1:-151.10,FX2:-6.00,FY2:-149.60,IK1:1,IK2:1,MOVE:0
[2026-09-08 18:02:32.150] [RX] PITCH:1.23,PID_OUT:45.31,INT:0.0000,EL:-595,ER:-653,VEL:-311.8,MOT:1,TILT:25.0,TRIM:0.000,ATE:0,LATCH:0,TORQ:1,CR:0.0,FX1:1.00,FY1:-151.10,FX2:-6.00,FY2:-149.60,IK1:1,IK2:1,MOVE:0
[2026-09-08 18:02:32.244] [RX] PITCH:-0.04,PID_OUT:89.44,INT:0.0000,EL:-621,ER:-639,VEL:-206.1,MOT:1,TILT:25.0,TRIM:0.000,ATE:0,LATCH:0,TORQ:1,CR:0.0,FX1:1.00,FY1:-151.10,FX2:-6.00,FY2:-149.60,IK1:1,IK2:1,MOVE:0
[2026-09-08 18:02:32.341] [RX] PITCH:0.09,PID_OUT:58.27,INT:0.0000,EL:-628,ER:-638,VEL:-64.5,MOT:1,TILT:25.0,TRIM:0.000,ATE:0,LATCH:0,TORQ:1,CR:0.0,FX1:1.00,FY1:-151.10,FX2:-6.00,FY2:-149.60,IK1:1,IK2:1,MOVE:0
[2026-09-08 18:02:32.457] [RX] PITCH:-1.30,PID_OUT:185.46,INT:0.0000,EL:-625,ER:-644,VEL:40.5,MOT:1,TILT:25.0,TRIM:0.000,ATE:0,LATCH:0,TORQ:1,CR:0.0,FX1:1.00,FY1:-151.10,FX2:-6.00,FY2:-149.60,IK1:1,IK2:1,MOVE:0
[2026-09-08 18:02:32.460] [RX] AX12:MODE:0,TQ:1,TL:1023,CM:1,CS:4,MS:0,MT:800
[2026-09-08 18:02:32.549] [RX] PITCH:-1.19,PID_OUT:118.12,INT:0.0000,EL:-606,ER:-671,VEL:207.6,MOT:1,TILT:25.0,TRIM:0.000,ATE:0,LATCH:0,TORQ:1,CR:0.0,FX1:1.00,FY1:-151.10,FX2:-6.00,FY2:-149.60,IK1:1,IK2:1,MOVE:0
[2026-09-08 18:02:32.549] [RX] SRV:0,38,6.3,0,0
[2026-09-08 18:02:32.647] [RX] PITCH:-0.90,PID_OUT:126.01,INT:0.0000,EL:-579,ER:-707,VEL:296.0,MOT:1,TILT:25.0,TRIM:0.000,ATE:0,LATCH:0,TORQ:1,CR:0.0,FX1:1.00,FY1:-151.10,FX2:-6.00,FY2:-149.60,IK1:1,IK2:1,MOVE:0
[2026-09-08 18:02:32.742] [RX] PITCH:-1.71,PID_OUT:154.64,INT:0.0000,EL:-549,ER:-746,VEL:351.3,MOT:1,TILT:25.0,TRIM:0.000,ATE:0,LATCH:0,TORQ:1,CR:0.0,FX1:1.00,FY1:-151.10,FX2:-6.00,FY2:-149.60,IK1:1,IK2:1,MOVE:0
[2026-09-08 18:02:32.842] [RX] PITCH:-0.92,PID_OUT:94.96,INT:0.0000,EL:-509,ER:-786,VEL:395.1,MOT:1,TILT:25.0,TRIM:0.000,ATE:0,LATCH:0,TORQ:1,CR:0.0,FX1:1.00,FY1:-151.10,FX2:-6.00,FY2:-149.60,IK1:1,IK2:1,MOVE:0
[2026-09-08 18:02:32.948] [RX] PITCH:-1.23,PID_OUT:90.99,INT:0.0000,EL:-468,ER:-826,VEL:401.9,MOT:1,TILT:25.0,TRIM:0.000,ATE:0,LATCH:0,TORQ:1,CR:0.0,FX1:1.00,FY1:-151.10,FX2:-6.00,FY2:-149.60,IK1:1,IK2:1,MOVE:0
[2026-09-08 18:02:32.958] [RX] AX12:MODE:0,TQ:1,TL:1023,CM:1,CS:4,MS:0,MT:800
[2026-09-08 18:02:33.045] [RX] PITCH:-0.12,PID_OUT:-5.27,INT:0.0000,EL:-427,ER:-865,VEL:397.9,MOT:1,TILT:25.0,TRIM:0.000,ATE:0,LATCH:0,TORQ:1,CR:0.0,FX1:1.00,FY1:-151.10,FX2:-6.00,FY2:-149.60,IK1:1,IK2:1,MOVE:0
[2026-09-08 18:02:33.147] [RX] PITCH:0.73,PID_OUT:-46.69,INT:0.0000,EL:-410,ER:-895,VEL:262.0,MOT:1,TILT:25.0,TRIM:0.000,ATE:0,LATCH:0,TORQ:1,CR:0.0,FX1:1.00,FY1:-151.10,FX2:-6.00,FY2:-149.60,IK1:1,IK2:1,MOVE:0
[2026-09-08 18:02:33.246] [RX] PITCH:1.08,PID_OUT:-96.75,INT:0.0000,EL:-406,ER:-915,VEL:134.1,MOT:1,TILT:25.0,TRIM:0.000,ATE:0,LATCH:0,TORQ:1,CR:0.0,FX1:1.00,FY1:-151.10,FX2:-6.00,FY2:-149.60,IK1:1,IK2:1,MOVE:0
[2026-09-08 18:02:33.342] [RX] PITCH:1.97,PID_OUT:-126.25,INT:0.0000,EL:-423,ER:-917,VEL:-71.6,MOT:1,TILT:25.0,TRIM:0.000,ATE:0,LATCH:0,TORQ:1,CR:0.0,FX1:1.00,FY1:-151.10,FX2:-6.00,FY2:-149.60,IK1:1,IK2:1,MOVE:0
[2026-09-08 18:02:33.451] [RX] PITCH:3.07,PID_OUT:-167.25,INT:0.0000,EL:-447,ER:-906,VEL:-173.5,MOT:1,TILT:25.0,TRIM:0.000,ATE:0,LATCH:0,TORQ:1,CR:0.0,FX1:1.00,FY1:-151.10,FX2:-6.00,FY2:-149.60,IK1:1,IK2:1,MOVE:0
[2026-09-08 18:02:33.458] [RX] AX12:MODE:0,TQ:1,TL:1023,CM:1,CS:4,MS:0,MT:800
[2026-09-08 18:02:33.547] [RX] PITCH:2.57,PID_OUT:-122.51,INT:0.0000,EL:-482,ER:-882,VEL:-278.0,MOT:1,TILT:25.0,TRIM:0.000,ATE:0,LATCH:0,TORQ:1,CR:0.0,FX1:1.00,FY1:-151.10,FX2:-6.00,FY2:-149.60,IK1:1,IK2:1,MOVE:0
[2026-09-08 18:02:33.547] [RX] SRV:14,36,0.0,0,0
[2026-09-08 18:02:33.644] [RX] PITCH:2.61,PID_OUT:-134.20,INT:0.0000,EL:-524,ER:-854,VEL:-337.9,MOT:1,TILT:25.0,TRIM:0.000,ATE:0,LATCH:0,TORQ:1,CR:0.0,FX1:1.00,FY1:-151.10,FX2:-6.00,FY2:-149.60,IK1:1,IK2:1,MOVE:0
[2026-09-08 18:02:33.744] [RX] PITCH:2.83,PID_OUT:-141.28,INT:0.0000,EL:-567,ER:-820,VEL:-377.8,MOT:1,TILT:25.0,TRIM:0.000,ATE:0,LATCH:0,TORQ:1,CR:0.0,FX1:1.00,FY1:-151.10,FX2:-6.00,FY2:-149.60,IK1:1,IK2:1,MOVE:0
[2026-09-08 18:02:33.844] [RX] PITCH:3.29,PID_OUT:-133.66,INT:0.0000,EL:-616,ER:-780,VEL:-438.7,MOT:1,TILT:25.0,TRIM:0.000,ATE:0,LATCH:0,TORQ:1,CR:0.0,FX1:1.00,FY1:-151.10,FX2:-6.00,FY2:-149.60,IK1:1,IK2:1,MOVE:0
[2026-09-08 18:02:33.947] [RX] PITCH:2.17,PID_OUT:-16.85,INT:0.0000,EL:-670,ER:-736,VEL:-483.3,MOT:1,TILT:25.0,TRIM:0.000,ATE:0,LATCH:0,TORQ:1,CR:0.0,FX1:1.00,FY1:-151.10,FX2:-6.00,FY2:-149.60,IK1:1,IK2:1,MOVE:0
[2026-09-08 18:02:33.951] [RX] AX12:MODE:0,TQ:1,TL:1023,CM:1,CS:4,MS:0,MT:800
[2026-09-08 18:02:34.043] [RX] PITCH:0.51,PID_OUT:108.36,INT:0.0000,EL:-719,ER:-701,VEL:-417.8,MOT:1,TILT:25.0,TRIM:0.000,ATE:0,LATCH:0,TORQ:1,CR:0.0,FX1:1.00,FY1:-151.10,FX2:-6.00,FY2:-149.60,IK1:1,IK2:1,MOVE:0
[2026-09-08 18:02:34.142] [RX] PITCH:0.28,PID_OUT:70.20,INT:0.0000,EL:-748,ER:-687,VEL:-237.2,MOT:1,TILT:25.0,TRIM:0.000,ATE:0,LATCH:0,TORQ:1,CR:0.0,FX1:1.00,FY1:-151.10,FX2:-6.00,FY2:-149.60,IK1:1,IK2:1,MOVE:0
[2026-09-08 18:02:34.244] [RX] PITCH:-0.38,PID_OUT:105.93,INT:0.0000,EL:-760,ER:-687,VEL:-64.1,MOT:1,TILT:25.0,TRIM:0.000,ATE:0,LATCH:0,TORQ:1,CR:0.0,FX1:1.00,FY1:-151.10,FX2:-6.00,FY2:-149.60,IK1:1,IK2:1,MOVE:0
[2026-09-08 18:02:34.343] [RX] PITCH:-1.50,PID_OUT:174.68,INT:0.0000,EL:-756,ER:-704,VEL:67.8,MOT:1,TILT:25.0,TRIM:0.000,ATE:0,LATCH:0,TORQ:1,CR:0.0,FX1:1.00,FY1:-151.10,FX2:-6.00,FY2:-149.60,IK1:1,IK2:1,MOVE:0
[2026-09-08 18:02:34.395] [TX] VP0.08600000000000001
[2026-09-08 18:02:34.456] [RX] PITCH:-1.26,PID_OUT:113.57,INT:0.0000,EL:-735,ER:-736,VEL:242.8,MOT:1,TILT:25.0,TRIM:0.000,ATE:0,LATCH:0,TORQ:1,CR:0.0,FX1:1.00,FY1:-151.10,FX2:-6.00,FY2:-149.60,IK1:1,IK2:1,MOVE:0
[2026-09-08 18:02:34.456] [RX] AX12:MODE:0,TQ:1,TL:1023,CM:1,CS:4,MS:0,MT:800
[2026-09-08 18:02:34.471] [RX] Updated -> P:72.100 I:0.000 D:2.400 Offset:-1.7055 Target:0.800 Alpha:0.9600 Tilt:25.00 TrimGain:0.0015 Crouch:0.00 VP:0.0860
[2026-09-08 18:02:34.544] [RX] PITCH:-0.85,PID_OUT:123.62,INT:0.0000,EL:-709,ER:-772,VEL:297.2,MOT:1,TILT:25.0,TRIM:0.000,ATE:0,LATCH:0,TORQ:1,CR:0.0,FX1:1.00,FY1:-151.10,FX2:-6.00,FY2:-149.60,IK1:1,IK2:1,MOVE:0
[2026-09-08 18:02:34.544] [RX] SRV:1,35,0.0,0,0
[2026-09-08 18:02:34.644] [RX] PITCH:-1.75,PID_OUT:177.56,INT:0.0000,EL:-679,ER:-810,VEL:336.7,MOT:1,TILT:25.0,TRIM:0.000,ATE:0,LATCH:0,TORQ:1,CR:0.0,FX1:1.00,FY1:-151.10,FX2:-6.00,FY2:-149.60,IK1:1,IK2:1,MOVE:0
[2026-09-08 18:02:34.740] [RX] PITCH:-1.81,PID_OUT:158.44,INT:0.0000,EL:-636,ER:-855,VEL:424.8,MOT:1,TILT:25.0,TRIM:0.000,ATE:0,LATCH:0,TORQ:1,CR:0.0,FX1:1.00,FY1:-151.10,FX2:-6.00,FY2:-149.60,IK1:1,IK2:1,MOVE:0
[2026-09-08 18:02:34.842] [RX] PITCH:-1.12,PID_OUT:54.87,INT:0.0000,EL:-588,ER:-903,VEL:469.9,MOT:1,TILT:25.0,TRIM:0.000,ATE:0,LATCH:0,TORQ:1,CR:0.0,FX1:1.00,FY1:-151.10,FX2:-6.00,FY2:-149.60,IK1:1,IK2:1,MOVE:0
[2026-09-08 18:02:34.943] [RX] PITCH:-0.02,PID_OUT:-38.53,INT:0.0000,EL:-546,ER:-949,VEL:430.5,MOT:1,TILT:25.0,TRIM:0.000,ATE:0,LATCH:0,TORQ:1,CR:0.0,FX1:1.00,FY1:-151.10,FX2:-6.00,FY2:-149.60,IK1:1,IK2:1,MOVE:0
[2026-09-08 18:02:34.946] [RX] AX12:MODE:0,TQ:1,TL:1023,CM:1,CS:4,MS:0,MT:800
[2026-09-08 18:02:35.036] [RX] PITCH:0.80,PID_OUT:-61.00,INT:0.0000,EL:-528,ER:-983,VEL:273.8,MOT:1,TILT:25.0,TRIM:0.000,ATE:0,LATCH:0,TORQ:1,CR:0.0,FX1:1.00,FY1:-151.10,FX2:-6.00,FY2:-149.60,IK1:1,IK2:1,MOVE:0
[2026-09-08 18:02:35.140] [RX] PITCH:1.16,PID_OUT:-85.68,INT:0.0000,EL:-531,ER:-1001,VEL:95.7,MOT:1,TILT:25.0,TRIM:0.000,ATE:0,LATCH:0,TORQ:1,CR:0.0,FX1:1.00,FY1:-151.10,FX2:-6.00,FY2:-149.60,IK1:1,IK2:1,MOVE:0
[2026-09-08 18:02:35.237] [RX] PITCH:2.13,PID_OUT:-139.74,INT:0.0000,EL:-534,ER:-1005,VEL:19.8,MOT:1,TILT:25.0,TRIM:0.000,ATE:0,LATCH:0,TORQ:1,CR:0.0,FX1:1.00,FY1:-151.10,FX2:-6.00,FY2:-149.60,IK1:1,IK2:1,MOVE:0
[2026-09-08 18:02:35.336] [RX] PITCH:3.10,PID_OUT:-145.22,INT:0.0000,EL:-560,ER:-994,VEL:-144.6,MOT:1,TILT:25.0,TRIM:0.000,ATE:0,LATCH:0,TORQ:1,CR:0.0,FX1:1.00,FY1:-151.10,FX2:-6.00,FY2:-149.60,IK1:1,IK2:1,MOVE:0
[2026-09-08 18:02:35.447] [RX] PITCH:2.10,PID_OUT:-100.60,INT:0.0000,EL:-597,ER:-970,VEL:-275.1,MOT:1,TILT:25.0,TRIM:0.000,ATE:0,LATCH:0,TORQ:1,CR:0.0,FX1:1.00,FY1:-151.10,FX2:-6.00,FY2:-149.60,IK1:1,IK2:1,MOVE:0
[2026-09-08 18:02:35.447] [RX] AX12:MODE:0,TQ:1,TL:1023,CM:1,CS:4,MS:0,MT:800
[2026-09-08 18:02:35.544] [RX] PITCH:2.78,PID_OUT:-150.17,INT:0.0000,EL:-639,ER:-943,VEL:-334.9,MOT:1,TILT:25.0,TRIM:0.000,ATE:0,LATCH:0,TORQ:1,CR:0.0,FX1:1.00,FY1:-151.10,FX2:-6.00,FY2:-149.60,IK1:1,IK2:1,MOVE:0
[2026-09-08 18:02:35.547] [RX] SRV:6,44,6.3,0,0
[2026-09-08 18:02:35.639] [RX] PITCH:2.49,PID_OUT:-130.22,INT:0.0000,EL:-677,ER:-908,VEL:-366.1,MOT:1,TILT:25.0,TRIM:0.000,ATE:0,LATCH:0,TORQ:1,CR:0.0,FX1:1.00,FY1:-151.10,FX2:-6.00,FY2:-149.60,IK1:1,IK2:1,MOVE:0
[2026-09-08 18:02:35.741] [RX] PITCH:3.51,PID_OUT:-145.20,INT:0.0000,EL:-722,ER:-869,VEL:-414.0,MOT:1,TILT:25.0,TRIM:0.000,ATE:0,LATCH:0,TORQ:1,CR:0.0,FX1:1.00,FY1:-151.10,FX2:-6.00,FY2:-149.60,IK1:1,IK2:1,MOVE:0
[2026-09-08 18:02:35.839] [RX] PITCH:3.00,PID_OUT:49.85,INT:0.0000,EL:-779,ER:-820,VEL:-516.7,MOT:1,TILT:25.0,TRIM:0.000,ATE:0,LATCH:0,TORQ:1,CR:0.0,FX1:1.00,FY1:-151.10,FX2:-6.00,FY2:-149.60,IK1:1,IK2:1,MOVE:0
[2026-09-08 18:02:35.929] [RX] PITCH:0.84,PID_OUT:-8.81,INT:0.0000,EL:-802,ER:-804,VEL:-183.2,MOT:1,TILT:25.0,TRIM:0.000,ATE:0,LATCH:0,TORQ:1,CR:0.0,FX1:1.00,FY1:-151.10,FX2:-6.00,FY2:-149.60,IK1:1,IK2:1,MOVE:0
[2026-09-08 18:02:35.949] [RX] AX12:MODE:0,TQ:1,TL:1023,CM:1,CS:4,MS:0,MT:800
[2026-09-08 18:02:36.024] [RX] PITCH:-0.17,PID_OUT:146.51,INT:0.0000,EL:-814,ER:-803,VEL:-67.2,MOT:1,TILT:25.0,TRIM:0.000,ATE:0,LATCH:0,TORQ:1,CR:0.0,FX1:1.00,FY1:-151.10,FX2:-6.00,FY2:-149.60,IK1:1,IK2:1,MOVE:0
[2026-09-08 18:02:36.138] [RX] PITCH:-1.25,PID_OUT:128.68,INT:0.0000,EL:-795,ER:-823,VEL:174.5,MOT:1,TILT:25.0,TRIM:0.000,ATE:0,LATCH:0,TORQ:1,CR:0.0,FX1:1.00,FY1:-151.10,FX2:-6.00,FY2:-149.60,IK1:1,IK2:1,MOVE:0
[2026-09-08 18:02:36.233] [RX] PITCH:-1.24,PID_OUT:157.01,INT:0.0000,EL:-765,ER:-861,VEL:304.8,MOT:1,TILT:25.0,TRIM:0.000,ATE:0,LATCH:0,TORQ:1,CR:0.0,FX1:1.00,FY1:-151.10,FX2:-6.00,FY2:-149.60,IK1:1,IK2:1,MOVE:0
[2026-09-08 18:02:36.340] [RX] PITCH:-1.54,PID_OUT:162.42,INT:0.0000,EL:-728,ER:-903,VEL:384.2,MOT:1,TILT:25.0,TRIM:0.000,ATE:0,LATCH:0,TORQ:1,CR:0.0,FX1:1.00,FY1:-151.10,FX2:-6.00,FY2:-149.60,IK1:1,IK2:1,MOVE:0
[2026-09-08 18:02:36.448] [RX] PITCH:-2.54,PID_OUT:188.06,INT:0.0000,EL:-681,ER:-953,VEL:484.8,MOT:1,TILT:25.0,TRIM:0.000,ATE:0,LATCH:0,TORQ:1,CR:0.0,FX1:1.00,FY1:-151.10,FX2:-6.00,FY2:-149.60,IK1:1,IK2:1,MOVE:0
[2026-09-08 18:02:36.450] [RX] AX12:MODE:0,TQ:1,TL:1023,CM:1,CS:4,MS:0,MT:800
[2026-09-08 18:02:36.542] [RX] PITCH:-1.24,PID_OUT:50.10,INT:0.0000,EL:-623,ER:-1010,VEL:557.6,MOT:1,TILT:25.0,TRIM:0.000,ATE:0,LATCH:0,TORQ:1,CR:0.0,FX1:1.00,FY1:-151.10,FX2:-6.00,FY2:-149.60,IK1:1,IK2:1,MOVE:0
[2026-09-08 18:02:36.542] [RX] SRV:0,38,6.3,0,0
[2026-09-08 18:02:36.628] [RX] PITCH:1.31,PID_OUT:-130.02,INT:0.0000,EL:-586,ER:-1061,VEL:429.0,MOT:1,TILT:25.0,TRIM:0.000,ATE:0,LATCH:0,TORQ:1,CR:0.0,FX1:1.00,FY1:-151.10,FX2:-6.00,FY2:-149.60,IK1:1,IK2:1,MOVE:0
[2026-09-08 18:02:36.741] [RX] PITCH:1.09,PID_OUT:6.32,INT:0.0000,EL:-570,ER:-1094,VEL:276.3,MOT:1,TILT:25.0,TRIM:0.000,ATE:0,LATCH:0,TORQ:1,CR:0.0,FX1:1.00,FY1:-151.10,FX2:-6.00,FY2:-149.60,IK1:1,IK2:1,MOVE:0
[2026-09-08 18:02:36.839] [RX] PITCH:-0.81,PID_OUT:127.42,INT:0.0000,EL:-545,ER:-1127,VEL:295.4,MOT:1,TILT:25.0,TRIM:0.000,ATE:0,LATCH:0,TORQ:1,CR:0.0,FX1:1.00,FY1:-151.10,FX2:-6.00,FY2:-149.60,IK1:1,IK2:1,MOVE:0
[2026-09-08 18:02:36.947] [RX] PITCH:-0.35,PID_OUT:55.23,INT:0.0000,EL:-514,ER:-1166,VEL:341.7,MOT:1,TILT:25.0,TRIM:0.000,ATE:0,LATCH:0,TORQ:1,CR:0.0,FX1:1.00,FY1:-151.10,FX2:-6.00,FY2:-149.60,IK1:1,IK2:1,MOVE:0
[2026-09-08 18:02:36.950] [RX] AX12:MODE:0,TQ:1,TL:1023,CM:1,CS:4,MS:0,MT:800
[2026-09-08 18:02:37.028] [RX] PITCH:-0.22,PID_OUT:71.69,INT:0.0000,EL:-483,ER:-1202,VEL:336.0,MOT:1,TILT:25.0,TRIM:0.000,ATE:0,LATCH:0,TORQ:1,CR:0.0,FX1:1.00,FY1:-151.10,FX2:-6.00,FY2:-149.60,IK1:1,IK2:1,MOVE:0
[2026-09-08 18:02:37.126] [RX] PITCH:-0.22,PID_OUT:64.01,INT:0.0000,EL:-456,ER:-1235,VEL:308.5,MOT:1,TILT:25.0,TRIM:0.000,ATE:0,LATCH:0,TORQ:1,CR:0.0,FX1:1.00,FY1:-151.10,FX2:-6.00,FY2:-149.60,IK1:1,IK2:1,MOVE:0
[2026-09-08 18:02:37.233] [RX] PITCH:-1.04,PID_OUT:74.45,INT:0.0000,EL:-429,ER:-1268,VEL:304.8,MOT:1,TILT:25.0,TRIM:0.000,ATE:0,LATCH:0,TORQ:1,CR:0.0,FX1:1.00,FY1:-151.10,FX2:-6.00,FY2:-149.60,IK1:1,IK2:1,MOVE:0
[2026-09-08 18:02:37.337] [RX] PITCH:1.12,PID_OUT:-73.33,INT:0.0000,EL:-408,ER:-1302,VEL:267.1,MOT:1,TILT:25.0,TRIM:0.000,ATE:0,LATCH:0,TORQ:1,CR:0.0,FX1:1.00,FY1:-151.10,FX2:-6.00,FY2:-149.60,IK1:1,IK2:1,MOVE:0
[2026-09-08 18:02:37.440] [RX] PITCH:1.55,PID_OUT:-23.69,INT:0.0000,EL:-403,ER:-1321,VEL:135.7,MOT:1,TILT:25.0,TRIM:0.000,ATE:0,LATCH:0,TORQ:1,CR:0.0,FX1:1.00,FY1:-151.10,FX2:-6.00,FY2:-149.60,IK1:1,IK2:1,MOVE:0
[2026-09-08 18:02:37.448] [RX] AX12:MODE:0,TQ:1,TL:1023,CM:1,CS:4,MS:0,MT:800
[2026-09-08 18:02:37.534] [RX] PITCH:0.03,PID_OUT:97.38,INT:0.0000,EL:-403,ER:-1333,VEL:72.5,MOT:1,TILT:25.0,TRIM:0.000,ATE:0,LATCH:0,TORQ:1,CR:0.0,FX1:1.00,FY1:-151.10,FX2:-6.00,FY2:-149.60,IK1:1,IK2:1,MOVE:0
[2026-09-08 18:02:37.534] [RX] SRV:14,36,0.0,0,0
[2026-09-08 18:02:37.628] [RX] PITCH:-2.51,PID_OUT:185.05,INT:0.0000,EL:-393,ER:-1342,VEL:88.8,MOT:1,TILT:25.0,TRIM:0.000,ATE:0,LATCH:0,TORQ:1,CR:0.0,FX1:1.00,FY1:-151.10,FX2:-6.00,FY2:-149.60,IK1:1,IK2:1,MOVE:0
[2026-09-08 18:02:37.737] [RX] PITCH:1.56,PID_OUT:-141.03,INT:0.0000,EL:-372,ER:-1346,VEL:81.3,MOT:1,TILT:25.0,TRIM:0.000,ATE:0,LATCH:0,TORQ:1,CR:0.0,FX1:1.00,FY1:-151.10,FX2:-6.00,FY2:-149.60,IK1:1,IK2:1,MOVE:0
[2026-09-08 18:02:37.841] [RX] PITCH:2.03,PID_OUT:-70.90,INT:0.0000,EL:-413,ER:-1339,VEL:-255.2,MOT:1,TILT:25.0,TRIM:0.000,ATE:0,LATCH:0,TORQ:1,CR:0.0,FX1:1.00,FY1:-151.10,FX2:-6.00,FY2:-149.60,IK1:1,IK2:1,MOVE:0
[2026-09-08 18:02:37.937] [RX] PITCH:1.81,PID_OUT:-86.69,INT:0.0000,EL:-430,ER:-1332,VEL:-158.6,MOT:1,TILT:25.0,TRIM:0.000,ATE:0,LATCH:0,TORQ:1,CR:0.0,FX1:1.00,FY1:-151.10,FX2:-6.00,FY2:-149.60,IK1:1,IK2:1,MOVE:0
[2026-09-08 18:02:37.948] [RX] AX12:MODE:0,TQ:1,TL:1023,CM:1,CS:4,MS:0,MT:800
[2026-09-08 18:02:38.026] [RX] PITCH:2.39,PID_OUT:-118.52,INT:0.0000,EL:-457,ER:-1324,VEL:-172.8,MOT:1,TILT:25.0,TRIM:0.000,ATE:0,LATCH:0,TORQ:1,CR:0.0,FX1:1.00,FY1:-151.10,FX2:-6.00,FY2:-149.60,IK1:1,IK2:1,MOVE:0
[2026-09-08 18:02:38.135] [RX] PITCH:2.00,PID_OUT:-95.02,INT:0.0000,EL:-487,ER:-1312,VEL:-195.7,MOT:1,TILT:25.0,TRIM:0.000,ATE:0,LATCH:0,TORQ:1,CR:0.0,FX1:1.00,FY1:-151.10,FX2:-6.00,FY2:-149.60,IK1:1,IK2:1,MOVE:0
[2026-09-08 18:02:38.236] [RX] PITCH:2.15,PID_OUT:-104.21,INT:0.0000,EL:-517,ER:-1298,VEL:-216.7,MOT:1,TILT:25.0,TRIM:0.000,ATE:0,LATCH:0,TORQ:1,CR:0.0,FX1:1.00,FY1:-151.10,FX2:-6.00,FY2:-149.60,IK1:1,IK2:1,MOVE:0
[2026-09-08 18:02:38.337] [RX] PITCH:2.07,PID_OUT:-100.23,INT:0.0000,EL:-549,ER:-1282,VEL:-236.6,MOT:1,TILT:25.0,TRIM:0.000,ATE:0,LATCH:0,TORQ:1,CR:0.0,FX1:1.00,FY1:-151.10,FX2:-6.00,FY2:-149.60,IK1:1,IK2:1,MOVE:0
[2026-09-08 18:02:38.435] [RX] PITCH:2.51,PID_OUT:-114.84,INT:0.0000,EL:-577,ER:-1262,VEL:-241.4,MOT:1,TILT:25.0,TRIM:0.000,ATE:0,LATCH:0,TORQ:1,CR:0.0,FX1:1.00,FY1:-151.10,FX2:-6.00,FY2:-149.60,IK1:1,IK2:1,MOVE:0
[2026-09-08 18:02:38.445] [RX] AX12:MODE:0,TQ:1,TL:1023,CM:1,CS:4,MS:0,MT:800
[2026-09-08 18:02:38.539] [RX] PITCH:1.92,PID_OUT:-83.63,INT:0.0000,EL:-610,ER:-1238,VEL:-277.3,MOT:1,TILT:25.0,TRIM:0.000,ATE:0,LATCH:0,TORQ:1,CR:0.0,FX1:1.00,FY1:-151.10,FX2:-6.00,FY2:-149.60,IK1:1,IK2:1,MOVE:0
[2026-09-08 18:02:38.539] [RX] SRV:1,35,0.0,0,0
[2026-09-08 18:02:38.638] [RX] PITCH:2.22,PID_OUT:-117.71,INT:0.0000,EL:-644,ER:-1214,VEL:-284.7,MOT:1,TILT:25.0,TRIM:0.000,ATE:0,LATCH:0,TORQ:1,CR:0.0,FX1:1.00,FY1:-151.10,FX2:-6.00,FY2:-149.60,IK1:1,IK2:1,MOVE:0
[2026-09-08 18:02:38.733] [RX] PITCH:2.26,PID_OUT:-104.29,INT:0.0000,EL:-682,ER:-1188,VEL:-315.8,MOT:1,TILT:25.0,TRIM:0.000,ATE:0,LATCH:0,TORQ:1,CR:0.0,FX1:1.00,FY1:-151.10,FX2:-6.00,FY2:-149.60,IK1:1,IK2:1,MOVE:0
[2026-09-08 18:02:38.833] [RX] PITCH:2.20,PID_OUT:-110.25,INT:0.0000,EL:-722,ER:-1158,VEL:-343.2,MOT:1,TILT:25.0,TRIM:0.000,ATE:0,LATCH:0,TORQ:1,CR:0.0,FX1:1.00,FY1:-151.10,FX2:-6.00,FY2:-149.60,IK1:1,IK2:1,MOVE:0
[2026-09-08 18:02:38.940] [RX] PITCH:2.30,PID_OUT:-95.05,INT:0.0000,EL:-765,ER:-1126,VEL:-375.9,MOT:1,TILT:25.0,TRIM:0.000,ATE:0,LATCH:0,TORQ:1,CR:0.0,FX1:1.00,FY1:-151.10,FX2:-6.00,FY2:-149.60,IK1:1,IK2:1,MOVE:0
[2026-09-08 18:02:38.947] [RX] AX12:MODE:0,TQ:1,TL:1023,CM:1,CS:4,MS:0,MT:800
[2026-09-08 18:02:39.023] [RX] PITCH:2.12,PID_OUT:-95.12,INT:0.0000,EL:-811,ER:-1089,VEL:-411.7,MOT:1,TILT:25.0,TRIM:0.000,ATE:0,LATCH:0,TORQ:1,CR:0.0,FX1:1.00,FY1:-151.10,FX2:-6.00,FY2:-149.60,IK1:1,IK2:1,MOVE:0
[2026-09-08 18:02:39.135] [RX] PITCH:2.84,PID_OUT:-126.70,INT:0.0000,EL:-858,ER:-1052,VEL:-422.2,MOT:1,TILT:25.0,TRIM:0.000,ATE:0,LATCH:0,TORQ:1,CR:0.0,FX1:1.00,FY1:-151.10,FX2:-6.00,FY2:-149.60,IK1:1,IK2:1,MOVE:0
[2026-09-08 18:02:39.229] [RX] PITCH:1.62,PID_OUT:82.97,INT:0.0000,EL:-908,ER:-1012,VEL:-439.2,MOT:1,TILT:25.0,TRIM:0.000,ATE:0,LATCH:0,TORQ:1,CR:0.0,FX1:1.00,FY1:-151.10,FX2:-6.00,FY2:-149.60,IK1:1,IK2:1,MOVE:0
[2026-09-08 18:02:39.325] [RX] PITCH:-0.77,PID_OUT:103.63,INT:0.0000,EL:-940,ER:-991,VEL:-253.9,MOT:1,TILT:25.0,TRIM:0.000,ATE:0,LATCH:0,TORQ:1,CR:0.0,FX1:1.00,FY1:-151.10,FX2:-6.00,FY2:-149.60,IK1:1,IK2:1,MOVE:0
[2026-09-08 18:02:39.440] [RX] PITCH:0.35,PID_OUT:-5.26,INT:0.0000,EL:-943,ER:-991,VEL:-56.4,MOT:1,TILT:25.0,TRIM:0.000,ATE:0,LATCH:0,TORQ:1,CR:0.0,FX1:1.00,FY1:-151.10,FX2:-6.00,FY2:-149.60,IK1:1,IK2:1,MOVE:0
[2026-09-08 18:02:39.440] [RX] AX12:MODE:0,TQ:1,TL:1023,CM:1,CS:4,MS:0,MT:800
[2026-09-08 18:02:39.533] [RX] PITCH:0.88,PID_OUT:-12.12,INT:0.0000,EL:-943,ER:-991,VEL:-11.1,MOT:1,TILT:25.0,TRIM:0.000,ATE:0,LATCH:0,TORQ:1,CR:0.0,FX1:1.00,FY1:-151.10,FX2:-6.00,FY2:-149.60,IK1:1,IK2:1,MOVE:0
[2026-09-08 18:02:39.536] [RX] SRV:6,44,6.3,0,0
[2026-09-08 18:02:39.633] [RX] PITCH:0.34,PID_OUT:49.30,INT:0.0000,EL:-943,ER:-991,VEL:-2.2,MOT:1,TILT:25.0,TRIM:0.000,ATE:0,LATCH:0,TORQ:1,CR:0.0,FX1:1.00,FY1:-151.10,FX2:-6.00,FY2:-149.60,IK1:1,IK2:1,MOVE:0
[2026-09-08 18:02:39.730] [RX] PITCH:-0.92,PID_OUT:138.88,INT:0.0000,EL:-941,ER:-996,VEL:50.0,MOT:1,TILT:25.0,TRIM:0.000,ATE:0,LATCH:0,TORQ:1,CR:0.0,FX1:1.00,FY1:-151.10,FX2:-6.00,FY2:-149.60,IK1:1,IK2:1,MOVE:0
[2026-09-08 18:02:39.831] [RX] PITCH:-1.09,PID_OUT:114.93,INT:0.0000,EL:-929,ER:-1019,VEL:169.8,MOT:1,TILT:25.0,TRIM:0.000,ATE:0,LATCH:0,TORQ:1,CR:0.0,FX1:1.00,FY1:-151.10,FX2:-6.00,FY2:-149.60,IK1:1,IK2:1,MOVE:0
[2026-09-08 18:02:39.941] [RX] PITCH:-0.72,PID_OUT:108.71,INT:0.0000,EL:-910,ER:-1050,VEL:238.9,MOT:1,TILT:25.0,TRIM:0.000,ATE:0,LATCH:0,TORQ:1,CR:0.0,FX1:1.00,FY1:-151.10,FX2:-6.00,FY2:-149.60,IK1:1,IK2:1,MOVE:0
[2026-09-08 18:02:39.941] [RX] AX12:MODE:0,TQ:1,TL:1023,CM:1,CS:4,MS:0,MT:800
[2026-09-08 18:02:40.033] [RX] PITCH:-1.06,PID_OUT:134.72,INT:0.0000,EL:-889,ER:-1083,VEL:267.8,MOT:1,TILT:25.0,TRIM:0.000,ATE:0,LATCH:0,TORQ:1,CR:0.0,FX1:1.00,FY1:-151.10,FX2:-6.00,FY2:-149.60,IK1:1,IK2:1,MOVE:0
[2026-09-08 18:02:40.129] [RX] PITCH:-1.02,PID_OUT:117.83,INT:0.0000,EL:-859,ER:-1121,VEL:339.8,MOT:1,TILT:25.0,TRIM:0.000,ATE:0,LATCH:0,TORQ:1,CR:0.0,FX1:1.00,FY1:-151.10,FX2:-6.00,FY2:-149.60,IK1:1,IK2:1,MOVE:0
[2026-09-08 18:02:40.233] [RX] PITCH:-0.95,PID_OUT:131.79,INT:0.0000,EL:-826,ER:-1159,VEL:354.1,MOT:1,TILT:25.0,TRIM:0.000,ATE:0,LATCH:0,TORQ:1,CR:0.0,FX1:1.00,FY1:-151.10,FX2:-6.00,FY2:-149.60,IK1:1,IK2:1,MOVE:0
[2026-09-08 18:02:40.324] [RX] PITCH:-1.27,PID_OUT:145.87,INT:0.0000,EL:-787,ER:-1197,VEL:386.6,MOT:1,TILT:25.0,TRIM:0.000,ATE:0,LATCH:0,TORQ:1,CR:0.0,FX1:1.00,FY1:-151.10,FX2:-6.00,FY2:-149.60,IK1:1,IK2:1,MOVE:0
[2026-09-08 18:02:40.440] [RX] PITCH:-1.01,PID_OUT:115.93,INT:0.0000,EL:-740,ER:-1242,VEL:447.6,MOT:1,TILT:25.0,TRIM:0.000,ATE:0,LATCH:0,TORQ:1,CR:0.0,FX1:1.00,FY1:-151.10,FX2:-6.00,FY2:-149.60,IK1:1,IK2:1,MOVE:0
[2026-09-08 18:02:40.441] [RX] AX12:MODE:0,TQ:1,TL:1023,CM:1,CS:4,MS:0,MT:800
[2026-09-08 18:02:40.528] [RX] PITCH:-1.35,PID_OUT:153.41,INT:0.0000,EL:-689,ER:-1290,VEL:491.2,MOT:1,TILT:25.0,TRIM:0.000,ATE:0,LATCH:0,TORQ:1,CR:0.0,FX1:1.00,FY1:-151.10,FX2:-6.00,FY2:-149.60,IK1:1,IK2:1,MOVE:0
[2026-09-08 18:02:40.528] [RX] SRV:0,39,6.3,0,0
[2026-09-08 18:02:40.627] [RX] PITCH:-1.81,PID_OUT:127.77,INT:0.0000,EL:-634,ER:-1343,VEL:537.7,MOT:1,TILT:25.0,TRIM:0.000,ATE:0,LATCH:0,TORQ:1,CR:0.0,FX1:1.00,FY1:-151.10,FX2:-6.00,FY2:-149.60,IK1:1,IK2:1,MOVE:0
[2026-09-08 18:02:40.730] [RX] PITCH:0.11,PID_OUT:-33.23,INT:0.0000,EL:-578,ER:-1402,VEL:557.1,MOT:1,TILT:25.0,TRIM:0.000,ATE:0,LATCH:0,TORQ:1,CR:0.0,FX1:1.00,FY1:-151.10,FX2:-6.00,FY2:-149.60,IK1:1,IK2:1,MOVE:0
[2026-09-08 18:02:40.829] [RX] PITCH:-3.56,PID_OUT:188.97,INT:0.0000,EL:-515,ER:-1438,VEL:537.5,MOT:1,TILT:25.0,TRIM:0.000,ATE:0,LATCH:0,TORQ:1,CR:0.0,FX1:1.00,FY1:-151.10,FX2:-6.00,FY2:-149.60,IK1:1,IK2:1,MOVE:0
[2026-09-08 18:02:40.934] [RX] PITCH:4.01,PID_OUT:-261.27,INT:0.0000,EL:-452,ER:-1447,VEL:291.8,MOT:1,TILT:25.0,TRIM:0.000,ATE:0,LATCH:0,TORQ:1,CR:0.0,FX1:1.00,FY1:-151.10,FX2:-6.00,FY2:-149.60,IK1:1,IK2:1,MOVE:0
[2026-09-08 18:02:40.941] [RX] AX12:MODE:0,TQ:1,TL:1023,CM:1,CS:4,MS:0,MT:800
[2026-09-08 18:02:41.029] [RX] PITCH:0.56,PID_OUT:218.39,INT:0.0000,EL:-486,ER:-1399,VEL:-249.1,MOT:1,TILT:25.0,TRIM:0.000,ATE:0,LATCH:0,TORQ:1,CR:0.0,FX1:1.00,FY1:-151.10,FX2:-6.00,FY2:-149.60,IK1:1,IK2:1,MOVE:0
[2026-09-08 18:02:41.129] [RX] PITCH:0.95,PID_OUT:-116.57,INT:0.0000,EL:-457,ER:-1403,VEL:93.7,MOT:1,TILT:25.0,TRIM:0.000,ATE:0,LATCH:0,TORQ:1,CR:0.0,FX1:1.00,FY1:-151.10,FX2:-6.00,FY2:-149.60,IK1:1,IK2:1,MOVE:0
[2026-09-08 18:02:41.228] [RX] PITCH:1.85,PID_OUT:-35.39,INT:0.0000,EL:-472,ER:-1399,VEL:-117.1,MOT:1,TILT:25.0,TRIM:0.000,ATE:0,LATCH:0,TORQ:1,CR:0.0,FX1:1.00,FY1:-151.10,FX2:-6.00,FY2:-149.60,IK1:1,IK2:1,MOVE:0
[2026-09-08 18:02:41.323] [RX] PITCH:0.96,PID_OUT:-22.31,INT:0.0000,EL:-562,ER:-1395,VEL:-381.0,MOT:1,TILT:25.0,TRIM:0.000,ATE:0,LATCH:0,TORQ:1,CR:0.0,FX1:1.00,FY1:-151.10,FX2:-6.00,FY2:-149.60,IK1:1,IK2:1,MOVE:0
[2026-09-08 18:02:41.429] [RX] PITCH:1.43,PID_OUT:-67.19,INT:0.0000,EL:-653,ER:-1395,VEL:-410.2,MOT:1,TILT:25.0,TRIM:0.000,ATE:0,LATCH:0,TORQ:1,CR:0.0,FX1:1.00,FY1:-151.10,FX2:-6.00,FY2:-149.60,IK1:1,IK2:1,MOVE:0
[2026-09-08 18:02:41.435] [RX] AX12:MODE:0,TQ:1,TL:1023,CM:1,CS:4,MS:0,MT:800
[2026-09-08 18:02:41.530] [RX] PITCH:2.16,PID_OUT:-105.46,INT:0.0000,EL:-675,ER:-1393,VEL:-166.8,MOT:1,TILT:25.0,TRIM:0.000,ATE:0,LATCH:0,TORQ:1,CR:0.0,FX1:1.00,FY1:-151.10,FX2:-6.00,FY2:-149.60,IK1:1,IK2:1,MOVE:0
[2026-09-08 18:02:41.530] [RX] SRV:14,36,0.0,0,0
[2026-09-08 18:02:41.628] [RX] PITCH:1.99,PID_OUT:-94.66,INT:0.0000,EL:-701,ER:-1387,VEL:-158.4,MOT:1,TILT:25.0,TRIM:0.000,ATE:0,LATCH:0,TORQ:1,CR:0.0,FX1:1.00,FY1:-151.10,FX2:-6.00,FY2:-149.60,IK1:1,IK2:1,MOVE:0
[2026-09-08 18:02:41.724] [RX] PITCH:1.97,PID_OUT:-88.71,INT:0.0000,EL:-721,ER:-1378,VEL:-149.5,MOT:1,TILT:25.0,TRIM:0.000,ATE:0,LATCH:0,TORQ:1,CR:0.0,FX1:1.00,FY1:-151.10,FX2:-6.00,FY2:-149.60,IK1:1,IK2:1,MOVE:0
[2026-09-08 18:02:41.829] [RX] PITCH:2.15,PID_OUT:-99.83,INT:0.0000,EL:-742,ER:-1367,VEL:-162.5,MOT:1,TILT:25.0,TRIM:0.000,ATE:0,LATCH:0,TORQ:1,CR:0.0,FX1:1.00,FY1:-151.10,FX2:-6.00,FY2:-149.60,IK1:1,IK2:1,MOVE:0
[2026-09-08 18:02:41.926] [RX] PITCH:2.20,PID_OUT:-101.72,INT:0.0000,EL:-764,ER:-1354,VEL:-173.9,MOT:1,TILT:25.0,TRIM:0.000,ATE:0,LATCH:0,TORQ:1,CR:0.0,FX1:1.00,FY1:-151.10,FX2:-6.00,FY2:-149.60,IK1:1,IK2:1,MOVE:0
[2026-09-08 18:02:41.926] [RX] AX12:MODE:0,TQ:1,TL:1023,CM:1,CS:4,MS:0,MT:800
[2026-09-08 18:02:42.015] [RX] PITCH:1.88,PID_OUT:-77.48,INT:0.0000,EL:-791,ER:-1340,VEL:-199.3,MOT:1,TILT:25.0,TRIM:0.000,ATE:0,LATCH:0,TORQ:1,CR:0.0,FX1:1.00,FY1:-151.10,FX2:-6.00,FY2:-149.60,IK1:1,IK2:1,MOVE:0
[2026-09-08 18:02:42.128] [RX] PITCH:2.10,PID_OUT:-103.35,INT:0.0000,EL:-820,ER:-1324,VEL:-220.8,MOT:1,TILT:25.0,TRIM:0.000,ATE:0,LATCH:0,TORQ:1,CR:0.0,FX1:1.00,FY1:-151.10,FX2:-6.00,FY2:-149.60,IK1:1,IK2:1,MOVE:0
[2026-09-08 18:02:42.226] [RX] PITCH:2.08,PID_OUT:-106.11,INT:0.0000,EL:-851,ER:-1305,VEL:-250.0,MOT:1,TILT:25.0,TRIM:0.000,ATE:0,LATCH:0,TORQ:1,CR:0.0,FX1:1.00,FY1:-151.10,FX2:-6.00,FY2:-149.60,IK1:1,IK2:1,MOVE:0
[2026-09-08 18:02:42.325] [RX] PITCH:2.07,PID_OUT:-99.82,INT:0.0000,EL:-885,ER:-1286,VEL:-267.9,MOT:1,TILT:25.0,TRIM:0.000,ATE:0,LATCH:0,TORQ:1,CR:0.0,FX1:1.00,FY1:-151.10,FX2:-6.00,FY2:-149.60,IK1:1,IK2:1,MOVE:0
[2026-09-08 18:02:42.428] [RX] PITCH:2.26,PID_OUT:-108.10,INT:0.0000,EL:-922,ER:-1264,VEL:-289.7,MOT:1,TILT:25.0,TRIM:0.000,ATE:0,LATCH:0,TORQ:1,CR:0.0,FX1:1.00,FY1:-151.10,FX2:-6.00,FY2:-149.60,IK1:1,IK2:1,MOVE:0
[2026-09-08 18:02:42.438] [RX] AX12:MODE:0,TQ:1,TL:1023,CM:1,CS:4,MS:0,MT:800
[2026-09-08 18:02:42.527] [RX] PITCH:2.22,PID_OUT:-107.54,INT:0.0000,EL:-964,ER:-1238,VEL:-333.8,MOT:1,TILT:25.0,TRIM:0.000,ATE:0,LATCH:0,TORQ:1,CR:0.0,FX1:1.00,FY1:-151.10,FX2:-6.00,FY2:-149.60,IK1:1,IK2:1,MOVE:0
[2026-09-08 18:02:42.527] [RX] SRV:1,35,0.0,0,0
[2026-09-08 18:02:42.625] [RX] PITCH:2.22,PID_OUT:-105.21,INT:0.0000,EL:-1008,ER:-1209,VEL:-366.0,MOT:1,TILT:25.0,TRIM:0.000,ATE:0,LATCH:0,TORQ:1,CR:0.0,FX1:1.00,FY1:-151.10,FX2:-6.00,FY2:-149.60,IK1:1,IK2:1,MOVE:0
[2026-09-08 18:02:42.714] [RX] PITCH:1.84,PID_OUT:-70.56,INT:0.0000,EL:-1054,ER:-1178,VEL:-382.7,MOT:1,TILT:25.0,TRIM:0.000,ATE:0,LATCH:0,TORQ:1,CR:0.0,FX1:1.00,FY1:-151.10,FX2:-6.00,FY2:-149.60,IK1:1,IK2:1,MOVE:0
[2026-09-08 18:02:42.825] [RX] PITCH:2.09,PID_OUT:-115.77,INT:0.0000,EL:-1100,ER:-1148,VEL:-379.1,MOT:1,TILT:25.0,TRIM:0.000,ATE:0,LATCH:0,TORQ:1,CR:0.0,FX1:1.00,FY1:-151.10,FX2:-6.00,FY2:-149.60,IK1:1,IK2:1,MOVE:0
[2026-09-08 18:02:42.929] [RX] PITCH:4.05,PID_OUT:-207.18,INT:0.0000,EL:-1149,ER:-1113,VEL:-417.0,MOT:1,TILT:25.0,TRIM:0.000,ATE:0,LATCH:0,TORQ:1,CR:0.0,FX1:1.00,FY1:-151.10,FX2:-6.00,FY2:-149.60,IK1:1,IK2:1,MOVE:0
[2026-09-08 18:02:42.929] [RX] AX12:MODE:0,TQ:1,TL:1023,CM:1,CS:4,MS:0,MT:800
[2026-09-08 18:02:43.023] [RX] PITCH:1.12,PID_OUT:96.29,INT:0.0000,EL:-1203,ER:-1062,VEL:-502.8,MOT:1,TILT:25.0,TRIM:0.000,ATE:0,LATCH:0,TORQ:1,CR:0.0,FX1:1.00,FY1:-151.10,FX2:-6.00,FY2:-149.60,IK1:1,IK2:1,MOVE:0
[2026-09-08 18:02:43.123] [RX] PITCH:0.81,PID_OUT:-72.56,INT:0.0000,EL:-1230,ER:-1042,VEL:-269.8,MOT:1,TILT:25.0,TRIM:0.000,ATE:0,LATCH:0,TORQ:1,CR:0.0,FX1:1.00,FY1:-151.10,FX2:-6.00,FY2:-149.60,IK1:1,IK2:1,MOVE:0
[2026-09-08 18:02:43.225] [RX] PITCH:2.15,PID_OUT:-53.65,INT:0.0000,EL:-1264,ER:-1022,VEL:-275.6,MOT:1,TILT:25.0,TRIM:0.000,ATE:0,LATCH:0,TORQ:1,CR:0.0,FX1:1.00,FY1:-151.10,FX2:-6.00,FY2:-149.60,IK1:1,IK2:1,MOVE:0
[2026-09-08 18:02:43.327] [RX] PITCH:-0.12,PID_OUT:68.23,INT:0.0000,EL:-1286,ER:-1010,VEL:-165.5,MOT:1,TILT:25.0,TRIM:0.000,ATE:0,LATCH:0,TORQ:1,CR:0.0,FX1:1.00,FY1:-151.10,FX2:-6.00,FY2:-149.60,IK1:1,IK2:1,MOVE:0
[2026-09-08 18:02:43.426] [RX] PITCH:0.06,PID_OUT:28.27,INT:0.0000,EL:-1291,ER:-1013,VEL:-37.4,MOT:1,TILT:25.0,TRIM:0.000,ATE:0,LATCH:0,TORQ:1,CR:0.0,FX1:1.00,FY1:-151.10,FX2:-6.00,FY2:-149.60,IK1:1,IK2:1,MOVE:0
[2026-09-08 18:02:43.437] [RX] AX12:MODE:0,TQ:1,TL:1023,CM:1,CS:4,MS:0,MT:800
[2026-09-08 18:02:43.510] [RX] PITCH:0.84,PID_OUT:-22.12,INT:0.0000,EL:-1291,ER:-1019,VEL:4.9,MOT:1,TILT:25.0,TRIM:0.000,ATE:0,LATCH:0,TORQ:1,CR:0.0,FX1:1.00,FY1:-151.10,FX2:-6.00,FY2:-149.60,IK1:1,IK2:1,MOVE:0
[2026-09-08 18:02:43.526] [RX] SRV:6,45,6.3,0,0
[2026-09-08 18:02:43.622] [RX] PITCH:0.89,PID_OUT:-8.62,INT:0.0000,EL:-1291,ER:-1019,VEL:1.0,MOT:1,TILT:25.0,TRIM:0.000,ATE:0,LATCH:0,TORQ:1,CR:0.0,FX1:1.00,FY1:-151.10,FX2:-6.00,FY2:-149.60,IK1:1,IK2:1,MOVE:0
[2026-09-08 18:02:43.720] [RX] PITCH:0.21,PID_OUT:59.18,INT:0.0000,EL:-1291,ER:-1019,VEL:0.2,MOT:1,TILT:25.0,TRIM:0.000,ATE:0,LATCH:0,TORQ:1,CR:0.0,FX1:1.00,FY1:-151.10,FX2:-6.00,FY2:-149.60,IK1:1,IK2:1,MOVE:0
[2026-09-08 18:02:43.822] [RX] PITCH:-1.02,PID_OUT:144.31,INT:0.0000,EL:-1290,ER:-1023,VEL:32.6,MOT:1,TILT:25.0,TRIM:0.000,ATE:0,LATCH:0,TORQ:1,CR:0.0,FX1:1.00,FY1:-151.10,FX2:-6.00,FY2:-149.60,IK1:1,IK2:1,MOVE:0
[2026-09-08 18:02:43.917] [RX] PITCH:-0.92,PID_OUT:99.78,INT:0.0000,EL:-1280,ER:-1046,VEL:150.8,MOT:1,TILT:25.0,TRIM:0.000,ATE:0,LATCH:0,TORQ:1,CR:0.0,FX1:1.00,FY1:-151.10,FX2:-6.00,FY2:-149.60,IK1:1,IK2:1,MOVE:0
[2026-09-08 18:02:43.930] [RX] AX12:MODE:0,TQ:1,TL:1023,CM:1,CS:4,MS:0,MT:800
[2026-09-08 18:02:44.024] [RX] PITCH:-0.67,PID_OUT:105.60,INT:0.0000,EL:-1266,ER:-1074,VEL:200.0,MOT:1,TILT:25.0,TRIM:0.000,ATE:0,LATCH:0,TORQ:1,CR:0.0,FX1:1.00,FY1:-151.10,FX2:-6.00,FY2:-149.60,IK1:1,IK2:1,MOVE:0
[2026-09-08 18:02:44.123] [RX] PITCH:-0.75,PID_OUT:117.94,INT:0.0000,EL:-1250,ER:-1101,VEL:210.3,MOT:1,TILT:25.0,TRIM:0.000,ATE:0,LATCH:0,TORQ:1,CR:0.0,FX1:1.00,FY1:-151.10,FX2:-6.00,FY2:-149.60,IK1:1,IK2:1,MOVE:0
[2026-09-08 18:02:44.221] [RX] PITCH:-1.13,PID_OUT:124.43,INT:0.0000,EL:-1229,ER:-1130,VEL:248.9,MOT:1,TILT:25.0,TRIM:0.000,ATE:0,LATCH:0,TORQ:1,CR:0.0,FX1:1.00,FY1:-151.10,FX2:-6.00,FY2:-149.60,IK1:1,IK2:1,MOVE:0
[2026-09-08 18:02:44.310] [RX] PITCH:-1.10,PID_OUT:128.27,INT:0.0000,EL:-1200,ER:-1165,VEL:309.9,MOT:1,TILT:25.0,TRIM:0.000,ATE:0,LATCH:0,TORQ:1,CR:0.0,FX1:1.00,FY1:-151.10,FX2:-6.00,FY2:-149.60,IK1:1,IK2:1,MOVE:0
[2026-09-08 18:02:44.424] [RX] PITCH:-1.24,PID_OUT:151.29,INT:0.0000,EL:-1167,ER:-1202,VEL:349.6,MOT:1,TILT:25.0,TRIM:0.000,ATE:0,LATCH:0,TORQ:1,CR:0.0,FX1:1.00,FY1:-151.10,FX2:-6.00,FY2:-149.60,IK1:1,IK2:1,MOVE:0
[2026-09-08 18:02:44.431] [RX] AX12:MODE:0,TQ:1,TL:1023,CM:1,CS:4,MS:0,MT:800
[2026-09-08 18:02:44.525] [RX] PITCH:-1.19,PID_OUT:124.66,INT:0.0000,EL:-1129,ER:-1244,VEL:398.2,MOT:1,TILT:25.0,TRIM:0.000,ATE:0,LATCH:0,TORQ:1,CR:0.0,FX1:1.00,FY1:-151.10,FX2:-6.00,FY2:-149.60,IK1:1,IK2:1,MOVE:0
[2026-09-08 18:02:44.525] [RX] SRV:0,39,0.0,0,0
[2026-09-08 18:02:44.608] [RX] PITCH:-2.18,PID_OUT:164.06,INT:0.0000,EL:-1084,ER:-1292,VEL:453.7,MOT:1,TILT:25.0,TRIM:0.000,ATE:0,LATCH:0,TORQ:1,CR:0.0,FX1:1.00,FY1:-151.10,FX2:-6.00,FY2:-149.60,IK1:1,IK2:1,MOVE:0
[2026-09-08 18:02:44.716] [RX] PITCH:-0.52,PID_OUT:34.94,INT:0.0000,EL:-1031,ER:-1347,VEL:522.7,MOT:1,TILT:25.0,TRIM:0.000,ATE:0,LATCH:0,TORQ:1,CR:0.0,FX1:1.00,FY1:-151.10,FX2:-6.00,FY2:-149.60,IK1:1,IK2:1,MOVE:0
[2026-09-08 18:02:44.813] [RX] PITCH:-0.61,PID_OUT:-5.30,INT:0.0000,EL:-991,ER:-1398,VEL:457.4,MOT:1,TILT:25.0,TRIM:0.000,ATE:0,LATCH:0,TORQ:1,CR:0.0,FX1:1.00,FY1:-151.10,FX2:-6.00,FY2:-149.60,IK1:1,IK2:1,MOVE:0
[2026-09-08 18:02:44.920] [RX] PITCH:1.78,PID_OUT:-116.69,INT:0.0000,EL:-975,ER:-1438,VEL:280.3,MOT:1,TILT:25.0,TRIM:0.000,ATE:0,LATCH:0,TORQ:1,CR:0.0,FX1:1.00,FY1:-151.10,FX2:-6.00,FY2:-149.60,IK1:1,IK2:1,MOVE:0
[2026-09-08 18:02:44.920] [RX] AX12:MODE:0,TQ:1,TL:1023,CM:1,CS:4,MS:0,MT:800
[2026-09-08 18:02:45.015] [RX] PITCH:1.89,PID_OUT:-53.72,INT:0.0000,EL:-982,ER:-1447,VEL:52.4,MOT:1,TILT:25.0,TRIM:0.000,ATE:0,LATCH:0,TORQ:1,CR:0.0,FX1:1.00,FY1:-151.10,FX2:-6.00,FY2:-149.60,IK1:1,IK2:1,MOVE:0
[2026-09-08 18:02:45.111] [RX] PITCH:1.71,PID_OUT:-82.05,INT:0.0000,EL:-1049,ER:-1446,VEL:-238.9,MOT:1,TILT:25.0,TRIM:0.000,ATE:0,LATCH:0,TORQ:1,CR:0.0,FX1:1.00,FY1:-151.10,FX2:-6.00,FY2:-149.60,IK1:1,IK2:1,MOVE:0
[2026-09-08 18:02:45.217] [RX] PITCH:2.48,PID_OUT:-127.21,INT:0.0000,EL:-1076,ER:-1443,VEL:-165.3,MOT:1,TILT:25.0,TRIM:0.000,ATE:0,LATCH:0,TORQ:1,CR:0.0,FX1:1.00,FY1:-151.10,FX2:-6.00,FY2:-149.60,IK1:1,IK2:1,MOVE:0
[2026-09-08 18:02:45.304] [RX] PITCH:2.58,PID_OUT:-127.61,INT:0.0000,EL:-1100,ER:-1433,VEL:-171.9,MOT:1,TILT:25.0,TRIM:0.000,ATE:0,LATCH:0,TORQ:1,CR:0.0,FX1:1.00,FY1:-151.10,FX2:-6.00,FY2:-149.60,IK1:1,IK2:1,MOVE:0
[2026-09-08 18:02:45.433] [RX] PITCH:2.32,PID_OUT:-111.04,INT:0.0000,EL:-1124,ER:-1418,VEL:-188.1,MOT:1,TILT:25.0,TRIM:0.000,ATE:0,LATCH:0,TORQ:1,CR:0.0,FX1:1.00,FY1:-151.10,FX2:-6.00,FY2:-149.60,IK1:1,IK2:1,MOVE:0
[2026-09-08 18:02:45.433] [RX] AX12:MODE:0,TQ:1,TL:1023,CM:1,CS:4,MS:0,MT:800
[2026-09-08 18:02:45.511] [RX] PITCH:2.16,PID_OUT:-98.91,INT:0.0000,EL:-1152,ER:-1400,VEL:-229.3,MOT:1,TILT:25.0,TRIM:0.000,ATE:0,LATCH:0,TORQ:1,CR:0.0,FX1:1.00,FY1:-151.10,FX2:-6.00,FY2:-149.60,IK1:1,IK2:1,MOVE:0
[2026-09-08 18:02:45.511] [RX] SRV:14,36,0.0,0,0
[2026-09-08 18:02:45.607] [RX] PITCH:2.45,PID_OUT:-128.72,INT:0.0000,EL:-1181,ER:-1380,VEL:-244.2,MOT:1,TILT:25.0,TRIM:0.000,ATE:0,LATCH:0,TORQ:1,CR:0.0,FX1:1.00,FY1:-151.10,FX2:-6.00,FY2:-149.60,IK1:1,IK2:1,MOVE:0
[2026-09-08 18:02:45.710] [RX] PITCH:1.96,PID_OUT:-91.00,INT:0.0000,EL:-1217,ER:-1355,VEL:-296.1,MOT:1,TILT:25.0,TRIM:0.000,ATE:0,LATCH:0,TORQ:1,CR:0.0,FX1:1.00,FY1:-151.10,FX2:-6.00,FY2:-149.60,IK1:1,IK2:1,MOVE:0
[2026-09-08 18:02:45.809] [RX] PITCH:2.38,PID_OUT:-138.53,INT:0.0000,EL:-1256,ER:-1328,VEL:-324.9,MOT:1,TILT:25.0,TRIM:0.000,ATE:0,LATCH:0,TORQ:1,CR:0.0,FX1:1.00,FY1:-151.10,FX2:-6.00,FY2:-149.60,IK1:1,IK2:1,MOVE:0
[2026-09-08 18:02:45.918] [RX] PITCH:3.91,PID_OUT:-204.40,INT:0.0000,EL:-1301,ER:-1295,VEL:-392.6,MOT:1,TILT:25.0,TRIM:0.000,ATE:0,LATCH:0,TORQ:1,CR:0.0,FX1:1.00,FY1:-151.10,FX2:-6.00,FY2:-149.60,IK1:1,IK2:1,MOVE:0
[2026-09-08 18:02:45.918] [RX] AX12:MODE:0,TQ:1,TL:1023,CM:1,CS:4,MS:0,MT:800
[2026-09-08 18:02:46.007] [RX] PITCH:1.20,PID_OUT:54.78,INT:0.0000,EL:-1350,ER:-1248,VEL:-447.7,MOT:1,TILT:25.0,TRIM:0.000,ATE:0,LATCH:0,TORQ:1,CR:0.0,FX1:1.00,FY1:-151.10,FX2:-6.00,FY2:-149.60,IK1:1,IK2:1,MOVE:0
[2026-09-08 18:02:46.117] [RX] PITCH:1.11,PID_OUT:-17.83,INT:0.0000,EL:-1380,ER:-1223,VEL:-296.9,MOT:1,TILT:25.0,TRIM:0.000,ATE:0,LATCH:0,TORQ:1,CR:0.0,FX1:1.00,FY1:-151.10,FX2:-6.00,FY2:-149.60,IK1:1,IK2:1,MOVE:0
[2026-09-08 18:02:46.219] [RX] PITCH:1.52,PID_OUT:-35.91,INT:0.0000,EL:-1412,ER:-1194,VEL:-304.0,MOT:1,TILT:25.0,TRIM:0.000,ATE:0,LATCH:0,TORQ:1,CR:0.0,FX1:1.00,FY1:-151.10,FX2:-6.00,FY2:-149.60,IK1:1,IK2:1,MOVE:0
[2026-09-08 18:02:46.320] [RX] PITCH:1.27,PID_OUT:1.41,INT:0.0000,EL:-1439,ER:-1168,VEL:-248.9,MOT:1,TILT:25.0,TRIM:0.000,ATE:0,LATCH:0,TORQ:1,CR:0.0,FX1:1.00,FY1:-151.10,FX2:-6.00,FY2:-149.60,IK1:1,IK2:1,MOVE:0
[2026-09-08 18:02:46.413] [RX] PITCH:-0.20,PID_OUT:87.64,INT:0.0000,EL:-1440,ER:-1163,VEL:-63.6,MOT:1,TILT:25.0,TRIM:0.000,ATE:0,LATCH:0,TORQ:1,CR:0.0,FX1:1.00,FY1:-151.10,FX2:-6.00,FY2:-149.60,IK1:1,IK2:1,MOVE:0
[2026-09-08 18:02:46.421] [RX] AX12:MODE:0,TQ:1,TL:1023,CM:1,CS:4,MS:0,MT:800
[2026-09-08 18:02:46.511] [RX] PITCH:-0.59,PID_OUT:97.10,INT:0.0000,EL:-1436,ER:-1167,VEL:13.7,MOT:1,TILT:25.0,TRIM:0.000,ATE:0,LATCH:0,TORQ:1,CR:0.0,FX1:1.00,FY1:-151.10,FX2:-6.00,FY2:-149.60,IK1:1,IK2:1,MOVE:0
[2026-09-08 18:02:46.511] [RX] SRV:1,35,0.0,0,0
[2026-09-08 18:02:46.611] [RX] PITCH:-0.94,PID_OUT:127.97,INT:0.0000,EL:-1429,ER:-1188,VEL:124.6,MOT:1,TILT:25.0,TRIM:0.000,ATE:0,LATCH:0,TORQ:1,CR:0.0,FX1:1.00,FY1:-151.10,FX2:-6.00,FY2:-149.60,IK1:1,IK2:1,MOVE:0
[2026-09-08 18:02:46.708] [RX] PITCH:-0.90,PID_OUT:114.65,INT:0.0000,EL:-1415,ER:-1212,VEL:183.2,MOT:1,TILT:25.0,TRIM:0.000,ATE:0,LATCH:0,TORQ:1,CR:0.0,FX1:1.00,FY1:-151.10,FX2:-6.00,FY2:-149.60,IK1:1,IK2:1,MOVE:0
[2026-09-08 18:02:46.811] [RX] PITCH:-0.95,PID_OUT:118.01,INT:0.0000,EL:-1397,ER:-1243,VEL:234.6,MOT:1,TILT:25.0,TRIM:0.000,ATE:0,LATCH:0,TORQ:1,CR:0.0,FX1:1.00,FY1:-151.10,FX2:-6.00,FY2:-149.60,IK1:1,IK2:1,MOVE:0
[2026-09-08 18:02:46.908] [RX] PITCH:-0.92,PID_OUT:120.77,INT:0.0000,EL:-1374,ER:-1278,VEL:278.3,MOT:1,TILT:25.0,TRIM:0.000,ATE:0,LATCH:0,TORQ:1,CR:0.0,FX1:1.00,FY1:-151.10,FX2:-6.00,FY2:-149.60,IK1:1,IK2:1,MOVE:0
[2026-09-08 18:02:46.927] [RX] AX12:MODE:0,TQ:1,TL:1023,CM:1,CS:4,MS:0,MT:800
[2026-09-08 18:02:47.015] [RX] PITCH:-0.99,PID_OUT:133.89,INT:0.0000,EL:-1347,ER:-1315,VEL:314.2,MOT:1,TILT:25.0,TRIM:0.000,ATE:0,LATCH:0,TORQ:1,CR:0.0,FX1:1.00,FY1:-151.10,FX2:-6.00,FY2:-149.60,IK1:1,IK2:1,MOVE:0
[2026-09-08 18:02:47.113] [RX] PITCH:-1.14,PID_OUT:125.95,INT:0.0000,EL:-1314,ER:-1352,VEL:350.3,MOT:1,TILT:25.0,TRIM:0.000,ATE:0,LATCH:0,TORQ:1,CR:0.0,FX1:1.00,FY1:-151.10,FX2:-6.00,FY2:-149.60,IK1:1,IK2:1,MOVE:0
[2026-09-08 18:02:47.213] [RX] PITCH:-1.00,PID_OUT:124.72,INT:0.0000,EL:-1274,ER:-1394,VEL:412.8,MOT:1,TILT:25.0,TRIM:0.000,ATE:0,LATCH:0,TORQ:1,CR:0.0,FX1:1.00,FY1:-151.10,FX2:-6.00,FY2:-149.60,IK1:1,IK2:1,MOVE:0
[2026-09-08 18:02:47.313] [RX] PITCH:-2.33,PID_OUT:189.53,INT:0.0000,EL:-1231,ER:-1437,VEL:432.7,MOT:1,TILT:25.0,TRIM:0.000,ATE:0,LATCH:0,TORQ:1,CR:0.0,FX1:1.00,FY1:-151.10,FX2:-6.00,FY2:-149.60,IK1:1,IK2:1,MOVE:0
[2026-09-08 18:02:47.415] [RX] PITCH:-0.75,PID_OUT:-91.64,INT:0.0000,EL:-1178,ER:-1493,VEL:527.8,MOT:1,TILT:25.0,TRIM:0.000,ATE:0,LATCH:0,TORQ:1,CR:0.0,FX1:1.00,FY1:-151.10,FX2:-6.00,FY2:-149.60,IK1:1,IK2:1,MOVE:0
[2026-09-08 18:02:47.415] [RX] AX12:MODE:0,TQ:1,TL:1023,CM:1,CS:4,MS:0,MT:800
[2026-09-08 18:02:47.511] [RX] PITCH:0.01,PID_OUT:-2.39,INT:0.0000,EL:-1164,ER:-1522,VEL:235.6,MOT:1,TILT:25.0,TRIM:0.000,ATE:0,LATCH:0,TORQ:1,CR:0.0,FX1:1.00,FY1:-151.10,FX2:-6.00,FY2:-149.60,IK1:1,IK2:1,MOVE:0
[2026-09-08 18:02:47.511] [RX] SRV:6,45,6.3,0,0
[2026-09-08 18:02:47.615] [RX] PITCH:2.82,PID_OUT:-174.57,INT:0.0000,EL:-1165,ER:-1533,VEL:61.2,MOT:1,TILT:25.0,TRIM:0.000,ATE:0,LATCH:0,TORQ:1,CR:0.0,FX1:1.00,FY1:-151.10,FX2:-6.00,FY2:-149.60,IK1:1,IK2:1,MOVE:0
[2026-09-08 18:02:47.706] [RX] PITCH:2.71,PID_OUT:-109.30,INT:0.0000,EL:-1188,ER:-1519,VEL:-152.7,MOT:1,TILT:25.0,TRIM:0.000,ATE:0,LATCH:0,TORQ:1,CR:0.0,FX1:1.00,FY1:-151.10,FX2:-6.00,FY2:-149.60,IK1:1,IK2:1,MOVE:0
[2026-09-08 18:02:47.814] [RX] PITCH:2.36,PID_OUT:-113.85,INT:0.0000,EL:-1217,ER:-1501,VEL:-218.4,MOT:1,TILT:25.0,TRIM:0.000,ATE:0,LATCH:0,TORQ:1,CR:0.0,FX1:1.00,FY1:-151.10,FX2:-6.00,FY2:-149.60,IK1:1,IK2:1,MOVE:0
[2026-09-08 18:02:47.907] [RX] PITCH:2.90,PID_OUT:-149.88,INT:0.0000,EL:-1248,ER:-1482,VEL:-249.0,MOT:1,TILT:25.0,TRIM:0.000,ATE:0,LATCH:0,TORQ:1,CR:0.0,FX1:1.00,FY1:-151.10,FX2:-6.00,FY2:-149.60,IK1:1,IK2:1,MOVE:0
[2026-09-08 18:02:47.907] [RX] AX12:MODE:0,TQ:1,TL:1023,CM:1,CS:4,MS:0,MT:800
[2026-09-08 18:02:48.005] [RX] PITCH:3.23,PID_OUT:-80.77,INT:0.0000,EL:-1286,ER:-1454,VEL:-324.0,MOT:1,TILT:25.0,TRIM:0.000,ATE:0,LATCH:0,TORQ:1,CR:0.0,FX1:1.00,FY1:-151.10,FX2:-6.00,FY2:-149.60,IK1:1,IK2:1,MOVE:0
[2026-09-08 18:02:48.112] [RX] PITCH:1.02,PID_OUT:116.24,INT:0.0000,EL:-1327,ER:-1427,VEL:-327.6,MOT:1,TILT:25.0,TRIM:0.000,ATE:0,LATCH:0,TORQ:1,CR:0.0,FX1:1.00,FY1:-151.10,FX2:-6.00,FY2:-149.60,IK1:1,IK2:1,MOVE:0
[2026-09-08 18:02:48.210] [RX] PITCH:-0.70,PID_OUT:147.34,INT:0.0000,EL:-1338,ER:-1422,VEL:-92.7,MOT:1,TILT:25.0,TRIM:0.000,ATE:0,LATCH:0,TORQ:1,CR:0.0,FX1:1.00,FY1:-151.10,FX2:-6.00,FY2:-149.60,IK1:1,IK2:1,MOVE:0
[2026-09-08 18:02:48.308] [RX] PITCH:-1.78,PID_OUT:151.54,INT:0.0000,EL:-1322,ER:-1439,VEL:144.7,MOT:1,TILT:25.0,TRIM:0.000,ATE:0,LATCH:0,TORQ:1,CR:0.0,FX1:1.00,FY1:-151.10,FX2:-6.00,FY2:-149.60,IK1:1,IK2:1,MOVE:0
[2026-09-08 18:02:48.421] [RX] PITCH:-1.74,PID_OUT:52.71,INT:0.0000,EL:-1291,ER:-1475,VEL:305.8,MOT:1,TILT:25.0,TRIM:0.000,ATE:0,LATCH:0,TORQ:1,CR:0.0,FX1:1.00,FY1:-151.10,FX2:-6.00,FY2:-149.60,IK1:1,IK2:1,MOVE:0
[2026-09-08 18:02:48.421] [RX] AX12:MODE:0,TQ:1,TL:1023,CM:1,CS:4,MS:0,MT:800
[2026-09-08 18:02:48.511] [RX] PITCH:1.45,PID_OUT:-153.09,INT:0.0000,EL:-1277,ER:-1502,VEL:197.8,MOT:1,TILT:25.0,TRIM:0.000,ATE:0,LATCH:0,TORQ:1,CR:0.0,FX1:1.00,FY1:-151.10,FX2:-6.00,FY2:-149.60,IK1:1,IK2:1,MOVE:0
[2026-09-08 18:02:48.511] [RX] SRV:0,38,0.0,0,0
[2026-09-08 18:02:48.609] [RX] PITCH:2.60,PID_OUT:-154.08,INT:0.0000,EL:-1291,ER:-1500,VEL:-50.0,MOT:1,TILT:25.0,TRIM:0.000,ATE:0,LATCH:0,TORQ:1,CR:0.0,FX1:1.00,FY1:-151.10,FX2:-6.00,FY2:-149.60,IK1:1,IK2:1,MOVE:0
[2026-09-08 18:02:48.712] [RX] PITCH:2.43,PID_OUT:-104.71,INT:0.0000,EL:-1324,ER:-1480,VEL:-229.8,MOT:1,TILT:25.0,TRIM:0.000,ATE:0,LATCH:0,TORQ:1,CR:0.0,FX1:1.00,FY1:-151.10,FX2:-6.00,FY2:-149.60,IK1:1,IK2:1,MOVE:0
[2026-09-08 18:02:48.811] [RX] PITCH:2.64,PID_OUT:-111.80,INT:0.0000,EL:-1359,ER:-1455,VEL:-292.4,MOT:1,TILT:25.0,TRIM:0.000,ATE:0,LATCH:0,TORQ:1,CR:0.0,FX1:1.00,FY1:-151.10,FX2:-6.00,FY2:-149.60,IK1:1,IK2:1,MOVE:0
[2026-09-08 18:02:48.909] [RX] PITCH:2.49,PID_OUT:-51.15,INT:0.0000,EL:-1394,ER:-1427,VEL:-316.6,MOT:1,TILT:25.0,TRIM:0.000,ATE:0,LATCH:0,TORQ:1,CR:0.0,FX1:1.00,FY1:-151.10,FX2:-6.00,FY2:-149.60,IK1:1,IK2:1,MOVE:0
[2026-09-08 18:02:48.921] [RX] AX12:MODE:0,TQ:1,TL:1023,CM:1,CS:4,MS:0,MT:800
[2026-09-08 18:02:49.009] [RX] PITCH:0.51,PID_OUT:103.96,INT:0.0000,EL:-1426,ER:-1407,VEL:-253.8,MOT:1,TILT:25.0,TRIM:0.000,ATE:0,LATCH:0,TORQ:1,CR:0.0,FX1:1.00,FY1:-151.10,FX2:-6.00,FY2:-149.60,IK1:1,IK2:1,MOVE:0
[2026-09-08 18:02:49.108] [RX] PITCH:-0.01,PID_OUT:97.22,INT:0.0000,EL:-1437,ER:-1405,VEL:-76.6,MOT:1,TILT:25.0,TRIM:0.000,ATE:0,LATCH:0,TORQ:1,CR:0.0,FX1:1.00,FY1:-151.10,FX2:-6.00,FY2:-149.60,IK1:1,IK2:1,MOVE:0
[2026-09-08 18:02:49.208] [RX] PITCH:-1.56,PID_OUT:146.47,INT:0.0000,EL:-1429,ER:-1427,VEL:113.5,MOT:1,TILT:25.0,TRIM:0.000,ATE:0,LATCH:0,TORQ:1,CR:0.0,FX1:1.00,FY1:-151.10,FX2:-6.00,FY2:-149.60,IK1:1,IK2:1,MOVE:0
[2026-09-08 18:02:49.308] [RX] PITCH:-1.72,PID_OUT:133.16,INT:0.0000,EL:-1403,ER:-1466,VEL:298.5,MOT:1,TILT:25.0,TRIM:0.000,ATE:0,LATCH:0,TORQ:1,CR:0.0,FX1:1.00,FY1:-151.10,FX2:-6.00,FY2:-149.60,IK1:1,IK2:1,MOVE:0
[2026-09-08 18:02:49.396] [RX] PITCH:-1.13,PID_OUT:39.97,INT:0.0000,EL:-1371,ER:-1500,VEL:320.1,MOT:1,TILT:25.0,TRIM:0.000,ATE:0,LATCH:0,TORQ:1,CR:0.0,FX1:1.00,FY1:-151.10,FX2:-6.00,FY2:-149.60,IK1:1,IK2:1,MOVE:0
[2026-09-08 18:02:49.412] [RX] AX12:MODE:0,TQ:1,TL:1023,CM:1,CS:4,MS:0,MT:800
[2026-09-08 18:02:49.509] [RX] PITCH:1.10,PID_OUT:-123.26,INT:0.0000,EL:-1356,ER:-1526,VEL:204.2,MOT:1,TILT:25.0,TRIM:0.000,ATE:0,LATCH:0,TORQ:1,CR:0.0,FX1:1.00,FY1:-151.10,FX2:-6.00,FY2:-149.60,IK1:1,IK2:1,MOVE:0
[2026-09-08 18:02:49.512] [RX] SRV:14,36,9.4,0,0
[2026-09-08 18:02:49.601] [RX] PITCH:1.77,PID_OUT:-120.78,INT:0.0000,EL:-1374,ER:-1530,VEL:-32.4,MOT:1,TILT:25.0,TRIM:0.000,ATE:0,LATCH:0,TORQ:1,CR:0.0,FX1:1.00,FY1:-151.10,FX2:-6.00,FY2:-149.60,IK1:1,IK2:1,MOVE:0
[2026-09-08 18:02:49.700] [RX] PITCH:2.76,PID_OUT:-151.19,INT:0.0000,EL:-1404,ER:-1523,VEL:-165.1,MOT:1,TILT:25.0,TRIM:0.000,ATE:0,LATCH:0,TORQ:1,CR:0.0,FX1:1.00,FY1:-151.10,FX2:-6.00,FY2:-149.60,IK1:1,IK2:1,MOVE:0
[2026-09-08 18:02:49.804] [RX] PITCH:2.32,PID_OUT:-96.16,INT:0.0000,EL:-1435,ER:-1504,VEL:-234.1,MOT:1,TILT:25.0,TRIM:0.000,ATE:0,LATCH:0,TORQ:1,CR:0.0,FX1:1.00,FY1:-151.10,FX2:-6.00,FY2:-149.60,IK1:1,IK2:1,MOVE:0
[2026-09-08 18:02:49.915] [RX] PITCH:2.82,PID_OUT:-93.09,INT:0.0000,EL:-1464,ER:-1483,VEL:-246.2,MOT:1,TILT:25.0,TRIM:0.000,ATE:0,LATCH:0,TORQ:1,CR:0.0,FX1:1.00,FY1:-151.10,FX2:-6.00,FY2:-149.60,IK1:1,IK2:1,MOVE:0
[2026-09-08 18:02:49.918] [RX] AX12:MODE:0,TQ:1,TL:1023,CM:1,CS:4,MS:0,MT:800
[2026-09-08 18:02:50.006] [RX] PITCH:1.51,PID_OUT:52.48,INT:0.0000,EL:-1495,ER:-1463,VEL:-239.2,MOT:1,TILT:25.0,TRIM:0.000,ATE:0,LATCH:0,TORQ:1,CR:0.0,FX1:1.00,FY1:-151.10,FX2:-6.00,FY2:-149.60,IK1:1,IK2:1,MOVE:0
[2026-09-08 18:02:50.105] [RX] PITCH:-0.13,PID_OUT:83.83,INT:0.0000,EL:-1511,ER:-1454,VEL:-123.4,MOT:1,TILT:25.0,TRIM:0.000,ATE:0,LATCH:0,TORQ:1,CR:0.0,FX1:1.00,FY1:-151.10,FX2:-6.00,FY2:-149.60,IK1:1,IK2:1,MOVE:0
[2026-09-08 18:02:50.205] [RX] PITCH:-1.25,PID_OUT:181.39,INT:0.0000,EL:-1509,ER:-1456,VEL:-3.2,MOT:1,TILT:25.0,TRIM:0.000,ATE:0,LATCH:0,TORQ:1,CR:0.0,FX1:1.00,FY1:-151.10,FX2:-6.00,FY2:-149.60,IK1:1,IK2:1,MOVE:0
[2026-09-08 18:02:50.307] [RX] PITCH:-1.16,PID_OUT:109.04,INT:0.0000,EL:-1490,ER:-1481,VEL:199.3,MOT:1,TILT:25.0,TRIM:0.000,ATE:0,LATCH:0,TORQ:1,CR:0.0,FX1:1.00,FY1:-151.10,FX2:-6.00,FY2:-149.60,IK1:1,IK2:1,MOVE:0
[2026-09-08 18:02:50.398] [RX] PITCH:-1.12,PID_OUT:74.16,INT:0.0000,EL:-1465,ER:-1514,VEL:263.5,MOT:1,TILT:25.0,TRIM:0.000,ATE:0,LATCH:0,TORQ:1,CR:0.0,FX1:1.00,FY1:-151.10,FX2:-6.00,FY2:-149.60,IK1:1,IK2:1,MOVE:0
[2026-09-08 18:02:50.413] [RX] AX12:MODE:0,TQ:1,TL:1023,CM:1,CS:4,MS:0,MT:800
[2026-09-08 18:02:50.466] [TX] TG0.003
[2026-09-08 18:02:50.522] [RX] PITCH:0.19,PID_OUT:-69.35,INT:0.0000,EL:-1444,ER:-1540,VEL:221.0,MOT:1,TILT:25.0,TRIM:0.000,ATE:0,LATCH:0,TORQ:1,CR:0.0,FX1:1.00,FY1:-151.10,FX2:-6.00,FY2:-149.60,IK1:1,IK2:1,MOVE:0
[2026-09-08 18:02:50.522] [RX] SRV:1,36,0.0,0,0
[2026-09-08 18:02:50.537] [RX] Updated -> P:72.100 I:0.000 D:2.400 Offset:-1.7055 Target:0.800 Alpha:0.9600 Tilt:25.00 TrimGain:0.0030 Crouch:0.00 VP:0.0860
[2026-09-08 18:02:50.606] [RX] PITCH:1.65,PID_OUT:-89.78,INT:0.0000,EL:-1446,ER:-1553,VEL:68.0,MOT:1,TILT:25.0,TRIM:0.000,ATE:0,LATCH:0,TORQ:1,CR:0.0,FX1:1.00,FY1:-151.10,FX2:-6.00,FY2:-149.60,IK1:1,IK2:1,MOVE:0
[2026-09-08 18:02:50.706] [RX] PITCH:2.50,PID_OUT:-160.84,INT:0.0000,EL:-1471,ER:-1552,VEL:-95.4,MOT:1,TILT:25.0,TRIM:0.000,ATE:0,LATCH:0,TORQ:1,CR:0.0,FX1:1.00,FY1:-151.10,FX2:-6.00,FY2:-149.60,IK1:1,IK2:1,MOVE:0
[2026-09-08 18:02:50.808] [RX] PITCH:2.60,PID_OUT:-114.24,INT:0.0000,EL:-1495,ER:-1538,VEL:-183.3,MOT:1,TILT:25.0,TRIM:0.000,ATE:0,LATCH:0,TORQ:1,CR:0.0,FX1:1.00,FY1:-151.10,FX2:-6.00,FY2:-149.60,IK1:1,IK2:1,MOVE:0
[2026-09-08 18:02:50.915] [RX] PITCH:2.05,PID_OUT:-71.27,INT:0.0000,EL:-1527,ER:-1518,VEL:-242.1,MOT:1,TILT:25.0,TRIM:0.000,ATE:0,LATCH:0,TORQ:1,CR:0.0,FX1:1.00,FY1:-151.10,FX2:-6.00,FY2:-149.60,IK1:1,IK2:1,MOVE:0
[2026-09-08 18:02:50.915] [RX] AX12:MODE:0,TQ:1,TL:1023,CM:1,CS:4,MS:0,MT:800
[2026-09-08 18:02:51.008] [RX] PITCH:2.94,PID_OUT:-83.04,INT:0.0000,EL:-1559,ER:-1498,VEL:-261.7,MOT:1,TILT:25.0,TRIM:0.000,ATE:0,LATCH:0,TORQ:1,CR:0.0,FX1:1.00,FY1:-151.10,FX2:-6.00,FY2:-149.60,IK1:1,IK2:1,MOVE:0
[2026-09-08 18:02:51.103] [RX] PITCH:-0.04,PID_OUT:151.55,INT:0.0000,EL:-1587,ER:-1479,VEL:-228.3,MOT:1,TILT:25.0,TRIM:0.000,ATE:0,LATCH:0,TORQ:1,CR:0.0,FX1:1.00,FY1:-151.10,FX2:-6.00,FY2:-149.60,IK1:1,IK2:1,MOVE:0
[2026-09-08 18:02:51.202] [RX] PITCH:-0.66,PID_OUT:139.36,INT:0.0000,EL:-1589,ER:-1481,VEL:-20.0,MOT:1,TILT:25.0,TRIM:0.000,ATE:0,LATCH:0,TORQ:1,CR:0.0,FX1:1.00,FY1:-151.10,FX2:-6.00,FY2:-149.60,IK1:1,IK2:1,MOVE:0
[2026-09-08 18:02:51.295] [RX] PITCH:-1.30,PID_OUT:141.13,INT:0.0000,EL:-1577,ER:-1505,VEL:158.0,MOT:1,TILT:25.0,TRIM:0.000,ATE:0,LATCH:0,TORQ:1,CR:0.0,FX1:1.00,FY1:-151.10,FX2:-6.00,FY2:-149.60,IK1:1,IK2:1,MOVE:0
[2026-09-08 18:02:51.365] [TX] TG0.007
[2026-09-08 18:02:51.403] [RX] PITCH:-1.31,PID_OUT:109.44,INT:0.0000,EL:-1551,ER:-1544,VEL:293.7,MOT:1,TILT:25.0,TRIM:0.000,ATE:0,LATCH:0,TORQ:1,CR:0.0,FX1:1.00,FY1:-151.10,FX2:-6.00,FY2:-149.60,IK1:1,IK2:1,MOVE:0
[2026-09-08 18:02:51.421] [RX] AX12:MODE:0,TQ:1,TL:1023,CM:1,CS:4,MS:0,MT:800
[2026-09-08 18:02:51.443] [RX] Updated -> P:72.100 I:0.000 D:2.400 Offset:-1.7055 Target:0.800 Alpha:0.9600 Tilt:25.00 TrimGain:0.0070 Crouch:0.00 VP:0.0860
[2026-09-08 18:02:51.503] [RX] PITCH:-1.09,PID_OUT:35.72,INT:0.0000,EL:-1520,ER:-1581,VEL:327.6,MOT:1,TILT:25.0,TRIM:0.000,ATE:0,LATCH:0,TORQ:1,CR:0.0,FX1:1.00,FY1:-151.10,FX2:-6.00,FY2:-149.60,IK1:1,IK2:1,MOVE:0
[2026-09-08 18:02:51.503] [RX] SRV:6,45,6.3,0,0
[2026-09-08 18:02:51.604] [RX] PITCH:1.32,PID_OUT:-101.28,INT:0.0000,EL:-1504,ER:-1607,VEL:204.3,MOT:1,TILT:25.0,TRIM:0.000,ATE:0,LATCH:0,TORQ:1,CR:0.0,FX1:1.00,FY1:-151.10,FX2:-6.00,FY2:-149.60,IK1:1,IK2:1,MOVE:0
[2026-09-08 18:02:51.695] [RX] PITCH:1.57,PID_OUT:-92.17,INT:0.0000,EL:-1526,ER:-1614,VEL:-53.9,MOT:1,TILT:25.0,TRIM:0.000,ATE:0,LATCH:0,TORQ:1,CR:0.0,FX1:1.00,FY1:-151.10,FX2:-6.00,FY2:-149.60,IK1:1,IK2:1,MOVE:0
[2026-09-08 18:02:51.711] [TX] TG0.008
[2026-09-08 18:02:51.769] [RX] Updated -> P:72.100 I:0.000 D:2.400 Offset:-1.7055 Target:0.800 Alpha:0.9600 Tilt:25.00 TrimGain:0.0080 Crouch:0.00 VP:0.0860
[2026-09-08 18:02:51.794] [RX] PITCH:2.70,PID_OUT:-174.14,INT:0.0000,EL:-1536,ER:-1612,VEL:-70.7,MOT:1,TILT:25.0,TRIM:0.000,ATE:0,LATCH:0,TORQ:1,CR:0.0,FX1:1.00,FY1:-151.10,FX2:-6.00,FY2:-149.60,IK1:1,IK2:1,MOVE:0
[2026-09-08 18:02:51.903] [RX] PITCH:2.57,PID_OUT:-129.73,INT:0.0000,EL:-1562,ER:-1596,VEL:-193.7,MOT:1,TILT:25.0,TRIM:0.000,ATE:0,LATCH:0,TORQ:1,CR:0.0,FX1:1.00,FY1:-151.10,FX2:-6.00,FY2:-149.60,IK1:1,IK2:1,MOVE:0
[2026-09-08 18:02:51.913] [RX] AX12:MODE:0,TQ:1,TL:1023,CM:1,CS:4,MS:0,MT:800
[2026-09-08 18:02:52.003] [RX] PITCH:3.27,PID_OUT:-145.85,INT:0.0000,EL:-1597,ER:-1570,VEL:-288.5,MOT:1,TILT:25.0,TRIM:0.000,ATE:0,LATCH:0,TORQ:1,CR:0.0,FX1:1.00,FY1:-151.10,FX2:-6.00,FY2:-149.60,IK1:1,IK2:1,MOVE:0
[2026-09-08 18:02:52.100] [RX] PITCH:3.65,PID_OUT:-78.83,INT:0.0000,EL:-1639,ER:-1538,VEL:-356.4,MOT:1,TILT:25.0,TRIM:0.000,ATE:0,LATCH:0,TORQ:1,CR:0.0,FX1:1.00,FY1:-151.10,FX2:-6.00,FY2:-149.60,IK1:1,IK2:1,MOVE:0
[2026-09-08 18:02:52.205] [RX] PITCH:-0.61,PID_OUT:250.91,INT:0.0000,EL:-1678,ER:-1510,VEL:-309.5,MOT:1,TILT:25.0,TRIM:0.000,ATE:0,LATCH:0,TORQ:1,CR:0.0,FX1:1.00,FY1:-151.10,FX2:-6.00,FY2:-149.60,IK1:1,IK2:1,MOVE:0
[2026-09-08 18:02:52.299] [RX] PITCH:-1.76,PID_OUT:205.79,INT:0.0000,EL:-1662,ER:-1531,VEL:112.4,MOT:1,TILT:25.0,TRIM:0.000,ATE:0,LATCH:0,TORQ:1,CR:0.0,FX1:1.00,FY1:-151.10,FX2:-6.00,FY2:-149.60,IK1:1,IK2:1,MOVE:0
[2026-09-08 18:02:52.409] [RX] PITCH:-2.78,PID_OUT:208.82,INT:0.0000,EL:-1620,ER:-1578,VEL:396.3,MOT:1,TILT:25.0,TRIM:0.000,ATE:0,LATCH:0,TORQ:1,CR:0.0,FX1:1.00,FY1:-151.10,FX2:-6.00,FY2:-149.60,IK1:1,IK2:1,MOVE:0
[2026-09-08 18:02:52.411] [RX] AX12:MODE:0,TQ:1,TL:1023,CM:1,CS:4,MS:0,MT:800
[2026-09-08 18:02:52.504] [RX] PITCH:-1.79,PID_OUT:5.82,INT:0.0000,EL:-1561,ER:-1637,VEL:560.4,MOT:1,TILT:25.0,TRIM:0.000,ATE:0,LATCH:0,TORQ:1,CR:0.0,FX1:1.00,FY1:-151.10,FX2:-6.00,FY2:-149.60,IK1:1,IK2:1,MOVE:0
[2026-09-08 18:02:52.504] [RX] SRV:0,38,0.0,0,0
[2026-09-08 18:02:52.601] [RX] PITCH:0.30,PID_OUT:-106.38,INT:0.0000,EL:-1522,ER:-1683,VEL:415.4,MOT:1,TILT:25.0,TRIM:0.000,ATE:0,LATCH:0,TORQ:1,CR:0.0,FX1:1.00,FY1:-151.10,FX2:-6.00,FY2:-149.60,IK1:1,IK2:1,MOVE:0
[2026-09-08 18:02:52.687] [RX] PITCH:2.43,PID_OUT:-187.93,INT:0.0000,EL:-1517,ER:-1697,VEL:124.6,MOT:1,TILT:25.0,TRIM:0.000,ATE:0,LATCH:0,TORQ:1,CR:0.0,FX1:1.00,FY1:-151.10,FX2:-6.00,FY2:-149.60,IK1:1,IK2:1,MOVE:0
[2026-09-08 18:02:52.801] [RX] PITCH:2.79,PID_OUT:-132.86,INT:0.0000,EL:-1549,ER:-1669,VEL:-255.7,MOT:1,TILT:25.0,TRIM:0.000,ATE:0,LATCH:0,TORQ:1,CR:0.0,FX1:1.00,FY1:-151.10,FX2:-6.00,FY2:-149.60,IK1:1,IK2:1,MOVE:0
[2026-09-08 18:02:52.905] [RX] PITCH:4.15,PID_OUT:-209.74,INT:0.0000,EL:-1595,ER:-1629,VEL:-406.6,MOT:1,TILT:25.0,TRIM:0.000,ATE:0,LATCH:0,TORQ:1,CR:0.0,FX1:1.00,FY1:-151.10,FX2:-6.00,FY2:-149.60,IK1:1,IK2:1,MOVE:0
[2026-09-08 18:02:52.908] [RX] AX12:MODE:0,TQ:1,TL:1023,CM:1,CS:4,MS:0,MT:800
[2026-09-08 18:02:52.997] [RX] PITCH:4.39,PID_OUT:-63.06,INT:0.0000,EL:-1660,ER:-1577,VEL:-562.0,MOT:1,TILT:25.0,TRIM:0.000,ATE:0,LATCH:0,TORQ:1,CR:0.0,FX1:1.00,FY1:-151.10,FX2:-6.00,FY2:-149.60,IK1:1,IK2:1,MOVE:0
[2026-09-08 18:02:53.101] [RX] PITCH:-0.18,PID_OUT:162.66,INT:0.0000,EL:-1708,ER:-1540,VEL:-390.4,MOT:1,TILT:25.0,TRIM:0.000,ATE:0,LATCH:0,TORQ:1,CR:0.0,FX1:1.00,FY1:-151.10,FX2:-6.00,FY2:-149.60,IK1:1,IK2:1,MOVE:0
[2026-09-08 18:02:53.197] [RX] PITCH:-0.43,PID_OUT:177.16,INT:0.0000,EL:-1711,ER:-1602,VEL:215.7,MOT:1,TILT:25.0,TRIM:0.000,ATE:0,LATCH:0,TORQ:1,CR:0.0,FX1:1.00,FY1:-151.10,FX2:-6.00,FY2:-149.60,IK1:1,IK2:1,MOVE:0
[2026-09-08 18:02:53.299] [RX] PITCH:-1.42,PID_OUT:134.56,INT:0.0000,EL:-1683,ER:-1632,VEL:320.2,MOT:1,TILT:25.0,TRIM:0.000,ATE:0,LATCH:0,TORQ:1,CR:0.0,FX1:1.00,FY1:-151.10,FX2:-6.00,FY2:-149.60,IK1:1,IK2:1,MOVE:0
[2026-09-08 18:02:53.404] [RX] PITCH:-1.93,PID_OUT:121.06,INT:0.0000,EL:-1644,ER:-1672,VEL:389.7,MOT:1,TILT:25.0,TRIM:0.000,ATE:0,LATCH:0,TORQ:1,CR:0.0,FX1:1.00,FY1:-151.10,FX2:-6.00,FY2:-149.60,IK1:1,IK2:1,MOVE:0
[2026-09-08 18:02:53.404] [RX] AX12:MODE:0,TQ:1,TL:1023,CM:1,CS:4,MS:0,MT:800
[2026-09-08 18:02:53.502] [RX] PITCH:-1.13,PID_OUT:-11.09,INT:0.0000,EL:-1600,ER:-1714,VEL:421.3,MOT:1,TILT:25.0,TRIM:0.000,ATE:0,LATCH:0,TORQ:1,CR:0.0,FX1:1.00,FY1:-151.10,FX2:-6.00,FY2:-149.60,IK1:1,IK2:1,MOVE:0
[2026-09-08 18:02:53.505] [RX] SRV:14,36,0.0,0,0
[2026-09-08 18:02:53.602] [RX] PITCH:1.24,PID_OUT:-109.21,INT:0.0000,EL:-1581,ER:-1743,VEL:244.2,MOT:1,TILT:25.0,TRIM:0.000,ATE:0,LATCH:0,TORQ:1,CR:0.0,FX1:1.00,FY1:-151.10,FX2:-6.00,FY2:-149.60,IK1:1,IK2:1,MOVE:0
[2026-09-08 18:02:53.691] [RX] PITCH:1.98,PID_OUT:-185.82,INT:0.0000,EL:-1604,ER:-1745,VEL:-41.4,MOT:1,TILT:25.0,TRIM:0.000,ATE:0,LATCH:0,TORQ:1,CR:0.0,FX1:1.00,FY1:-151.10,FX2:-6.00,FY2:-149.60,IK1:1,IK2:1,MOVE:0
[2026-09-08 18:02:53.797] [RX] PITCH:2.34,PID_OUT:-154.03,INT:0.0000,EL:-1630,ER:-1725,VEL:-221.6,MOT:1,TILT:25.0,TRIM:0.000,ATE:0,LATCH:0,TORQ:1,CR:0.0,FX1:1.00,FY1:-151.10,FX2:-6.00,FY2:-149.60,IK1:1,IK2:1,MOVE:0
[2026-09-08 18:02:53.890] [RX] PITCH:3.94,PID_OUT:-157.50,INT:0.0000,EL:-1672,ER:-1691,VEL:-368.4,MOT:1,TILT:25.0,TRIM:0.000,ATE:0,LATCH:0,TORQ:1,CR:0.0,FX1:1.00,FY1:-151.10,FX2:-6.00,FY2:-149.60,IK1:1,IK2:1,MOVE:0
[2026-09-08 18:02:53.904] [RX] AX12:MODE:0,TQ:1,TL:1023,CM:1,CS:4,MS:0,MT:800
[2026-09-08 18:02:53.996] [RX] PITCH:2.90,PID_OUT:-68.67,INT:0.0000,EL:-1727,ER:-1644,VEL:-478.1,MOT:1,TILT:25.0,TRIM:0.000,ATE:0,LATCH:0,TORQ:1,CR:0.0,FX1:1.00,FY1:-151.10,FX2:-6.00,FY2:-149.60,IK1:1,IK2:1,MOVE:0
[2026-09-08 18:02:54.091] [RX] PITCH:1.99,PID_OUT:55.12,INT:0.0000,EL:-1781,ER:-1602,VEL:-470.8,MOT:1,TILT:25.0,TRIM:0.000,ATE:0,LATCH:0,TORQ:1,CR:0.0,FX1:1.00,FY1:-151.10,FX2:-6.00,FY2:-149.60,IK1:1,IK2:1,MOVE:0
[2026-09-08 18:02:54.197] [RX] PITCH:-0.07,PID_OUT:121.76,INT:0.0000,EL:-1816,ER:-1580,VEL:-282.1,MOT:1,TILT:25.0,TRIM:0.000,ATE:0,LATCH:0,TORQ:1,CR:0.0,FX1:1.00,FY1:-151.10,FX2:-6.00,FY2:-149.60,IK1:1,IK2:1,MOVE:0
[2026-09-08 18:02:54.296] [RX] PITCH:-1.63,PID_OUT:222.24,INT:0.0000,EL:-1817,ER:-1581,VEL:-32.7,MOT:1,TILT:25.0,TRIM:0.000,ATE:0,LATCH:0,TORQ:1,CR:0.0,FX1:1.00,FY1:-151.10,FX2:-6.00,FY2:-149.60,IK1:1,IK2:1,MOVE:0
[2026-09-08 18:02:54.296] [TX] TG0.011
[2026-09-08 18:02:54.343] [RX] Updated -> P:72.100 I:0.000 D:2.400 Offset:-1.7055 Target:0.800 Alpha:0.9600 Tilt:25.00 TrimGain:0.0110 Crouch:0.00 VP:0.0860
[2026-09-08 18:02:54.405] [RX] PITCH:-1.65,PID_OUT:163.48,INT:0.0000,EL:-1788,ER:-1614,VEL:265.7,MOT:1,TILT:25.0,TRIM:0.000,ATE:0,LATCH:0,TORQ:1,CR:0.0,FX1:1.00,FY1:-151.10,FX2:-6.00,FY2:-149.60,IK1:1,IK2:1,MOVE:0
[2026-09-08 18:02:54.405] [RX] AX12:MODE:0,TQ:1,TL:1023,CM:1,CS:4,MS:0,MT:800
[2026-09-08 18:02:54.492] [RX] PITCH:-2.35,PID_OUT:137.06,INT:0.0000,EL:-1747,ER:-1655,VEL:386.4,MOT:1,TILT:25.0,TRIM:0.000,ATE:0,LATCH:0,TORQ:1,CR:0.0,FX1:1.00,FY1:-151.10,FX2:-6.00,FY2:-149.60,IK1:1,IK2:1,MOVE:0
[2026-09-08 18:02:54.499] [RX] SRV:1,36,0.0,0,0
[2026-09-08 18:02:54.596] [RX] PITCH:-1.69,PID_OUT:-12.58,INT:0.0000,EL:-1697,ER:-1702,VEL:471.7,MOT:1,TILT:25.0,TRIM:0.000,ATE:0,LATCH:0,TORQ:1,CR:0.0,FX1:1.00,FY1:-151.10,FX2:-6.00,FY2:-149.60,IK1:1,IK2:1,MOVE:0
[2026-09-08 18:02:54.697] [RX] PITCH:1.20,PID_OUT:-158.39,INT:0.0000,EL:-1671,ER:-1734,VEL:277.8,MOT:1,TILT:25.0,TRIM:0.000,ATE:0,LATCH:0,TORQ:1,CR:0.0,FX1:1.00,FY1:-151.10,FX2:-6.00,FY2:-149.60,IK1:1,IK2:1,MOVE:0
[2026-09-08 18:02:54.793] [RX] PITCH:3.12,PID_OUT:-196.89,INT:0.0000,EL:-1678,ER:-1733,VEL:-1.1,MOT:1,TILT:25.0,TRIM:0.000,ATE:0,LATCH:0,TORQ:1,CR:0.0,FX1:1.00,FY1:-151.10,FX2:-6.00,FY2:-149.60,IK1:1,IK2:1,MOVE:0
[2026-09-08 18:02:54.903] [RX] PITCH:3.40,PID_OUT:-163.01,INT:0.0000,EL:-1713,ER:-1706,VEL:-257.6,MOT:1,TILT:25.0,TRIM:0.000,ATE:0,LATCH:0,TORQ:1,CR:0.0,FX1:1.00,FY1:-151.10,FX2:-6.00,FY2:-149.60,IK1:1,IK2:1,MOVE:0
[2026-09-08 18:02:54.907] [RX] AX12:MODE:0,TQ:1,TL:1023,CM:1,CS:4,MS:0,MT:800
[2026-09-08 18:02:54.993] [RX] PITCH:3.46,PID_OUT:-76.66,INT:0.0000,EL:-1760,ER:-1668,VEL:-400.1,MOT:1,TILT:25.0,TRIM:0.000,ATE:0,LATCH:0,TORQ:1,CR:0.0,FX1:1.00,FY1:-151.10,FX2:-6.00,FY2:-149.60,IK1:1,IK2:1,MOVE:0
[2026-09-08 18:02:55.095] [RX] PITCH:0.44,PID_OUT:140.36,INT:0.0000,EL:-1807,ER:-1637,VEL:-371.0,MOT:1,TILT:25.0,TRIM:0.000,ATE:0,LATCH:0,TORQ:1,CR:0.0,FX1:1.00,FY1:-151.10,FX2:-6.00,FY2:-149.60,IK1:1,IK2:1,MOVE:0
[2026-09-08 18:02:55.182] [RX] PITCH:-0.17,PID_OUT:87.75,INT:0.0000,EL:-1820,ER:-1634,VEL:-111.3,MOT:1,TILT:25.0,TRIM:0.000,ATE:0,LATCH:0,TORQ:1,CR:0.0,FX1:1.00,FY1:-151.10,FX2:-6.00,FY2:-149.60,IK1:1,IK2:1,MOVE:0
[2026-09-08 18:02:55.293] [RX] PITCH:-1.64,PID_OUT:147.68,INT:0.0000,EL:-1815,ER:-1652,VEL:77.2,MOT:1,TILT:25.0,TRIM:0.000,ATE:0,LATCH:0,TORQ:1,CR:0.0,FX1:1.00,FY1:-151.10,FX2:-6.00,FY2:-149.60,IK1:1,IK2:1,MOVE:0
[2026-09-08 18:02:55.388] [RX] PITCH:-0.59,PID_OUT:0.55,INT:0.0000,EL:-1796,ER:-1682,VEL:209.0,MOT:1,TILT:25.0,TRIM:0.000,ATE:0,LATCH:0,TORQ:1,CR:0.0,FX1:1.00,FY1:-151.10,FX2:-6.00,FY2:-149.60,IK1:1,IK2:1,MOVE:0
[2026-09-08 18:02:55.404] [RX] AX12:MODE:0,TQ:1,TL:1023,CM:1,CS:4,MS:0,MT:800
[2026-09-08 18:02:55.498] [RX] PITCH:1.72,PID_OUT:-119.38,INT:0.0000,EL:-1799,ER:-1690,VEL:53.4,MOT:1,TILT:25.0,TRIM:0.000,ATE:0,LATCH:0,TORQ:1,CR:0.0,FX1:1.00,FY1:-151.10,FX2:-6.00,FY2:-149.60,IK1:1,IK2:1,MOVE:0
[2026-09-08 18:02:55.498] [RX] SRV:6,45,6.3,0,0
[2026-09-08 18:02:55.593] [RX] PITCH:2.48,PID_OUT:-153.42,INT:0.0000,EL:-1819,ER:-1683,VEL:-116.2,MOT:1,TILT:25.0,TRIM:0.000,ATE:0,LATCH:0,TORQ:1,CR:0.0,FX1:1.00,FY1:-151.10,FX2:-6.00,FY2:-149.60,IK1:1,IK2:1,MOVE:0
[2026-09-08 18:02:55.694] [RX] PITCH:2.55,PID_OUT:-104.00,INT:0.0000,EL:-1852,ER:-1661,VEL:-243.6,MOT:1,TILT:25.0,TRIM:0.000,ATE:0,LATCH:0,TORQ:1,CR:0.0,FX1:1.00,FY1:-151.10,FX2:-6.00,FY2:-149.60,IK1:1,IK2:1,MOVE:0
[2026-09-08 18:02:55.798] [RX] PITCH:2.15,PID_OUT:-42.23,INT:0.0000,EL:-1888,ER:-1635,VEL:-286.3,MOT:1,TILT:25.0,TRIM:0.000,ATE:0,LATCH:0,TORQ:1,CR:0.0,FX1:1.00,FY1:-151.10,FX2:-6.00,FY2:-149.60,IK1:1,IK2:1,MOVE:0
[2026-09-08 18:02:55.899] [RX] PITCH:1.56,PID_OUT:67.66,INT:0.0000,EL:-1916,ER:-1614,VEL:-238.2,MOT:1,TILT:25.0,TRIM:0.000,ATE:0,LATCH:0,TORQ:1,CR:0.0,FX1:1.00,FY1:-151.10,FX2:-6.00,FY2:-149.60,IK1:1,IK2:1,MOVE:0
[2026-09-08 18:02:55.900] [RX] AX12:MODE:0,TQ:1,TL:1023,CM:1,CS:4,MS:0,MT:800
[2026-09-08 18:02:55.981] [RX] PITCH:-0.20,PID_OUT:112.23,INT:0.0000,EL:-1928,ER:-1610,VEL:-84.9,MOT:1,TILT:25.0,TRIM:0.000,ATE:0,LATCH:0,TORQ:1,CR:0.0,FX1:1.00,FY1:-151.10,FX2:-6.00,FY2:-149.60,IK1:1,IK2:1,MOVE:0
[2026-09-08 18:02:56.091] [RX] PITCH:-1.76,PID_OUT:192.96,INT:0.0000,EL:-1917,ER:-1631,VEL:118.6,MOT:1,TILT:25.0,TRIM:0.000,ATE:0,LATCH:0,TORQ:1,CR:0.0,FX1:1.00,FY1:-151.10,FX2:-6.00,FY2:-149.60,IK1:1,IK2:1,MOVE:0
[2026-09-08 18:02:56.192] [RX] PITCH:-1.94,PID_OUT:115.73,INT:0.0000,EL:-1882,ER:-1667,VEL:320.8,MOT:1,TILT:25.0,TRIM:0.000,ATE:0,LATCH:0,TORQ:1,CR:0.0,FX1:1.00,FY1:-151.10,FX2:-6.00,FY2:-149.60,IK1:1,IK2:1,MOVE:0
[2026-09-08 18:02:56.293] [RX] PITCH:-1.02,PID_OUT:-31.28,INT:0.0000,EL:-1838,ER:-1707,VEL:404.0,MOT:1,TILT:25.0,TRIM:0.000,ATE:0,LATCH:0,TORQ:1,CR:0.0,FX1:1.00,FY1:-151.10,FX2:-6.00,FY2:-149.60,IK1:1,IK2:1,MOVE:0
[2026-09-08 18:02:56.399] [RX] PITCH:1.17,PID_OUT:-134.18,INT:0.0000,EL:-1823,ER:-1735,VEL:224.0,MOT:1,TILT:25.0,TRIM:0.000,ATE:0,LATCH:0,TORQ:1,CR:0.0,FX1:1.00,FY1:-151.10,FX2:-6.00,FY2:-149.60,IK1:1,IK2:1,MOVE:0
[2026-09-08 18:02:56.399] [RX] AX12:MODE:0,TQ:1,TL:1023,CM:1,CS:4,MS:0,MT:800
[2026-09-08 18:02:56.484] [RX] PITCH:2.57,PID_OUT:-214.22,INT:0.0000,EL:-1829,ER:-1736,VEL:2.0,MOT:1,TILT:25.0,TRIM:0.000,ATE:0,LATCH:0,TORQ:1,CR:0.0,FX1:1.00,FY1:-151.10,FX2:-6.00,FY2:-149.60,IK1:1,IK2:1,MOVE:0
[2026-09-08 18:02:56.484] [RX] SRV:0,38,0.0,0,0
[2026-09-08 18:02:56.587] [RX] PITCH:3.39,PID_OUT:-174.89,INT:0.0000,EL:-1858,ER:-1712,VEL:-235.8,MOT:1,TILT:25.0,TRIM:0.000,ATE:0,LATCH:0,TORQ:1,CR:0.0,FX1:1.00,FY1:-151.10,FX2:-6.00,FY2:-149.60,IK1:1,IK2:1,MOVE:0
[2026-09-08 18:02:56.696] [RX] PITCH:3.57,PID_OUT:-99.41,INT:0.0000,EL:-1904,ER:-1674,VEL:-400.4,MOT:1,TILT:25.0,TRIM:0.000,ATE:0,LATCH:0,TORQ:1,CR:0.0,FX1:1.00,FY1:-151.10,FX2:-6.00,FY2:-149.60,IK1:1,IK2:1,MOVE:0
[2026-09-08 18:02:56.790] [RX] PITCH:1.01,PID_OUT:143.18,INT:0.0000,EL:-1952,ER:-1637,VEL:-402.0,MOT:1,TILT:25.0,TRIM:0.000,ATE:0,LATCH:0,TORQ:1,CR:0.0,FX1:1.00,FY1:-151.10,FX2:-6.00,FY2:-149.60,IK1:1,IK2:1,MOVE:0
[2026-09-08 18:02:56.889] [RX] PITCH:0.49,PID_OUT:79.75,INT:0.0000,EL:-1975,ER:-1626,VEL:-188.4,MOT:1,TILT:25.0,TRIM:0.000,ATE:0,LATCH:0,TORQ:1,CR:0.0,FX1:1.00,FY1:-151.10,FX2:-6.00,FY2:-149.60,IK1:1,IK2:1,MOVE:0
[2026-09-08 18:02:56.901] [RX] AX12:MODE:0,TQ:1,TL:1023,CM:1,CS:4,MS:0,MT:800
[2026-09-08 18:02:56.987] [RX] PITCH:-0.99,PID_OUT:178.55,INT:0.0000,EL:-1977,ER:-1641,VEL:33.7,MOT:1,TILT:25.0,TRIM:0.000,ATE:0,LATCH:0,TORQ:1,CR:0.0,FX1:1.00,FY1:-151.10,FX2:-6.00,FY2:-149.60,IK1:1,IK2:1,MOVE:0
[2026-09-08 18:02:57.082] [RX] PITCH:-1.42,PID_OUT:98.55,INT:0.0000,EL:-1958,ER:-1667,VEL:215.8,MOT:1,TILT:25.0,TRIM:0.000,ATE:0,LATCH:0,TORQ:1,CR:0.0,FX1:1.00,FY1:-151.10,FX2:-6.00,FY2:-149.60,IK1:1,IK2:1,MOVE:0
[2026-09-08 18:02:57.185] [RX] PITCH:-1.30,PID_OUT:52.44,INT:0.0000,EL:-1932,ER:-1699,VEL:273.7,MOT:1,TILT:25.0,TRIM:0.000,ATE:0,LATCH:0,TORQ:1,CR:0.0,FX1:1.00,FY1:-151.10,FX2:-6.00,FY2:-149.60,IK1:1,IK2:1,MOVE:0
[2026-09-08 18:02:57.287] [RX] PITCH:1.14,PID_OUT:-132.04,INT:0.0000,EL:-1913,ER:-1722,VEL:199.2,MOT:1,TILT:25.0,TRIM:0.000,ATE:0,LATCH:0,TORQ:1,CR:0.0,FX1:1.00,FY1:-151.10,FX2:-6.00,FY2:-149.60,IK1:1,IK2:1,MOVE:0
[2026-09-08 18:02:57.399] [RX] PITCH:2.44,PID_OUT:-177.48,INT:0.0000,EL:-1926,ER:-1721,VEL:-29.6,MOT:1,TILT:25.0,TRIM:0.000,ATE:0,LATCH:0,TORQ:1,CR:0.0,FX1:1.00,FY1:-151.10,FX2:-6.00,FY2:-149.60,IK1:1,IK2:1,MOVE:0
[2026-09-08 18:02:57.402] [RX] AX12:MODE:0,TQ:1,TL:1023,CM:1,CS:4,MS:0,MT:800
[2026-09-08 18:02:57.493] [RX] PITCH:3.33,PID_OUT:-140.73,INT:0.0000,EL:-1952,ER:-1701,VEL:-209.9,MOT:1,TILT:25.0,TRIM:0.000,ATE:0,LATCH:0,TORQ:1,CR:0.0,FX1:1.00,FY1:-151.10,FX2:-6.00,FY2:-149.60,IK1:1,IK2:1,MOVE:0
[2026-09-08 18:02:57.493] [RX] SRV:14,36,0.0,0,0
[2026-09-08 18:02:57.588] [RX] PITCH:2.44,PID_OUT:-23.62,INT:0.0000,EL:-1989,ER:-1668,VEL:-323.1,MOT:1,TILT:25.0,TRIM:0.000,ATE:0,LATCH:0,TORQ:1,CR:0.0,FX1:1.00,FY1:-151.10,FX2:-6.00,FY2:-149.60,IK1:1,IK2:1,MOVE:0
[2026-09-08 18:02:57.687] [RX] PITCH:0.38,PID_OUT:96.59,INT:0.0000,EL:-2018,ER:-1652,VEL:-218.4,MOT:1,TILT:25.0,TRIM:0.000,ATE:0,LATCH:0,TORQ:1,CR:0.0,FX1:1.00,FY1:-151.10,FX2:-6.00,FY2:-149.60,IK1:1,IK2:1,MOVE:0
[2026-09-08 18:02:57.786] [RX] PITCH:-0.06,PID_OUT:101.44,INT:0.0000,EL:-2025,ER:-1659,VEL:-28.8,MOT:1,TILT:25.0,TRIM:0.000,ATE:0,LATCH:0,TORQ:1,CR:0.0,FX1:1.00,FY1:-151.10,FX2:-6.00,FY2:-149.60,IK1:1,IK2:1,MOVE:0
[2026-09-08 18:02:57.890] [RX] PITCH:-1.59,PID_OUT:157.32,INT:0.0000,EL:-2017,ER:-1674,VEL:110.1,MOT:1,TILT:25.0,TRIM:0.000,ATE:0,LATCH:0,TORQ:1,CR:0.0,FX1:1.00,FY1:-151.10,FX2:-6.00,FY2:-149.60,IK1:1,IK2:1,MOVE:0
[2026-09-08 18:02:57.890] [RX] AX12:MODE:0,TQ:1,TL:1023,CM:1,CS:4,MS:0,MT:800
[2026-09-08 18:02:57.987] [RX] PITCH:-1.36,PID_OUT:114.67,INT:0.0000,EL:-1991,ER:-1711,VEL:286.9,MOT:1,TILT:25.0,TRIM:0.000,ATE:0,LATCH:0,TORQ:1,CR:0.0,FX1:1.00,FY1:-151.10,FX2:-6.00,FY2:-149.60,IK1:1,IK2:1,MOVE:0
[2026-09-08 18:02:58.088] [RX] PITCH:-1.22,PID_OUT:75.33,INT:0.0000,EL:-1958,ER:-1748,VEL:333.0,MOT:1,TILT:25.0,TRIM:0.000,ATE:0,LATCH:0,TORQ:1,CR:0.0,FX1:1.00,FY1:-151.10,FX2:-6.00,FY2:-149.60,IK1:1,IK2:1,MOVE:0
[2026-09-08 18:02:58.187] [RX] PITCH:0.17,PID_OUT:-50.68,INT:0.0000,EL:-1934,ER:-1776,VEL:242.7,MOT:1,TILT:25.0,TRIM:0.000,ATE:0,LATCH:0,TORQ:1,CR:0.0,FX1:1.00,FY1:-151.10,FX2:-6.00,FY2:-149.60,IK1:1,IK2:1,MOVE:0
[2026-09-08 18:02:58.287] [RX] PITCH:1.18,PID_OUT:-93.75,INT:0.0000,EL:-1939,ER:-1789,VEL:58.7,MOT:1,TILT:25.0,TRIM:0.000,ATE:0,LATCH:0,TORQ:1,CR:0.0,FX1:1.00,FY1:-151.10,FX2:-6.00,FY2:-149.60,IK1:1,IK2:1,MOVE:0
[2026-09-08 18:02:58.379] [RX] PITCH:2.36,PID_OUT:-169.41,INT:0.0000,EL:-1972,ER:-1786,VEL:-129.4,MOT:1,TILT:25.0,TRIM:0.000,ATE:0,LATCH:0,TORQ:1,CR:0.0,FX1:1.00,FY1:-151.10,FX2:-6.00,FY2:-149.60,IK1:1,IK2:1,MOVE:0
[2026-09-08 18:02:58.394] [RX] AX12:MODE:0,TQ:1,TL:1023,CM:1,CS:4,MS:0,MT:800
[2026-09-08 18:02:58.492] [RX] PITCH:3.16,PID_OUT:-155.25,INT:0.0000,EL:-1999,ER:-1767,VEL:-235.3,MOT:1,TILT:25.0,TRIM:0.000,ATE:0,LATCH:0,TORQ:1,CR:0.0,FX1:1.00,FY1:-151.10,FX2:-6.00,FY2:-149.60,IK1:1,IK2:1,MOVE:0
[2026-09-08 18:02:58.492] [RX] SRV:1,36,0.0,0,0
[2026-09-08 18:02:58.581] [RX] PITCH:2.77,PID_OUT:-73.58,INT:0.0000,EL:-2034,ER:-1737,VEL:-312.7,MOT:1,TILT:25.0,TRIM:0.000,ATE:0,LATCH:0,TORQ:1,CR:0.0,FX1:1.00,FY1:-151.10,FX2:-6.00,FY2:-149.60,IK1:1,IK2:1,MOVE:0
[2026-09-08 18:02:58.683] [RX] PITCH:2.03,PID_OUT:19.34,INT:0.0000,EL:-2070,ER:-1705,VEL:-329.7,MOT:1,TILT:25.0,TRIM:0.000,ATE:0,LATCH:0,TORQ:1,CR:0.0,FX1:1.00,FY1:-151.10,FX2:-6.00,FY2:-149.60,IK1:1,IK2:1,MOVE:0
[2026-09-08 18:02:58.776] [RX] PITCH:-0.05,PID_OUT:147.29,INT:0.0000,EL:-2095,ER:-1696,VEL:-181.9,MOT:1,TILT:25.0,TRIM:0.000,ATE:0,LATCH:0,TORQ:1,CR:0.0,FX1:1.00,FY1:-151.10,FX2:-6.00,FY2:-149.60,IK1:1,IK2:1,MOVE:0
[2026-09-08 18:02:58.889] [RX] PITCH:-0.55,PID_OUT:172.74,INT:0.0000,EL:-2095,ER:-1699,VEL:-19.4,MOT:1,TILT:25.0,TRIM:0.000,ATE:0,LATCH:0,TORQ:1,CR:0.0,FX1:1.00,FY1:-151.10,FX2:-6.00,FY2:-149.60,IK1:1,IK2:1,MOVE:0
[2026-09-08 18:02:58.889] [RX] AX12:MODE:0,TQ:1,TL:1023,CM:1,CS:4,MS:0,MT:800
[2026-09-08 18:02:58.981] [RX] PITCH:-1.38,PID_OUT:154.89,INT:0.0000,EL:-2071,ER:-1725,VEL:227.2,MOT:1,TILT:25.0,TRIM:0.000,ATE:0,LATCH:0,TORQ:1,CR:0.0,FX1:1.00,FY1:-151.10,FX2:-6.00,FY2:-149.60,IK1:1,IK2:1,MOVE:0
[2026-09-08 18:02:59.043] [TX] VP0.10400000000000001
[2026-09-08 18:02:59.098] [RX] PITCH:-2.25,PID_OUT:193.67,INT:0.0000,EL:-2032,ER:-1765,VEL:370.1,MOT:1,TILT:25.0,TRIM:0.000,ATE:0,LATCH:0,TORQ:1,CR:0.0,FX1:1.00,FY1:-151.10,FX2:-6.00,FY2:-149.60,IK1:1,IK2:1,MOVE:0
[2026-09-08 18:02:59.105] [RX] Updated -> P:72.100 I:0.000 D:2.400 Offset:-1.7055 Target:0.800 Alpha:0.9600 Tilt:25.00 TrimGain:0.0110 Crouch:0.00 VP:0.1040
[2026-09-08 18:02:59.174] [RX] PITCH:-2.23,PID_OUT:96.04,INT:0.0000,EL:-1981,ER:-1809,VEL:466.8,MOT:1,TILT:25.0,TRIM:0.000,ATE:0,LATCH:0,TORQ:1,CR:0.0,FX1:1.00,FY1:-151.10,FX2:-6.00,FY2:-149.60,IK1:1,IK2:1,MOVE:0
[2026-09-08 18:02:59.282] [RX] PITCH:0.31,PID_OUT:-111.49,INT:0.0000,EL:-1933,ER:-1855,VEL:451.3,MOT:1,TILT:25.0,TRIM:0.000,ATE:0,LATCH:0,TORQ:1,CR:0.0,FX1:1.00,FY1:-151.10,FX2:-6.00,FY2:-149.60,IK1:1,IK2:1,MOVE:0
[2026-09-08 18:02:59.392] [RX] PITCH:1.87,PID_OUT:-163.69,INT:0.0000,EL:-1923,ER:-1876,VEL:186.7,MOT:1,TILT:25.0,TRIM:0.000,ATE:0,LATCH:0,TORQ:1,CR:0.0,FX1:1.00,FY1:-151.10,FX2:-6.00,FY2:-149.60,IK1:1,IK2:1,MOVE:0
[2026-09-08 18:02:59.392] [RX] AX12:MODE:0,TQ:1,TL:1023,CM:1,CS:4,MS:0,MT:800
[2026-09-08 18:02:59.474] [RX] PITCH:3.24,PID_OUT:-166.49,INT:0.0000,EL:-1942,ER:-1866,VEL:-118.3,MOT:1,TILT:25.0,TRIM:0.000,ATE:0,LATCH:0,TORQ:1,CR:0.0,FX1:1.00,FY1:-151.10,FX2:-6.00,FY2:-149.60,IK1:1,IK2:1,MOVE:0
[2026-09-08 18:02:59.488] [RX] SRV:6,46,6.3,0,0
[2026-09-08 18:02:59.579] [RX] PITCH:3.80,PID_OUT:-173.62,INT:0.0000,EL:-1983,ER:-1833,VEL:-332.0,MOT:1,TILT:25.0,TRIM:0.000,ATE:0,LATCH:0,TORQ:1,CR:0.0,FX1:1.00,FY1:-151.10,FX2:-6.00,FY2:-149.60,IK1:1,IK2:1,MOVE:0
[2026-09-08 18:02:59.685] [RX] PITCH:3.21,PID_OUT:-11.14,INT:0.0000,EL:-2037,ER:-1786,VEL:-478.7,MOT:1,TILT:25.0,TRIM:0.000,ATE:0,LATCH:0,TORQ:1,CR:0.0,FX1:1.00,FY1:-151.10,FX2:-6.00,FY2:-149.60,IK1:1,IK2:1,MOVE:0
[2026-09-08 18:02:59.779] [RX] PITCH:0.26,PID_OUT:71.75,INT:0.0000,EL:-2078,ER:-1754,VEL:-342.6,MOT:1,TILT:25.0,TRIM:0.000,ATE:0,LATCH:0,TORQ:1,CR:0.0,FX1:1.00,FY1:-151.10,FX2:-6.00,FY2:-149.60,IK1:1,IK2:1,MOVE:0
[2026-09-08 18:02:59.886] [RX] PITCH:-0.45,PID_OUT:119.58,INT:0.0000,EL:-2086,ER:-1756,VEL:-73.4,MOT:1,TILT:25.0,TRIM:0.000,ATE:0,LATCH:0,TORQ:1,CR:0.0,FX1:1.00,FY1:-151.10,FX2:-6.00,FY2:-149.60,IK1:1,IK2:1,MOVE:0
[2026-09-08 18:02:59.894] [RX] AX12:MODE:0,TQ:1,TL:1023,CM:1,CS:4,MS:0,MT:800
[2026-09-08 18:02:59.982] [RX] PITCH:-1.53,PID_OUT:124.42,INT:0.0000,EL:-2079,ER:-1771,VEL:105.0,MOT:1,TILT:25.0,TRIM:0.000,ATE:0,LATCH:0,TORQ:1,CR:0.0,FX1:1.00,FY1:-151.10,FX2:-6.00,FY2:-149.60,IK1:1,IK2:1,MOVE:0
[2026-09-08 18:03:00.083] [RX] PITCH:-0.83,PID_OUT:10.18,INT:0.0000,EL:-2060,ER:-1803,VEL:230.0,MOT:1,TILT:25.0,TRIM:0.000,ATE:0,LATCH:0,TORQ:1,CR:0.0,FX1:1.00,FY1:-151.10,FX2:-6.00,FY2:-149.60,IK1:1,IK2:1,MOVE:0
[2026-09-08 18:03:00.184] [RX] PITCH:1.20,PID_OUT:-124.41,INT:0.0000,EL:-2059,ER:-1814,VEL:76.3,MOT:1,TILT:25.0,TRIM:0.000,ATE:0,LATCH:0,TORQ:1,CR:0.0,FX1:1.00,FY1:-151.10,FX2:-6.00,FY2:-149.60,IK1:1,IK2:1,MOVE:0
[2026-09-08 18:03:00.275] [RX] PITCH:2.81,PID_OUT:-166.21,INT:0.0000,EL:-2075,ER:-1809,VEL:-84.5,MOT:1,TILT:25.0,TRIM:0.000,ATE:0,LATCH:0,TORQ:1,CR:0.0,FX1:1.00,FY1:-151.10,FX2:-6.00,FY2:-149.60,IK1:1,IK2:1,MOVE:0
[2026-09-08 18:03:00.391] [RX] PITCH:3.11,PID_OUT:-105.09,INT:0.0000,EL:-2109,ER:-1786,VEL:-264.6,MOT:1,TILT:25.0,TRIM:0.000,ATE:0,LATCH:0,TORQ:1,CR:0.0,FX1:1.00,FY1:-151.10,FX2:-6.00,FY2:-149.60,IK1:1,IK2:1,MOVE:0
[2026-09-08 18:03:00.398] [RX] AX12:MODE:0,TQ:1,TL:1023,CM:1,CS:4,MS:0,MT:800
[2026-09-08 18:03:00.481] [RX] PITCH:1.64,PID_OUT:122.84,INT:0.0000,EL:-2142,ER:-1756,VEL:-304.8,MOT:1,TILT:25.0,TRIM:0.000,ATE:0,LATCH:0,TORQ:1,CR:0.0,FX1:1.00,FY1:-151.10,FX2:-6.00,FY2:-149.60,IK1:1,IK2:1,MOVE:0
[2026-09-08 18:03:00.481] [RX] SRV:0,37,0.0,0,0
[2026-09-08 18:03:00.578] [RX] PITCH:-0.49,PID_OUT:160.75,INT:0.0000,EL:-2148,ER:-1757,VEL:-33.4,MOT:1,TILT:25.0,TRIM:0.000,ATE:0,LATCH:0,TORQ:1,CR:0.0,FX1:1.00,FY1:-151.10,FX2:-6.00,FY2:-149.60,IK1:1,IK2:1,MOVE:0
[2026-09-08 18:03:00.681] [RX] PITCH:-2.38,PID_OUT:184.64,INT:0.0000,EL:-2124,ER:-1781,VEL:213.1,MOT:1,TILT:25.0,TRIM:0.000,ATE:0,LATCH:0,TORQ:1,CR:0.0,FX1:1.00,FY1:-151.10,FX2:-6.00,FY2:-149.60,IK1:1,IK2:1,MOVE:0
[2026-09-08 18:03:00.778] [RX] PITCH:-2.81,PID_OUT:99.36,INT:0.0000,EL:-2079,ER:-1825,VEL:406.6,MOT:1,TILT:25.0,TRIM:0.000,ATE:0,LATCH:0,TORQ:1,CR:0.0,FX1:1.00,FY1:-151.10,FX2:-6.00,FY2:-149.60,IK1:1,IK2:1,MOVE:0
[2026-09-08 18:03:00.888] [RX] PITCH:1.80,PID_OUT:-141.46,INT:0.0000,EL:-2045,ER:-1860,VEL:318.8,MOT:1,TILT:25.0,TRIM:0.000,ATE:0,LATCH:0,TORQ:1,CR:0.0,FX1:1.00,FY1:-151.10,FX2:-6.00,FY2:-149.60,IK1:1,IK2:1,MOVE:0
[2026-09-08 18:03:00.893] [RX] AX12:MODE:0,TQ:1,TL:1023,CM:1,CS:4,MS:0,MT:800
[2026-09-08 18:03:00.980] [RX] PITCH:3.08,PID_OUT:-196.34,INT:0.0000,EL:-2048,ER:-1857,VEL:24.8,MOT:1,TILT:25.0,TRIM:0.000,ATE:0,LATCH:0,TORQ:1,CR:0.0,FX1:1.00,FY1:-151.10,FX2:-6.00,FY2:-149.60,IK1:1,IK2:1,MOVE:0
[2026-09-08 18:03:01.081] [RX] PITCH:3.76,PID_OUT:-77.60,INT:0.0000,EL:-2073,ER:-1838,VEL:-192.8,MOT:1,TILT:25.0,TRIM:0.000,ATE:0,LATCH:0,TORQ:1,CR:0.0,FX1:1.00,FY1:-151.10,FX2:-6.00,FY2:-149.60,IK1:1,IK2:1,MOVE:0
[2026-09-08 18:03:01.177] [RX] PITCH:-0.20,PID_OUT:105.39,INT:0.0000,EL:-2097,ER:-1827,VEL:-123.4,MOT:1,TILT:25.0,TRIM:0.000,ATE:0,LATCH:0,TORQ:1,CR:0.0,FX1:1.00,FY1:-151.10,FX2:-6.00,FY2:-149.60,IK1:1,IK2:1,MOVE:0
[2026-09-08 18:03:01.281] [RX] PITCH:-2.37,PID_OUT:213.93,INT:0.0000,EL:-2092,ER:-1843,VEL:64.1,MOT:1,TILT:25.0,TRIM:0.000,ATE:0,LATCH:0,TORQ:1,CR:0.0,FX1:1.00,FY1:-151.10,FX2:-6.00,FY2:-149.60,IK1:1,IK2:1,MOVE:0
[2026-09-08 18:03:01.386] [RX] PITCH:-0.38,PID_OUT:-31.23,INT:0.0000,EL:-2067,ER:-1875,VEL:233.6,MOT:1,TILT:25.0,TRIM:0.000,ATE:0,LATCH:0,TORQ:1,CR:0.0,FX1:1.00,FY1:-151.10,FX2:-6.00,FY2:-149.60,IK1:1,IK2:1,MOVE:0
[2026-09-08 18:03:01.386] [RX] AX12:MODE:0,TQ:1,TL:1023,CM:1,CS:4,MS:0,MT:800
[2026-09-08 18:03:01.482] [RX] PITCH:0.50,PID_OUT:-104.21,INT:0.0000,EL:-2054,ER:-1902,VEL:193.7,MOT:1,TILT:25.0,TRIM:0.000,ATE:0,LATCH:0,TORQ:1,CR:0.0,FX1:1.00,FY1:-151.10,FX2:-6.00,FY2:-149.60,IK1:1,IK2:1,MOVE:0
[2026-09-08 18:03:01.482] [RX] SRV:14,36,0.0,0,0
[2026-09-08 18:03:01.578] [RX] PITCH:2.48,PID_OUT:-170.83,INT:0.0000,EL:-2058,ER:-1908,VEL:17.6,MOT:1,TILT:25.0,TRIM:0.000,ATE:0,LATCH:0,TORQ:1,CR:0.0,FX1:1.00,FY1:-151.10,FX2:-6.00,FY2:-149.60,IK1:1,IK2:1,MOVE:0
[2026-09-08 18:03:01.682] [RX] PITCH:3.37,PID_OUT:-126.16,INT:0.0000,EL:-2087,ER:-1889,VEL:-209.2,MOT:1,TILT:25.0,TRIM:0.000,ATE:0,LATCH:0,TORQ:1,CR:0.0,FX1:1.00,FY1:-151.10,FX2:-6.00,FY2:-149.60,IK1:1,IK2:1,MOVE:0
[2026-09-08 18:03:01.784] [RX] PITCH:2.42,PID_OUT:35.20,INT:0.0000,EL:-2120,ER:-1861,VEL:-280.9,MOT:1,TILT:25.0,TRIM:0.000,ATE:0,LATCH:0,TORQ:1,CR:0.0,FX1:1.00,FY1:-151.10,FX2:-6.00,FY2:-149.60,IK1:1,IK2:1,MOVE:0
[2026-09-08 18:03:01.884] [RX] PITCH:-0.53,PID_OUT:150.04,INT:0.0000,EL:-2132,ER:-1853,VEL:-107.3,MOT:1,TILT:25.0,TRIM:0.000,ATE:0,LATCH:0,TORQ:1,CR:0.0,FX1:1.00,FY1:-151.10,FX2:-6.00,FY2:-149.60,IK1:1,IK2:1,MOVE:0
[2026-09-08 18:03:01.884] [RX] AX12:MODE:0,TQ:1,TL:1023,CM:1,CS:4,MS:0,MT:800
[2026-09-08 18:03:01.981] [RX] PITCH:-2.18,PID_OUT:130.49,INT:0.0000,EL:-2118,ER:-1873,VEL:136.5,MOT:1,TILT:25.0,TRIM:0.000,ATE:0,LATCH:0,TORQ:1,CR:0.0,FX1:1.00,FY1:-151.10,FX2:-6.00,FY2:-149.60,IK1:1,IK2:1,MOVE:0
[2026-09-08 18:03:02.075] [RX] PITCH:-0.17,PID_OUT:-93.48,INT:0.0000,EL:-2095,ER:-1906,VEL:237.4,MOT:1,TILT:25.0,TRIM:0.000,ATE:0,LATCH:0,TORQ:1,CR:0.0,FX1:1.00,FY1:-151.10,FX2:-6.00,FY2:-149.60,IK1:1,IK2:1,MOVE:0
[2026-09-08 18:03:02.178] [RX] PITCH:1.66,PID_OUT:-104.09,INT:0.0000,EL:-2103,ER:-1918,VEL:19.8,MOT:1,TILT:25.0,TRIM:0.000,ATE:0,LATCH:0,TORQ:1,CR:0.0,FX1:1.00,FY1:-151.10,FX2:-6.00,FY2:-149.60,IK1:1,IK2:1,MOVE:0
[2026-09-08 18:03:02.276] [RX] PITCH:2.97,PID_OUT:-128.69,INT:0.0000,EL:-2130,ER:-1910,VEL:-145.3,MOT:1,TILT:25.0,TRIM:0.000,ATE:0,LATCH:0,TORQ:1,CR:0.0,FX1:1.00,FY1:-151.10,FX2:-6.00,FY2:-149.60,IK1:1,IK2:1,MOVE:0
[2026-09-08 18:03:02.385] [RX] PITCH:2.74,PID_OUT:-54.22,INT:0.0000,EL:-2163,ER:-1888,VEL:-249.3,MOT:1,TILT:25.0,TRIM:0.000,ATE:0,LATCH:0,TORQ:1,CR:0.0,FX1:1.00,FY1:-151.10,FX2:-6.00,FY2:-149.60,IK1:1,IK2:1,MOVE:0
[2026-09-08 18:03:02.385] [RX] AX12:MODE:0,TQ:1,TL:1023,CM:1,CS:4,MS:0,MT:800
[2026-09-08 18:03:02.477] [RX] PITCH:-0.10,PID_OUT:147.94,INT:0.0000,EL:-2184,ER:-1877,VEL:-141.7,MOT:1,TILT:25.0,TRIM:0.000,ATE:0,LATCH:0,TORQ:1,CR:0.0,FX1:1.00,FY1:-151.10,FX2:-6.00,FY2:-149.60,IK1:1,IK2:1,MOVE:0
[2026-09-08 18:03:02.477] [RX] SRV:1,36,0.0,0,0
[2026-09-08 18:03:02.576] [RX] PITCH:-1.84,PID_OUT:161.02,INT:0.0000,EL:-2180,ER:-1888,VEL:52.1,MOT:1,TILT:25.0,TRIM:0.000,ATE:0,LATCH:0,TORQ:1,CR:0.0,FX1:1.00,FY1:-151.10,FX2:-6.00,FY2:-149.60,IK1:1,IK2:1,MOVE:0
[2026-09-08 18:03:02.676] [RX] PITCH:-1.07,PID_OUT:7.46,INT:0.0000,EL:-2158,ER:-1918,VEL:226.4,MOT:1,TILT:25.0,TRIM:0.000,ATE:0,LATCH:0,TORQ:1,CR:0.0,FX1:1.00,FY1:-151.10,FX2:-6.00,FY2:-149.60,IK1:1,IK2:1,MOVE:0
[2026-09-08 18:03:02.772] [RX] PITCH:1.72,PID_OUT:-155.64,INT:0.0000,EL:-2158,ER:-1933,VEL:68.0,MOT:1,TILT:25.0,TRIM:0.000,ATE:0,LATCH:0,TORQ:1,CR:0.0,FX1:1.00,FY1:-151.10,FX2:-6.00,FY2:-149.60,IK1:1,IK2:1,MOVE:0
[2026-09-08 18:03:02.878] [RX] PITCH:3.28,PID_OUT:-135.02,INT:0.0000,EL:-2184,ER:-1920,VEL:-160.0,MOT:1,TILT:25.0,TRIM:0.000,ATE:0,LATCH:0,TORQ:1,CR:0.0,FX1:1.00,FY1:-151.10,FX2:-6.00,FY2:-149.60,IK1:1,IK2:1,MOVE:0
[2026-09-08 18:03:02.878] [RX] AX12:MODE:0,TQ:1,TL:1023,CM:1,CS:4,MS:0,MT:800
[2026-09-08 18:03:02.963] [RX] PITCH:2.12,PID_OUT:-12.36,INT:0.0000,EL:-2220,ER:-1889,VEL:-298.6,MOT:1,TILT:25.0,TRIM:0.000,ATE:0,LATCH:0,TORQ:1,CR:0.0,FX1:1.00,FY1:-151.10,FX2:-6.00,FY2:-149.60,IK1:1,IK2:1,MOVE:0
[2026-09-08 18:03:03.071] [RX] PITCH:1.00,PID_OUT:30.60,INT:0.0000,EL:-2248,ER:-1874,VEL:-216.6,MOT:1,TILT:25.0,TRIM:0.000,ATE:0,LATCH:0,TORQ:1,CR:0.0,FX1:1.00,FY1:-151.10,FX2:-6.00,FY2:-149.60,IK1:1,IK2:1,MOVE:0
[2026-09-08 18:03:03.174] [RX] PITCH:-0.06,PID_OUT:124.33,INT:0.0000,EL:-2261,ER:-1875,VEL:-75.4,MOT:1,TILT:25.0,TRIM:0.000,ATE:0,LATCH:0,TORQ:1,CR:0.0,FX1:1.00,FY1:-151.10,FX2:-6.00,FY2:-149.60,IK1:1,IK2:1,MOVE:0
[2026-09-08 18:03:03.269] [RX] PITCH:-1.06,PID_OUT:176.26,INT:0.0000,EL:-2257,ER:-1880,VEL:38.2,MOT:1,TILT:25.0,TRIM:0.000,ATE:0,LATCH:0,TORQ:1,CR:0.0,FX1:1.00,FY1:-151.10,FX2:-6.00,FY2:-149.60,IK1:1,IK2:1,MOVE:0
[2026-09-08 18:03:03.377] [RX] PITCH:-1.41,PID_OUT:159.63,INT:0.0000,EL:-2232,ER:-1909,VEL:245.9,MOT:1,TILT:25.0,TRIM:0.000,ATE:0,LATCH:0,TORQ:1,CR:0.0,FX1:1.00,FY1:-151.10,FX2:-6.00,FY2:-149.60,IK1:1,IK2:1,MOVE:0
[2026-09-08 18:03:03.387] [RX] AX12:MODE:0,TQ:1,TL:1023,CM:1,CS:4,MS:0,MT:800
[2026-09-08 18:03:03.478] [RX] PITCH:-1.75,PID_OUT:178.10,INT:0.0000,EL:-2194,ER:-1947,VEL:374.7,MOT:1,TILT:25.0,TRIM:0.000,ATE:0,LATCH:0,TORQ:1,CR:0.0,FX1:1.00,FY1:-151.10,FX2:-6.00,FY2:-149.60,IK1:1,IK2:1,MOVE:0
[2026-09-08 18:03:03.478] [RX] SRV:6,46,6.3,0,0
[2026-09-08 18:03:03.573] [RX] PITCH:-1.68,PID_OUT:171.12,INT:0.0000,EL:-2144,ER:-1995,VEL:476.8,MOT:1,TILT:25.0,TRIM:0.000,ATE:0,LATCH:0,TORQ:1,CR:0.0,FX1:1.00,FY1:-151.10,FX2:-6.00,FY2:-149.60,IK1:1,IK2:1,MOVE:0
[2026-09-08 18:03:03.677] [RX] PITCH:-2.33,PID_OUT:162.42,INT:0.0000,EL:-2085,ER:-2053,VEL:579.6,MOT:1,TILT:25.0,TRIM:0.000,ATE:0,LATCH:0,TORQ:1,CR:0.0,FX1:1.00,FY1:-151.10,FX2:-6.00,FY2:-149.60,IK1:1,IK2:1,MOVE:0
[2026-09-08 18:03:03.774] [RX] PITCH:-2.08,PID_OUT:116.93,INT:0.0000,EL:-2019,ER:-2118,VEL:644.9,MOT:1,TILT:25.0,TRIM:0.000,ATE:0,LATCH:0,TORQ:1,CR:0.0,FX1:1.00,FY1:-151.10,FX2:-6.00,FY2:-149.60,IK1:1,IK2:1,MOVE:0
[2026-09-08 18:03:03.877] [RX] PITCH:-0.41,PID_OUT:-88.44,INT:0.0000,EL:-1958,ER:-2186,VEL:627.6,MOT:1,TILT:25.0,TRIM:0.000,ATE:0,LATCH:0,TORQ:1,CR:0.0,FX1:1.00,FY1:-151.10,FX2:-6.00,FY2:-149.60,IK1:1,IK2:1,MOVE:0
[2026-09-08 18:03:03.884] [RX] AX12:MODE:0,TQ:1,TL:1023,CM:1,CS:4,MS:0,MT:800
[2026-09-08 18:03:03.967] [RX] PITCH:1.02,PID_OUT:-68.55,INT:0.0000,EL:-1930,ER:-2225,VEL:340.3,MOT:1,TILT:25.0,TRIM:0.000,ATE:0,LATCH:0,TORQ:1,CR:0.0,FX1:1.00,FY1:-151.10,FX2:-6.00,FY2:-149.60,IK1:1,IK2:1,MOVE:0
[2026-09-08 18:03:04.061] [RX] PITCH:2.18,PID_OUT:-137.60,INT:0.0000,EL:-1925,ER:-2239,VEL:125.0,MOT:1,TILT:25.0,TRIM:0.000,ATE:0,LATCH:0,TORQ:1,CR:0.0,FX1:1.00,FY1:-151.10,FX2:-6.00,FY2:-149.60,IK1:1,IK2:1,MOVE:0
[2026-09-08 18:03:04.172] [RX] PITCH:3.37,PID_OUT:-175.55,INT:0.0000,EL:-1947,ER:-2231,VEL:-110.2,MOT:1,TILT:25.0,TRIM:0.000,ATE:0,LATCH:0,TORQ:1,CR:0.0,FX1:1.00,FY1:-151.10,FX2:-6.00,FY2:-149.60,IK1:1,IK2:1,MOVE:0
[2026-09-08 18:03:04.270] [RX] PITCH:2.52,PID_OUT:-114.83,INT:0.0000,EL:-1976,ER:-2209,VEL:-234.3,MOT:1,TILT:25.0,TRIM:0.000,ATE:0,LATCH:0,TORQ:1,CR:0.0,FX1:1.00,FY1:-151.10,FX2:-6.00,FY2:-149.60,IK1:1,IK2:1,MOVE:0
[2026-09-08 18:03:04.379] [RX] PITCH:3.62,PID_OUT:-156.30,INT:0.0000,EL:-2011,ER:-2182,VEL:-307.3,MOT:1,TILT:25.0,TRIM:0.000,ATE:0,LATCH:0,TORQ:1,CR:0.0,FX1:1.00,FY1:-151.10,FX2:-6.00,FY2:-149.60,IK1:1,IK2:1,MOVE:0
[2026-09-08 18:03:04.379] [RX] AX12:MODE:0,TQ:1,TL:1023,CM:1,CS:4,MS:0,MT:800
[2026-09-08 18:03:04.470] [RX] PITCH:2.96,PID_OUT:-9.68,INT:0.0000,EL:-2054,ER:-2145,VEL:-385.2,MOT:1,TILT:25.0,TRIM:0.000,ATE:0,LATCH:0,TORQ:1,CR:0.0,FX1:1.00,FY1:-151.10,FX2:-6.00,FY2:-149.60,IK1:1,IK2:1,MOVE:0
[2026-09-08 18:03:04.476] [RX] SRV:0,37,0.0,0,0
[2026-09-08 18:03:04.571] [RX] PITCH:-0.60,PID_OUT:131.96,INT:0.0000,EL:-2086,ER:-2126,VEL:-249.4,MOT:1,TILT:25.0,TRIM:0.000,ATE:0,LATCH:0,TORQ:1,CR:0.0,FX1:1.00,FY1:-151.10,FX2:-6.00,FY2:-149.60,IK1:1,IK2:1,MOVE:0
[2026-09-08 18:03:04.661] [RX] PITCH:-0.56,PID_OUT:117.30,INT:0.0000,EL:-2086,ER:-2147,VEL:13.7,MOT:1,TILT:25.0,TRIM:0.000,ATE:0,LATCH:0,TORQ:1,CR:0.0,FX1:1.00,FY1:-151.10,FX2:-6.00,FY2:-149.60,IK1:1,IK2:1,MOVE:0
[2026-09-08 18:03:04.771] [RX] PITCH:-1.33,PID_OUT:109.79,INT:0.0000,EL:-2078,ER:-2166,VEL:128.5,MOT:1,TILT:25.0,TRIM:0.000,ATE:0,LATCH:0,TORQ:1,CR:0.0,FX1:1.00,FY1:-151.10,FX2:-6.00,FY2:-149.60,IK1:1,IK2:1,MOVE:0
[2026-09-08 18:03:04.870] [RX] PITCH:-0.50,PID_OUT:1.53,INT:0.0000,EL:-2063,ER:-2189,VEL:170.8,MOT:1,TILT:25.0,TRIM:0.000,ATE:0,LATCH:0,TORQ:1,CR:0.0,FX1:1.00,FY1:-151.10,FX2:-6.00,FY2:-149.60,IK1:1,IK2:1,MOVE:0
[2026-09-08 18:03:04.878] [RX] AX12:MODE:0,TQ:1,TL:1023,CM:1,CS:4,MS:0,MT:800
[2026-09-08 18:03:04.972] [RX] PITCH:1.07,PID_OUT:-155.18,INT:0.0000,EL:-2071,ER:-2196,VEL:7.7,MOT:1,TILT:25.0,TRIM:0.000,ATE:0,LATCH:0,TORQ:1,CR:0.0,FX1:1.00,FY1:-151.10,FX2:-6.00,FY2:-149.60,IK1:1,IK2:1,MOVE:0
[2026-09-08 18:03:05.067] [RX] PITCH:2.87,PID_OUT:-122.55,INT:0.0000,EL:-2093,ER:-2177,VEL:-211.6,MOT:1,TILT:25.0,TRIM:0.000,ATE:0,LATCH:0,TORQ:1,CR:0.0,FX1:1.00,FY1:-151.10,FX2:-6.00,FY2:-149.60,IK1:1,IK2:1,MOVE:0
[2026-09-08 18:03:05.165] [RX] PITCH:4.14,PID_OUT:-98.45,INT:0.0000,EL:-2133,ER:-2142,VEL:-354.1,MOT:1,TILT:25.0,TRIM:0.000,ATE:0,LATCH:0,TORQ:1,CR:0.0,FX1:1.00,FY1:-151.10,FX2:-6.00,FY2:-149.60,IK1:1,IK2:1,MOVE:0
[2026-09-08 18:03:05.269] [RX] PITCH:-0.90,PID_OUT:171.48,INT:0.0000,EL:-2167,ER:-2112,VEL:-282.6,MOT:1,TILT:25.0,TRIM:0.000,ATE:0,LATCH:0,TORQ:1,CR:0.0,FX1:1.00,FY1:-151.10,FX2:-6.00,FY2:-149.60,IK1:1,IK2:1,MOVE:0
[2026-09-08 18:03:05.365] [RX] PITCH:-1.50,PID_OUT:173.24,INT:0.0000,EL:-2162,ER:-2121,VEL:12.0,MOT:1,TILT:25.0,TRIM:0.000,ATE:0,LATCH:0,TORQ:1,CR:0.0,FX1:1.00,FY1:-151.10,FX2:-6.00,FY2:-149.60,IK1:1,IK2:1,MOVE:0
[2026-09-08 18:03:05.379] [RX] AX12:MODE:0,TQ:1,TL:1023,CM:1,CS:4,MS:0,MT:800
[2026-09-08 18:03:05.472] [RX] PITCH:-1.71,PID_OUT:83.00,INT:0.0000,EL:-2139,ER:-2154,VEL:253.6,MOT:1,TILT:25.0,TRIM:0.000,ATE:0,LATCH:0,TORQ:1,CR:0.0,FX1:1.00,FY1:-151.10,FX2:-6.00,FY2:-149.60,IK1:1,IK2:1,MOVE:0
[2026-09-08 18:03:05.472] [RX] SRV:14,36,0.0,0,0
[2026-09-08 18:03:05.570] [RX] PITCH:0.62,PID_OUT:-66.83,INT:0.0000,EL:-2120,ER:-2183,VEL:214.9,MOT:1,TILT:25.0,TRIM:0.000,ATE:0,LATCH:0,TORQ:1,CR:0.0,FX1:1.00,FY1:-151.10,FX2:-6.00,FY2:-149.60,IK1:1,IK2:1,MOVE:0
[2026-09-08 18:03:05.668] [RX] PITCH:1.37,PID_OUT:-27.23,INT:0.0000,EL:-2130,ER:-2197,VEL:37.3,MOT:1,TILT:25.0,TRIM:0.000,ATE:0,LATCH:0,TORQ:1,CR:0.0,FX1:1.00,FY1:-151.10,FX2:-6.00,FY2:-149.60,IK1:1,IK2:1,MOVE:0
[2026-09-08 18:03:05.768] [RX] PITCH:-0.70,PID_OUT:116.29,INT:0.0000,EL:-2128,ER:-2213,VEL:89.2,MOT:1,TILT:25.0,TRIM:0.000,ATE:0,LATCH:0,TORQ:1,CR:0.0,FX1:1.00,FY1:-151.10,FX2:-6.00,FY2:-149.60,IK1:1,IK2:1,MOVE:0
[2026-09-08 18:03:05.879] [RX] PITCH:-0.12,PID_OUT:9.59,INT:0.0000,EL:-2116,ER:-2238,VEL:189.1,MOT:1,TILT:25.0,TRIM:0.000,ATE:0,LATCH:0,TORQ:1,CR:0.0,FX1:1.00,FY1:-151.10,FX2:-6.00,FY2:-149.60,IK1:1,IK2:1,MOVE:0
[2026-09-08 18:03:05.879] [RX] AX12:MODE:0,TQ:1,TL:1023,CM:1,CS:4,MS:0,MT:800
[2026-09-08 18:03:05.968] [RX] PITCH:1.20,PID_OUT:-12.40,INT:0.0000,EL:-2130,ER:-2245,VEL:-40.1,MOT:1,TILT:25.0,TRIM:0.000,ATE:0,LATCH:0,TORQ:1,CR:0.0,FX1:1.00,FY1:-151.10,FX2:-6.00,FY2:-149.60,IK1:1,IK2:1,MOVE:0
[2026-09-08 18:03:06.064] [RX] PITCH:0.40,PID_OUT:47.86,INT:0.0000,EL:-2134,ER:-2245,VEL:-14.9,MOT:1,TILT:25.0,TRIM:0.000,ATE:0,LATCH:0,TORQ:1,CR:0.0,FX1:1.00,FY1:-151.10,FX2:-6.00,FY2:-149.60,IK1:1,IK2:1,MOVE:0
[2026-09-08 18:03:06.157] [RX] PITCH:-0.93,PID_OUT:105.47,INT:0.0000,EL:-2133,ER:-2255,VEL:68.4,MOT:1,TILT:25.0,TRIM:0.000,ATE:0,LATCH:0,TORQ:1,CR:0.0,FX1:1.00,FY1:-151.10,FX2:-6.00,FY2:-149.60,IK1:1,IK2:1,MOVE:0
[2026-09-08 18:03:06.263] [RX] PITCH:0.06,PID_OUT:50.67,INT:0.0000,EL:-2129,ER:-2273,VEL:103.9,MOT:1,TILT:25.0,TRIM:0.000,ATE:0,LATCH:0,TORQ:1,CR:0.0,FX1:1.00,FY1:-151.10,FX2:-6.00,FY2:-149.60,IK1:1,IK2:1,MOVE:0
[2026-09-08 18:03:06.376] [RX] PITCH:-0.48,PID_OUT:73.18,INT:0.0000,EL:-2127,ER:-2290,VEL:94.7,MOT:1,TILT:25.0,TRIM:0.000,ATE:0,LATCH:0,TORQ:1,CR:0.0,FX1:1.00,FY1:-151.10,FX2:-6.00,FY2:-149.60,IK1:1,IK2:1,MOVE:0
[2026-09-08 18:03:06.376] [RX] AX12:MODE:0,TQ:1,TL:1023,CM:1,CS:4,MS:0,MT:800
[2026-09-08 18:03:06.455] [RX] PITCH:0.43,PID_OUT:27.63,INT:0.0000,EL:-2125,ER:-2309,VEL:95.3,MOT:1,TILT:25.0,TRIM:0.000,ATE:0,LATCH:0,TORQ:1,CR:0.0,FX1:1.00,FY1:-151.10,FX2:-6.00,FY2:-149.60,IK1:1,IK2:1,MOVE:0
[2026-09-08 18:03:06.455] [RX] SRV:1,36,0.0,0,0
[2026-09-08 18:03:06.559] [RX] PITCH:0.04,PID_OUT:57.54,INT:0.0000,EL:-2125,ER:-2324,VEL:46.4,MOT:1,TILT:25.0,TRIM:0.000,ATE:0,LATCH:0,TORQ:1,CR:0.0,FX1:1.00,FY1:-151.10,FX2:-6.00,FY2:-149.60,IK1:1,IK2:1,MOVE:0
[2026-09-08 18:03:06.667] [RX] PITCH:-0.33,PID_OUT:83.06,INT:0.0000,EL:-2125,ER:-2324,VEL:9.1,MOT:1,TILT:25.0,TRIM:0.000,ATE:0,LATCH:0,TORQ:1,CR:0.0,FX1:1.00,FY1:-151.10,FX2:-6.00,FY2:-149.60,IK1:1,IK2:1,MOVE:0
[2026-09-08 18:03:06.766] [RX] PITCH:-0.40,PID_OUT:92.48,INT:0.0000,EL:-2125,ER:-2336,VEL:49.6,MOT:1,TILT:25.0,TRIM:0.000,ATE:0,LATCH:0,TORQ:1,CR:0.0,FX1:1.00,FY1:-151.10,FX2:-6.00,FY2:-149.60,IK1:1,IK2:1,MOVE:0
[2026-09-08 18:03:06.869] [RX] PITCH:-0.51,PID_OUT:89.83,INT:0.0000,EL:-2124,ER:-2352,VEL:78.2,MOT:1,TILT:25.0,TRIM:0.000,ATE:0,LATCH:0,TORQ:1,CR:0.0,FX1:1.00,FY1:-151.10,FX2:-6.00,FY2:-149.60,IK1:1,IK2:1,MOVE:0
[2026-09-08 18:03:06.871] [RX] AX12:MODE:0,TQ:1,TL:1023,CM:1,CS:4,MS:0,MT:800
[2026-09-08 18:03:06.964] [RX] PITCH:-0.48,PID_OUT:86.68,INT:0.0000,EL:-2120,ER:-2370,VEL:107.3,MOT:1,TILT:25.0,TRIM:0.000,ATE:0,LATCH:0,TORQ:1,CR:0.0,FX1:1.00,FY1:-151.10,FX2:-6.00,FY2:-149.60,IK1:1,IK2:1,MOVE:0
[2026-09-08 18:03:07.064] [RX] PITCH:-0.57,PID_OUT:92.12,INT:0.0000,EL:-2116,ER:-2387,VEL:109.9,MOT:1,TILT:25.0,TRIM:0.000,ATE:0,LATCH:0,TORQ:1,CR:0.0,FX1:1.00,FY1:-151.10,FX2:-6.00,FY2:-149.60,IK1:1,IK2:1,MOVE:0
[2026-09-08 18:03:07.168] [RX] PITCH:-1.19,PID_OUT:55.99,INT:0.0000,EL:-2106,ER:-2409,VEL:159.3,MOT:1,TILT:25.0,TRIM:0.000,ATE:0,LATCH:0,TORQ:1,CR:0.0,FX1:1.00,FY1:-151.10,FX2:-6.00,FY2:-149.60,IK1:1,IK2:1,MOVE:0
[2026-09-08 18:03:07.264] [RX] PITCH:2.31,PID_OUT:-143.70,INT:0.0000,EL:-2108,ER:-2421,VEL:33.4,MOT:1,TILT:25.0,TRIM:0.000,ATE:0,LATCH:0,TORQ:1,CR:0.0,FX1:1.00,FY1:-151.10,FX2:-6.00,FY2:-149.60,IK1:1,IK2:1,MOVE:0
[2026-09-08 18:03:07.364] [RX] PITCH:2.59,PID_OUT:-107.33,INT:0.0000,EL:-2131,ER:-2408,VEL:-162.4,MOT:1,TILT:25.0,TRIM:0.000,ATE:0,LATCH:0,TORQ:1,CR:0.0,FX1:1.00,FY1:-151.10,FX2:-6.00,FY2:-149.60,IK1:1,IK2:1,MOVE:0
[2026-09-08 18:03:07.364] [RX] AX12:MODE:0,TQ:1,TL:1023,CM:1,CS:4,MS:0,MT:800
[2026-09-08 18:03:07.467] [RX] PITCH:2.12,PID_OUT:-81.08,INT:0.0000,EL:-2167,ER:-2389,VEL:-248.4,MOT:1,TILT:25.0,TRIM:0.000,ATE:0,LATCH:0,TORQ:1,CR:0.0,FX1:1.00,FY1:-151.10,FX2:-6.00,FY2:-149.60,IK1:1,IK2:1,MOVE:0
[2026-09-08 18:03:07.467] [RX] SRV:6,46,6.3,0,0
[2026-09-08 18:03:07.564] [RX] PITCH:2.38,PID_OUT:-34.61,INT:0.0000,EL:-2201,ER:-2369,VEL:-263.9,MOT:1,TILT:25.0,TRIM:0.000,ATE:0,LATCH:0,TORQ:1,CR:0.0,FX1:1.00,FY1:-151.10,FX2:-6.00,FY2:-149.60,IK1:1,IK2:1,MOVE:0
[2026-09-08 18:03:07.663] [RX] PITCH:-0.26,PID_OUT:141.37,INT:0.0000,EL:-2219,ER:-2363,VEL:-118.2,MOT:1,TILT:25.0,TRIM:0.000,ATE:0,LATCH:0,TORQ:1,CR:0.0,FX1:1.00,FY1:-151.10,FX2:-6.00,FY2:-149.60,IK1:1,IK2:1,MOVE:0
[2026-09-08 18:03:07.760] [RX] PITCH:-1.26,PID_OUT:122.68,INT:0.0000,EL:-2214,ER:-2378,VEL:86.5,MOT:1,TILT:25.0,TRIM:0.000,ATE:0,LATCH:0,TORQ:1,CR:0.0,FX1:1.00,FY1:-151.10,FX2:-6.00,FY2:-149.60,IK1:1,IK2:1,MOVE:0
[2026-09-08 18:03:07.864] [RX] PITCH:-1.04,PID_OUT:57.24,INT:0.0000,EL:-2196,ER:-2406,VEL:200.4,MOT:1,TILT:25.0,TRIM:0.000,ATE:0,LATCH:0,TORQ:1,CR:0.0,FX1:1.00,FY1:-151.10,FX2:-6.00,FY2:-149.60,IK1:1,IK2:1,MOVE:0
[2026-09-08 18:03:07.864] [RX] AX12:MODE:0,TQ:1,TL:1023,CM:1,CS:4,MS:0,MT:800
[2026-09-08 18:03:07.961] [RX] PITCH:0.67,PID_OUT:-98.91,INT:0.0000,EL:-2185,ER:-2428,VEL:142.9,MOT:1,TILT:25.0,TRIM:0.000,ATE:0,LATCH:0,TORQ:1,CR:0.0,FX1:1.00,FY1:-151.10,FX2:-6.00,FY2:-149.60,IK1:1,IK2:1,MOVE:0
[2026-09-08 18:03:08.058] [RX] PITCH:2.24,PID_OUT:-128.74,INT:0.0000,EL:-2219,ER:-2429,VEL:-115.7,MOT:1,TILT:25.0,TRIM:0.000,ATE:0,LATCH:0,TORQ:1,CR:0.0,FX1:1.00,FY1:-151.10,FX2:-6.00,FY2:-149.60,IK1:1,IK2:1,MOVE:0
[2026-09-08 18:03:08.157] [RX] PITCH:2.21,PID_OUT:-104.65,INT:0.0000,EL:-2252,ER:-2418,VEL:-204.7,MOT:1,TILT:25.0,TRIM:0.000,ATE:0,LATCH:0,TORQ:1,CR:0.0,FX1:1.00,FY1:-151.10,FX2:-6.00,FY2:-149.60,IK1:1,IK2:1,MOVE:0
[2026-09-08 18:03:08.263] [RX] PITCH:2.16,PID_OUT:-95.63,INT:0.0000,EL:-2285,ER:-2403,VEL:-229.3,MOT:1,TILT:25.0,TRIM:0.000,ATE:0,LATCH:0,TORQ:1,CR:0.0,FX1:1.00,FY1:-151.10,FX2:-6.00,FY2:-149.60,IK1:1,IK2:1,MOVE:0
[2026-09-08 18:03:08.369] [RX] PITCH:1.92,PID_OUT:-75.42,INT:0.0000,EL:-2312,ER:-2386,VEL:-216.0,MOT:1,TILT:25.0,TRIM:0.000,ATE:0,LATCH:0,TORQ:1,CR:0.0,FX1:1.00,FY1:-151.10,FX2:-6.00,FY2:-149.60,IK1:1,IK2:1,MOVE:0
[2026-09-08 18:03:08.375] [RX] AX12:MODE:0,TQ:1,TL:1023,CM:1,CS:4,MS:0,MT:800
[2026-09-08 18:03:08.460] [RX] PITCH:1.64,PID_OUT:-97.14,INT:0.0000,EL:-2338,ER:-2375,VEL:-190.6,MOT:1,TILT:25.0,TRIM:0.000,ATE:0,LATCH:0,TORQ:1,CR:0.0,FX1:1.00,FY1:-151.10,FX2:-6.00,FY2:-149.60,IK1:1,IK2:1,MOVE:0
[2026-09-08 18:03:08.460] [RX] SRV:0,37,0.0,0,0
[2026-09-08 18:03:08.557] [RX] PITCH:3.15,PID_OUT:-167.11,INT:0.0000,EL:-2374,ER:-2367,VEL:-226.4,MOT:1,TILT:25.0,TRIM:0.000,ATE:0,LATCH:0,TORQ:1,CR:0.0,FX1:1.00,FY1:-151.10,FX2:-6.00,FY2:-149.60,IK1:1,IK2:1,MOVE:0
[2026-09-08 18:03:08.660] [RX] PITCH:1.86,PID_OUT:-71.44,INT:0.0000,EL:-2427,ER:-2356,VEL:-298.6,MOT:1,TILT:25.0,TRIM:0.000,ATE:0,LATCH:0,TORQ:1,CR:0.0,FX1:1.00,FY1:-151.10,FX2:-6.00,FY2:-149.60,IK1:1,IK2:1,MOVE:0
[2026-09-08 18:03:08.761] [RX] PITCH:2.55,PID_OUT:-100.69,INT:0.0000,EL:-2483,ER:-2352,VEL:-305.2,MOT:1,TILT:25.0,TRIM:0.000,ATE:0,LATCH:0,TORQ:1,CR:0.0,FX1:1.00,FY1:-151.10,FX2:-6.00,FY2:-149.60,IK1:1,IK2:1,MOVE:0
[2026-09-08 18:03:08.864] [RX] PITCH:1.24,PID_OUT:0.97,INT:0.0000,EL:-2540,ER:-2347,VEL:-307.7,MOT:1,TILT:25.0,TRIM:0.000,ATE:0,LATCH:0,TORQ:1,CR:0.0,FX1:1.00,FY1:-151.10,FX2:-6.00,FY2:-149.60,IK1:1,IK2:1,MOVE:0
[2026-09-08 18:03:08.864] [RX] AX12:MODE:0,TQ:1,TL:1023,CM:1,CS:4,MS:0,MT:800
[2026-09-08 18:03:08.946] [RX] PITCH:0.45,PID_OUT:9.40,INT:0.0000,EL:-2588,ER:-2347,VEL:-248.9,MOT:1,TILT:25.0,TRIM:0.000,ATE:0,LATCH:0,TORQ:1,CR:0.0,FX1:1.00,FY1:-151.10,FX2:-6.00,FY2:-149.60,IK1:1,IK2:1,MOVE:0
[2026-09-08 18:03:09.062] [RX] PITCH:1.35,PID_OUT:-82.81,INT:0.0000,EL:-2626,ER:-2347,VEL:-199.9,MOT:1,TILT:25.0,TRIM:0.000,ATE:0,LATCH:0,TORQ:1,CR:0.0,FX1:1.00,FY1:-151.10,FX2:-6.00,FY2:-149.60,IK1:1,IK2:1,MOVE:0
[2026-09-08 18:03:09.159] [RX] PITCH:2.34,PID_OUT:-105.22,INT:0.0000,EL:-2663,ER:-2341,VEL:-218.9,MOT:1,TILT:25.0,TRIM:0.000,ATE:0,LATCH:0,TORQ:1,CR:0.0,FX1:1.00,FY1:-151.10,FX2:-6.00,FY2:-149.60,IK1:1,IK2:1,MOVE:0
[2026-09-08 18:03:09.259] [RX] PITCH:1.51,PID_OUT:-50.41,INT:0.0000,EL:-2702,ER:-2330,VEL:-242.3,MOT:1,TILT:25.0,TRIM:0.000,ATE:0,LATCH:0,TORQ:1,CR:0.0,FX1:1.00,FY1:-151.10,FX2:-6.00,FY2:-149.60,IK1:1,IK2:1,MOVE:0
[2026-09-08 18:03:09.365] [RX] PITCH:1.69,PID_OUT:-88.00,INT:0.0000,EL:-2736,ER:-2320,VEL:-222.5,MOT:1,TILT:25.0,TRIM:0.000,ATE:0,LATCH:0,TORQ:1,CR:0.0,FX1:1.00,FY1:-151.10,FX2:-6.00,FY2:-149.60,IK1:1,IK2:1,MOVE:0
[2026-09-08 18:03:09.365] [RX] AX12:MODE:0,TQ:1,TL:1023,CM:1,CS:4,MS:0,MT:800
[2026-09-08 18:03:09.463] [RX] PITCH:2.18,PID_OUT:-111.80,INT:0.0000,EL:-2769,ER:-2308,VEL:-226.5,MOT:1,TILT:25.0,TRIM:0.000,ATE:0,LATCH:0,TORQ:1,CR:0.0,FX1:1.00,FY1:-151.10,FX2:-6.00,FY2:-149.60,IK1:1,IK2:1,MOVE:0
[2026-09-08 18:03:09.463] [RX] SRV:14,36,0.0,0,0
[2026-09-08 18:03:09.558] [RX] PITCH:1.86,PID_OUT:-56.67,INT:0.0000,EL:-2803,ER:-2292,VEL:-245.3,MOT:1,TILT:25.0,TRIM:0.000,ATE:0,LATCH:0,TORQ:1,CR:0.0,FX1:1.00,FY1:-151.10,FX2:-6.00,FY2:-149.60,IK1:1,IK2:1,MOVE:0
[2026-09-08 18:03:09.659] [RX] PITCH:1.52,PID_OUT:-72.19,INT:0.0000,EL:-2833,ER:-2276,VEL:-230.0,MOT:1,TILT:25.0,TRIM:0.000,ATE:0,LATCH:0,TORQ:1,CR:0.0,FX1:1.00,FY1:-151.10,FX2:-6.00,FY2:-149.60,IK1:1,IK2:1,MOVE:0
[2026-09-08 18:03:09.756] [RX] PITCH:1.80,PID_OUT:-73.11,INT:0.0000,EL:-2859,ER:-2259,VEL:-220.2,MOT:1,TILT:25.0,TRIM:0.000,ATE:0,LATCH:0,TORQ:1,CR:0.0,FX1:1.00,FY1:-151.10,FX2:-6.00,FY2:-149.60,IK1:1,IK2:1,MOVE:0
[2026-09-08 18:03:09.864] [RX] PITCH:1.48,PID_OUT:-43.52,INT:0.0000,EL:-2888,ER:-2241,VEL:-233.0,MOT:1,TILT:25.0,TRIM:0.000,ATE:0,LATCH:0,TORQ:1,CR:0.0,FX1:1.00,FY1:-151.10,FX2:-6.00,FY2:-149.60,IK1:1,IK2:1,MOVE:0
[2026-09-08 18:03:09.868] [RX] AX12:MODE:0,TQ:1,TL:1023,CM:1,CS:4,MS:0,MT:800
[2026-09-08 18:03:09.950] [RX] PITCH:2.01,PID_OUT:-97.28,INT:0.0000,EL:-2916,ER:-2223,VEL:-233.4,MOT:1,TILT:25.0,TRIM:0.000,ATE:0,LATCH:0,TORQ:1,CR:0.0,FX1:1.00,FY1:-151.10,FX2:-6.00,FY2:-149.60,IK1:1,IK2:1,MOVE:0
[2026-09-08 18:03:10.051] [RX] PITCH:-2.57,PID_OUT:338.89,INT:0.0000,EL:-2949,ER:-2195,VEL:-281.0,MOT:1,TILT:25.0,TRIM:0.000,ATE:0,LATCH:0,TORQ:1,CR:0.0,FX1:1.00,FY1:-151.10,FX2:-6.00,FY2:-149.60,IK1:1,IK2:1,MOVE:0
[2026-09-08 18:03:10.157] [RX] PITCH:1.16,PID_OUT:-62.50,INT:0.0000,EL:-2945,ER:-2207,VEL:3.5,MOT:1,TILT:25.0,TRIM:0.000,ATE:0,LATCH:0,TORQ:1,CR:0.0,FX1:1.00,FY1:-151.10,FX2:-6.00,FY2:-149.60,IK1:1,IK2:1,MOVE:0
[2026-09-08 18:03:10.256] [RX] PITCH:-0.01,PID_OUT:87.77,INT:0.0000,EL:-2949,ER:-2208,VEL:-2.3,MOT:1,TILT:25.0,TRIM:0.000,ATE:0,LATCH:0,TORQ:1,CR:0.0,FX1:1.00,FY1:-151.10,FX2:-6.00,FY2:-149.60,IK1:1,IK2:1,MOVE:0
[2026-09-08 18:03:10.346] [RX] PITCH:-1.04,PID_OUT:131.62,INT:0.0000,EL:-2945,ER:-2221,VEL:83.0,MOT:1,TILT:25.0,TRIM:0.000,ATE:0,LATCH:0,TORQ:1,CR:0.0,FX1:1.00,FY1:-151.10,FX2:-6.00,FY2:-149.60,IK1:1,IK2:1,MOVE:0
[2026-09-08 18:03:10.362] [RX] AX12:MODE:0,TQ:1,TL:1023,CM:1,CS:4,MS:0,MT:800
[2026-09-08 18:03:10.458] [RX] PITCH:-0.73,PID_OUT:103.88,INT:0.0000,EL:-2931,ER:-2247,VEL:176.3,MOT:1,TILT:25.0,TRIM:0.000,ATE:0,LATCH:0,TORQ:1,CR:0.0,FX1:1.00,FY1:-151.10,FX2:-6.00,FY2:-149.60,IK1:1,IK2:1,MOVE:0
[2026-09-08 18:03:10.459] [RX] SRV:1,36,0.0,0,0
[2026-09-08 18:03:10.558] [RX] PITCH:-0.83,PID_OUT:114.58,INT:0.0000,EL:-2912,ER:-2280,VEL:255.7,MOT:1,TILT:25.0,TRIM:0.000,ATE:0,LATCH:0,TORQ:1,CR:0.0,FX1:1.00,FY1:-151.10,FX2:-6.00,FY2:-149.60,IK1:1,IK2:1,MOVE:0
[2026-09-08 18:03:10.648] [RX] PITCH:-1.03,PID_OUT:137.16,INT:0.0000,EL:-2888,ER:-2312,VEL:271.8,MOT:1,TILT:25.0,TRIM:0.000,ATE:0,LATCH:0,TORQ:1,CR:0.0,FX1:1.00,FY1:-151.10,FX2:-6.00,FY2:-149.60,IK1:1,IK2:1,MOVE:0
[2026-09-08 18:03:10.755] [RX] PITCH:-1.08,PID_OUT:122.08,INT:0.0000,EL:-2861,ER:-2351,VEL:318.5,MOT:1,TILT:25.0,TRIM:0.000,ATE:0,LATCH:0,TORQ:1,CR:0.0,FX1:1.00,FY1:-151.10,FX2:-6.00,FY2:-149.60,IK1:1,IK2:1,MOVE:0
[2026-09-08 18:03:10.859] [RX] PITCH:-1.12,PID_OUT:145.75,INT:0.0000,EL:-2825,ER:-2389,VEL:359.2,MOT:1,TILT:25.0,TRIM:0.000,ATE:0,LATCH:0,TORQ:1,CR:0.0,FX1:1.00,FY1:-151.10,FX2:-6.00,FY2:-149.60,IK1:1,IK2:1,MOVE:0
[2026-09-08 18:03:10.867] [RX] AX12:MODE:0,TQ:1,TL:1023,CM:1,CS:4,MS:0,MT:800
[2026-09-08 18:03:10.955] [RX] PITCH:-1.04,PID_OUT:145.46,INT:0.0000,EL:-2785,ER:-2430,VEL:393.7,MOT:1,TILT:25.0,TRIM:0.000,ATE:0,LATCH:0,TORQ:1,CR:0.0,FX1:1.00,FY1:-151.10,FX2:-6.00,FY2:-149.60,IK1:1,IK2:1,MOVE:0
[2026-09-08 18:03:11.053] [RX] PITCH:-1.43,PID_OUT:172.04,INT:0.0000,EL:-2739,ER:-2479,VEL:464.4,MOT:1,TILT:25.0,TRIM:0.000,ATE:0,LATCH:0,TORQ:1,CR:0.0,FX1:1.00,FY1:-151.10,FX2:-6.00,FY2:-149.60,IK1:1,IK2:1,MOVE:0
[2026-09-08 18:03:11.154] [RX] PITCH:-1.03,PID_OUT:122.43,INT:0.0000,EL:-2682,ER:-2537,VEL:561.4,MOT:1,TILT:25.0,TRIM:0.000,ATE:0,LATCH:0,TORQ:1,CR:0.0,FX1:1.00,FY1:-151.10,FX2:-6.00,FY2:-149.60,IK1:1,IK2:1,MOVE:0
[2026-09-08 18:03:11.256] [RX] PITCH:-2.28,PID_OUT:192.83,INT:0.0000,EL:-2621,ER:-2598,VEL:601.9,MOT:1,TILT:25.0,TRIM:0.000,ATE:0,LATCH:0,TORQ:1,CR:0.0,FX1:1.00,FY1:-151.10,FX2:-6.00,FY2:-149.60,IK1:1,IK2:1,MOVE:0
[2026-09-08 18:03:11.358] [RX] PITCH:-2.74,PID_OUT:-74.61,INT:0.0000,EL:-2538,ER:-2682,VEL:813.9,MOT:1,TILT:25.0,TRIM:0.000,ATE:0,LATCH:0,TORQ:1,CR:0.0,FX1:1.00,FY1:-151.10,FX2:-6.00,FY2:-149.60,IK1:1,IK2:1,MOVE:0
[2026-09-08 18:03:11.358] [RX] AX12:MODE:0,TQ:1,TL:1023,CM:1,CS:4,MS:0,MT:800
[2026-09-08 18:03:11.451] [RX] PITCH:1.56,PID_OUT:-6.94,INT:0.0000,EL:-2514,ER:-2720,VEL:285.3,MOT:1,TILT:25.0,TRIM:0.000,ATE:0,LATCH:0,TORQ:1,CR:0.0,FX1:1.00,FY1:-151.10,FX2:-6.00,FY2:-149.60,IK1:1,IK2:1,MOVE:0
[2026-09-08 18:03:11.451] [RX] SRV:6,46,0.0,0,0
[2026-09-08 18:03:11.552] [RX] PITCH:0.24,PID_OUT:-89.76,INT:0.0000,EL:-2502,ER:-2739,VEL:192.0,MOT:1,TILT:25.0,TRIM:0.000,ATE:0,LATCH:0,TORQ:1,CR:0.0,FX1:1.00,FY1:-151.10,FX2:-6.00,FY2:-149.60,IK1:1,IK2:1,MOVE:0
[2026-09-08 18:03:11.647] [RX] PITCH:2.84,PID_OUT:-155.74,INT:0.0000,EL:-2516,ER:-2732,VEL:-89.9,MOT:1,TILT:25.0,TRIM:0.000,ATE:0,LATCH:0,TORQ:1,CR:0.0,FX1:1.00,FY1:-151.10,FX2:-6.00,FY2:-149.60,IK1:1,IK2:1,MOVE:0
[2026-09-08 18:03:11.749] [RX] PITCH:3.70,PID_OUT:-213.45,INT:0.0000,EL:-2548,ER:-2709,VEL:-246.1,MOT:1,TILT:25.0,TRIM:0.000,ATE:0,LATCH:0,TORQ:1,CR:0.0,FX1:1.00,FY1:-151.10,FX2:-6.00,FY2:-149.60,IK1:1,IK2:1,MOVE:0
[2026-09-08 18:03:11.865] [RX] PITCH:3.10,PID_OUT:-130.98,INT:0.0000,EL:-2595,ER:-2668,VEL:-412.2,MOT:1,TILT:25.0,TRIM:0.000,ATE:0,LATCH:0,TORQ:1,CR:0.0,FX1:1.00,FY1:-151.10,FX2:-6.00,FY2:-149.60,IK1:1,IK2:1,MOVE:0
[2026-09-08 18:03:11.865] [RX] AX12:MODE:0,TQ:1,TL:1023,CM:1,CS:4,MS:0,MT:800
[2026-09-08 18:03:11.942] [RX] PITCH:3.25,PID_OUT:-127.17,INT:0.0000,EL:-2646,ER:-2622,VEL:-471.8,MOT:1,TILT:25.0,TRIM:0.000,ATE:0,LATCH:0,TORQ:1,CR:0.0,FX1:1.00,FY1:-151.10,FX2:-6.00,FY2:-149.60,IK1:1,IK2:1,MOVE:0
[2026-09-08 18:03:12.054] [RX] PITCH:2.55,PID_OUT:32.57,INT:0.0000,EL:-2702,ER:-2575,VEL:-507.0,MOT:1,TILT:25.0,TRIM:0.000,ATE:0,LATCH:0,TORQ:1,CR:0.0,FX1:1.00,FY1:-151.10,FX2:-6.00,FY2:-149.60,IK1:1,IK2:1,MOVE:0
[2026-09-08 18:03:12.142] [RX] PITCH:1.02,PID_OUT:80.00,INT:0.0000,EL:-2742,ER:-2547,VEL:-323.8,MOT:1,TILT:25.0,TRIM:0.000,ATE:0,LATCH:0,TORQ:1,CR:0.0,FX1:1.00,FY1:-151.10,FX2:-6.00,FY2:-149.60,IK1:1,IK2:1,MOVE:0
[2026-09-08 18:03:12.246] [RX] PITCH:-1.50,PID_OUT:198.50,INT:0.0000,EL:-2751,ER:-2545,VEL:-76.4,MOT:1,TILT:25.0,TRIM:0.000,ATE:0,LATCH:0,TORQ:1,CR:0.0,FX1:1.00,FY1:-151.10,FX2:-6.00,FY2:-149.60,IK1:1,IK2:1,MOVE:0
[2026-09-08 18:03:12.346] [RX] PITCH:-1.48,PID_OUT:130.68,INT:0.0000,EL:-2731,ER:-2575,VEL:206.3,MOT:1,TILT:25.0,TRIM:0.000,ATE:0,LATCH:0,TORQ:1,CR:0.0,FX1:1.00,FY1:-151.10,FX2:-6.00,FY2:-149.60,IK1:1,IK2:1,MOVE:0
[2026-09-08 18:03:12.361] [RX] AX12:MODE:0,TQ:1,TL:1023,CM:1,CS:4,MS:0,MT:800
[2026-09-08 18:03:12.453] [RX] PITCH:-3.31,PID_OUT:118.38,INT:0.0000,EL:-2702,ER:-2612,VEL:311.6,MOT:1,TILT:25.0,TRIM:0.000,ATE:0,LATCH:0,TORQ:1,CR:0.0,FX1:1.00,FY1:-151.10,FX2:-6.00,FY2:-149.60,IK1:1,IK2:1,MOVE:0
[2026-09-08 18:03:12.453] [RX] SRV:0,37,0.0,0,0
[2026-09-08 18:03:12.552] [RX] PITCH:2.35,PID_OUT:-157.78,INT:0.0000,EL:-2683,ER:-2642,VEL:202.1,MOT:1,TILT:25.0,TRIM:0.000,ATE:0,LATCH:0,TORQ:1,CR:0.0,FX1:1.00,FY1:-151.10,FX2:-6.00,FY2:-149.60,IK1:1,IK2:1,MOVE:0
[2026-09-08 18:03:12.652] [RX] PITCH:3.42,PID_OUT:-244.48,INT:0.0000,EL:-2701,ER:-2634,VEL:-65.0,MOT:1,TILT:25.0,TRIM:0.000,ATE:0,LATCH:0,TORQ:1,CR:0.0,FX1:1.00,FY1:-151.10,FX2:-6.00,FY2:-149.60,IK1:1,IK2:1,MOVE:0
[2026-09-08 18:03:12.742] [RX] PITCH:2.46,PID_OUT:-43.55,INT:0.0000,EL:-2741,ER:-2601,VEL:-311.6,MOT:1,TILT:25.0,TRIM:0.000,ATE:0,LATCH:0,TORQ:1,CR:0.0,FX1:1.00,FY1:-151.10,FX2:-6.00,FY2:-149.60,IK1:1,IK2:1,MOVE:0
[2026-09-08 18:03:12.853] [RX] PITCH:2.11,PID_OUT:49.62,INT:0.0000,EL:-2780,ER:-2570,VEL:-334.6,MOT:1,TILT:25.0,TRIM:0.000,ATE:0,LATCH:0,TORQ:1,CR:0.0,FX1:1.00,FY1:-151.10,FX2:-6.00,FY2:-149.60,IK1:1,IK2:1,MOVE:0
[2026-09-08 18:03:12.853] [RX] AX12:MODE:0,TQ:1,TL:1023,CM:1,CS:4,MS:0,MT:800
[2026-09-08 18:03:12.949] [RX] PITCH:-0.36,PID_OUT:99.97,INT:0.0000,EL:-2801,ER:-2557,VEL:-160.8,MOT:1,TILT:25.0,TRIM:0.000,ATE:0,LATCH:0,TORQ:1,CR:0.0,FX1:1.00,FY1:-151.10,FX2:-6.00,FY2:-149.60,IK1:1,IK2:1,MOVE:0
[2026-09-08 18:03:13.049] [RX] PITCH:-1.94,PID_OUT:190.94,INT:0.0000,EL:-2794,ER:-2570,VEL:62.7,MOT:1,TILT:25.0,TRIM:0.000,ATE:0,LATCH:0,TORQ:1,CR:0.0,FX1:1.00,FY1:-151.10,FX2:-6.00,FY2:-149.60,IK1:1,IK2:1,MOVE:0
[2026-09-08 18:03:13.149] [RX] PITCH:-0.54,PID_OUT:93.45,INT:0.0000,EL:-2768,ER:-2602,VEL:243.0,MOT:1,TILT:25.0,TRIM:0.000,ATE:0,LATCH:0,TORQ:1,CR:0.0,FX1:1.00,FY1:-151.10,FX2:-6.00,FY2:-149.60,IK1:1,IK2:1,MOVE:0
[2026-09-08 18:03:13.248] [RX] PITCH:-3.11,PID_OUT:143.68,INT:0.0000,EL:-2740,ER:-2641,VEL:324.0,MOT:1,TILT:25.0,TRIM:0.000,ATE:0,LATCH:0,TORQ:1,CR:0.0,FX1:1.00,FY1:-151.10,FX2:-6.00,FY2:-149.60,IK1:1,IK2:1,MOVE:0
[2026-09-08 18:03:13.354] [RX] PITCH:2.19,PID_OUT:-210.74,INT:0.0000,EL:-2711,ER:-2678,VEL:301.6,MOT:1,TILT:25.0,TRIM:0.000,ATE:0,LATCH:0,TORQ:1,CR:0.0,FX1:1.00,FY1:-151.10,FX2:-6.00,FY2:-149.60,IK1:1,IK2:1,MOVE:0
[2026-09-08 18:03:13.361] [RX] AX12:MODE:0,TQ:1,TL:1023,CM:1,CS:4,MS:0,MT:800
[2026-09-08 18:03:13.451] [RX] PITCH:1.41,PID_OUT:-83.23,INT:0.0000,EL:-2721,ER:-2680,VEL:32.2,MOT:1,TILT:25.0,TRIM:0.000,ATE:0,LATCH:0,TORQ:1,CR:0.0,FX1:1.00,FY1:-151.10,FX2:-6.00,FY2:-149.60,IK1:1,IK2:1,MOVE:0
[2026-09-08 18:03:13.451] [RX] SRV:14,36,0.0,0,0
[2026-09-08 18:03:13.548] [RX] PITCH:2.96,PID_OUT:-151.86,INT:0.0000,EL:-2740,ER:-2676,VEL:-88.5,MOT:1,TILT:25.0,TRIM:0.000,ATE:0,LATCH:0,TORQ:1,CR:0.0,FX1:1.00,FY1:-151.10,FX2:-6.00,FY2:-149.60,IK1:1,IK2:1,MOVE:0
[2026-09-08 18:03:13.647] [RX] PITCH:2.31,PID_OUT:-63.74,INT:0.0000,EL:-2766,ER:-2662,VEL:-179.7,MOT:1,TILT:25.0,TRIM:0.000,ATE:0,LATCH:0,TORQ:1,CR:0.0,FX1:1.00,FY1:-151.10,FX2:-6.00,FY2:-149.60,IK1:1,IK2:1,MOVE:0
[2026-09-08 18:03:13.751] [RX] PITCH:1.47,PID_OUT:26.18,INT:0.0000,EL:-2790,ER:-2652,VEL:-158.8,MOT:1,TILT:25.0,TRIM:0.000,ATE:0,LATCH:0,TORQ:1,CR:0.0,FX1:1.00,FY1:-151.10,FX2:-6.00,FY2:-149.60,IK1:1,IK2:1,MOVE:0
[2026-09-08 18:03:13.853] [RX] PITCH:0.23,PID_OUT:133.85,INT:0.0000,EL:-2807,ER:-2650,VEL:-106.5,MOT:1,TILT:25.0,TRIM:0.000,ATE:0,LATCH:0,TORQ:1,CR:0.0,FX1:1.00,FY1:-151.10,FX2:-6.00,FY2:-149.60,IK1:1,IK2:1,MOVE:0
[2026-09-08 18:03:13.856] [RX] AX12:MODE:0,TQ:1,TL:1023,CM:1,CS:4,MS:0,MT:800
[2026-09-08 18:03:13.949] [RX] PITCH:-1.51,PID_OUT:152.08,INT:0.0000,EL:-2800,ER:-2661,VEL:90.2,MOT:1,TILT:25.0,TRIM:0.000,ATE:0,LATCH:0,TORQ:1,CR:0.0,FX1:1.00,FY1:-151.10,FX2:-6.00,FY2:-149.60,IK1:1,IK2:1,MOVE:0
[2026-09-08 18:03:14.050] [RX] PITCH:-1.77,PID_OUT:141.52,INT:0.0000,EL:-2771,ER:-2697,VEL:285.7,MOT:1,TILT:25.0,TRIM:0.000,ATE:0,LATCH:0,TORQ:1,CR:0.0,FX1:1.00,FY1:-151.10,FX2:-6.00,FY2:-149.60,IK1:1,IK2:1,MOVE:0
[2026-09-08 18:03:14.149] [RX] PITCH:-2.46,PID_OUT:-47.73,INT:0.0000,EL:-2728,ER:-2743,VEL:429.4,MOT:1,TILT:25.0,TRIM:0.000,ATE:0,LATCH:0,TORQ:1,CR:0.0,FX1:1.00,FY1:-151.10,FX2:-6.00,FY2:-149.60,IK1:1,IK2:1,MOVE:0
[2026-09-08 18:03:14.246] [RX] PITCH:0.83,PID_OUT:-95.15,INT:0.0000,EL:-2726,ER:-2760,VEL:83.5,MOT:1,TILT:25.0,TRIM:0.000,ATE:0,LATCH:0,TORQ:1,CR:0.0,FX1:1.00,FY1:-151.10,FX2:-6.00,FY2:-149.60,IK1:1,IK2:1,MOVE:0
[2026-09-08 18:03:14.354] [RX] PITCH:4.88,PID_OUT:-133.50,INT:0.0000,EL:-2760,ER:-2732,VEL:-292.9,MOT:1,TILT:25.0,TRIM:0.000,ATE:0,LATCH:0,TORQ:1,CR:0.0,FX1:1.00,FY1:-151.10,FX2:-6.00,FY2:-149.60,IK1:1,IK2:1,MOVE:0
[2026-09-08 18:03:14.354] [RX] AX12:MODE:0,TQ:1,TL:1023,CM:1,CS:4,MS:0,MT:800
[2026-09-08 18:03:14.447] [RX] PITCH:2.13,PID_OUT:240.76,INT:0.0000,EL:-2820,ER:-2683,VEL:-481.4,MOT:1,TILT:25.0,TRIM:0.000,ATE:0,LATCH:0,TORQ:1,CR:0.0,FX1:1.00,FY1:-151.10,FX2:-6.00,FY2:-149.60,IK1:1,IK2:1,MOVE:0
[2026-09-08 18:03:14.447] [RX] SRV:1,36,0.0,0,0
[2026-09-08 18:03:14.544] [RX] PITCH:-4.39,PID_OUT:164.71,INT:0.0000,EL:-2792,ER:-2702,VEL:190.0,MOT:1,TILT:25.0,TRIM:0.000,ATE:0,LATCH:0,TORQ:1,CR:0.0,FX1:1.00,FY1:-151.10,FX2:-6.00,FY2:-149.60,IK1:1,IK2:1,MOVE:0
[2026-09-08 18:03:14.648] [RX] PITCH:-0.02,PID_OUT:-323.48,INT:0.0000,EL:-2747,ER:-2761,VEL:415.2,MOT:1,TILT:25.0,TRIM:0.000,ATE:0,LATCH:0,TORQ:1,CR:0.0,FX1:1.00,FY1:-151.10,FX2:-6.00,FY2:-149.60,IK1:1,IK2:1,MOVE:0
[2026-09-08 18:03:14.745] [RX] PITCH:6.86,PID_OUT:-366.28,INT:0.0000,EL:-2798,ER:-2737,VEL:-297.9,MOT:1,TILT:25.0,TRIM:0.000,ATE:0,LATCH:0,TORQ:1,CR:0.0,FX1:1.00,FY1:-151.10,FX2:-6.00,FY2:-149.60,IK1:1,IK2:1,MOVE:0
[2026-09-08 18:03:14.847] [RX] PITCH:6.17,PID_OUT:148.32,INT:0.0000,EL:-2899,ER:-2658,VEL:-800.2,MOT:1,TILT:25.0,TRIM:0.000,ATE:0,LATCH:0,TORQ:1,CR:0.0,FX1:1.00,FY1:-151.10,FX2:-6.00,FY2:-149.60,IK1:1,IK2:1,MOVE:0
[2026-09-08 18:03:14.854] [RX] AX12:MODE:0,TQ:1,TL:1023,CM:1,CS:4,MS:0,MT:800
[2026-09-08 18:03:14.932] [RX] PITCH:-8.36,PID_OUT:917.52,INT:0.0000,EL:-2912,ER:-2630,VEL:-172.5,MOT:1,TILT:25.0,TRIM:0.000,ATE:0,LATCH:0,TORQ:1,CR:0.0,FX1:1.00,FY1:-151.10,FX2:-6.00,FY2:-149.60,IK1:1,IK2:1,MOVE:0
[2026-09-08 18:03:15.045] [RX] PITCH:-16.17,PID_OUT:944.62,INT:0.0000,EL:-2831,ER:-2674,VEL:511.2,MOT:1,TILT:25.0,TRIM:0.000,ATE:0,LATCH:0,TORQ:1,CR:0.0,FX1:1.00,FY1:-151.10,FX2:-6.00,FY2:-149.60,IK1:1,IK2:1,MOVE:0
[2026-09-08 18:03:15.147] [RX] PITCH:-1.22,PID_OUT:-405.43,INT:0.0000,EL:-2753,ER:-2772,VEL:799.5,MOT:1,TILT:25.0,TRIM:0.000,ATE:0,LATCH:0,TORQ:1,CR:0.0,FX1:1.00,FY1:-151.10,FX2:-6.00,FY2:-149.60,IK1:1,IK2:1,MOVE:0
[2026-09-08 18:03:15.246] [RX] PITCH:5.18,PID_OUT:-218.71,INT:0.0000,EL:-2777,ER:-2781,VEL:4.5,MOT:1,TILT:25.0,TRIM:0.000,ATE:0,LATCH:0,TORQ:1,CR:0.0,FX1:1.00,FY1:-151.10,FX2:-6.00,FY2:-149.60,IK1:1,IK2:1,MOVE:0
[2026-09-08 18:03:15.348] [RX] PITCH:0.60,PID_OUT:3.90,INT:0.0000,EL:-2822,ER:-2747,VEL:-292.3,MOT:1,TILT:25.0,TRIM:0.000,ATE:0,LATCH:0,TORQ:1,CR:0.0,FX1:1.00,FY1:-151.10,FX2:-6.00,FY2:-149.60,IK1:1,IK2:1,MOVE:0
[2026-09-08 18:03:15.350] [RX] AX12:MODE:0,TQ:1,TL:1023,CM:1,CS:4,MS:0,MT:800
[2026-09-08 18:03:15.446] [RX] PITCH:2.36,PID_OUT:-50.24,INT:0.0000,EL:-2855,ER:-2722,VEL:-294.2,MOT:1,TILT:25.0,TRIM:0.000,ATE:0,LATCH:0,TORQ:1,CR:0.0,FX1:1.00,FY1:-151.10,FX2:-6.00,FY2:-149.60,IK1:1,IK2:1,MOVE:0
[2026-09-08 18:03:15.452] [RX] SRV:6,45,0.0,0,0
[2026-09-08 18:03:15.548] [RX] PITCH:0.63,PID_OUT:44.49,INT:0.0000,EL:-2885,ER:-2702,VEL:-245.6,MOT:1,TILT:25.0,TRIM:0.000,ATE:0,LATCH:0,TORQ:1,CR:0.0,FX1:1.00,FY1:-151.10,FX2:-6.00,FY2:-149.60,IK1:1,IK2:1,MOVE:0
[2026-09-08 18:03:15.636] [RX] PITCH:0.70,PID_OUT:17.03,INT:0.0000,EL:-2904,ER:-2696,VEL:-142.3,MOT:1,TILT:25.0,TRIM:0.000,ATE:0,LATCH:0,TORQ:1,CR:0.0,FX1:1.00,FY1:-151.10,FX2:-6.00,FY2:-149.60,IK1:1,IK2:1,MOVE:0
[2026-09-08 18:03:15.742] [RX] PITCH:0.60,PID_OUT:33.20,INT:0.0000,EL:-2915,ER:-2705,VEL:-18.3,MOT:1,TILT:25.0,TRIM:0.000,ATE:0,LATCH:0,TORQ:1,CR:0.0,FX1:1.00,FY1:-151.10,FX2:-6.00,FY2:-149.60,IK1:1,IK2:1,MOVE:0
[2026-09-08 18:03:15.847] [RX] PITCH:0.45,PID_OUT:53.82,INT:0.0000,EL:-2918,ER:-2704,VEL:-13.1,MOT:1,TILT:25.0,TRIM:0.000,ATE:0,LATCH:0,TORQ:1,CR:0.0,FX1:1.00,FY1:-151.10,FX2:-6.00,FY2:-149.60,IK1:1,IK2:1,MOVE:0
[2026-09-08 18:03:15.847] [RX] AX12:MODE:0,TQ:1,TL:1023,CM:1,CS:4,MS:0,MT:800
[2026-09-08 18:03:15.942] [RX] PITCH:-1.16,PID_OUT:164.76,INT:0.0000,EL:-2914,ER:-2706,VEL:33.4,MOT:1,TILT:25.0,TRIM:0.000,ATE:0,LATCH:0,TORQ:1,CR:0.0,FX1:1.00,FY1:-151.10,FX2:-6.00,FY2:-149.60,IK1:1,IK2:1,MOVE:0
[2026-09-08 18:03:16.040] [RX] PITCH:-1.05,PID_OUT:98.26,INT:0.0000,EL:-2893,ER:-2728,VEL:204.8,MOT:1,TILT:25.0,TRIM:0.000,ATE:0,LATCH:0,TORQ:1,CR:0.0,FX1:1.00,FY1:-151.10,FX2:-6.00,FY2:-149.60,IK1:1,IK2:1,MOVE:0
[2026-09-08 18:03:16.138] [RX] PITCH:-0.67,PID_OUT:86.18,INT:0.0000,EL:-2865,ER:-2764,VEL:290.9,MOT:1,TILT:25.0,TRIM:0.000,ATE:0,LATCH:0,TORQ:1,CR:0.0,FX1:1.00,FY1:-151.10,FX2:-6.00,FY2:-149.60,IK1:1,IK2:1,MOVE:0
[2026-09-08 18:03:16.240] [RX] PITCH:-0.90,PID_OUT:90.46,INT:0.0000,EL:-2837,ER:-2798,VEL:306.7,MOT:1,TILT:25.0,TRIM:0.000,ATE:0,LATCH:0,TORQ:1,CR:0.0,FX1:1.00,FY1:-151.10,FX2:-6.00,FY2:-149.60,IK1:1,IK2:1,MOVE:0
[2026-09-08 18:03:16.351] [RX] PITCH:-0.74,PID_OUT:66.51,INT:0.0000,EL:-2809,ER:-2832,VEL:310.0,MOT:1,TILT:25.0,TRIM:0.000,ATE:0,LATCH:0,TORQ:1,CR:0.0,FX1:1.00,FY1:-151.10,FX2:-6.00,FY2:-149.60,IK1:1,IK2:1,MOVE:0
[2026-09-08 18:03:16.351] [RX] AX12:MODE:0,TQ:1,TL:1023,CM:1,CS:4,MS:0,MT:800
[2026-09-08 18:03:16.446] [RX] PITCH:0.37,PID_OUT:-32.62,INT:0.0000,EL:-2791,ER:-2860,VEL:219.6,MOT:1,TILT:25.0,TRIM:0.000,ATE:0,LATCH:0,TORQ:1,CR:0.0,FX1:1.00,FY1:-151.10,FX2:-6.00,FY2:-149.60,IK1:1,IK2:1,MOVE:0
[2026-09-08 18:03:16.446] [RX] SRV:0,37,0.0,0,0
[2026-09-08 18:03:16.534] [RX] PITCH:1.30,PID_OUT:-61.10,INT:0.0000,EL:-2794,ER:-2872,VEL:67.7,MOT:1,TILT:25.0,TRIM:0.000,ATE:0,LATCH:0,TORQ:1,CR:0.0,FX1:1.00,FY1:-151.10,FX2:-6.00,FY2:-149.60,IK1:1,IK2:1,MOVE:0
[2026-09-08 18:03:16.640] [RX] PITCH:1.05,PID_OUT:-11.89,INT:0.0000,EL:-2808,ER:-2874,VEL:-36.2,MOT:1,TILT:25.0,TRIM:0.000,ATE:0,LATCH:0,TORQ:1,CR:0.0,FX1:1.00,FY1:-151.10,FX2:-6.00,FY2:-149.60,IK1:1,IK2:1,MOVE:0
[2026-09-08 18:03:16.742] [RX] PITCH:1.10,PID_OUT:-21.14,INT:0.0000,EL:-2808,ER:-2874,VEL:-7.1,MOT:1,TILT:25.0,TRIM:0.000,ATE:0,LATCH:0,TORQ:1,CR:0.0,FX1:1.00,FY1:-151.10,FX2:-6.00,FY2:-149.60,IK1:1,IK2:1,MOVE:0
[2026-09-08 18:03:16.842] [RX] PITCH:1.19,PID_OUT:-28.38,INT:0.0000,EL:-2808,ER:-2874,VEL:-1.4,MOT:1,TILT:25.0,TRIM:0.000,ATE:0,LATCH:0,TORQ:1,CR:0.0,FX1:1.00,FY1:-151.10,FX2:-6.00,FY2:-149.60,IK1:1,IK2:1,MOVE:0
[2026-09-08 18:03:16.850] [RX] AX12:MODE:0,TQ:1,TL:1023,CM:1,CS:4,MS:0,MT:800
[2026-09-08 18:03:16.939] [RX] PITCH:0.95,PID_OUT:-26.18,INT:0.0000,EL:-2808,ER:-2874,VEL:-0.3,MOT:1,TILT:25.0,TRIM:0.000,ATE:0,LATCH:0,TORQ:1,CR:0.0,FX1:1.00,FY1:-151.10,FX2:-6.00,FY2:-149.60,IK1:1,IK2:1,MOVE:0
[2026-09-08 18:03:17.016] [TX] D1.5
[2026-09-08 18:03:17.040] [RX] PITCH:1.09,PID_OUT:-65.78,INT:0.0000,EL:-2808,ER:-2874,VEL:-0.1,MOT:1,TILT:25.0,TRIM:0.000,ATE:0,LATCH:0,TORQ:1,CR:0.0,FX1:1.00,FY1:-151.10,FX2:-6.00,FY2:-149.60,IK1:1,IK2:1,MOVE:0
[2026-09-08 18:03:17.072] [RX] Updated -> P:72.100 I:0.000 D:1.500 Offset:-1.7055 Target:0.800 Alpha:0.9600 Tilt:25.00 TrimGain:0.0110 Crouch:0.00 VP:0.1040
[2026-09-08 18:03:17.141] [RX] PITCH:2.36,PID_OUT:-168.54,INT:0.0000,EL:-2840,ER:-2874,VEL:-108.2,MOT:1,TILT:25.0,TRIM:0.000,ATE:0,LATCH:0,TORQ:1,CR:0.0,FX1:1.00,FY1:-151.10,FX2:-6.00,FY2:-149.60,IK1:1,IK2:1,MOVE:0
[2026-09-08 18:03:17.239] [RX] PITCH:2.76,PID_OUT:-155.55,INT:0.0000,EL:-2864,ER:-2857,VEL:-203.2,MOT:1,TILT:25.0,TRIM:0.000,ATE:0,LATCH:0,TORQ:1,CR:0.0,FX1:1.00,FY1:-151.10,FX2:-6.00,FY2:-149.60,IK1:1,IK2:1,MOVE:0
[2026-09-08 18:03:17.341] [RX] PITCH:3.50,PID_OUT:-189.35,INT:0.0000,EL:-2908,ER:-2823,VEL:-369.3,MOT:1,TILT:25.0,TRIM:0.000,ATE:0,LATCH:0,TORQ:1,CR:0.0,FX1:1.00,FY1:-151.10,FX2:-6.00,FY2:-149.60,IK1:1,IK2:1,MOVE:0
[2026-09-08 18:03:17.341] [RX] AX12:MODE:0,TQ:1,TL:1023,CM:1,CS:4,MS:0,MT:800
[2026-09-08 18:03:17.441] [RX] PITCH:3.86,PID_OUT:-51.12,INT:0.0000,EL:-2966,ER:-2772,VEL:-527.6,MOT:1,TILT:25.0,TRIM:0.000,ATE:0,LATCH:0,TORQ:1,CR:0.0,FX1:1.00,FY1:-151.10,FX2:-6.00,FY2:-149.60,IK1:1,IK2:1,MOVE:0
[2026-09-08 18:03:17.445] [RX] SRV:14,36,0.0,0,0
[2026-09-08 18:03:17.538] [RX] PITCH:-3.79,PID_OUT:387.95,INT:0.0000,EL:-3000,ER:-2738,VEL:-278.0,MOT:1,TILT:25.0,TRIM:0.000,ATE:0,LATCH:0,TORQ:1,CR:0.0,FX1:1.00,FY1:-151.10,FX2:-6.00,FY2:-149.60,IK1:1,IK2:1,MOVE:0
[2026-09-08 18:03:17.639] [RX] PITCH:-1.83,PID_OUT:-45.57,INT:0.0000,EL:-2939,ER:-2788,VEL:434.5,MOT:1,TILT:25.0,TRIM:0.000,ATE:0,LATCH:0,TORQ:1,CR:0.0,FX1:1.00,FY1:-151.10,FX2:-6.00,FY2:-149.60,IK1:1,IK2:1,MOVE:0
[2026-09-08 18:03:17.726] [RX] PITCH:3.35,PID_OUT:-111.82,INT:0.0000,EL:-2931,ER:-2808,VEL:80.9,MOT:1,TILT:25.0,TRIM:0.000,ATE:0,LATCH:0,TORQ:1,CR:0.0,FX1:1.00,FY1:-151.10,FX2:-6.00,FY2:-149.60,IK1:1,IK2:1,MOVE:0
[2026-09-08 18:03:17.840] [RX] PITCH:-0.16,PID_OUT:80.62,INT:0.0000,EL:-2959,ER:-2788,VEL:-158.3,MOT:1,TILT:25.0,TRIM:0.000,ATE:0,LATCH:0,TORQ:1,CR:0.0,FX1:1.00,FY1:-151.10,FX2:-6.00,FY2:-149.60,IK1:1,IK2:1,MOVE:0
[2026-09-08 18:03:17.847] [RX] AX12:MODE:0,TQ:1,TL:1023,CM:1,CS:4,MS:0,MT:800
[2026-09-08 18:03:17.935] [RX] PITCH:0.94,PID_OUT:-28.44,INT:0.0000,EL:-2973,ER:-2786,VEL:-98.6,MOT:1,TILT:25.0,TRIM:0.000,ATE:0,LATCH:0,TORQ:1,CR:0.0,FX1:1.00,FY1:-151.10,FX2:-6.00,FY2:-149.60,IK1:1,IK2:1,MOVE:0
[2026-09-08 18:03:18.030] [RX] PITCH:2.19,PID_OUT:-91.83,INT:0.0000,EL:-2984,ER:-2784,VEL:-80.9,MOT:1,TILT:25.0,TRIM:0.000,ATE:0,LATCH:0,TORQ:1,CR:0.0,FX1:1.00,FY1:-151.10,FX2:-6.00,FY2:-149.60,IK1:1,IK2:1,MOVE:0
[2026-09-08 18:03:18.138] [RX] PITCH:2.54,PID_OUT:-68.51,INT:0.0000,EL:-3002,ER:-2775,VEL:-139.9,MOT:1,TILT:25.0,TRIM:0.000,ATE:0,LATCH:0,TORQ:1,CR:0.0,FX1:1.00,FY1:-151.10,FX2:-6.00,FY2:-149.60,IK1:1,IK2:1,MOVE:0
[2026-09-08 18:03:18.235] [RX] PITCH:-2.40,PID_OUT:283.63,INT:0.0000,EL:-3012,ER:-2771,VEL:-48.6,MOT:1,TILT:25.0,TRIM:0.000,ATE:0,LATCH:0,TORQ:1,CR:0.0,FX1:1.00,FY1:-151.10,FX2:-6.00,FY2:-149.60,IK1:1,IK2:1,MOVE:0
[2026-09-08 18:03:18.346] [RX] PITCH:0.08,PID_OUT:-139.12,INT:0.0000,EL:-2963,ER:-2813,VEL:379.7,MOT:1,TILT:25.0,TRIM:0.000,ATE:0,LATCH:0,TORQ:1,CR:0.0,FX1:1.00,FY1:-151.10,FX2:-6.00,FY2:-149.60,IK1:1,IK2:1,MOVE:0
[2026-09-08 18:03:18.348] [RX] AX12:MODE:0,TQ:1,TL:1023,CM:1,CS:4,MS:0,MT:800
[2026-09-08 18:03:18.440] [RX] PITCH:1.59,PID_OUT:-13.63,INT:0.0000,EL:-2964,ER:-2816,VEL:-9.2,MOT:1,TILT:25.0,TRIM:0.000,ATE:0,LATCH:0,TORQ:1,CR:0.0,FX1:1.00,FY1:-151.10,FX2:-6.00,FY2:-149.60,IK1:1,IK2:1,MOVE:0
[2026-09-08 18:03:18.440] [RX] SRV:1,36,0.0,0,0
[2026-09-08 18:03:18.523] [RX] PITCH:1.22,PID_OUT:-65.78,INT:0.0000,EL:-2981,ER:-2808,VEL:-89.3,MOT:1,TILT:25.0,TRIM:0.000,ATE:0,LATCH:0,TORQ:1,CR:0.0,FX1:1.00,FY1:-151.10,FX2:-6.00,FY2:-149.60,IK1:1,IK2:1,MOVE:0
[2026-09-08 18:03:18.624] [RX] PITCH:3.68,PID_OUT:-126.32,INT:0.0000,EL:-3005,ER:-2790,VEL:-212.6,MOT:1,TILT:25.0,TRIM:0.000,ATE:0,LATCH:0,TORQ:1,CR:0.0,FX1:1.00,FY1:-151.10,FX2:-6.00,FY2:-149.60,IK1:1,IK2:1,MOVE:0
[2026-09-08 18:03:18.735] [RX] PITCH:-0.27,PID_OUT:160.78,INT:0.0000,EL:-3036,ER:-2766,VEL:-239.7,MOT:1,TILT:25.0,TRIM:0.000,ATE:0,LATCH:0,TORQ:1,CR:0.0,FX1:1.00,FY1:-151.10,FX2:-6.00,FY2:-149.60,IK1:1,IK2:1,MOVE:0
[2026-09-08 18:03:18.833] [RX] PITCH:-0.09,PID_OUT:-4.73,INT:0.0000,EL:-3020,ER:-2781,VEL:133.9,MOT:1,TILT:25.0,TRIM:0.000,ATE:0,LATCH:0,TORQ:1,CR:0.0,FX1:1.00,FY1:-151.10,FX2:-6.00,FY2:-149.60,IK1:1,IK2:1,MOVE:0
[2026-09-08 18:03:18.849] [RX] AX12:MODE:0,TQ:1,TL:1023,CM:1,CS:4,MS:0,MT:800
[2026-09-08 18:03:18.928] [RX] PITCH:1.71,PID_OUT:-47.34,INT:0.0000,EL:-3010,ER:-2786,VEL:61.9,MOT:1,TILT:25.0,TRIM:0.000,ATE:0,LATCH:0,TORQ:1,CR:0.0,FX1:1.00,FY1:-151.10,FX2:-6.00,FY2:-149.60,IK1:1,IK2:1,MOVE:0
[2026-09-08 18:03:19.036] [RX] PITCH:-0.40,PID_OUT:110.82,INT:0.0000,EL:-3019,ER:-2788,VEL:12.4,MOT:1,TILT:25.0,TRIM:0.000,ATE:0,LATCH:0,TORQ:1,CR:0.0,FX1:1.00,FY1:-151.10,FX2:-6.00,FY2:-149.60,IK1:1,IK2:1,MOVE:0
[2026-09-08 18:03:19.132] [RX] PITCH:-1.00,PID_OUT:116.06,INT:0.0000,EL:-3009,ER:-2808,VEL:128.3,MOT:1,TILT:25.0,TRIM:0.000,ATE:0,LATCH:0,TORQ:1,CR:0.0,FX1:1.00,FY1:-151.10,FX2:-6.00,FY2:-149.60,IK1:1,IK2:1,MOVE:0
[2026-09-08 18:03:19.236] [RX] PITCH:-0.20,PID_OUT:68.99,INT:0.0000,EL:-2991,ER:-2835,VEL:205.6,MOT:1,TILT:25.0,TRIM:0.000,ATE:0,LATCH:0,TORQ:1,CR:0.0,FX1:1.00,FY1:-151.10,FX2:-6.00,FY2:-149.60,IK1:1,IK2:1,MOVE:0
[2026-09-08 18:03:19.336] [RX] PITCH:-0.74,PID_OUT:124.82,INT:0.0000,EL:-2975,ER:-2860,VEL:203.4,MOT:1,TILT:25.0,TRIM:0.000,ATE:0,LATCH:0,TORQ:1,CR:0.0,FX1:1.00,FY1:-151.10,FX2:-6.00,FY2:-149.60,IK1:1,IK2:1,MOVE:0
[2026-09-08 18:03:19.336] [RX] AX12:MODE:0,TQ:1,TL:1023,CM:1,CS:4,MS:0,MT:800
[2026-09-08 18:03:19.434] [RX] PITCH:-1.93,PID_OUT:190.38,INT:0.0000,EL:-2957,ER:-2887,VEL:212.1,MOT:1,TILT:25.0,TRIM:0.000,ATE:0,LATCH:0,TORQ:1,CR:0.0,FX1:1.00,FY1:-151.10,FX2:-6.00,FY2:-149.60,IK1:1,IK2:1,MOVE:0
[2026-09-08 18:03:19.435] [RX] SRV:6,44,0.0,0,0
[2026-09-08 18:03:19.532] [RX] PITCH:0.11,PID_OUT:27.52,INT:0.0000,EL:-2933,ER:-2920,VEL:274.5,MOT:1,TILT:25.0,TRIM:0.000,ATE:0,LATCH:0,TORQ:1,CR:0.0,FX1:1.00,FY1:-151.10,FX2:-6.00,FY2:-149.60,IK1:1,IK2:1,MOVE:0
[2026-09-08 18:03:19.634] [RX] PITCH:0.62,PID_OUT:41.85,INT:0.0000,EL:-2917,ER:-2947,VEL:215.5,MOT:1,TILT:25.0,TRIM:0.000,ATE:0,LATCH:0,TORQ:1,CR:0.0,FX1:1.00,FY1:-151.10,FX2:-6.00,FY2:-149.60,IK1:1,IK2:1,MOVE:0
[2026-09-08 18:03:19.733] [RX] PITCH:-0.62,PID_OUT:-67.79,INT:0.0000,EL:-2884,ER:-2983,VEL:357.7,MOT:1,TILT:25.0,TRIM:0.000,ATE:0,LATCH:0,TORQ:1,CR:0.0,FX1:1.00,FY1:-151.10,FX2:-6.00,FY2:-149.60,IK1:1,IK2:1,MOVE:0
[2026-09-08 18:03:19.843] [RX] PITCH:3.61,PID_OUT:-71.87,INT:0.0000,EL:-2888,ER:-2986,VEL:-32.3,MOT:1,TILT:25.0,TRIM:0.000,ATE:0,LATCH:0,TORQ:1,CR:0.0,FX1:1.00,FY1:-151.10,FX2:-6.00,FY2:-149.60,IK1:1,IK2:1,MOVE:0
[2026-09-08 18:03:19.843] [RX] AX12:MODE:0,TQ:1,TL:1023,CM:1,CS:4,MS:0,MT:800
[2026-09-08 18:03:19.922] [RX] PITCH:-2.87,PID_OUT:140.86,INT:0.0000,EL:-2899,ER:-2980,VEL:22.7,MOT:1,TILT:25.0,TRIM:0.000,ATE:0,LATCH:0,TORQ:1,CR:0.0,FX1:1.00,FY1:-151.10,FX2:-6.00,FY2:-149.60,IK1:1,IK2:1,MOVE:0
[2026-09-08 18:03:20.032] [RX] PITCH:3.94,PID_OUT:-145.45,INT:0.0000,EL:-2895,ER:-2996,VEL:-4.5,MOT:1,TILT:25.0,TRIM:0.000,ATE:0,LATCH:0,TORQ:1,CR:0.0,FX1:1.00,FY1:-151.10,FX2:-6.00,FY2:-149.60,IK1:1,IK2:1,MOVE:0
[2026-09-08 18:03:20.135] [RX] PITCH:-1.09,PID_OUT:151.16,INT:0.0000,EL:-2922,ER:-2980,VEL:-155.6,MOT:1,TILT:25.0,TRIM:0.000,ATE:0,LATCH:0,TORQ:1,CR:0.0,FX1:1.00,FY1:-151.10,FX2:-6.00,FY2:-149.60,IK1:1,IK2:1,MOVE:0
[2026-09-08 18:03:20.228] [RX] PITCH:0.98,PID_OUT:-54.05,INT:0.0000,EL:-2922,ER:-2987,VEL:5.0,MOT:1,TILT:25.0,TRIM:0.000,ATE:0,LATCH:0,TORQ:1,CR:0.0,FX1:1.00,FY1:-151.10,FX2:-6.00,FY2:-149.60,IK1:1,IK2:1,MOVE:0
[2026-09-08 18:03:20.341] [RX] PITCH:2.80,PID_OUT:-136.96,INT:0.0000,EL:-2936,ER:-2983,VEL:-95.3,MOT:1,TILT:25.0,TRIM:0.000,ATE:0,LATCH:0,TORQ:1,CR:0.0,FX1:1.00,FY1:-151.10,FX2:-6.00,FY2:-149.60,IK1:1,IK2:1,MOVE:0
[2026-09-08 18:03:20.346] [RX] AX12:MODE:0,TQ:1,TL:1023,CM:1,CS:4,MS:0,MT:800
[2026-09-08 18:03:20.427] [RX] PITCH:2.19,PID_OUT:-88.52,INT:0.0000,EL:-2951,ER:-2968,VEL:-130.1,MOT:1,TILT:25.0,TRIM:0.000,ATE:0,LATCH:0,TORQ:1,CR:0.0,FX1:1.00,FY1:-151.10,FX2:-6.00,FY2:-149.60,IK1:1,IK2:1,MOVE:0
[2026-09-08 18:03:20.427] [RX] SRV:0,37,0.0,0,0
[2026-09-08 18:03:20.530] [RX] PITCH:2.11,PID_OUT:-89.03,INT:0.0000,EL:-2952,ER:-2948,VEL:-110.3,MOT:1,TILT:25.0,TRIM:0.000,ATE:0,LATCH:0,TORQ:1,CR:0.0,FX1:1.00,FY1:-151.10,FX2:-6.00,FY2:-149.60,IK1:1,IK2:1,MOVE:0
[2026-09-08 18:03:20.628] [RX] PITCH:1.39,PID_OUT:-19.24,INT:0.0000,EL:-2960,ER:-2926,VEL:-162.7,MOT:1,TILT:25.0,TRIM:0.000,ATE:0,LATCH:0,TORQ:1,CR:0.0,FX1:1.00,FY1:-151.10,FX2:-6.00,FY2:-149.60,IK1:1,IK2:1,MOVE:0
[2026-09-08 18:03:20.722] [RX] PITCH:0.51,PID_OUT:45.62,INT:0.0000,EL:-2960,ER:-2911,VEL:-71.3,MOT:1,TILT:25.0,TRIM:0.000,ATE:0,LATCH:0,TORQ:1,CR:0.0,FX1:1.00,FY1:-151.10,FX2:-6.00,FY2:-149.60,IK1:1,IK2:1,MOVE:0
[2026-09-08 18:03:20.830] [RX] PITCH:-0.45,PID_OUT:76.33,INT:0.0000,EL:-2955,ER:-2914,VEL:18.9,MOT:1,TILT:25.0,TRIM:0.000,ATE:0,LATCH:0,TORQ:1,CR:0.0,FX1:1.00,FY1:-151.10,FX2:-6.00,FY2:-149.60,IK1:1,IK2:1,MOVE:0
[2026-09-08 18:03:20.840] [RX] AX12:MODE:0,TQ:1,TL:1023,CM:1,CS:4,MS:0,MT:800
[2026-09-08 18:03:20.928] [RX] PITCH:0.05,PID_OUT:58.97,INT:0.0000,EL:-2951,ER:-2932,VEL:88.7,MOT:1,TILT:25.0,TRIM:0.000,ATE:0,LATCH:0,TORQ:1,CR:0.0,FX1:1.00,FY1:-151.10,FX2:-6.00,FY2:-149.60,IK1:1,IK2:1,MOVE:0
[2026-09-08 18:03:21.029] [RX] PITCH:-1.00,PID_OUT:141.00,INT:0.0000,EL:-2949,ER:-2948,VEL:95.6,MOT:1,TILT:25.0,TRIM:0.000,ATE:0,LATCH:0,TORQ:1,CR:0.0,FX1:1.00,FY1:-151.10,FX2:-6.00,FY2:-149.60,IK1:1,IK2:1,MOVE:0
[2026-09-08 18:03:21.127] [RX] PITCH:-0.74,PID_OUT:94.21,INT:0.0000,EL:-2936,ER:-2972,VEL:177.0,MOT:1,TILT:25.0,TRIM:0.000,ATE:0,LATCH:0,TORQ:1,CR:0.0,FX1:1.00,FY1:-151.10,FX2:-6.00,FY2:-149.60,IK1:1,IK2:1,MOVE:0
[2026-09-08 18:03:21.233] [RX] PITCH:-0.07,PID_OUT:59.30,INT:0.0000,EL:-2918,ER:-3003,VEL:222.0,MOT:1,TILT:25.0,TRIM:0.000,ATE:0,LATCH:0,TORQ:1,CR:0.0,FX1:1.00,FY1:-151.10,FX2:-6.00,FY2:-149.60,IK1:1,IK2:1,MOVE:0
[2026-09-08 18:03:21.330] [RX] PITCH:1.01,PID_OUT:-148.41,INT:0.0000,EL:-2893,ER:-3031,VEL:255.9,MOT:1,TILT:25.0,TRIM:0.000,ATE:0,LATCH:0,TORQ:1,CR:0.0,FX1:1.00,FY1:-151.10,FX2:-6.00,FY2:-149.60,IK1:1,IK2:1,MOVE:0
[2026-09-08 18:03:21.338] [RX] AX12:MODE:0,TQ:1,TL:1023,CM:1,CS:4,MS:0,MT:800
[2026-09-08 18:03:21.433] [RX] PITCH:2.36,PID_OUT:16.79,INT:0.0000,EL:-2918,ER:-3012,VEL:-201.1,MOT:1,TILT:25.0,TRIM:0.000,ATE:0,LATCH:0,TORQ:1,CR:0.0,FX1:1.00,FY1:-151.10,FX2:-6.00,FY2:-149.60,IK1:1,IK2:1,MOVE:0
[2026-09-08 18:03:21.433] [RX] SRV:14,36,0.0,0,0
[2026-09-08 18:03:21.530] [RX] PITCH:-0.66,PID_OUT:-18.68,INT:0.0000,EL:-2924,ER:-3007,VEL:0.0,MOT:1,TILT:25.0,TRIM:0.000,ATE:0,LATCH:0,TORQ:1,CR:0.0,FX1:1.00,FY1:-151.10,FX2:-6.00,FY2:-149.60,IK1:1,IK2:1,MOVE:0
[2026-09-08 18:03:21.629] [RX] PITCH:3.25,PID_OUT:-124.67,INT:0.0000,EL:-2934,ER:-3002,VEL:-115.3,MOT:1,TILT:25.0,TRIM:0.000,ATE:0,LATCH:0,TORQ:1,CR:0.0,FX1:1.00,FY1:-151.10,FX2:-6.00,FY2:-149.60,IK1:1,IK2:1,MOVE:0
[2026-09-08 18:03:21.731] [RX] PITCH:-0.56,PID_OUT:103.71,INT:0.0000,EL:-2962,ER:-2980,VEL:-207.5,MOT:1,TILT:25.0,TRIM:0.000,ATE:0,LATCH:0,TORQ:1,CR:0.0,FX1:1.00,FY1:-151.10,FX2:-6.00,FY2:-149.60,IK1:1,IK2:1,MOVE:0
[2026-09-08 18:03:21.838] [RX] PITCH:1.68,PID_OUT:-124.26,INT:0.0000,EL:-2978,ER:-2982,VEL:-107.7,MOT:1,TILT:25.0,TRIM:0.000,ATE:0,LATCH:0,TORQ:1,CR:0.0,FX1:1.00,FY1:-151.10,FX2:-6.00,FY2:-149.60,IK1:1,IK2:1,MOVE:0
[2026-09-08 18:03:21.839] [RX] AX12:MODE:0,TQ:1,TL:1023,CM:1,CS:4,MS:0,MT:800
[2026-09-08 18:03:21.924] [RX] PITCH:3.41,PID_OUT:-139.05,INT:0.0000,EL:-3004,ER:-2963,VEL:-221.5,MOT:1,TILT:25.0,TRIM:0.000,ATE:0,LATCH:0,TORQ:1,CR:0.0,FX1:1.00,FY1:-151.10,FX2:-6.00,FY2:-149.60,IK1:1,IK2:1,MOVE:0
[2026-09-08 18:03:22.027] [RX] PITCH:-0.58,PID_OUT:136.56,INT:0.0000,EL:-3017,ER:-2933,VEL:-187.0,MOT:1,TILT:25.0,TRIM:0.000,ATE:0,LATCH:0,TORQ:1,CR:0.0,FX1:1.00,FY1:-151.10,FX2:-6.00,FY2:-149.60,IK1:1,IK2:1,MOVE:0
[2026-09-08 18:03:22.126] [RX] PITCH:0.73,PID_OUT:-49.91,INT:0.0000,EL:-3004,ER:-2931,VEL:18.1,MOT:1,TILT:25.0,TRIM:0.000,ATE:0,LATCH:0,TORQ:1,CR:0.0,FX1:1.00,FY1:-151.10,FX2:-6.00,FY2:-149.60,IK1:1,IK2:1,MOVE:0
[2026-09-08 18:03:22.227] [RX] PITCH:2.57,PID_OUT:-112.09,INT:0.0000,EL:-3002,ER:-2921,VEL:-45.1,MOT:1,TILT:25.0,TRIM:0.000,ATE:0,LATCH:0,TORQ:1,CR:0.0,FX1:1.00,FY1:-151.10,FX2:-6.00,FY2:-149.60,IK1:1,IK2:1,MOVE:0
[2026-09-08 18:03:22.324] [RX] PITCH:0.93,PID_OUT:2.64,INT:0.0000,EL:-3020,ER:-2904,VEL:-152.6,MOT:1,TILT:25.0,TRIM:0.000,ATE:0,LATCH:0,TORQ:1,CR:0.0,FX1:1.00,FY1:-151.10,FX2:-6.00,FY2:-149.60,IK1:1,IK2:1,MOVE:0
[2026-09-08 18:03:22.336] [RX] AX12:MODE:0,TQ:1,TL:1023,CM:1,CS:4,MS:0,MT:800
[2026-09-08 18:03:22.427] [RX] PITCH:0.42,PID_OUT:17.40,INT:0.0000,EL:-3024,ER:-2907,VEL:-20.4,MOT:1,TILT:25.0,TRIM:0.000,ATE:0,LATCH:0,TORQ:1,CR:0.0,FX1:1.00,FY1:-151.10,FX2:-6.00,FY2:-149.60,IK1:1,IK2:1,MOVE:0
[2026-09-08 18:03:22.427] [RX] SRV:1,36,0.0,0,0
[2026-09-08 18:03:22.524] [RX] PITCH:1.19,PID_OUT:-50.26,INT:0.0000,EL:-3024,ER:-2905,VEL:-16.9,MOT:1,TILT:25.0,TRIM:0.000,ATE:0,LATCH:0,TORQ:1,CR:0.0,FX1:1.00,FY1:-151.10,FX2:-6.00,FY2:-149.60,IK1:1,IK2:1,MOVE:0
[2026-09-08 18:03:22.623] [RX] PITCH:1.99,PID_OUT:-87.12,INT:0.0000,EL:-3038,ER:-2901,VEL:-95.6,MOT:1,TILT:25.0,TRIM:0.000,ATE:0,LATCH:0,TORQ:1,CR:0.0,FX1:1.00,FY1:-151.10,FX2:-6.00,FY2:-149.60,IK1:1,IK2:1,MOVE:0
[2026-09-08 18:03:22.724] [RX] PITCH:1.56,PID_OUT:-55.01,INT:0.0000,EL:-3061,ER:-2894,VEL:-138.5,MOT:1,TILT:25.0,TRIM:0.000,ATE:0,LATCH:0,TORQ:1,CR:0.0,FX1:1.00,FY1:-151.10,FX2:-6.00,FY2:-149.60,IK1:1,IK2:1,MOVE:0
[2026-09-08 18:03:22.836] [RX] PITCH:1.87,PID_OUT:-88.21,INT:0.0000,EL:-3085,ER:-2888,VEL:-159.5,MOT:1,TILT:25.0,TRIM:0.000,ATE:0,LATCH:0,TORQ:1,CR:0.0,FX1:1.00,FY1:-151.10,FX2:-6.00,FY2:-149.60,IK1:1,IK2:1,MOVE:0
[2026-09-08 18:03:22.836] [RX] AX12:MODE:0,TQ:1,TL:1023,CM:1,CS:4,MS:0,MT:800
[2026-09-08 18:03:22.929] [RX] PITCH:1.93,PID_OUT:-77.39,INT:0.0000,EL:-3104,ER:-2882,VEL:-142.4,MOT:1,TILT:25.0,TRIM:0.000,ATE:0,LATCH:0,TORQ:1,CR:0.0,FX1:1.00,FY1:-151.10,FX2:-6.00,FY2:-149.60,IK1:1,IK2:1,MOVE:0
[2026-09-08 18:03:23.025] [RX] PITCH:1.61,PID_OUT:-62.77,INT:0.0000,EL:-3132,ER:-2876,VEL:-204.0,MOT:1,TILT:25.0,TRIM:0.000,ATE:0,LATCH:0,TORQ:1,CR:0.0,FX1:1.00,FY1:-151.10,FX2:-6.00,FY2:-149.60,IK1:1,IK2:1,MOVE:0
[2026-09-08 18:03:23.127] [RX] PITCH:1.41,PID_OUT:-39.53,INT:0.0000,EL:-3208,ER:-2867,VEL:-384.8,MOT:1,TILT:25.0,TRIM:0.000,ATE:0,LATCH:0,TORQ:1,CR:0.0,FX1:1.00,FY1:-151.10,FX2:-6.00,FY2:-149.60,IK1:1,IK2:1,MOVE:0
[2026-09-08 18:03:23.221] [RX] PITCH:1.07,PID_OUT:-23.19,INT:0.0000,EL:-3307,ER:-2860,VEL:-502.3,MOT:1,TILT:25.0,TRIM:0.000,ATE:0,LATCH:0,TORQ:1,CR:0.0,FX1:1.00,FY1:-151.10,FX2:-6.00,FY2:-149.60,IK1:1,IK2:1,MOVE:0
[2026-09-08 18:03:23.330] [RX] PITCH:1.15,PID_OUT:-32.63,INT:0.0000,EL:-3407,ER:-2857,VEL:-511.6,MOT:1,TILT:25.0,TRIM:0.000,ATE:0,LATCH:0,TORQ:1,CR:0.0,FX1:1.00,FY1:-151.10,FX2:-6.00,FY2:-149.60,IK1:1,IK2:1,MOVE:0
[2026-09-08 18:03:23.330] [RX] AX12:MODE:0,TQ:1,TL:1023,CM:1,CS:4,MS:0,MT:800
[2026-09-08 18:03:23.427] [RX] PITCH:1.68,PID_OUT:-75.07,INT:0.0000,EL:-3507,ER:-2857,VEL:-502.3,MOT:1,TILT:25.0,TRIM:0.000,ATE:0,LATCH:0,TORQ:1,CR:0.0,FX1:1.00,FY1:-151.10,FX2:-6.00,FY2:-149.60,IK1:1,IK2:1,MOVE:0
[2026-09-08 18:03:23.427] [RX] SRV:6,44,0.0,0,0
[2026-09-08 18:03:23.524] [RX] PITCH:2.01,PID_OUT:-90.34,INT:0.0000,EL:-3593,ER:-2855,VEL:-446.3,MOT:1,TILT:25.0,TRIM:0.000,ATE:0,LATCH:0,TORQ:1,CR:0.0,FX1:1.00,FY1:-151.10,FX2:-6.00,FY2:-149.60,IK1:1,IK2:1,MOVE:0
[2026-09-08 18:03:23.618] [RX] PITCH:1.63,PID_OUT:-57.30,INT:0.0000,EL:-3615,ER:-2848,VEL:-159.5,MOT:1,TILT:25.0,TRIM:0.000,ATE:0,LATCH:0,TORQ:1,CR:0.0,FX1:1.00,FY1:-151.10,FX2:-6.00,FY2:-149.60,IK1:1,IK2:1,MOVE:0
[2026-09-08 18:03:23.720] [RX] PITCH:1.42,PID_OUT:-51.39,INT:0.0000,EL:-3615,ER:-2842,VEL:-52.3,MOT:1,TILT:25.0,TRIM:0.000,ATE:0,LATCH:0,TORQ:1,CR:0.0,FX1:1.00,FY1:-151.10,FX2:-6.00,FY2:-149.60,IK1:1,IK2:1,MOVE:0
[2026-09-08 18:03:23.830] [RX] PITCH:2.12,PID_OUT:-104.22,INT:0.0000,EL:-3615,ER:-2841,VEL:-12.0,MOT:1,TILT:25.0,TRIM:0.000,ATE:0,LATCH:0,TORQ:1,CR:0.0,FX1:1.00,FY1:-151.10,FX2:-6.00,FY2:-149.60,IK1:1,IK2:1,MOVE:0
[2026-09-08 18:03:23.835] [RX] AX12:MODE:0,TQ:1,TL:1023,CM:1,CS:4,MS:0,MT:800
[2026-09-08 18:03:23.923] [RX] PITCH:2.60,PID_OUT:-125.15,INT:0.0000,EL:-3625,ER:-2840,VEL:-57.5,MOT:1,TILT:25.0,TRIM:0.000,ATE:0,LATCH:0,TORQ:1,CR:0.0,FX1:1.00,FY1:-151.10,FX2:-6.00,FY2:-149.60,IK1:1,IK2:1,MOVE:0
[2026-09-08 18:03:24.021] [RX] PITCH:1.90,PID_OUT:-66.43,INT:0.0000,EL:-3671,ER:-2835,VEL:-269.2,MOT:1,TILT:25.0,TRIM:0.000,ATE:0,LATCH:0,TORQ:1,CR:0.0,FX1:1.00,FY1:-151.10,FX2:-6.00,FY2:-149.60,IK1:1,IK2:1,MOVE:0
[2026-09-08 18:03:24.122] [RX] PITCH:0.78,PID_OUT:13.90,INT:0.0000,EL:-3742,ER:-2832,VEL:-275.1,MOT:1,TILT:25.0,TRIM:0.000,ATE:0,LATCH:0,TORQ:1,CR:0.0,FX1:1.00,FY1:-151.10,FX2:-6.00,FY2:-149.60,IK1:1,IK2:1,MOVE:0
[2026-09-08 18:03:24.216] [RX] PITCH:-0.25,PID_OUT:97.41,INT:0.0000,EL:-3742,ER:-2840,VEL:5.8,MOT:1,TILT:25.0,TRIM:0.000,ATE:0,LATCH:0,TORQ:1,CR:0.0,FX1:1.00,FY1:-151.10,FX2:-6.00,FY2:-149.60,IK1:1,IK2:1,MOVE:0
[2026-09-08 18:03:24.324] [RX] PITCH:-0.58,PID_OUT:97.12,INT:0.0000,EL:-3736,ER:-2857,VEL:90.6,MOT:1,TILT:25.0,TRIM:0.000,ATE:0,LATCH:0,TORQ:1,CR:0.0,FX1:1.00,FY1:-151.10,FX2:-6.00,FY2:-149.60,IK1:1,IK2:1,MOVE:0
[2026-09-08 18:03:24.330] [RX] AX12:MODE:0,TQ:1,TL:1023,CM:1,CS:4,MS:0,MT:800
[2026-09-08 18:03:24.414] [RX] PITCH:-0.17,PID_OUT:79.67,INT:0.0000,EL:-3727,ER:-2876,VEL:137.0,MOT:1,TILT:25.0,TRIM:0.000,ATE:0,LATCH:0,TORQ:1,CR:0.0,FX1:1.00,FY1:-151.10,FX2:-6.00,FY2:-149.60,IK1:1,IK2:1,MOVE:0
[2026-09-08 18:03:24.414] [RX] SRV:0,37,0.0,0,0
[2026-09-08 18:03:24.523] [RX] PITCH:-0.97,PID_OUT:129.75,INT:0.0000,EL:-3715,ER:-2893,VEL:156.8,MOT:1,TILT:25.0,TRIM:0.000,ATE:0,LATCH:0,TORQ:1,CR:0.0,FX1:1.00,FY1:-151.10,FX2:-6.00,FY2:-149.60,IK1:1,IK2:1,MOVE:0
[2026-09-08 18:03:24.612] [RX] PITCH:-0.78,PID_OUT:104.34,INT:0.0000,EL:-3695,ER:-2929,VEL:262.8,MOT:1,TILT:25.0,TRIM:0.000,ATE:0,LATCH:0,TORQ:1,CR:0.0,FX1:1.00,FY1:-151.10,FX2:-6.00,FY2:-149.60,IK1:1,IK2:1,MOVE:0
[2026-09-08 18:03:24.719] [RX] PITCH:-0.57,PID_OUT:107.88,INT:0.0000,EL:-3671,ER:-2967,VEL:310.2,MOT:1,TILT:25.0,TRIM:0.000,ATE:0,LATCH:0,TORQ:1,CR:0.0,FX1:1.00,FY1:-151.10,FX2:-6.00,FY2:-149.60,IK1:1,IK2:1,MOVE:0
[2026-09-08 18:03:24.828] [RX] PITCH:-1.08,PID_OUT:140.25,INT:0.0000,EL:-3644,ER:-3005,VEL:333.3,MOT:1,TILT:25.0,TRIM:0.000,ATE:0,LATCH:0,TORQ:1,CR:0.0,FX1:1.00,FY1:-151.10,FX2:-6.00,FY2:-149.60,IK1:1,IK2:1,MOVE:0
[2026-09-08 18:03:24.828] [RX] AX12:MODE:0,TQ:1,TL:1023,CM:1,CS:4,MS:0,MT:800
[2026-09-08 18:03:24.921] [RX] PITCH:-0.75,PID_OUT:116.67,INT:0.0000,EL:-3611,ER:-3043,VEL:350.3,MOT:1,TILT:25.0,TRIM:0.000,ATE:0,LATCH:0,TORQ:1,CR:0.0,FX1:1.00,FY1:-151.10,FX2:-6.00,FY2:-149.60,IK1:1,IK2:1,MOVE:0
[2026-09-08 18:03:25.020] [RX] PITCH:-1.57,PID_OUT:176.69,INT:0.0000,EL:-3574,ER:-3081,VEL:381.0,MOT:1,TILT:25.0,TRIM:0.000,ATE:0,LATCH:0,TORQ:1,CR:0.0,FX1:1.00,FY1:-151.10,FX2:-6.00,FY2:-149.60,IK1:1,IK2:1,MOVE:0
[2026-09-08 18:03:25.131] [RX] PITCH:-1.14,PID_OUT:137.31,INT:0.0000,EL:-3527,ER:-3130,VEL:468.2,MOT:1,TILT:25.0,TRIM:0.000,ATE:0,LATCH:0,TORQ:1,CR:0.0,FX1:1.00,FY1:-151.10,FX2:-6.00,FY2:-149.60,IK1:1,IK2:1,MOVE:0
[2026-09-08 18:03:25.222] [RX] PITCH:-1.26,PID_OUT:161.31,INT:0.0000,EL:-3476,ER:-3182,VEL:507.3,MOT:1,TILT:25.0,TRIM:0.000,ATE:0,LATCH:0,TORQ:1,CR:0.0,FX1:1.00,FY1:-151.10,FX2:-6.00,FY2:-149.60,IK1:1,IK2:1,MOVE:0
[2026-09-08 18:03:25.332] [RX] PITCH:-4.43,PID_OUT:255.75,INT:0.0000,EL:-3416,ER:-3243,VEL:614.1,MOT:1,TILT:25.0,TRIM:0.000,ATE:0,LATCH:0,TORQ:1,CR:0.0,FX1:1.00,FY1:-151.10,FX2:-6.00,FY2:-149.60,IK1:1,IK2:1,MOVE:0
[2026-09-08 18:03:25.332] [RX] AX12:MODE:0,TQ:1,TL:1023,CM:1,CS:4,MS:0,MT:800
[2026-09-08 18:03:25.418] [RX] PITCH:2.66,PID_OUT:-177.54,INT:0.0000,EL:-3346,ER:-3313,VEL:632.5,MOT:1,TILT:25.0,TRIM:0.000,ATE:0,LATCH:0,TORQ:1,CR:0.0,FX1:1.00,FY1:-151.10,FX2:-6.00,FY2:-149.60,IK1:1,IK2:1,MOVE:0
[2026-09-08 18:03:25.421] [RX] SRV:14,36,0.0,0,0
[2026-09-08 18:03:25.519] [RX] PITCH:-2.30,PID_OUT:199.93,INT:0.0000,EL:-3323,ER:-3340,VEL:338.3,MOT:1,TILT:25.0,TRIM:0.000,ATE:0,LATCH:0,TORQ:1,CR:0.0,FX1:1.00,FY1:-151.10,FX2:-6.00,FY2:-149.60,IK1:1,IK2:1,MOVE:0
[2026-09-08 18:03:25.616] [RX] PITCH:-0.46,PID_OUT:25.42,INT:0.0000,EL:-3281,ER:-3373,VEL:353.6,MOT:1,TILT:25.0,TRIM:0.000,ATE:0,LATCH:0,TORQ:1,CR:0.0,FX1:1.00,FY1:-151.10,FX2:-6.00,FY2:-149.60,IK1:1,IK2:1,MOVE:0
[2026-09-08 18:03:25.715] [RX] PITCH:3.31,PID_OUT:-199.28,INT:0.0000,EL:-3258,ER:-3377,VEL:145.6,MOT:1,TILT:25.0,TRIM:0.000,ATE:0,LATCH:0,TORQ:1,CR:0.0,FX1:1.00,FY1:-151.10,FX2:-6.00,FY2:-149.60,IK1:1,IK2:1,MOVE:0
[2026-09-08 18:03:25.817] [RX] PITCH:1.60,PID_OUT:-40.55,INT:0.0000,EL:-3274,ER:-3355,VEL:-135.8,MOT:1,TILT:25.0,TRIM:0.000,ATE:0,LATCH:0,TORQ:1,CR:0.0,FX1:1.00,FY1:-151.10,FX2:-6.00,FY2:-149.60,IK1:1,IK2:1,MOVE:0
[2026-09-08 18:03:25.828] [RX] AX12:MODE:0,TQ:1,TL:1023,CM:1,CS:4,MS:0,MT:800
[2026-09-08 18:03:25.919] [RX] PITCH:2.11,PID_OUT:-111.24,INT:0.0000,EL:-3299,ER:-3337,VEL:-189.3,MOT:1,TILT:25.0,TRIM:0.000,ATE:0,LATCH:0,TORQ:1,CR:0.0,FX1:1.00,FY1:-151.10,FX2:-6.00,FY2:-149.60,IK1:1,IK2:1,MOVE:0
[2026-09-08 18:03:26.010] [RX] PITCH:2.90,PID_OUT:-144.98,INT:0.0000,EL:-3326,ER:-3319,VEL:-237.7,MOT:1,TILT:25.0,TRIM:0.000,ATE:0,LATCH:0,TORQ:1,CR:0.0,FX1:1.00,FY1:-151.10,FX2:-6.00,FY2:-149.60,IK1:1,IK2:1,MOVE:0
[2026-09-08 18:03:26.119] [RX] PITCH:2.22,PID_OUT:-90.51,INT:0.0000,EL:-3358,ER:-3294,VEL:-280.7,MOT:1,TILT:25.0,TRIM:0.000,ATE:0,LATCH:0,TORQ:1,CR:0.0,FX1:1.00,FY1:-151.10,FX2:-6.00,FY2:-149.60,IK1:1,IK2:1,MOVE:0
[2026-09-08 18:03:26.213] [RX] PITCH:2.01,PID_OUT:-97.40,INT:0.0000,EL:-3390,ER:-3269,VEL:-282.4,MOT:1,TILT:25.0,TRIM:0.000,ATE:0,LATCH:0,TORQ:1,CR:0.0,FX1:1.00,FY1:-151.10,FX2:-6.00,FY2:-149.60,IK1:1,IK2:1,MOVE:0
[2026-09-08 18:03:26.323] [RX] PITCH:2.53,PID_OUT:-124.03,INT:0.0000,EL:-3424,ER:-3243,VEL:-305.7,MOT:1,TILT:25.0,TRIM:0.000,ATE:0,LATCH:0,TORQ:1,CR:0.0,FX1:1.00,FY1:-151.10,FX2:-6.00,FY2:-149.60,IK1:1,IK2:1,MOVE:0
[2026-09-08 18:03:26.330] [RX] AX12:MODE:0,TQ:1,TL:1023,CM:1,CS:4,MS:0,MT:800
[2026-09-08 18:03:26.419] [RX] PITCH:2.58,PID_OUT:-123.09,INT:0.0000,EL:-3468,ER:-3209,VEL:-384.3,MOT:1,TILT:25.0,TRIM:0.000,ATE:0,LATCH:0,TORQ:1,CR:0.0,FX1:1.00,FY1:-151.10,FX2:-6.00,FY2:-149.60,IK1:1,IK2:1,MOVE:0
[2026-09-08 18:03:26.422] [RX] SRV:1,37,0.0,0,0
[2026-09-08 18:03:26.518] [RX] PITCH:2.07,PID_OUT:-99.69,INT:0.0000,EL:-3516,ER:-3171,VEL:-426.3,MOT:1,TILT:25.0,TRIM:0.000,ATE:0,LATCH:0,TORQ:1,CR:0.0,FX1:1.00,FY1:-151.10,FX2:-6.00,FY2:-149.60,IK1:1,IK2:1,MOVE:0
[2026-09-08 18:03:26.609] [RX] PITCH:3.26,PID_OUT:-171.06,INT:0.0000,EL:-3567,ER:-3131,VEL:-458.5,MOT:1,TILT:25.0,TRIM:0.000,ATE:0,LATCH:0,TORQ:1,CR:0.0,FX1:1.00,FY1:-151.10,FX2:-6.00,FY2:-149.60,IK1:1,IK2:1,MOVE:0
[2026-09-08 18:03:26.715] [RX] PITCH:1.84,PID_OUT:-71.07,INT:0.0000,EL:-3627,ER:-3083,VEL:-525.3,MOT:1,TILT:25.0,TRIM:0.000,ATE:0,LATCH:0,TORQ:1,CR:0.0,FX1:1.00,FY1:-151.10,FX2:-6.00,FY2:-149.60,IK1:1,IK2:1,MOVE:0
[2026-09-08 18:03:26.816] [RX] PITCH:2.23,PID_OUT:-119.95,INT:0.0000,EL:-3684,ER:-3036,VEL:-515.5,MOT:1,TILT:25.0,TRIM:0.000,ATE:0,LATCH:0,TORQ:1,CR:0.0,FX1:1.00,FY1:-151.10,FX2:-6.00,FY2:-149.60,IK1:1,IK2:1,MOVE:0
[2026-09-08 18:03:26.827] [RX] AX12:MODE:0,TQ:1,TL:1023,CM:1,CS:4,MS:0,MT:800
[2026-09-08 18:03:26.916] [RX] PITCH:3.38,PID_OUT:-171.84,INT:0.0000,EL:-3744,ER:-2987,VEL:-548.5,MOT:1,TILT:25.0,TRIM:0.000,ATE:0,LATCH:0,TORQ:1,CR:0.0,FX1:1.00,FY1:-151.10,FX2:-6.00,FY2:-149.60,IK1:1,IK2:1,MOVE:0
[2026-09-08 18:03:27.016] [RX] PITCH:2.52,PID_OUT:-83.99,INT:0.0000,EL:-3817,ER:-2926,VEL:-654.6,MOT:1,TILT:25.0,TRIM:0.000,ATE:0,LATCH:0,TORQ:1,CR:0.0,FX1:1.00,FY1:-151.10,FX2:-6.00,FY2:-149.60,IK1:1,IK2:1,MOVE:0
[2026-09-08 18:03:27.112] [RX] PITCH:0.55,PID_OUT:25.65,INT:0.0000,EL:-3884,ER:-2868,VEL:-610.5,MOT:1,TILT:25.0,TRIM:0.000,ATE:0,LATCH:0,TORQ:1,CR:0.0,FX1:1.00,FY1:-151.10,FX2:-6.00,FY2:-149.60,IK1:1,IK2:1,MOVE:0
[2026-09-08 18:03:27.215] [RX] PITCH:2.58,PID_OUT:9.92,INT:0.0000,EL:-3941,ER:-2817,VEL:-540.2,MOT:1,TILT:25.0,TRIM:0.000,ATE:0,LATCH:0,TORQ:1,CR:0.0,FX1:1.00,FY1:-151.10,FX2:-6.00,FY2:-149.60,IK1:1,IK2:1,MOVE:0
[2026-09-08 18:03:27.323] [RX] PITCH:1.57,PID_OUT:-128.95,INT:0.0000,EL:-3949,ER:-2798,VEL:-136.4,MOT:1,TILT:25.0,TRIM:0.000,ATE:0,LATCH:0,TORQ:1,CR:0.0,FX1:1.00,FY1:-151.10,FX2:-6.00,FY2:-149.60,IK1:1,IK2:1,MOVE:0
[2026-09-08 18:03:27.323] [RX] AX12:MODE:0,TQ:1,TL:1023,CM:1,CS:4,MS:0,MT:800
[2026-09-08 18:03:27.412] [RX] PITCH:1.69,PID_OUT:-64.18,INT:0.0000,EL:-3961,ER:-2802,VEL:-82.8,MOT:1,TILT:25.0,TRIM:0.000,ATE:0,LATCH:0,TORQ:1,CR:0.0,FX1:1.00,FY1:-151.10,FX2:-6.00,FY2:-149.60,IK1:1,IK2:1,MOVE:0
[2026-09-08 18:03:27.412] [RX] SRV:6,43,0.8,0,0
[2026-09-08 18:03:27.512] [RX] PITCH:1.15,PID_OUT:-27.59,INT:0.0000,EL:-4060,ER:-2802,VEL:-412.4,MOT:1,TILT:25.0,TRIM:0.000,ATE:0,LATCH:0,TORQ:1,CR:0.0,FX1:1.00,FY1:-151.10,FX2:-6.00,FY2:-149.60,IK1:1,IK2:1,MOVE:0
[2026-09-08 18:03:27.613] [RX] PITCH:0.62,PID_OUT:8.68,INT:0.0000,EL:-4118,ER:-2802,VEL:-252.0,MOT:1,TILT:25.0,TRIM:0.000,ATE:0,LATCH:0,TORQ:1,CR:0.0,FX1:1.00,FY1:-151.10,FX2:-6.00,FY2:-149.60,IK1:1,IK2:1,MOVE:0
[2026-09-08 18:03:27.714] [RX] PITCH:0.32,PID_OUT:29.83,INT:0.0000,EL:-4118,ER:-2804,VEL:-34.6,MOT:1,TILT:25.0,TRIM:0.000,ATE:0,LATCH:0,TORQ:1,CR:0.0,FX1:1.00,FY1:-151.10,FX2:-6.00,FY2:-149.60,IK1:1,IK2:1,MOVE:0
[2026-09-08 18:03:27.819] [RX] PITCH:0.15,PID_OUT:41.06,INT:0.0000,EL:-4118,ER:-2870,VEL:183.4,MOT:1,TILT:25.0,TRIM:0.000,ATE:0,LATCH:0,TORQ:1,CR:0.0,FX1:1.00,FY1:-151.10,FX2:-6.00,FY2:-149.60,IK1:1,IK2:1,MOVE:0
[2026-09-08 18:03:27.819] [RX] AX12:MODE:0,TQ:1,TL:1023,CM:1,CS:4,MS:0,MT:800
[2026-09-08 18:03:27.914] [RX] PITCH:-0.01,PID_OUT:53.75,INT:0.0000,EL:-4118,ER:-2870,VEL:36.1,MOT:1,TILT:25.0,TRIM:0.000,ATE:0,LATCH:0,TORQ:1,CR:0.0,FX1:1.00,FY1:-151.10,FX2:-6.00,FY2:-149.60,IK1:1,IK2:1,MOVE:0
[2026-09-08 18:03:27.999] [RX] PITCH:-0.04,PID_OUT:56.97,INT:0.0000,EL:-4117,ER:-2870,VEL:11.0,MOT:1,TILT:25.0,TRIM:0.000,ATE:0,LATCH:0,TORQ:1,CR:0.0,FX1:1.00,FY1:-151.10,FX2:-6.00,FY2:-149.60,IK1:1,IK2:1,MOVE:0
[2026-09-08 18:03:28.113] [RX] PITCH:-0.09,PID_OUT:52.08,INT:0.0000,EL:-4114,ER:-2884,VEL:84.8,MOT:1,TILT:25.0,TRIM:0.000,ATE:0,LATCH:0,TORQ:1,CR:0.0,FX1:1.00,FY1:-151.10,FX2:-6.00,FY2:-149.60,IK1:1,IK2:1,MOVE:0
[2026-09-08 18:03:28.210] [RX] PITCH:0.23,PID_OUT:38.26,INT:0.0000,EL:-4114,ER:-2899,VEL:61.6,MOT:1,TILT:25.0,TRIM:0.000,ATE:0,LATCH:0,TORQ:1,CR:0.0,FX1:1.00,FY1:-151.10,FX2:-6.00,FY2:-149.60,IK1:1,IK2:1,MOVE:0
[2026-09-08 18:03:28.310] [RX] PITCH:0.22,PID_OUT:38.75,INT:0.0000,EL:-4114,ER:-2899,VEL:12.1,MOT:1,TILT:25.0,TRIM:0.000,ATE:0,LATCH:0,TORQ:1,CR:0.0,FX1:1.00,FY1:-151.10,FX2:-6.00,FY2:-149.60,IK1:1,IK2:1,MOVE:0
[2026-09-08 18:03:28.320] [RX] AX12:MODE:0,TQ:1,TL:1023,CM:1,CS:4,MS:0,MT:800
[2026-09-08 18:03:28.430] [RX] PITCH:0.20,PID_OUT:39.37,INT:0.0000,EL:-4114,ER:-2899,VEL:2.4,MOT:1,TILT:25.0,TRIM:0.000,ATE:0,LATCH:0,TORQ:1,CR:0.0,FX1:1.00,FY1:-151.10,FX2:-6.00,FY2:-149.60,IK1:1,IK2:1,MOVE:0
[2026-09-08 18:03:28.430] [RX] SRV:0,37,6.3,0,1
[2026-09-08 18:03:28.511] [RX] PITCH:0.17,PID_OUT:41.80,INT:0.0000,EL:-4114,ER:-2899,VEL:0.5,MOT:1,TILT:25.0,TRIM:0.000,ATE:0,LATCH:0,TORQ:1,CR:0.0,FX1:1.00,FY1:-151.10,FX2:-6.00,FY2:-149.60,IK1:1,IK2:1,MOVE:0
[2026-09-08 18:03:28.609] [RX] PITCH:0.16,PID_OUT:42.13,INT:0.0000,EL:-4114,ER:-2899,VEL:0.1,MOT:1,TILT:25.0,TRIM:0.000,ATE:0,LATCH:0,TORQ:1,CR:0.0,FX1:1.00,FY1:-151.10,FX2:-6.00,FY2:-149.60,IK1:1,IK2:1,MOVE:0
[2026-09-08 18:03:28.710] [RX] PITCH:0.17,PID_OUT:42.00,INT:0.0000,EL:-4114,ER:-2899,VEL:0.0,MOT:1,TILT:25.0,TRIM:0.000,ATE:0,LATCH:0,TORQ:1,CR:0.0,FX1:1.00,FY1:-151.10,FX2:-6.00,FY2:-149.60,IK1:1,IK2:1,MOVE:0
[2026-09-08 18:03:28.811] [RX] PITCH:0.16,PID_OUT:42.56,INT:0.0000,EL:-4114,ER:-2899,VEL:0.0,MOT:1,TILT:25.0,TRIM:0.000,ATE:0,LATCH:0,TORQ:1,CR:0.0,FX1:1.00,FY1:-151.10,FX2:-6.00,FY2:-149.60,IK1:1,IK2:1,MOVE:0
[2026-09-08 18:03:28.823] [RX] AX12:MODE:0,TQ:1,TL:1023,CM:1,CS:4,MS:0,MT:800
[2026-09-08 18:03:28.910] [RX] PITCH:0.15,PID_OUT:43.31,INT:0.0000,EL:-4114,ER:-2899,VEL:0.0,MOT:1,TILT:25.0,TRIM:0.000,ATE:0,LATCH:0,TORQ:1,CR:0.0,FX1:1.00,FY1:-151.10,FX2:-6.00,FY2:-149.60,IK1:1,IK2:1,MOVE:0
[2026-09-08 18:03:28.997] [RX] PITCH:0.14,PID_OUT:43.93,INT:0.0000,EL:-4114,ER:-2899,VEL:0.0,MOT:1,TILT:25.0,TRIM:0.000,ATE:0,LATCH:0,TORQ:1,CR:0.0,FX1:1.00,FY1:-151.10,FX2:-6.00,FY2:-149.60,IK1:1,IK2:1,MOVE:0
[2026-09-08 18:03:29.108] [RX] PITCH:0.16,PID_OUT:42.37,INT:0.0000,EL:-4114,ER:-2899,VEL:0.0,MOT:1,TILT:25.0,TRIM:0.000,ATE:0,LATCH:0,TORQ:1,CR:0.0,FX1:1.00,FY1:-151.10,FX2:-6.00,FY2:-149.60,IK1:1,IK2:1,MOVE:0
[2026-09-08 18:03:29.198] [RX] PITCH:0.13,PID_OUT:45.14,INT:0.0000,EL:-4114,ER:-2899,VEL:0.0,MOT:1,TILT:25.0,TRIM:0.000,ATE:0,LATCH:0,TORQ:1,CR:0.0,FX1:1.00,FY1:-151.10,FX2:-6.00,FY2:-149.60,IK1:1,IK2:1,MOVE:0
[2026-09-08 18:03:29.311] [RX] PITCH:0.13,PID_OUT:44.54,INT:0.0000,EL:-4114,ER:-2899,VEL:0.0,MOT:1,TILT:25.0,TRIM:0.000,ATE:0,LATCH:0,TORQ:1,CR:0.0,FX1:1.00,FY1:-151.10,FX2:-6.00,FY2:-149.60,IK1:1,IK2:1,MOVE:0
[2026-09-08 18:03:29.320] [RX] AX12:MODE:0,TQ:1,TL:1023,CM:1,CS:4,MS:0,MT:800
[2026-09-08 18:03:29.410] [RX] PITCH:0.13,PID_OUT:44.60,INT:0.0000,EL:-4114,ER:-2899,VEL:0.0,MOT:1,TILT:25.0,TRIM:0.000,ATE:0,LATCH:0,TORQ:1,CR:0.0,FX1:1.00,FY1:-151.10,FX2:-6.00,FY2:-149.60,IK1:1,IK2:1,MOVE:0
[2026-09-08 18:03:29.413] [RX] SRV:14,37,6.3,0,0
[2026-09-08 18:03:29.507] [RX] PITCH:0.15,PID_OUT:42.86,INT:0.0000,EL:-4114,ER:-2899,VEL:0.0,MOT:1,TILT:25.0,TRIM:0.000,ATE:0,LATCH:0,TORQ:1,CR:0.0,FX1:1.00,FY1:-151.10,FX2:-6.00,FY2:-149.60,IK1:1,IK2:1,MOVE:0
[2026-09-08 18:03:29.605] [RX] PITCH:0.17,PID_OUT:41.12,INT:0.0000,EL:-4114,ER:-2899,VEL:0.0,MOT:1,TILT:25.0,TRIM:0.000,ATE:0,LATCH:0,TORQ:1,CR:0.0,FX1:1.00,FY1:-151.10,FX2:-6.00,FY2:-149.60,IK1:1,IK2:1,MOVE:0
[2026-09-08 18:03:29.708] [RX] PITCH:0.15,PID_OUT:42.96,INT:0.0000,EL:-4114,ER:-2899,VEL:0.0,MOT:1,TILT:25.0,TRIM:0.000,ATE:0,LATCH:0,TORQ:1,CR:0.0,FX1:1.00,FY1:-151.10,FX2:-6.00,FY2:-149.60,IK1:1,IK2:1,MOVE:0
[2026-09-08 18:03:29.817] [RX] PITCH:0.16,PID_OUT:42.48,INT:0.0000,EL:-4114,ER:-2899,VEL:0.0,MOT:1,TILT:25.0,TRIM:0.000,ATE:0,LATCH:0,TORQ:1,CR:0.0,FX1:1.00,FY1:-151.10,FX2:-6.00,FY2:-149.60,IK1:1,IK2:1,MOVE:0
[2026-09-08 18:03:29.817] [RX] AX12:MODE:0,TQ:1,TL:1023,CM:1,CS:4,MS:0,MT:800
[2026-09-08 18:03:29.905] [RX] PITCH:0.13,PID_OUT:44.55,INT:0.0000,EL:-4114,ER:-2899,VEL:0.0,MOT:1,TILT:25.0,TRIM:0.000,ATE:0,LATCH:0,TORQ:1,CR:0.0,FX1:1.00,FY1:-151.10,FX2:-6.00,FY2:-149.60,IK1:1,IK2:1,MOVE:0
[2026-09-08 18:03:30.006] [RX] PITCH:0.14,PID_OUT:43.67,INT:0.0000,EL:-4114,ER:-2899,VEL:0.0,MOT:1,TILT:25.0,TRIM:0.000,ATE:0,LATCH:0,TORQ:1,CR:0.0,FX1:1.00,FY1:-151.10,FX2:-6.00,FY2:-149.60,IK1:1,IK2:1,MOVE:0
[2026-09-08 18:03:30.101] [RX] PITCH:0.13,PID_OUT:44.15,INT:0.0000,EL:-4114,ER:-2899,VEL:0.0,MOT:1,TILT:25.0,TRIM:0.000,ATE:0,LATCH:0,TORQ:1,CR:0.0,FX1:1.00,FY1:-151.10,FX2:-6.00,FY2:-149.60,IK1:1,IK2:1,MOVE:0
[2026-09-08 18:03:30.208] [RX] PITCH:0.16,PID_OUT:42.06,INT:0.0000,EL:-4114,ER:-2899,VEL:0.0,MOT:1,TILT:25.0,TRIM:0.000,ATE:0,LATCH:0,TORQ:1,CR:0.0,FX1:1.00,FY1:-151.10,FX2:-6.00,FY2:-149.60,IK1:1,IK2:1,MOVE:0
[2026-09-08 18:03:30.303] [RX] PITCH:0.17,PID_OUT:41.24,INT:0.0000,EL:-4114,ER:-2899,VEL:0.0,MOT:1,TILT:25.0,TRIM:0.000,ATE:0,LATCH:0,TORQ:1,CR:0.0,FX1:1.00,FY1:-151.10,FX2:-6.00,FY2:-149.60,IK1:1,IK2:1,MOVE:0
[2026-09-08 18:03:30.303] [RX] AX12:MODE:0,TQ:1,TL:1023,CM:1,CS:4,MS:0,MT:800
[2026-09-08 18:03:30.403] [RX] PITCH:0.17,PID_OUT:41.61,INT:0.0000,EL:-4114,ER:-2899,VEL:0.0,MOT:1,TILT:25.0,TRIM:0.000,ATE:0,LATCH:0,TORQ:1,CR:0.0,FX1:1.00,FY1:-151.10,FX2:-6.00,FY2:-149.60,IK1:1,IK2:1,MOVE:0
[2026-09-08 18:03:30.403] [RX] SRV:1,37,0.8,0,1
[2026-09-08 18:03:30.502] [RX] PITCH:0.19,PID_OUT:40.57,INT:0.0000,EL:-4114,ER:-2899,VEL:0.0,MOT:1,TILT:25.0,TRIM:0.000,ATE:0,LATCH:0,TORQ:1,CR:0.0,FX1:1.00,FY1:-151.10,FX2:-6.00,FY2:-149.60,IK1:1,IK2:1,MOVE:0
[2026-09-08 18:03:30.608] [RX] PITCH:0.19,PID_OUT:39.76,INT:0.0000,EL:-4114,ER:-2899,VEL:0.0,MOT:1,TILT:25.0,TRIM:0.000,ATE:0,LATCH:0,TORQ:1,CR:0.0,FX1:1.00,FY1:-151.10,FX2:-6.00,FY2:-149.60,IK1:1,IK2:1,MOVE:0
[2026-09-08 18:03:30.703] [RX] PITCH:0.18,PID_OUT:40.82,INT:0.0000,EL:-4114,ER:-2899,VEL:0.0,MOT:1,TILT:25.0,TRIM:0.000,ATE:0,LATCH:0,TORQ:1,CR:0.0,FX1:1.00,FY1:-151.10,FX2:-6.00,FY2:-149.60,IK1:1,IK2:1,MOVE:0
[2026-09-08 18:03:30.807] [RX] PITCH:0.15,PID_OUT:42.81,INT:0.0000,EL:-4114,ER:-2899,VEL:0.0,MOT:1,TILT:25.0,TRIM:0.000,ATE:0,LATCH:0,TORQ:1,CR:0.0,FX1:1.00,FY1:-151.10,FX2:-6.00,FY2:-149.60,IK1:1,IK2:1,MOVE:0
[2026-09-08 18:03:30.818] [RX] AX12:MODE:0,TQ:1,TL:1023,CM:1,CS:4,MS:0,MT:800
[2026-09-08 18:03:30.904] [RX] PITCH:0.18,PID_OUT:40.53,INT:0.0000,EL:-4114,ER:-2899,VEL:0.0,MOT:1,TILT:25.0,TRIM:0.000,ATE:0,LATCH:0,TORQ:1,CR:0.0,FX1:1.00,FY1:-151.10,FX2:-6.00,FY2:-149.60,IK1:1,IK2:1,MOVE:0
[2026-09-08 18:03:31.004] [RX] PITCH:0.16,PID_OUT:42.28,INT:0.0000,EL:-4114,ER:-2899,VEL:0.0,MOT:1,TILT:25.0,TRIM:0.000,ATE:0,LATCH:0,TORQ:1,CR:0.0,FX1:1.00,FY1:-151.10,FX2:-6.00,FY2:-149.60,IK1:1,IK2:1,MOVE:0
[2026-09-08 18:03:31.105] [RX] PITCH:0.16,PID_OUT:42.83,INT:0.0000,EL:-4114,ER:-2899,VEL:0.0,MOT:1,TILT:25.0,TRIM:0.000,ATE:0,LATCH:0,TORQ:1,CR:0.0,FX1:1.00,FY1:-151.10,FX2:-6.00,FY2:-149.60,IK1:1,IK2:1,MOVE:0
[2026-09-08 18:03:31.203] [RX] PITCH:0.17,PID_OUT:41.52,INT:0.0000,EL:-4114,ER:-2899,VEL:0.0,MOT:1,TILT:25.0,TRIM:0.000,ATE:0,LATCH:0,TORQ:1,CR:0.0,FX1:1.00,FY1:-151.10,FX2:-6.00,FY2:-149.60,IK1:1,IK2:1,MOVE:0
[2026-09-08 18:03:31.307] [RX] PITCH:0.18,PID_OUT:41.28,INT:0.0000,EL:-4114,ER:-2899,VEL:0.0,MOT:1,TILT:25.0,TRIM:0.000,ATE:0,LATCH:0,TORQ:1,CR:0.0,FX1:1.00,FY1:-151.10,FX2:-6.00,FY2:-149.60,IK1:1,IK2:1,MOVE:0
[2026-09-08 18:03:31.315] [RX] AX12:MODE:0,TQ:1,TL:1023,CM:1,CS:4,MS:0,MT:800
[2026-09-08 18:03:31.405] [RX] PITCH:0.20,PID_OUT:39.45,INT:0.0000,EL:-4114,ER:-2899,VEL:0.0,MOT:1,TILT:25.0,TRIM:0.000,ATE:0,LATCH:0,TORQ:1,CR:0.0,FX1:1.00,FY1:-151.10,FX2:-6.00,FY2:-149.60,IK1:1,IK2:1,MOVE:0
[2026-09-08 18:03:31.407] [RX] SRV:6,43,0.0,0,0
[2026-09-08 18:03:31.502] [RX] PITCH:0.20,PID_OUT:39.86,INT:0.0000,EL:-4114,ER:-2899,VEL:0.0,MOT:1,TILT:25.0,TRIM:0.000,ATE:0,LATCH:0,TORQ:1,CR:0.0,FX1:1.00,FY1:-151.10,FX2:-6.00,FY2:-149.60,IK1:1,IK2:1,MOVE:0
[2026-09-08 18:03:31.603] [RX] PITCH:0.19,PID_OUT:39.89,INT:0.0000,EL:-4114,ER:-2899,VEL:0.0,MOT:1,TILT:25.0,TRIM:0.000,ATE:0,LATCH:0,TORQ:1,CR:0.0,FX1:1.00,FY1:-151.10,FX2:-6.00,FY2:-149.60,IK1:1,IK2:1,MOVE:0
[2026-09-08 18:03:31.701] [RX] PITCH:0.21,PID_OUT:38.99,INT:0.0000,EL:-4114,ER:-2899,VEL:0.0,MOT:1,TILT:25.0,TRIM:0.000,ATE:0,LATCH:0,TORQ:1,CR:0.0,FX1:1.00,FY1:-151.10,FX2:-6.00,FY2:-149.60,IK1:1,IK2:1,MOVE:0
[2026-09-08 18:03:31.809] [RX] PITCH:0.20,PID_OUT:39.72,INT:0.0000,EL:-4114,ER:-2899,VEL:0.0,MOT:1,TILT:25.0,TRIM:0.000,ATE:0,LATCH:0,TORQ:1,CR:0.0,FX1:1.00,FY1:-151.10,FX2:-6.00,FY2:-149.60,IK1:1,IK2:1,MOVE:0
[2026-09-08 18:03:31.809] [RX] AX12:MODE:0,TQ:1,TL:1023,CM:1,CS:4,MS:0,MT:800
[2026-09-08 18:03:31.856] [TX] M
[2026-09-08 18:03:31.905] [RX] PITCH:0.18,PID_OUT:41.24,INT:0.0000,EL:-4114,ER:-2899,VEL:0.0,MOT:1,TILT:25.0,TRIM:0.000,ATE:0,LATCH:0,TORQ:1,CR:0.0,FX1:1.00,FY1:-151.10,FX2:-6.00,FY2:-149.60,IK1:1,IK2:1,MOVE:0
[2026-09-08 18:03:31.908] [RX] Motors DISABLED
--------------------------------------------------------------------------------
[2026-09-08 18:03:31.908] [SYS] Session Stopped: Motors DISABLED
Total Duration: 103.92s | Total Lines Captured: 1378
================================================================================
