================================================================================
SERIAL MONITOR BACKUP LOG
Port: COM13 | Baud: 115200
Session Started: 2026-09-09 18:12:32
Trigger Reason: Motors ENABLED
Last IMU Calibration: Offset: -0.9764° (calibrated at 2026-09-09 18:12:27)
Active FW Parameters: pitchOffset=-0.9764
================================================================================
[Timestamp]                [Dir]  Payload
--------------------------------------------------------------------------------
[2026-09-09 18:12:32.130] [RX] Motors ENABLED
[2026-09-09 18:12:32.146] [RX] PITCH:-1.02,PID_OUT:0.00,INT:0.0000,EL:-62,ER:13,VEL:0.0,MOT:1,TILT:25.0,TRIM:0.000,ATE:1,LATCH:0,TORQ:1,CR:0.0,FX1:1.00,FY1:-151.10,FX2:-6.00,FY2:-149.60,IK1:1,IK2:1,MOVE:0
[2026-09-09 18:12:32.244] [RX] PITCH:-0.63,PID_OUT:60.47,INT:0.0884,EL:4,ER:-10,VEL:83.1,MOT:1,TILT:25.0,TRIM:-0.253,ATE:1,LATCH:0,TORQ:1,CR:0.0,FX1:1.00,FY1:-151.10,FX2:-6.00,FY2:-149.60,IK1:1,IK2:1,MOVE:0
[2026-09-09 18:12:32.344] [RX] PITCH:-0.43,PID_OUT:18.98,INT:0.0850,EL:7,ER:-59,VEL:304.4,MOT:1,TILT:25.0,TRIM:-0.937,ATE:1,LATCH:0,TORQ:1,CR:0.0,FX1:1.00,FY1:-151.10,FX2:-6.00,FY2:-149.60,IK1:1,IK2:1,MOVE:0
[2026-09-09 18:12:32.446] [RX] PITCH:-0.88,PID_OUT:104.09,INT:0.0833,EL:7,ER:-80,VEL:105.2,MOT:1,TILT:25.0,TRIM:-0.372,ATE:1,LATCH:0,TORQ:1,CR:0.0,FX1:1.00,FY1:-151.10,FX2:-6.00,FY2:-149.60,IK1:1,IK2:1,MOVE:0
[2026-09-09 18:12:32.453] [RX] AX12:MODE:0,TQ:1,TL:1023,CM:1,CS:4,MS:0,MT:800
[2026-09-09 18:12:32.544] [RX] PITCH:-0.69,PID_OUT:84.56,INT:0.0985,EL:10,ER:-96,VEL:98.6,MOT:1,TILT:25.0,TRIM:-0.367,ATE:1,LATCH:0,TORQ:1,CR:0.0,FX1:1.00,FY1:-151.10,FX2:-6.00,FY2:-149.60,IK1:1,IK2:1,MOVE:0
[2026-09-09 18:12:32.547] [RX] SRV:1,42,5.5,0,0
[2026-09-09 18:12:32.646] [RX] PITCH:-0.84,PID_OUT:101.39,INT:0.0985,EL:16,ER:-115,VEL:116.6,MOT:1,TILT:25.0,TRIM:-0.438,ATE:1,LATCH:0,TORQ:1,CR:0.0,FX1:1.00,FY1:-151.10,FX2:-6.00,FY2:-149.60,IK1:1,IK2:1,MOVE:0
[2026-09-09 18:12:32.743] [RX] PITCH:-1.05,PID_OUT:65.41,INT:0.0985,EL:25,ER:-143,VEL:178.3,MOT:1,TILT:25.0,TRIM:-0.646,ATE:1,LATCH:0,TORQ:1,CR:0.0,FX1:1.00,FY1:-151.10,FX2:-6.00,FY2:-149.60,IK1:1,IK2:1,MOVE:0
[2026-09-09 18:12:32.843] [RX] PITCH:-1.25,PID_OUT:53.09,INT:0.0985,EL:33,ER:-171,VEL:184.3,MOT:1,TILT:25.0,TRIM:-0.690,ATE:1,LATCH:0,TORQ:1,CR:0.0,FX1:1.00,FY1:-151.10,FX2:-6.00,FY2:-149.60,IK1:1,IK2:1,MOVE:0
[2026-09-09 18:12:32.951] [RX] PITCH:-0.51,PID_OUT:-18.13,INT:0.0982,EL:37,ER:-195,VEL:123.2,MOT:1,TILT:25.0,TRIM:-0.533,ATE:1,LATCH:0,TORQ:1,CR:0.0,FX1:1.00,FY1:-151.10,FX2:-6.00,FY2:-149.60,IK1:1,IK2:1,MOVE:0
[2026-09-09 18:12:32.954] [RX] AX12:MODE:0,TQ:1,TL:1023,CM:1,CS:4,MS:0,MT:800
[2026-09-09 18:12:33.043] [RX] PITCH:0.84,PID_OUT:-91.31,INT:0.0378,EL:19,ER:-200,VEL:-48.6,MOT:1,TILT:25.0,TRIM:-0.023,ATE:1,LATCH:0,TORQ:1,CR:0.0,FX1:1.00,FY1:-151.10,FX2:-6.00,FY2:-149.60,IK1:1,IK2:1,MOVE:0
[2026-09-09 18:12:33.144] [RX] PITCH:1.70,PID_OUT:-143.53,INT:-0.0797,EL:-8,ER:-194,VEL:-152.7,MOT:1,TILT:25.0,TRIM:0.306,ATE:1,LATCH:0,TORQ:1,CR:0.0,FX1:1.00,FY1:-151.10,FX2:-6.00,FY2:-149.60,IK1:1,IK2:1,MOVE:0
[2026-09-09 18:12:33.242] [RX] PITCH:0.59,PID_OUT:-36.78,INT:-0.0983,EL:-45,ER:-178,VEL:-241.9,MOT:1,TILT:25.0,TRIM:0.605,ATE:1,LATCH:0,TORQ:1,CR:0.0,FX1:1.00,FY1:-151.10,FX2:-6.00,FY2:-149.60,IK1:1,IK2:1,MOVE:0
[2026-09-09 18:12:33.342] [RX] PITCH:1.06,PID_OUT:-59.52,INT:-0.0985,EL:-82,ER:-166,VEL:-246.9,MOT:1,TILT:25.0,TRIM:0.657,ATE:1,LATCH:0,TORQ:1,CR:0.0,FX1:1.00,FY1:-151.10,FX2:-6.00,FY2:-149.60,IK1:1,IK2:1,MOVE:0
[2026-09-09 18:12:33.453] [RX] PITCH:0.49,PID_OUT:5.50,INT:-0.0985,EL:-108,ER:-156,VEL:-174.8,MOT:1,TILT:25.0,TRIM:0.473,ATE:1,LATCH:0,TORQ:1,CR:0.0,FX1:1.00,FY1:-151.10,FX2:-6.00,FY2:-149.60,IK1:1,IK2:1,MOVE:0
[2026-09-09 18:12:33.453] [RX] AX12:MODE:0,TQ:1,TL:1023,CM:1,CS:4,MS:0,MT:800
[2026-09-09 18:12:33.542] [RX] PITCH:-1.01,PID_OUT:90.88,INT:-0.0421,EL:-112,ER:-162,VEL:-24.2,MOT:1,TILT:25.0,TRIM:0.033,ATE:1,LATCH:0,TORQ:1,CR:0.0,FX1:1.00,FY1:-151.10,FX2:-6.00,FY2:-149.60,IK1:1,IK2:1,MOVE:0
[2026-09-09 18:12:33.545] [RX] SRV:6,35,0.0,0,0
[2026-09-09 18:12:33.641] [RX] PITCH:-1.73,PID_OUT:138.15,INT:0.0916,EL:-105,ER:-178,VEL:102.6,MOT:1,TILT:25.0,TRIM:-0.354,ATE:1,LATCH:0,TORQ:1,CR:0.0,FX1:1.00,FY1:-151.10,FX2:-6.00,FY2:-149.60,IK1:1,IK2:1,MOVE:0
[2026-09-09 18:12:33.742] [RX] PITCH:-1.28,PID_OUT:34.04,INT:0.0985,EL:-87,ER:-206,VEL:206.7,MOT:1,TILT:25.0,TRIM:-0.692,ATE:1,LATCH:0,TORQ:1,CR:0.0,FX1:1.00,FY1:-151.10,FX2:-6.00,FY2:-149.60,IK1:1,IK2:1,MOVE:0
[2026-09-09 18:12:33.837] [RX] PITCH:-0.83,PID_OUT:-17.26,INT:0.0985,EL:-74,ER:-227,VEL:162.9,MOT:1,TILT:25.0,TRIM:-0.590,ATE:1,LATCH:0,TORQ:1,CR:0.0,FX1:1.00,FY1:-151.10,FX2:-6.00,FY2:-149.60,IK1:1,IK2:1,MOVE:0
[2026-09-09 18:12:33.951] [RX] PITCH:0.58,PID_OUT:-75.41,INT:0.0685,EL:-91,ER:-235,VEL:-27.7,MOT:1,TILT:25.0,TRIM:-0.027,ATE:1,LATCH:0,TORQ:1,CR:0.0,FX1:1.00,FY1:-151.10,FX2:-6.00,FY2:-149.60,IK1:1,IK2:1,MOVE:0
[2026-09-09 18:12:33.953] [RX] AX12:MODE:0,TQ:1,TL:1023,CM:1,CS:4,MS:0,MT:800
[2026-09-09 18:12:34.040] [RX] PITCH:2.00,PID_OUT:-158.37,INT:-0.0408,EL:-122,ER:-234,VEL:-110.1,MOT:1,TILT:25.0,TRIM:0.237,ATE:1,LATCH:0,TORQ:1,CR:0.0,FX1:1.00,FY1:-151.10,FX2:-6.00,FY2:-149.60,IK1:1,IK2:1,MOVE:0
[2026-09-09 18:12:34.141] [RX] PITCH:0.81,PID_OUT:-18.42,INT:-0.0985,EL:-159,ER:-218,VEL:-244.8,MOT:1,TILT:25.0,TRIM:0.669,ATE:1,LATCH:0,TORQ:1,CR:0.0,FX1:1.00,FY1:-151.10,FX2:-6.00,FY2:-149.60,IK1:1,IK2:1,MOVE:0
[2026-09-09 18:12:34.240] [RX] PITCH:0.49,PID_OUT:-18.93,INT:-0.0879,EL:-185,ER:-205,VEL:-207.3,MOT:1,TILT:25.0,TRIM:0.589,ATE:1,LATCH:0,TORQ:1,CR:0.0,FX1:1.00,FY1:-151.10,FX2:-6.00,FY2:-149.60,IK1:1,IK2:1,MOVE:0
[2026-09-09 18:12:34.343] [RX] PITCH:0.16,PID_OUT:2.92,INT:-0.0727,EL:-207,ER:-198,VEL:-144.2,MOT:1,TILT:25.0,TRIM:0.427,ATE:1,LATCH:0,TORQ:1,CR:0.0,FX1:1.00,FY1:-151.10,FX2:-6.00,FY2:-149.60,IK1:1,IK2:1,MOVE:0
[2026-09-09 18:12:34.445] [RX] PITCH:-0.37,PID_OUT:40.03,INT:-0.0394,EL:-207,ER:-196,VEL:-35.0,MOT:1,TILT:25.0,TRIM:0.110,ATE:1,LATCH:0,TORQ:1,CR:0.0,FX1:1.00,FY1:-151.10,FX2:-6.00,FY2:-149.60,IK1:1,IK2:1,MOVE:0
[2026-09-09 18:12:34.451] [RX] AX12:MODE:0,TQ:1,TL:1023,CM:1,CS:4,MS:0,MT:800
[2026-09-09 18:12:34.543] [RX] PITCH:-1.59,PID_OUT:137.39,INT:0.0586,EL:-204,ER:-203,VEL:43.2,MOT:1,TILT:25.0,TRIM:-0.125,ATE:1,LATCH:0,TORQ:1,CR:0.0,FX1:1.00,FY1:-151.10,FX2:-6.00,FY2:-149.60,IK1:1,IK2:1,MOVE:0
[2026-09-09 18:12:34.544] [RX] SRV:0,34,0.0,0,0
[2026-09-09 18:12:34.638] [RX] PITCH:-0.71,PID_OUT:14.19,INT:0.0985,EL:-192,ER:-230,VEL:172.3,MOT:1,TILT:25.0,TRIM:-0.531,ATE:1,LATCH:0,TORQ:1,CR:0.0,FX1:1.00,FY1:-151.10,FX2:-6.00,FY2:-149.60,IK1:1,IK2:1,MOVE:0
[2026-09-09 18:12:34.738] [RX] PITCH:-0.04,PID_OUT:35.41,INT:0.0647,EL:-187,ER:-244,VEL:115.4,MOT:1,TILT:25.0,TRIM:-0.379,ATE:1,LATCH:0,TORQ:1,CR:0.0,FX1:1.00,FY1:-151.10,FX2:-6.00,FY2:-149.60,IK1:1,IK2:1,MOVE:0
[2026-09-09 18:12:34.838] [RX] PITCH:-1.75,PID_OUT:114.99,INT:0.0985,EL:-183,ER:-260,VEL:110.5,MOT:1,TILT:25.0,TRIM:-0.380,ATE:1,LATCH:0,TORQ:1,CR:0.0,FX1:1.00,FY1:-151.10,FX2:-6.00,FY2:-149.60,IK1:1,IK2:1,MOVE:0
[2026-09-09 18:12:34.945] [RX] PITCH:-1.20,PID_OUT:-82.75,INT:0.0985,EL:-178,ER:-284,VEL:119.8,MOT:1,TILT:25.0,TRIM:-0.429,ATE:1,LATCH:0,TORQ:1,CR:0.0,FX1:1.00,FY1:-151.10,FX2:-6.00,FY2:-149.60,IK1:1,IK2:1,MOVE:0
[2026-09-09 18:12:34.950] [RX] AX12:MODE:0,TQ:1,TL:1023,CM:1,CS:4,MS:0,MT:800
[2026-09-09 18:12:35.038] [RX] PITCH:1.74,PID_OUT:-244.31,INT:0.0664,EL:-207,ER:-288,VEL:-83.7,MOT:1,TILT:25.0,TRIM:0.183,ATE:1,LATCH:0,TORQ:1,CR:0.0,FX1:1.00,FY1:-151.10,FX2:-6.00,FY2:-149.60,IK1:1,IK2:1,MOVE:0
[2026-09-09 18:12:35.139] [RX] PITCH:3.28,PID_OUT:-161.82,INT:-0.0985,EL:-244,ER:-257,VEL:-311.1,MOT:1,TILT:25.0,TRIM:0.897,ATE:1,LATCH:0,TORQ:1,CR:0.0,FX1:1.00,FY1:-151.10,FX2:-6.00,FY2:-149.60,IK1:1,IK2:1,MOVE:0
[2026-09-09 18:12:35.237] [RX] PITCH:2.73,PID_OUT:48.27,INT:-0.0985,EL:-291,ER:-217,VEL:-396.0,MOT:1,TILT:25.0,TRIM:1.210,ATE:1,LATCH:0,TORQ:1,CR:0.0,FX1:1.00,FY1:-151.10,FX2:-6.00,FY2:-149.60,IK1:1,IK2:1,MOVE:0
[2026-09-09 18:12:35.339] [RX] PITCH:-0.68,PID_OUT:149.52,INT:-0.0498,EL:-319,ER:-197,VEL:-230.4,MOT:1,TILT:25.0,TRIM:0.763,ATE:1,LATCH:0,TORQ:1,CR:0.0,FX1:1.00,FY1:-151.10,FX2:-6.00,FY2:-149.60,IK1:1,IK2:1,MOVE:0
[2026-09-09 18:12:35.449] [RX] PITCH:-0.96,PID_OUT:138.34,INT:0.0570,EL:-318,ER:-210,VEL:26.6,MOT:1,TILT:25.0,TRIM:0.003,ATE:1,LATCH:0,TORQ:1,CR:0.0,FX1:1.00,FY1:-151.10,FX2:-6.00,FY2:-149.60,IK1:1,IK2:1,MOVE:0
[2026-09-09 18:12:35.449] [RX] AX12:MODE:0,TQ:1,TL:1023,CM:1,CS:4,MS:0,MT:800
[2026-09-09 18:12:35.539] [RX] PITCH:-1.21,PID_OUT:88.03,INT:0.0985,EL:-307,ER:-230,VEL:143.8,MOT:1,TILT:25.0,TRIM:-0.362,ATE:1,LATCH:0,TORQ:1,CR:0.0,FX1:1.00,FY1:-151.10,FX2:-6.00,FY2:-149.60,IK1:1,IK2:1,MOVE:0
[2026-09-09 18:12:35.540] [RX] SRV:14,35,0.0,0,0
[2026-09-09 18:12:35.637] [RX] PITCH:-1.16,PID_OUT:105.79,INT:0.0985,EL:-292,ER:-256,VEL:182.2,MOT:1,TILT:25.0,TRIM:-0.504,ATE:1,LATCH:0,TORQ:1,CR:0.0,FX1:1.00,FY1:-151.10,FX2:-6.00,FY2:-149.60,IK1:1,IK2:1,MOVE:0
[2026-09-09 18:12:35.737] [RX] PITCH:-1.20,PID_OUT:91.10,INT:0.0985,EL:-276,ER:-283,VEL:206.0,MOT:1,TILT:25.0,TRIM:-0.606,ATE:1,LATCH:0,TORQ:1,CR:0.0,FX1:1.00,FY1:-151.10,FX2:-6.00,FY2:-149.60,IK1:1,IK2:1,MOVE:0
[2026-09-09 18:12:35.835] [RX] PITCH:-1.44,PID_OUT:104.77,INT:0.0985,EL:-259,ER:-315,VEL:233.8,MOT:1,TILT:25.0,TRIM:-0.723,ATE:1,LATCH:0,TORQ:1,CR:0.0,FX1:1.00,FY1:-151.10,FX2:-6.00,FY2:-149.60,IK1:1,IK2:1,MOVE:0
[2026-09-09 18:12:35.936] [RX] PITCH:-1.80,PID_OUT:72.90,INT:0.0985,EL:-239,ER:-347,VEL:260.5,MOT:1,TILT:25.0,TRIM:-0.840,ATE:1,LATCH:0,TORQ:1,CR:0.0,FX1:1.00,FY1:-151.10,FX2:-6.00,FY2:-149.60,IK1:1,IK2:1,MOVE:0
[2026-09-09 18:12:35.945] [RX] AX12:MODE:0,TQ:1,TL:1023,CM:1,CS:4,MS:0,MT:800
[2026-09-09 18:12:36.035] [RX] PITCH:-1.72,PID_OUT:-11.29,INT:0.0985,EL:-220,ER:-379,VEL:248.0,MOT:1,TILT:25.0,TRIM:-0.842,ATE:1,LATCH:0,TORQ:1,CR:0.0,FX1:1.00,FY1:-151.10,FX2:-6.00,FY2:-149.60,IK1:1,IK2:1,MOVE:0
[2026-09-09 18:12:36.137] [RX] PITCH:0.93,PID_OUT:-167.00,INT:0.0579,EL:-223,ER:-395,VEL:99.6,MOT:1,TILT:25.0,TRIM:-0.419,ATE:1,LATCH:0,TORQ:1,CR:0.0,FX1:1.00,FY1:-151.10,FX2:-6.00,FY2:-149.60,IK1:1,IK2:1,MOVE:0
[2026-09-09 18:12:36.233] [RX] PITCH:1.50,PID_OUT:-84.68,INT:-0.0985,EL:-248,ER:-385,VEL:-139.4,MOT:1,TILT:25.0,TRIM:0.304,ATE:1,LATCH:0,TORQ:1,CR:0.0,FX1:1.00,FY1:-151.10,FX2:-6.00,FY2:-149.60,IK1:1,IK2:1,MOVE:0
[2026-09-09 18:12:36.334] [RX] PITCH:0.12,PID_OUT:-28.94,INT:-0.0832,EL:-279,ER:-368,VEL:-215.9,MOT:1,TILT:25.0,TRIM:0.563,ATE:1,LATCH:0,TORQ:1,CR:0.0,FX1:1.00,FY1:-151.10,FX2:-6.00,FY2:-149.60,IK1:1,IK2:1,MOVE:0
[2026-09-09 18:12:36.440] [RX] PITCH:1.65,PID_OUT:-136.03,INT:-0.0985,EL:-314,ER:-355,VEL:-237.9,MOT:1,TILT:25.0,TRIM:0.663,ATE:1,LATCH:0,TORQ:1,CR:0.0,FX1:1.00,FY1:-151.10,FX2:-6.00,FY2:-149.60,IK1:1,IK2:1,MOVE:0
[2026-09-09 18:12:36.447] [RX] AX12:MODE:0,TQ:1,TL:1023,CM:1,CS:4,MS:0,MT:800
[2026-09-09 18:12:36.538] [RX] PITCH:0.98,PID_OUT:-25.14,INT:-0.0985,EL:-351,ER:-337,VEL:-265.4,MOT:1,TILT:25.0,TRIM:0.784,ATE:1,LATCH:0,TORQ:1,CR:0.0,FX1:1.00,FY1:-151.10,FX2:-6.00,FY2:-149.60,IK1:1,IK2:1,MOVE:0
[2026-09-09 18:12:36.538] [RX] SRV:1,42,5.5,0,0
[2026-09-09 18:12:36.635] [RX] PITCH:0.47,PID_OUT:2.46,INT:-0.0902,EL:-378,ER:-322,VEL:-209.8,MOT:1,TILT:25.0,TRIM:0.654,ATE:1,LATCH:0,TORQ:1,CR:0.0,FX1:1.00,FY1:-151.10,FX2:-6.00,FY2:-149.60,IK1:1,IK2:1,MOVE:0
[2026-09-09 18:12:36.733] [RX] PITCH:-0.22,PID_OUT:22.33,INT:-0.0553,EL:-389,ER:-326,VEL:-50.1,MOT:1,TILT:25.0,TRIM:0.193,ATE:1,LATCH:0,TORQ:1,CR:0.0,FX1:1.00,FY1:-151.10,FX2:-6.00,FY2:-149.60,IK1:1,IK2:1,MOVE:0
[2026-09-09 18:12:36.832] [RX] PITCH:-0.54,PID_OUT:42.21,INT:0.0026,EL:-393,ER:-332,VEL:-5.0,MOT:1,TILT:25.0,TRIM:0.060,ATE:1,LATCH:0,TORQ:1,CR:0.0,FX1:1.00,FY1:-151.10,FX2:-6.00,FY2:-149.60,IK1:1,IK2:1,MOVE:0
[2026-09-09 18:12:36.939] [RX] PITCH:-0.74,PID_OUT:110.14,INT:0.0678,EL:-392,ER:-332,VEL:3.6,MOT:1,TILT:25.0,TRIM:0.034,ATE:1,LATCH:0,TORQ:1,CR:0.0,FX1:1.00,FY1:-151.10,FX2:-6.00,FY2:-149.60,IK1:1,IK2:1,MOVE:0
[2026-09-09 18:12:36.943] [RX] AX12:MODE:0,TQ:1,TL:1023,CM:1,CS:4,MS:0,MT:800
[2026-09-09 18:12:37.032] [RX] PITCH:-0.53,PID_OUT:74.52,INT:0.0985,EL:-386,ER:-351,VEL:110.0,MOT:1,TILT:25.0,TRIM:-0.294,ATE:1,LATCH:0,TORQ:1,CR:0.0,FX1:1.00,FY1:-151.10,FX2:-6.00,FY2:-149.60,IK1:1,IK2:1,MOVE:0
[2026-09-09 18:12:37.134] [RX] PITCH:-0.86,PID_OUT:103.25,INT:0.0985,EL:-378,ER:-374,VEL:147.8,MOT:1,TILT:25.0,TRIM:-0.428,ATE:1,LATCH:0,TORQ:1,CR:0.0,FX1:1.00,FY1:-151.10,FX2:-6.00,FY2:-149.60,IK1:1,IK2:1,MOVE:0
[2026-09-09 18:12:37.231] [RX] PITCH:-1.17,PID_OUT:93.67,INT:0.0985,EL:-366,ER:-399,VEL:180.5,MOT:1,TILT:25.0,TRIM:-0.551,ATE:1,LATCH:0,TORQ:1,CR:0.0,FX1:1.00,FY1:-151.10,FX2:-6.00,FY2:-149.60,IK1:1,IK2:1,MOVE:0
[2026-09-09 18:12:37.333] [RX] PITCH:-1.60,PID_OUT:57.78,INT:0.0985,EL:-350,ER:-427,VEL:214.4,MOT:1,TILT:25.0,TRIM:-0.683,ATE:1,LATCH:0,TORQ:1,CR:0.0,FX1:1.00,FY1:-151.10,FX2:-6.00,FY2:-149.60,IK1:1,IK2:1,MOVE:0
[2026-09-09 18:12:37.433] [RX] PITCH:-0.59,PID_OUT:-39.94,INT:0.0985,EL:-342,ER:-451,VEL:140.6,MOT:1,TILT:25.0,TRIM:-0.492,ATE:1,LATCH:0,TORQ:1,CR:0.0,FX1:1.00,FY1:-151.10,FX2:-6.00,FY2:-149.60,IK1:1,IK2:1,MOVE:0
[2026-09-09 18:12:37.441] [RX] AX12:MODE:0,TQ:1,TL:1023,CM:1,CS:4,MS:0,MT:800
[2026-09-09 18:12:37.531] [RX] PITCH:1.27,PID_OUT:-90.95,INT:-0.0072,EL:-361,ER:-458,VEL:-54.2,MOT:1,TILT:25.0,TRIM:0.085,ATE:1,LATCH:0,TORQ:1,CR:0.0,FX1:1.00,FY1:-151.10,FX2:-6.00,FY2:-149.60,IK1:1,IK2:1,MOVE:0
[2026-09-09 18:12:37.534] [RX] SRV:6,35,0.0,0,0
[2026-09-09 18:12:37.632] [RX] PITCH:0.43,PID_OUT:-35.43,INT:-0.0603,EL:-387,ER:-457,VEL:-106.0,MOT:1,TILT:25.0,TRIM:0.257,ATE:1,LATCH:0,TORQ:1,CR:0.0,FX1:1.00,FY1:-151.10,FX2:-6.00,FY2:-149.60,IK1:1,IK2:1,MOVE:0
[2026-09-09 18:12:37.732] [RX] PITCH:0.38,PID_OUT:-12.80,INT:-0.0596,EL:-418,ER:-457,VEL:-136.9,MOT:1,TILT:25.0,TRIM:0.370,ATE:1,LATCH:0,TORQ:1,CR:0.0,FX1:1.00,FY1:-151.10,FX2:-6.00,FY2:-149.60,IK1:1,IK2:1,MOVE:0
[2026-09-09 18:12:37.830] [RX] PITCH:0.22,PID_OUT:1.51,INT:-0.0560,EL:-437,ER:-457,VEL:-86.7,MOT:1,TILT:25.0,TRIM:0.238,ATE:1,LATCH:0,TORQ:1,CR:0.0,FX1:1.00,FY1:-151.10,FX2:-6.00,FY2:-149.60,IK1:1,IK2:1,MOVE:0
[2026-09-09 18:12:37.932] [RX] PITCH:-0.68,PID_OUT:30.33,INT:-0.0590,EL:-445,ER:-506,VEL:181.8,MOT:1,TILT:25.0,TRIM:-0.576,ATE:1,LATCH:0,TORQ:1,CR:0.0,FX1:1.00,FY1:-151.10,FX2:-6.00,FY2:-149.60,IK1:1,IK2:1,MOVE:0
[2026-09-09 18:12:37.942] [RX] AX12:MODE:0,TQ:1,TL:1023,CM:1,CS:4,MS:0,MT:800
[2026-09-09 18:12:38.031] [RX] PITCH:-3.04,PID_OUT:145.58,INT:0.0822,EL:-443,ER:-546,VEL:157.0,MOT:1,TILT:25.0,TRIM:-0.535,ATE:1,LATCH:0,TORQ:1,CR:0.0,FX1:1.00,FY1:-151.10,FX2:-6.00,FY2:-149.60,IK1:1,IK2:1,MOVE:0
[2026-09-09 18:12:38.129] [RX] PITCH:0.50,PID_OUT:-42.77,INT:0.0545,EL:-443,ER:-567,VEL:98.5,MOT:1,TILT:25.0,TRIM:-0.380,ATE:1,LATCH:0,TORQ:1,CR:0.0,FX1:1.00,FY1:-151.10,FX2:-6.00,FY2:-149.60,IK1:1,IK2:1,MOVE:0
[2026-09-09 18:12:38.229] [RX] PITCH:-0.05,PID_OUT:-16.11,INT:0.0343,EL:-463,ER:-583,VEL:-15.9,MOT:1,TILT:25.0,TRIM:-0.044,ATE:1,LATCH:0,TORQ:1,CR:0.0,FX1:1.00,FY1:-151.10,FX2:-6.00,FY2:-149.60,IK1:1,IK2:1,MOVE:0
[2026-09-09 18:12:38.330] [RX] PITCH:0.17,PID_OUT:-63.60,INT:0.0156,EL:-463,ER:-597,VEL:49.9,MOT:1,TILT:25.0,TRIM:-0.246,ATE:1,LATCH:0,TORQ:1,CR:0.0,FX1:1.00,FY1:-151.10,FX2:-6.00,FY2:-149.60,IK1:1,IK2:1,MOVE:0
[2026-09-09 18:12:38.430] [RX] PITCH:0.16,PID_OUT:-36.78,INT:-0.0145,EL:-482,ER:-600,VEL:-53.9,MOT:1,TILT:25.0,TRIM:0.069,ATE:1,LATCH:0,TORQ:1,CR:0.0,FX1:1.00,FY1:-151.10,FX2:-6.00,FY2:-149.60,IK1:1,IK2:1,MOVE:0
[2026-09-09 18:12:38.437] [RX] AX12:MODE:0,TQ:1,TL:1023,CM:1,CS:4,MS:0,MT:800
[2026-09-09 18:12:38.533] [RX] PITCH:0.88,PID_OUT:-93.61,INT:-0.0702,EL:-489,ER:-598,VEL:-72.8,MOT:1,TILT:25.0,TRIM:0.130,ATE:1,LATCH:0,TORQ:1,CR:0.0,FX1:1.00,FY1:-151.10,FX2:-6.00,FY2:-149.60,IK1:1,IK2:1,MOVE:0
[2026-09-09 18:12:38.533] [RX] SRV:0,35,0.0,0,1
[2026-09-09 18:12:38.628] [RX] PITCH:0.20,PID_OUT:-30.28,INT:-0.0963,EL:-514,ER:-591,VEL:-162.3,MOT:1,TILT:25.0,TRIM:0.415,ATE:1,LATCH:0,TORQ:1,CR:0.0,FX1:1.00,FY1:-151.10,FX2:-6.00,FY2:-149.60,IK1:1,IK2:1,MOVE:0
[2026-09-09 18:12:38.728] [RX] PITCH:0.06,PID_OUT:1.20,INT:-0.0528,EL:-553,ER:-586,VEL:-236.8,MOT:1,TILT:25.0,TRIM:0.666,ATE:1,LATCH:0,TORQ:1,CR:0.0,FX1:1.00,FY1:-151.10,FX2:-6.00,FY2:-149.60,IK1:1,IK2:1,MOVE:0
[2026-09-09 18:12:38.829] [RX] PITCH:0.45,PID_OUT:-15.10,INT:-0.0183,EL:-594,ER:-586,VEL:-218.4,MOT:1,TILT:25.0,TRIM:0.643,ATE:1,LATCH:0,TORQ:1,CR:0.0,FX1:1.00,FY1:-151.10,FX2:-6.00,FY2:-149.60,IK1:1,IK2:1,MOVE:0
[2026-09-09 18:12:38.937] [RX] PITCH:0.69,PID_OUT:-17.42,INT:-0.0036,EL:-644,ER:-586,VEL:-230.7,MOT:1,TILT:25.0,TRIM:0.716,ATE:1,LATCH:0,TORQ:1,CR:0.0,FX1:1.00,FY1:-151.10,FX2:-6.00,FY2:-149.60,IK1:1,IK2:1,MOVE:0
[2026-09-09 18:12:38.937] [RX] AX12:MODE:0,TQ:1,TL:1023,CM:1,CS:4,MS:0,MT:800
[2026-09-09 18:12:39.027] [RX] PITCH:0.87,PID_OUT:-14.21,INT:0.0057,EL:-704,ER:-586,VEL:-272.5,MOT:1,TILT:25.0,TRIM:0.883,ATE:1,LATCH:0,TORQ:1,CR:0.0,FX1:1.00,FY1:-151.10,FX2:-6.00,FY2:-149.60,IK1:1,IK2:1,MOVE:0
[2026-09-09 18:12:39.128] [RX] PITCH:1.10,PID_OUT:-17.25,INT:0.0086,EL:-773,ER:-586,VEL:-333.9,MOT:1,TILT:25.0,TRIM:1.114,ATE:1,LATCH:0,TORQ:1,CR:0.0,FX1:1.00,FY1:-151.10,FX2:-6.00,FY2:-149.60,IK1:1,IK2:1,MOVE:0
[2026-09-09 18:12:39.229] [RX] PITCH:1.45,PID_OUT:-24.55,INT:0.0131,EL:-863,ER:-586,VEL:-433.4,MOT:1,TILT:25.0,TRIM:1.471,ATE:1,LATCH:0,TORQ:1,CR:0.0,FX1:1.00,FY1:-151.10,FX2:-6.00,FY2:-149.60,IK1:1,IK2:1,MOVE:0
[2026-09-09 18:12:39.325] [RX] PITCH:2.09,PID_OUT:-92.61,INT:-0.0019,EL:-959,ER:-586,VEL:-456.8,MOT:1,TILT:25.0,TRIM:1.611,ATE:1,LATCH:0,TORQ:1,CR:0.0,FX1:1.00,FY1:-151.10,FX2:-6.00,FY2:-149.60,IK1:1,IK2:1,MOVE:0
[2026-09-09 18:12:39.428] [RX] PITCH:1.95,PID_OUT:-75.81,INT:-0.0985,EL:-980,ER:-579,VEL:-229.1,MOT:1,TILT:25.0,TRIM:0.968,ATE:1,LATCH:0,TORQ:1,CR:0.0,FX1:1.00,FY1:-151.10,FX2:-6.00,FY2:-149.60,IK1:1,IK2:1,MOVE:0
[2026-09-09 18:12:39.441] [RX] AX12:MODE:0,TQ:1,TL:1023,CM:1,CS:4,MS:0,MT:800
[2026-09-09 18:12:39.525] [RX] PITCH:0.47,PID_OUT:-12.92,INT:-0.0783,EL:-1010,ER:-568,VEL:-197.3,MOT:1,TILT:25.0,TRIM:0.907,ATE:1,LATCH:0,TORQ:1,CR:0.0,FX1:1.00,FY1:-151.10,FX2:-6.00,FY2:-149.60,IK1:1,IK2:1,MOVE:0
[2026-09-09 18:12:39.529] [RX] SRV:14,35,0.0,0,0
[2026-09-09 18:12:39.626] [RX] PITCH:1.08,PID_OUT:-100.75,INT:-0.0560,EL:-1039,ER:-563,VEL:-165.7,MOT:1,TILT:25.0,TRIM:0.840,ATE:1,LATCH:0,TORQ:1,CR:0.0,FX1:1.00,FY1:-151.10,FX2:-6.00,FY2:-149.60,IK1:1,IK2:1,MOVE:0
[2026-09-09 18:12:39.725] [RX] PITCH:1.31,PID_OUT:-84.60,INT:-0.0985,EL:-1067,ER:-555,VEL:-178.2,MOT:1,TILT:25.0,TRIM:0.903,ATE:1,LATCH:0,TORQ:1,CR:0.0,FX1:1.00,FY1:-151.10,FX2:-6.00,FY2:-149.60,IK1:1,IK2:1,MOVE:0
[2026-09-09 18:12:39.825] [RX] PITCH:0.97,PID_OUT:-61.92,INT:-0.0975,EL:-1103,ER:-546,VEL:-218.6,MOT:1,TILT:25.0,TRIM:1.055,ATE:1,LATCH:0,TORQ:1,CR:0.0,FX1:1.00,FY1:-151.10,FX2:-6.00,FY2:-149.60,IK1:1,IK2:1,MOVE:0
[2026-09-09 18:12:39.924] [RX] PITCH:1.18,PID_OUT:-71.49,INT:-0.0898,EL:-1137,ER:-538,VEL:-211.4,MOT:1,TILT:25.0,TRIM:1.066,ATE:1,LATCH:0,TORQ:1,CR:0.0,FX1:1.00,FY1:-151.10,FX2:-6.00,FY2:-149.60,IK1:1,IK2:1,MOVE:0
[2026-09-09 18:12:39.935] [RX] AX12:MODE:0,TQ:1,TL:1023,CM:1,CS:4,MS:0,MT:800
[2026-09-09 18:12:40.023] [RX] PITCH:1.00,PID_OUT:-31.61,INT:-0.0976,EL:-1168,ER:-528,VEL:-206.6,MOT:1,TILT:25.0,TRIM:1.082,ATE:1,LATCH:0,TORQ:1,CR:0.0,FX1:1.00,FY1:-151.10,FX2:-6.00,FY2:-149.60,IK1:1,IK2:1,MOVE:0
[2026-09-09 18:12:40.125] [RX] PITCH:0.57,PID_OUT:-13.21,INT:-0.0631,EL:-1198,ER:-521,VEL:-178.4,MOT:1,TILT:25.0,TRIM:1.028,ATE:1,LATCH:0,TORQ:1,CR:0.0,FX1:1.00,FY1:-151.10,FX2:-6.00,FY2:-149.60,IK1:1,IK2:1,MOVE:0
[2026-09-09 18:12:40.226] [RX] PITCH:1.40,PID_OUT:-109.78,INT:-0.0740,EL:-1209,ER:-518,VEL:-78.4,MOT:1,TILT:25.0,TRIM:0.747,ATE:1,LATCH:0,TORQ:1,CR:0.0,FX1:1.00,FY1:-151.10,FX2:-6.00,FY2:-149.60,IK1:1,IK2:1,MOVE:0
[2026-09-09 18:12:40.327] [RX] PITCH:0.87,PID_OUT:-50.12,INT:-0.0974,EL:-1234,ER:-512,VEL:-133.0,MOT:1,TILT:25.0,TRIM:0.929,ATE:1,LATCH:0,TORQ:1,CR:0.0,FX1:1.00,FY1:-151.10,FX2:-6.00,FY2:-149.60,IK1:1,IK2:1,MOVE:0
[2026-09-09 18:12:40.425] [RX] PITCH:0.64,PID_OUT:-50.42,INT:-0.0792,EL:-1241,ER:-507,VEL:-57.5,MOT:1,TILT:25.0,TRIM:0.718,ATE:1,LATCH:0,TORQ:1,CR:0.0,FX1:1.00,FY1:-151.10,FX2:-6.00,FY2:-149.60,IK1:1,IK2:1,MOVE:0
[2026-09-09 18:12:40.434] [RX] AX12:MODE:0,TQ:1,TL:1023,CM:1,CS:4,MS:0,MT:800
[2026-09-09 18:12:40.525] [RX] PITCH:0.70,PID_OUT:-62.34,INT:-0.0809,EL:-1241,ER:-505,VEL:-17.3,MOT:1,TILT:25.0,TRIM:0.602,ATE:1,LATCH:0,TORQ:1,CR:0.0,FX1:1.00,FY1:-151.10,FX2:-6.00,FY2:-149.60,IK1:1,IK2:1,MOVE:0
[2026-09-09 18:12:40.530] [RX] SRV:1,43,6.3,0,0
[2026-09-09 18:12:40.625] [RX] PITCH:0.55,PID_OUT:-50.60,INT:-0.0843,EL:-1241,ER:-504,VEL:-5.8,MOT:1,TILT:25.0,TRIM:0.570,ATE:1,LATCH:0,TORQ:1,CR:0.0,FX1:1.00,FY1:-151.10,FX2:-6.00,FY2:-149.60,IK1:1,IK2:1,MOVE:0
[2026-09-09 18:12:40.722] [RX] PITCH:0.12,PID_OUT:13.54,INT:-0.0626,EL:-1241,ER:-504,VEL:-1.1,MOT:1,TILT:25.0,TRIM:0.556,ATE:1,LATCH:0,TORQ:1,CR:0.0,FX1:1.00,FY1:-151.10,FX2:-6.00,FY2:-149.60,IK1:1,IK2:1,MOVE:0
[2026-09-09 18:12:40.822] [RX] PITCH:-0.66,PID_OUT:85.21,INT:0.0194,EL:-1238,ER:-512,VEL:68.6,MOT:1,TILT:25.0,TRIM:0.344,ATE:1,LATCH:0,TORQ:1,CR:0.0,FX1:1.00,FY1:-151.10,FX2:-6.00,FY2:-149.60,IK1:1,IK2:1,MOVE:0
[2026-09-09 18:12:40.922] [RX] PITCH:-0.46,PID_OUT:104.60,INT:0.0985,EL:-1229,ER:-532,VEL:136.2,MOT:1,TILT:25.0,TRIM:0.126,ATE:1,LATCH:0,TORQ:1,CR:0.0,FX1:1.00,FY1:-151.10,FX2:-6.00,FY2:-149.60,IK1:1,IK2:1,MOVE:0
[2026-09-09 18:12:40.932] [RX] AX12:MODE:0,TQ:1,TL:1023,CM:1,CS:4,MS:0,MT:800
[2026-09-09 18:12:41.023] [RX] PITCH:-0.21,PID_OUT:85.57,INT:0.0985,EL:-1217,ER:-555,VEL:171.1,MOT:1,TILT:25.0,TRIM:-0.002,ATE:1,LATCH:0,TORQ:1,CR:0.0,FX1:1.00,FY1:-151.10,FX2:-6.00,FY2:-149.60,IK1:1,IK2:1,MOVE:0
[2026-09-09 18:12:41.120] [RX] PITCH:-0.66,PID_OUT:107.09,INT:0.0985,EL:-1205,ER:-581,VEL:197.8,MOT:1,TILT:25.0,TRIM:-0.109,ATE:1,LATCH:0,TORQ:1,CR:0.0,FX1:1.00,FY1:-151.10,FX2:-6.00,FY2:-149.60,IK1:1,IK2:1,MOVE:0
[2026-09-09 18:12:41.221] [RX] PITCH:-0.82,PID_OUT:106.54,INT:0.0985,EL:-1188,ER:-612,VEL:234.3,MOT:1,TILT:25.0,TRIM:-0.251,ATE:1,LATCH:0,TORQ:1,CR:0.0,FX1:1.00,FY1:-151.10,FX2:-6.00,FY2:-149.60,IK1:1,IK2:1,MOVE:0
[2026-09-09 18:12:41.323] [RX] PITCH:-0.90,PID_OUT:100.53,INT:0.0985,EL:-1167,ER:-645,VEL:267.8,MOT:1,TILT:25.0,TRIM:-0.389,ATE:1,LATCH:0,TORQ:1,CR:0.0,FX1:1.00,FY1:-151.10,FX2:-6.00,FY2:-149.60,IK1:1,IK2:1,MOVE:0
[2026-09-09 18:12:41.428] [RX] PITCH:-1.17,PID_OUT:117.30,INT:0.0985,EL:-1143,ER:-682,VEL:304.6,MOT:1,TILT:25.0,TRIM:-0.542,ATE:1,LATCH:0,TORQ:1,CR:0.0,FX1:1.00,FY1:-151.10,FX2:-6.00,FY2:-149.60,IK1:1,IK2:1,MOVE:0
[2026-09-09 18:12:41.428] [RX] AX12:MODE:0,TQ:1,TL:1023,CM:1,CS:4,MS:0,MT:800
[2026-09-09 18:12:41.523] [RX] PITCH:-1.49,PID_OUT:128.33,INT:0.0985,EL:-1115,ER:-722,VEL:341.5,MOT:1,TILT:25.0,TRIM:-0.701,ATE:1,LATCH:0,TORQ:1,CR:0.0,FX1:1.00,FY1:-151.10,FX2:-6.00,FY2:-149.60,IK1:1,IK2:1,MOVE:0
[2026-09-09 18:12:41.525] [RX] SRV:6,35,0.0,0,0
[2026-09-09 18:12:41.621] [RX] PITCH:-1.42,PID_OUT:127.49,INT:0.0985,EL:-1082,ER:-759,VEL:345.3,MOT:1,TILT:25.0,TRIM:-0.764,ATE:1,LATCH:0,TORQ:1,CR:0.0,FX1:1.00,FY1:-151.10,FX2:-6.00,FY2:-149.60,IK1:1,IK2:1,MOVE:0
[2026-09-09 18:12:41.721] [RX] PITCH:-5.20,PID_OUT:157.95,INT:0.0985,EL:-1041,ER:-800,VEL:416.4,MOT:1,TILT:25.0,TRIM:-1.033,ATE:1,LATCH:0,TORQ:1,CR:0.0,FX1:1.00,FY1:-151.10,FX2:-6.00,FY2:-149.60,IK1:1,IK2:1,MOVE:0
[2026-09-09 18:12:41.822] [RX] PITCH:1.49,PID_OUT:-2.26,INT:0.0171,EL:-1017,ER:-830,VEL:216.1,MOT:1,TILT:25.0,TRIM:-0.490,ATE:1,LATCH:0,TORQ:1,CR:0.0,FX1:1.00,FY1:-151.10,FX2:-6.00,FY2:-149.60,IK1:1,IK2:1,MOVE:0
[2026-09-09 18:12:41.921] [RX] PITCH:-0.99,PID_OUT:73.27,INT:0.0364,EL:-1016,ER:-843,VEL:131.8,MOT:1,TILT:25.0,TRIM:-0.254,ATE:1,LATCH:0,TORQ:1,CR:0.0,FX1:1.00,FY1:-151.10,FX2:-6.00,FY2:-149.60,IK1:1,IK2:1,MOVE:0
[2026-09-09 18:12:41.930] [RX] AX12:MODE:0,TQ:1,TL:1023,CM:1,CS:4,MS:0,MT:800
[2026-09-09 18:12:42.017] [RX] PITCH:-0.16,PID_OUT:28.90,INT:0.0900,EL:-1010,ER:-855,VEL:99.5,MOT:1,TILT:25.0,TRIM:-0.174,ATE:1,LATCH:0,TORQ:1,CR:0.0,FX1:1.00,FY1:-151.10,FX2:-6.00,FY2:-149.60,IK1:1,IK2:1,MOVE:0
[2026-09-09 18:12:42.118] [RX] PITCH:0.51,PID_OUT:-24.42,INT:0.0513,EL:-1011,ER:-862,VEL:27.0,MOT:1,TILT:25.0,TRIM:0.033,ATE:1,LATCH:0,TORQ:1,CR:0.0,FX1:1.00,FY1:-151.10,FX2:-6.00,FY2:-149.60,IK1:1,IK2:1,MOVE:0
[2026-09-09 18:12:42.220] [RX] PITCH:1.07,PID_OUT:-69.89,INT:-0.0092,EL:-1031,ER:-861,VEL:-112.8,MOT:1,TILT:25.0,TRIM:0.456,ATE:1,LATCH:0,TORQ:1,CR:0.0,FX1:1.00,FY1:-151.10,FX2:-6.00,FY2:-149.60,IK1:1,IK2:1,MOVE:0
[2026-09-09 18:12:42.314] [RX] PITCH:1.30,PID_OUT:-115.74,INT:-0.0760,EL:-1053,ER:-855,VEL:-144.4,MOT:1,TILT:25.0,TRIM:0.569,ATE:1,LATCH:0,TORQ:1,CR:0.0,FX1:1.00,FY1:-151.10,FX2:-6.00,FY2:-149.60,IK1:1,IK2:1,MOVE:0
[2026-09-09 18:12:42.428] [RX] PITCH:0.89,PID_OUT:-57.87,INT:-0.0985,EL:-1084,ER:-844,VEL:-198.1,MOT:1,TILT:25.0,TRIM:0.757,ATE:1,LATCH:0,TORQ:1,CR:0.0,FX1:1.00,FY1:-151.10,FX2:-6.00,FY2:-149.60,IK1:1,IK2:1,MOVE:0
[2026-09-09 18:12:42.429] [RX] AX12:MODE:0,TQ:1,TL:1023,CM:1,CS:4,MS:0,MT:800
[2026-09-09 18:12:42.521] [RX] PITCH:1.03,PID_OUT:-101.24,INT:-0.0985,EL:-1112,ER:-831,VEL:-192.2,MOT:1,TILT:25.0,TRIM:0.771,ATE:1,LATCH:0,TORQ:1,CR:0.0,FX1:1.00,FY1:-151.10,FX2:-6.00,FY2:-149.60,IK1:1,IK2:1,MOVE:0
[2026-09-09 18:12:42.521] [RX] SRV:0,35,0.0,0,0
[2026-09-09 18:12:42.618] [RX] PITCH:1.18,PID_OUT:-96.30,INT:-0.0985,EL:-1142,ER:-816,VEL:-215.1,MOT:1,TILT:25.0,TRIM:0.872,ATE:1,LATCH:0,TORQ:1,CR:0.0,FX1:1.00,FY1:-151.10,FX2:-6.00,FY2:-149.60,IK1:1,IK2:1,MOVE:0
[2026-09-09 18:12:42.717] [RX] PITCH:1.11,PID_OUT:-90.13,INT:-0.0985,EL:-1178,ER:-800,VEL:-253.6,MOT:1,TILT:25.0,TRIM:1.023,ATE:1,LATCH:0,TORQ:1,CR:0.0,FX1:1.00,FY1:-151.10,FX2:-6.00,FY2:-149.60,IK1:1,IK2:1,MOVE:0
[2026-09-09 18:12:42.817] [RX] PITCH:1.25,PID_OUT:-97.24,INT:-0.0985,EL:-1215,ER:-782,VEL:-275.2,MOT:1,TILT:25.0,TRIM:1.127,ATE:1,LATCH:0,TORQ:1,CR:0.0,FX1:1.00,FY1:-151.10,FX2:-6.00,FY2:-149.60,IK1:1,IK2:1,MOVE:0
[2026-09-09 18:12:42.927] [RX] PITCH:1.44,PID_OUT:-88.25,INT:-0.0985,EL:-1250,ER:-761,VEL:-284.9,MOT:1,TILT:25.0,TRIM:1.197,ATE:1,LATCH:0,TORQ:1,CR:0.0,FX1:1.00,FY1:-151.10,FX2:-6.00,FY2:-149.60,IK1:1,IK2:1,MOVE:0
[2026-09-09 18:12:42.929] [RX] AX12:MODE:0,TQ:1,TL:1023,CM:1,CS:4,MS:0,MT:800
[2026-09-09 18:12:43.018] [RX] PITCH:1.73,PID_OUT:-97.09,INT:-0.0985,EL:-1293,ER:-738,VEL:-323.4,MOT:1,TILT:25.0,TRIM:1.359,ATE:1,LATCH:0,TORQ:1,CR:0.0,FX1:1.00,FY1:-151.10,FX2:-6.00,FY2:-149.60,IK1:1,IK2:1,MOVE:0
[2026-09-09 18:12:43.117] [RX] PITCH:1.91,PID_OUT:-112.23,INT:-0.0985,EL:-1335,ER:-713,VEL:-331.7,MOT:1,TILT:25.0,TRIM:1.434,ATE:1,LATCH:0,TORQ:1,CR:0.0,FX1:1.00,FY1:-151.10,FX2:-6.00,FY2:-149.60,IK1:1,IK2:1,MOVE:0
[2026-09-09 18:12:43.213] [RX] PITCH:1.50,PID_OUT:-75.67,INT:-0.0984,EL:-1377,ER:-687,VEL:-339.5,MOT:1,TILT:25.0,TRIM:1.507,ATE:1,LATCH:0,TORQ:1,CR:0.0,FX1:1.00,FY1:-151.10,FX2:-6.00,FY2:-149.60,IK1:1,IK2:1,MOVE:0
[2026-09-09 18:12:43.316] [RX] PITCH:2.39,PID_OUT:-156.47,INT:-0.0985,EL:-1419,ER:-659,VEL:-355.1,MOT:1,TILT:25.0,TRIM:1.605,ATE:1,LATCH:0,TORQ:1,CR:0.0,FX1:1.00,FY1:-151.10,FX2:-6.00,FY2:-149.60,IK1:1,IK2:1,MOVE:0
[2026-09-09 18:12:43.426] [RX] PITCH:2.92,PID_OUT:-105.81,INT:-0.0985,EL:-1459,ER:-628,VEL:-352.3,MOT:1,TILT:25.0,TRIM:1.650,ATE:1,LATCH:0,TORQ:1,CR:0.0,FX1:1.00,FY1:-151.10,FX2:-6.00,FY2:-149.60,IK1:1,IK2:1,MOVE:0
[2026-09-09 18:12:43.426] [RX] AX12:MODE:0,TQ:1,TL:1023,CM:1,CS:4,MS:0,MT:800
[2026-09-09 18:12:43.521] [RX] PITCH:3.32,PID_OUT:190.02,INT:-0.0985,EL:-1505,ER:-590,VEL:-412.2,MOT:1,TILT:25.0,TRIM:1.888,ATE:1,LATCH:0,TORQ:1,CR:0.0,FX1:1.00,FY1:-151.10,FX2:-6.00,FY2:-149.60,IK1:1,IK2:1,MOVE:0
[2026-09-09 18:12:43.521] [RX] SRV:14,35,0.0,0,0
[2026-09-09 18:12:43.615] [RX] PITCH:-0.92,PID_OUT:104.84,INT:0.0537,EL:-1499,ER:-601,VEL:29.8,MOT:1,TILT:25.0,TRIM:0.587,ATE:1,LATCH:0,TORQ:1,CR:0.0,FX1:1.00,FY1:-151.10,FX2:-6.00,FY2:-149.60,IK1:1,IK2:1,MOVE:0
[2026-09-09 18:12:43.715] [RX] PITCH:-1.03,PID_OUT:150.23,INT:0.0985,EL:-1485,ER:-627,VEL:166.7,MOT:1,TILT:25.0,TRIM:0.158,ATE:1,LATCH:0,TORQ:1,CR:0.0,FX1:1.00,FY1:-151.10,FX2:-6.00,FY2:-149.60,IK1:1,IK2:1,MOVE:0
[2026-09-09 18:12:43.813] [RX] PITCH:-0.67,PID_OUT:110.02,INT:0.0985,EL:-1465,ER:-660,VEL:248.8,MOT:1,TILT:25.0,TRIM:-0.121,ATE:1,LATCH:0,TORQ:1,CR:0.0,FX1:1.00,FY1:-151.10,FX2:-6.00,FY2:-149.60,IK1:1,IK2:1,MOVE:0
[2026-09-09 18:12:43.917] [RX] PITCH:-1.48,PID_OUT:130.57,INT:0.0985,EL:-1439,ER:-697,VEL:310.8,MOT:1,TILT:25.0,TRIM:-0.349,ATE:1,LATCH:0,TORQ:1,CR:0.0,FX1:1.00,FY1:-151.10,FX2:-6.00,FY2:-149.60,IK1:1,IK2:1,MOVE:0
[2026-09-09 18:12:43.924] [RX] AX12:MODE:0,TQ:1,TL:1023,CM:1,CS:4,MS:0,MT:800
[2026-09-09 18:12:44.014] [RX] PITCH:-1.93,PID_OUT:195.86,INT:0.0985,EL:-1404,ER:-738,VEL:374.5,MOT:1,TILT:25.0,TRIM:-0.592,ATE:1,LATCH:0,TORQ:1,CR:0.0,FX1:1.00,FY1:-151.10,FX2:-6.00,FY2:-149.60,IK1:1,IK2:1,MOVE:0
[2026-09-09 18:12:44.117] [RX] PITCH:-2.43,PID_OUT:193.29,INT:0.0985,EL:-1360,ER:-786,VEL:447.5,MOT:1,TILT:25.0,TRIM:-0.874,ATE:1,LATCH:0,TORQ:1,CR:0.0,FX1:1.00,FY1:-151.10,FX2:-6.00,FY2:-149.60,IK1:1,IK2:1,MOVE:0
[2026-09-09 18:12:44.214] [RX] PITCH:-3.31,PID_OUT:179.98,INT:0.0985,EL:-1305,ER:-844,VEL:547.9,MOT:1,TILT:25.0,TRIM:-1.251,ATE:1,LATCH:0,TORQ:1,CR:0.0,FX1:1.00,FY1:-151.10,FX2:-6.00,FY2:-149.60,IK1:1,IK2:1,MOVE:0
[2026-09-09 18:12:44.313] [RX] PITCH:-3.76,PID_OUT:56.23,INT:0.0985,EL:-1241,ER:-910,VEL:633.4,MOT:1,TILT:25.0,TRIM:-1.598,ATE:1,LATCH:0,TORQ:1,CR:0.0,FX1:1.00,FY1:-151.10,FX2:-6.00,FY2:-149.60,IK1:1,IK2:1,MOVE:0
[2026-09-09 18:12:44.423] [RX] PITCH:-0.80,PID_OUT:-119.73,INT:0.0892,EL:-1192,ER:-970,VEL:538.8,MOT:1,TILT:25.0,TRIM:-1.404,ATE:1,LATCH:0,TORQ:1,CR:0.0,FX1:1.00,FY1:-151.10,FX2:-6.00,FY2:-149.60,IK1:1,IK2:1,MOVE:0
[2026-09-09 18:12:44.424] [RX] AX12:MODE:0,TQ:1,TL:1023,CM:1,CS:4,MS:0,MT:800
[2026-09-09 18:12:44.517] [RX] PITCH:-0.63,PID_OUT:-87.64,INT:0.0623,EL:-1174,ER:-1007,VEL:308.1,MOT:1,TILT:25.0,TRIM:-0.773,ATE:1,LATCH:0,TORQ:1,CR:0.0,FX1:1.00,FY1:-151.10,FX2:-6.00,FY2:-149.60,IK1:1,IK2:1,MOVE:0
[2026-09-09 18:12:44.517] [RX] SRV:1,43,0.8,0,0
[2026-09-09 18:12:44.614] [RX] PITCH:1.05,PID_OUT:-90.35,INT:-0.0384,EL:-1170,ER:-1025,VEL:127.8,MOT:1,TILT:25.0,TRIM:-0.264,ATE:1,LATCH:0,TORQ:1,CR:0.0,FX1:1.00,FY1:-151.10,FX2:-6.00,FY2:-149.60,IK1:1,IK2:1,MOVE:0
[2026-09-09 18:12:44.713] [RX] PITCH:0.42,PID_OUT:-47.72,INT:-0.0868,EL:-1197,ER:-1026,VEL:-70.4,MOT:1,TILT:25.0,TRIM:0.333,ATE:1,LATCH:0,TORQ:1,CR:0.0,FX1:1.00,FY1:-151.10,FX2:-6.00,FY2:-149.60,IK1:1,IK2:1,MOVE:0
[2026-09-09 18:12:44.812] [RX] PITCH:0.68,PID_OUT:-111.98,INT:-0.0985,EL:-1197,ER:-1026,VEL:-13.9,MOT:1,TILT:25.0,TRIM:0.169,ATE:1,LATCH:0,TORQ:1,CR:0.0,FX1:1.00,FY1:-151.10,FX2:-6.00,FY2:-149.60,IK1:1,IK2:1,MOVE:0
[2026-09-09 18:12:44.917] [RX] PITCH:0.91,PID_OUT:-92.38,INT:-0.0985,EL:-1222,ER:-1022,VEL:-131.4,MOT:1,TILT:25.0,TRIM:0.533,ATE:1,LATCH:0,TORQ:1,CR:0.0,FX1:1.00,FY1:-151.10,FX2:-6.00,FY2:-149.60,IK1:1,IK2:1,MOVE:0
[2026-09-09 18:12:44.924] [RX] AX12:MODE:0,TQ:1,TL:1023,CM:1,CS:4,MS:0,MT:800
[2026-09-09 18:12:45.012] [RX] PITCH:1.07,PID_OUT:-99.75,INT:-0.0985,EL:-1250,ER:-1016,VEL:-168.3,MOT:1,TILT:25.0,TRIM:0.666,ATE:1,LATCH:0,TORQ:1,CR:0.0,FX1:1.00,FY1:-151.10,FX2:-6.00,FY2:-149.60,IK1:1,IK2:1,MOVE:0
[2026-09-09 18:12:45.113] [RX] PITCH:1.18,PID_OUT:-98.03,INT:-0.0985,EL:-1279,ER:-1007,VEL:-186.6,MOT:1,TILT:25.0,TRIM:0.748,ATE:1,LATCH:0,TORQ:1,CR:0.0,FX1:1.00,FY1:-151.10,FX2:-6.00,FY2:-149.60,IK1:1,IK2:1,MOVE:0
[2026-09-09 18:12:45.210] [RX] PITCH:1.27,PID_OUT:-103.94,INT:-0.0985,EL:-1315,ER:-997,VEL:-213.7,MOT:1,TILT:25.0,TRIM:0.861,ATE:1,LATCH:0,TORQ:1,CR:0.0,FX1:1.00,FY1:-151.10,FX2:-6.00,FY2:-149.60,IK1:1,IK2:1,MOVE:0
[2026-09-09 18:12:45.311] [RX] PITCH:1.18,PID_OUT:-83.56,INT:-0.0985,EL:-1352,ER:-984,VEL:-238.9,MOT:1,TILT:25.0,TRIM:0.972,ATE:1,LATCH:0,TORQ:1,CR:0.0,FX1:1.00,FY1:-151.10,FX2:-6.00,FY2:-149.60,IK1:1,IK2:1,MOVE:0
[2026-09-09 18:12:45.416] [RX] PITCH:1.13,PID_OUT:-86.28,INT:-0.0985,EL:-1392,ER:-970,VEL:-268.0,MOT:1,TILT:25.0,TRIM:1.098,ATE:1,LATCH:0,TORQ:1,CR:0.0,FX1:1.00,FY1:-151.10,FX2:-6.00,FY2:-149.60,IK1:1,IK2:1,MOVE:0
[2026-09-09 18:12:45.423] [RX] AX12:MODE:0,TQ:1,TL:1023,CM:1,CS:4,MS:0,MT:800
[2026-09-09 18:12:45.514] [RX] PITCH:1.43,PID_OUT:-94.03,INT:-0.0985,EL:-1429,ER:-954,VEL:-275.5,MOT:1,TILT:25.0,TRIM:1.159,ATE:1,LATCH:0,TORQ:1,CR:0.0,FX1:1.00,FY1:-151.10,FX2:-6.00,FY2:-149.60,IK1:1,IK2:1,MOVE:0
[2026-09-09 18:12:45.514] [RX] SRV:6,35,0.0,0,0
[2026-09-09 18:12:45.610] [RX] PITCH:1.38,PID_OUT:-88.73,INT:-0.0985,EL:-1469,ER:-935,VEL:-291.8,MOT:1,TILT:25.0,TRIM:1.251,ATE:1,LATCH:0,TORQ:1,CR:0.0,FX1:1.00,FY1:-151.10,FX2:-6.00,FY2:-149.60,IK1:1,IK2:1,MOVE:0
[2026-09-09 18:12:45.710] [RX] PITCH:1.87,PID_OUT:-113.63,INT:-0.0985,EL:-1508,ER:-914,VEL:-304.4,MOT:1,TILT:25.0,TRIM:1.333,ATE:1,LATCH:0,TORQ:1,CR:0.0,FX1:1.00,FY1:-151.10,FX2:-6.00,FY2:-149.60,IK1:1,IK2:1,MOVE:0
[2026-09-09 18:12:45.809] [RX] PITCH:2.04,PID_OUT:-81.30,INT:-0.0985,EL:-1544,ER:-891,VEL:-293.5,MOT:1,TILT:25.0,TRIM:1.345,ATE:1,LATCH:0,TORQ:1,CR:0.0,FX1:1.00,FY1:-151.10,FX2:-6.00,FY2:-149.60,IK1:1,IK2:1,MOVE:0
[2026-09-09 18:12:45.917] [RX] PITCH:1.60,PID_OUT:-29.48,INT:-0.0985,EL:-1582,ER:-865,VEL:-305.0,MOT:1,TILT:25.0,TRIM:1.427,ATE:1,LATCH:0,TORQ:1,CR:0.0,FX1:1.00,FY1:-151.10,FX2:-6.00,FY2:-149.60,IK1:1,IK2:1,MOVE:0
[2026-09-09 18:12:45.924] [RX] AX12:MODE:0,TQ:1,TL:1023,CM:1,CS:4,MS:0,MT:800
[2026-09-09 18:12:46.008] [RX] PITCH:0.73,PID_OUT:22.90,INT:-0.0748,EL:-1606,ER:-853,VEL:-187.4,MOT:1,TILT:25.0,TRIM:1.111,ATE:1,LATCH:0,TORQ:1,CR:0.0,FX1:1.00,FY1:-151.10,FX2:-6.00,FY2:-149.60,IK1:1,IK2:1,MOVE:0
[2026-09-09 18:12:46.109] [RX] PITCH:0.08,PID_OUT:62.56,INT:-0.0223,EL:-1622,ER:-851,VEL:-107.5,MOT:1,TILT:25.0,TRIM:0.892,ATE:1,LATCH:0,TORQ:1,CR:0.0,FX1:1.00,FY1:-151.10,FX2:-6.00,FY2:-149.60,IK1:1,IK2:1,MOVE:0
[2026-09-09 18:12:46.206] [RX] PITCH:0.22,PID_OUT:41.34,INT:0.0296,EL:-1626,ER:-861,VEL:8.1,MOT:1,TILT:25.0,TRIM:0.550,ATE:1,LATCH:0,TORQ:1,CR:0.0,FX1:1.00,FY1:-151.10,FX2:-6.00,FY2:-149.60,IK1:1,IK2:1,MOVE:0
[2026-09-09 18:12:46.309] [RX] PITCH:-0.03,PID_OUT:113.82,INT:0.0652,EL:-1626,ER:-861,VEL:1.6,MOT:1,TILT:25.0,TRIM:0.569,ATE:1,LATCH:0,TORQ:1,CR:0.0,FX1:1.00,FY1:-151.10,FX2:-6.00,FY2:-149.60,IK1:1,IK2:1,MOVE:0
[2026-09-09 18:12:46.414] [RX] PITCH:-0.46,PID_OUT:102.78,INT:0.0985,EL:-1620,ER:-882,VEL:117.3,MOT:1,TILT:25.0,TRIM:0.212,ATE:1,LATCH:0,TORQ:1,CR:0.0,FX1:1.00,FY1:-151.10,FX2:-6.00,FY2:-149.60,IK1:1,IK2:1,MOVE:0
[2026-09-09 18:12:46.418] [RX] AX12:MODE:0,TQ:1,TL:1023,CM:1,CS:4,MS:0,MT:800
[2026-09-09 18:12:46.512] [RX] PITCH:-0.55,PID_OUT:96.83,INT:0.0985,EL:-1610,ER:-906,VEL:162.2,MOT:1,TILT:25.0,TRIM:0.055,ATE:1,LATCH:0,TORQ:1,CR:0.0,FX1:1.00,FY1:-151.10,FX2:-6.00,FY2:-149.60,IK1:1,IK2:1,MOVE:0
[2026-09-09 18:12:46.512] [RX] SRV:0,35,0.0,0,0
[2026-09-09 18:12:46.604] [RX] PITCH:-0.92,PID_OUT:84.64,INT:0.0985,EL:-1596,ER:-936,VEL:215.7,MOT:1,TILT:25.0,TRIM:-0.134,ATE:1,LATCH:0,TORQ:1,CR:0.0,FX1:1.00,FY1:-151.10,FX2:-6.00,FY2:-149.60,IK1:1,IK2:1,MOVE:0
[2026-09-09 18:12:46.708] [RX] PITCH:-0.82,PID_OUT:67.61,INT:0.0985,EL:-1579,ER:-966,VEL:221.6,MOT:1,TILT:25.0,TRIM:-0.186,ATE:1,LATCH:0,TORQ:1,CR:0.0,FX1:1.00,FY1:-151.10,FX2:-6.00,FY2:-149.60,IK1:1,IK2:1,MOVE:0
[2026-09-09 18:12:46.805] [RX] PITCH:-0.52,PID_OUT:35.56,INT:0.0985,EL:-1563,ER:-992,VEL:211.2,MOT:1,TILT:25.0,TRIM:-0.187,ATE:1,LATCH:0,TORQ:1,CR:0.0,FX1:1.00,FY1:-151.10,FX2:-6.00,FY2:-149.60,IK1:1,IK2:1,MOVE:0
[2026-09-09 18:12:46.906] [RX] PITCH:-0.03,PID_OUT:12.37,INT:0.0967,EL:-1551,ER:-1014,VEL:176.7,MOT:1,TILT:25.0,TRIM:-0.112,ATE:1,LATCH:0,TORQ:1,CR:0.0,FX1:1.00,FY1:-151.10,FX2:-6.00,FY2:-149.60,IK1:1,IK2:1,MOVE:0
[2026-09-09 18:12:46.916] [RX] AX12:MODE:0,TQ:1,TL:1023,CM:1,CS:4,MS:0,MT:800
[2026-09-09 18:12:47.007] [RX] PITCH:0.44,PID_OUT:-14.48,INT:0.0922,EL:-1543,ER:-1014,VEL:63.5,MOT:1,TILT:25.0,TRIM:0.212,ATE:1,LATCH:0,TORQ:1,CR:0.0,FX1:1.00,FY1:-151.10,FX2:-6.00,FY2:-149.60,IK1:1,IK2:1,MOVE:0
[2026-09-09 18:12:47.105] [RX] PITCH:1.57,PID_OUT:-98.34,INT:0.0461,EL:-1577,ER:-1014,VEL:-127.5,MOT:1,TILT:25.0,TRIM:0.794,ATE:1,LATCH:0,TORQ:1,CR:0.0,FX1:1.00,FY1:-151.10,FX2:-6.00,FY2:-149.60,IK1:1,IK2:1,MOVE:0
[2026-09-09 18:12:47.207] [RX] PITCH:2.12,PID_OUT:-112.49,INT:-0.0889,EL:-1599,ER:-1004,VEL:-174.0,MOT:1,TILT:25.0,TRIM:0.953,ATE:1,LATCH:0,TORQ:1,CR:0.0,FX1:1.00,FY1:-151.10,FX2:-6.00,FY2:-149.60,IK1:1,IK2:1,MOVE:0
[2026-09-09 18:12:47.309] [RX] PITCH:1.07,PID_OUT:-56.61,INT:-0.0948,EL:-1635,ER:-986,VEL:-249.4,MOT:1,TILT:25.0,TRIM:1.214,ATE:1,LATCH:0,TORQ:1,CR:0.0,FX1:1.00,FY1:-151.10,FX2:-6.00,FY2:-149.60,IK1:1,IK2:1,MOVE:0
[2026-09-09 18:12:47.410] [RX] PITCH:1.64,PID_OUT:-84.42,INT:-0.0985,EL:-1669,ER:-971,VEL:-249.7,MOT:1,TILT:25.0,TRIM:1.251,ATE:1,LATCH:0,TORQ:1,CR:0.0,FX1:1.00,FY1:-151.10,FX2:-6.00,FY2:-149.60,IK1:1,IK2:1,MOVE:0
[2026-09-09 18:12:47.419] [RX] AX12:MODE:0,TQ:1,TL:1023,CM:1,CS:4,MS:0,MT:800
[2026-09-09 18:12:47.509] [RX] PITCH:1.41,PID_OUT:-54.70,INT:-0.0985,EL:-1706,ER:-954,VEL:-261.7,MOT:1,TILT:25.0,TRIM:1.327,ATE:1,LATCH:0,TORQ:1,CR:0.0,FX1:1.00,FY1:-151.10,FX2:-6.00,FY2:-149.60,IK1:1,IK2:1,MOVE:0
[2026-09-09 18:12:47.510] [RX] SRV:14,35,0.0,0,0
[2026-09-09 18:12:47.604] [RX] PITCH:1.36,PID_OUT:-82.25,INT:-0.0939,EL:-1740,ER:-938,VEL:-251.1,MOT:1,TILT:25.0,TRIM:1.333,ATE:1,LATCH:0,TORQ:1,CR:0.0,FX1:1.00,FY1:-151.10,FX2:-6.00,FY2:-149.60,IK1:1,IK2:1,MOVE:0
[2026-09-09 18:12:47.704] [RX] PITCH:1.29,PID_OUT:-55.97,INT:-0.0979,EL:-1770,ER:-922,VEL:-230.8,MOT:1,TILT:25.0,TRIM:1.309,ATE:1,LATCH:0,TORQ:1,CR:0.0,FX1:1.00,FY1:-151.10,FX2:-6.00,FY2:-149.60,IK1:1,IK2:1,MOVE:0
[2026-09-09 18:12:47.804] [RX] PITCH:1.28,PID_OUT:-67.53,INT:-0.0829,EL:-1805,ER:-907,VEL:-241.8,MOT:1,TILT:25.0,TRIM:1.378,ATE:1,LATCH:0,TORQ:1,CR:0.0,FX1:1.00,FY1:-151.10,FX2:-6.00,FY2:-149.60,IK1:1,IK2:1,MOVE:0
[2026-09-09 18:12:47.909] [RX] PITCH:1.56,PID_OUT:-80.08,INT:-0.0920,EL:-1839,ER:-895,VEL:-228.2,MOT:1,TILT:25.0,TRIM:1.373,ATE:1,LATCH:0,TORQ:1,CR:0.0,FX1:1.00,FY1:-151.10,FX2:-6.00,FY2:-149.60,IK1:1,IK2:1,MOVE:0
[2026-09-09 18:12:47.916] [RX] AX12:MODE:0,TQ:1,TL:1023,CM:1,CS:4,MS:0,MT:800
[2026-09-09 18:12:48.004] [RX] PITCH:1.51,PID_OUT:-62.38,INT:-0.0976,EL:-1875,ER:-882,VEL:-240.0,MOT:1,TILT:25.0,TRIM:1.444,ATE:1,LATCH:0,TORQ:1,CR:0.0,FX1:1.00,FY1:-151.10,FX2:-6.00,FY2:-149.60,IK1:1,IK2:1,MOVE:0
[2026-09-09 18:12:48.104] [RX] PITCH:1.42,PID_OUT:-25.31,INT:-0.0970,EL:-1910,ER:-868,VEL:-245.5,MOT:1,TILT:25.0,TRIM:1.497,ATE:1,LATCH:0,TORQ:1,CR:0.0,FX1:1.00,FY1:-151.10,FX2:-6.00,FY2:-149.60,IK1:1,IK2:1,MOVE:0
[2026-09-09 18:12:48.202] [RX] PITCH:0.91,PID_OUT:2.00,INT:-0.0748,EL:-1925,ER:-860,VEL:-122.3,MOT:1,TILT:25.0,TRIM:1.155,ATE:1,LATCH:0,TORQ:1,CR:0.0,FX1:1.00,FY1:-151.10,FX2:-6.00,FY2:-149.60,IK1:1,IK2:1,MOVE:0
[2026-09-09 18:12:48.304] [RX] PITCH:0.24,PID_OUT:22.93,INT:-0.0473,EL:-1928,ER:-881,VEL:86.8,MOT:1,TILT:25.0,TRIM:0.532,ATE:1,LATCH:0,TORQ:1,CR:0.0,FX1:1.00,FY1:-151.10,FX2:-6.00,FY2:-149.60,IK1:1,IK2:1,MOVE:0
[2026-09-09 18:12:48.403] [RX] PITCH:-0.97,PID_OUT:147.45,INT:0.0539,EL:-1925,ER:-892,VEL:99.3,MOT:1,TILT:25.0,TRIM:0.485,ATE:1,LATCH:0,TORQ:1,CR:0.0,FX1:1.00,FY1:-151.10,FX2:-6.00,FY2:-149.60,IK1:1,IK2:1,MOVE:0
[2026-09-09 18:12:48.412] [RX] AX12:MODE:0,TQ:1,TL:1023,CM:1,CS:4,MS:0,MT:800
[2026-09-09 18:12:48.502] [RX] PITCH:-0.24,PID_OUT:66.52,INT:0.0985,EL:-1912,ER:-917,VEL:184.5,MOT:1,TILT:25.0,TRIM:0.208,ATE:1,LATCH:0,TORQ:1,CR:0.0,FX1:1.00,FY1:-151.10,FX2:-6.00,FY2:-149.60,IK1:1,IK2:1,MOVE:0
[2026-09-09 18:12:48.506] [RX] SRV:1,43,0.8,0,0
[2026-09-09 18:12:48.602] [RX] PITCH:-0.40,PID_OUT:114.64,INT:0.0985,EL:-1899,ER:-946,VEL:200.3,MOT:1,TILT:25.0,TRIM:0.131,ATE:1,LATCH:0,TORQ:1,CR:0.0,FX1:1.00,FY1:-151.10,FX2:-6.00,FY2:-149.60,IK1:1,IK2:1,MOVE:0
[2026-09-09 18:12:48.702] [RX] PITCH:-0.77,PID_OUT:83.15,INT:0.0985,EL:-1881,ER:-975,VEL:227.1,MOT:1,TILT:25.0,TRIM:0.017,ATE:1,LATCH:0,TORQ:1,CR:0.0,FX1:1.00,FY1:-151.10,FX2:-6.00,FY2:-149.60,IK1:1,IK2:1,MOVE:0
[2026-09-09 18:12:48.803] [RX] PITCH:-0.55,PID_OUT:59.96,INT:0.0985,EL:-1860,ER:-1010,VEL:261.2,MOT:1,TILT:25.0,TRIM:-0.124,ATE:1,LATCH:0,TORQ:1,CR:0.0,FX1:1.00,FY1:-151.10,FX2:-6.00,FY2:-149.60,IK1:1,IK2:1,MOVE:0
[2026-09-09 18:12:48.912] [RX] PITCH:-0.81,PID_OUT:67.12,INT:0.0985,EL:-1842,ER:-1044,VEL:263.6,MOT:1,TILT:25.0,TRIM:-0.170,ATE:1,LATCH:0,TORQ:1,CR:0.0,FX1:1.00,FY1:-151.10,FX2:-6.00,FY2:-149.60,IK1:1,IK2:1,MOVE:0
[2026-09-09 18:12:48.912] [RX] AX12:MODE:0,TQ:1,TL:1023,CM:1,CS:4,MS:0,MT:800
[2026-09-09 18:12:48.998] [TX] VP0.0089
[2026-09-09 18:12:49.002] [RX] PITCH:-0.18,PID_OUT:5.24,INT:0.0985,EL:-1825,ER:-1074,VEL:228.4,MOT:1,TILT:25.0,TRIM:-0.102,ATE:1,LATCH:0,TORQ:1,CR:0.0,FX1:1.00,FY1:-151.10,FX2:-6.00,FY2:-149.60,IK1:1,IK2:1,MOVE:0
[2026-09-09 18:12:49.047] [RX] Updated -> P:78.000 I:650.000 D:3.520 Offset:-0.9764 Target:0.000 Alpha:0.9600 Tilt:25.00 TrimGain:0.0015 Crouch:0.00 VP:0.0089
[2026-09-09 18:12:49.100] [RX] PITCH:0.71,PID_OUT:-46.93,INT:0.0575,EL:-1829,ER:-1086,VEL:62.0,MOT:1,TILT:25.0,TRIM:0.011,ATE:1,LATCH:0,TORQ:1,CR:0.0,FX1:1.00,FY1:-151.10,FX2:-6.00,FY2:-149.60,IK1:1,IK2:1,MOVE:0
[2026-09-09 18:12:49.200] [RX] PITCH:0.42,PID_OUT:-8.24,INT:0.0508,EL:-1841,ER:-1098,VEL:36.8,MOT:1,TILT:25.0,TRIM:0.233,ATE:1,LATCH:0,TORQ:1,CR:0.0,FX1:1.00,FY1:-151.10,FX2:-6.00,FY2:-149.60,IK1:1,IK2:1,MOVE:0
[2026-09-09 18:12:49.297] [RX] PITCH:1.06,PID_OUT:-93.17,INT:0.0190,EL:-1840,ER:-1099,VEL:11.0,MOT:1,TILT:25.0,TRIM:0.458,ATE:1,LATCH:0,TORQ:1,CR:0.0,FX1:1.00,FY1:-151.10,FX2:-6.00,FY2:-149.60,IK1:1,IK2:1,MOVE:0
[2026-09-09 18:12:49.409] [RX] PITCH:2.40,PID_OUT:-129.70,INT:-0.0429,EL:-1865,ER:-1097,VEL:-106.3,MOT:1,TILT:25.0,TRIM:1.513,ATE:1,LATCH:0,TORQ:1,CR:0.0,FX1:1.00,FY1:-151.10,FX2:-6.00,FY2:-149.60,IK1:1,IK2:1,MOVE:0
[2026-09-09 18:12:49.412] [RX] AX12:MODE:0,TQ:1,TL:1023,CM:1,CS:4,MS:0,MT:800
[2026-09-09 18:12:49.502] [RX] PITCH:2.70,PID_OUT:-75.64,INT:-0.0985,EL:-1899,ER:-1086,VEL:-212.9,MOT:1,TILT:25.0,TRIM:2.486,ATE:1,LATCH:0,TORQ:1,CR:0.0,FX1:1.00,FY1:-151.10,FX2:-6.00,FY2:-149.60,IK1:1,IK2:1,MOVE:0
[2026-09-09 18:12:49.503] [RX] SRV:6,35,0.0,0,0
[2026-09-09 18:12:49.600] [RX] PITCH:3.28,PID_OUT:-78.11,INT:-0.0985,EL:-1935,ER:-1073,VEL:-239.2,MOT:1,TILT:25.0,TRIM:2.755,ATE:1,LATCH:0,TORQ:1,CR:0.0,FX1:1.00,FY1:-151.10,FX2:-6.00,FY2:-149.60,IK1:1,IK2:1,MOVE:0
[2026-09-09 18:12:49.700] [RX] PITCH:2.84,PID_OUT:-9.09,INT:-0.0985,EL:-1969,ER:-1059,VEL:-239.9,MOT:1,TILT:25.0,TRIM:2.797,ATE:1,LATCH:0,TORQ:1,CR:0.0,FX1:1.00,FY1:-151.10,FX2:-6.00,FY2:-149.60,IK1:1,IK2:1,MOVE:0
[2026-09-09 18:12:49.798] [RX] PITCH:1.97,PID_OUT:-6.24,INT:-0.0985,EL:-1982,ER:-1049,VEL:-128.8,MOT:1,TILT:25.0,TRIM:1.835,ATE:1,LATCH:0,TORQ:1,CR:0.0,FX1:1.00,FY1:-151.10,FX2:-6.00,FY2:-149.60,IK1:1,IK2:1,MOVE:0
[2026-09-09 18:12:49.909] [RX] PITCH:0.23,PID_OUT:87.91,INT:-0.0843,EL:-1986,ER:-1051,VEL:-25.8,MOT:1,TILT:25.0,TRIM:0.928,ATE:1,LATCH:0,TORQ:1,CR:0.0,FX1:1.00,FY1:-151.10,FX2:-6.00,FY2:-149.60,IK1:1,IK2:1,MOVE:0
[2026-09-09 18:12:49.910] [RX] AX12:MODE:0,TQ:1,TL:1023,CM:1,CS:4,MS:0,MT:800
[2026-09-09 18:12:49.998] [RX] PITCH:-1.18,PID_OUT:92.02,INT:0.0592,EL:-1978,ER:-1061,VEL:100.1,MOT:1,TILT:25.0,TRIM:-0.195,ATE:1,LATCH:0,TORQ:1,CR:0.0,FX1:1.00,FY1:-151.10,FX2:-6.00,FY2:-149.60,IK1:1,IK2:1,MOVE:0
[2026-09-09 18:12:50.099] [RX] PITCH:-1.67,PID_OUT:94.26,INT:0.0985,EL:-1960,ER:-1091,VEL:212.1,MOT:1,TILT:25.0,TRIM:-1.218,ATE:1,LATCH:0,TORQ:1,CR:0.0,FX1:1.00,FY1:-151.10,FX2:-6.00,FY2:-149.60,IK1:1,IK2:1,MOVE:0
[2026-09-09 18:12:50.195] [RX] PITCH:-2.67,PID_OUT:88.35,INT:0.0985,EL:-1939,ER:-1118,VEL:235.5,MOT:1,TILT:25.0,TRIM:-1.460,ATE:1,LATCH:0,TORQ:1,CR:0.0,FX1:1.00,FY1:-151.10,FX2:-6.00,FY2:-149.60,IK1:1,IK2:1,MOVE:0
[2026-09-09 18:12:50.298] [RX] PITCH:-1.90,PID_OUT:-52.22,INT:0.0985,EL:-1921,ER:-1145,VEL:201.3,MOT:1,TILT:25.0,TRIM:-1.192,ATE:1,LATCH:0,TORQ:1,CR:0.0,FX1:1.00,FY1:-151.10,FX2:-6.00,FY2:-149.60,IK1:1,IK2:1,MOVE:0
[2026-09-09 18:12:50.406] [RX] PITCH:0.50,PID_OUT:-68.40,INT:0.0858,EL:-1927,ER:-1154,VEL:32.3,MOT:1,TILT:25.0,TRIM:0.295,ATE:1,LATCH:0,TORQ:1,CR:0.0,FX1:1.00,FY1:-151.10,FX2:-6.00,FY2:-149.60,IK1:1,IK2:1,MOVE:0
[2026-09-09 18:12:50.407] [RX] AX12:MODE:0,TQ:1,TL:1023,CM:1,CS:4,MS:0,MT:800
[2026-09-09 18:12:50.502] [RX] PITCH:2.75,PID_OUT:-158.06,INT:-0.0100,EL:-1942,ER:-1148,VEL:-107.0,MOT:1,TILT:25.0,TRIM:1.539,ATE:1,LATCH:0,TORQ:1,CR:0.0,FX1:1.00,FY1:-151.10,FX2:-6.00,FY2:-149.60,IK1:1,IK2:1,MOVE:0
[2026-09-09 18:12:50.502] [RX] SRV:0,35,0.0,0,0
[2026-09-09 18:12:50.596] [RX] PITCH:4.06,PID_OUT:-147.24,INT:-0.0985,EL:-1981,ER:-1127,VEL:-264.7,MOT:1,TILT:25.0,TRIM:2.974,ATE:1,LATCH:0,TORQ:1,CR:0.0,FX1:1.00,FY1:-151.10,FX2:-6.00,FY2:-149.60,IK1:1,IK2:1,MOVE:0
[2026-09-09 18:12:50.697] [RX] PITCH:4.67,PID_OUT:-54.01,INT:-0.0985,EL:-2025,ER:-1099,VEL:-334.3,MOT:1,TILT:25.0,TRIM:3.641,ATE:1,LATCH:0,TORQ:1,CR:0.0,FX1:1.00,FY1:-151.10,FX2:-6.00,FY2:-149.60,IK1:1,IK2:1,MOVE:0
[2026-09-09 18:12:50.795] [RX] PITCH:3.26,PID_OUT:50.96,INT:-0.0985,EL:-2053,ER:-1077,VEL:-249.2,MOT:1,TILT:25.0,TRIM:2.929,ATE:1,LATCH:0,TORQ:1,CR:0.0,FX1:1.00,FY1:-151.10,FX2:-6.00,FY2:-149.60,IK1:1,IK2:1,MOVE:0
[2026-09-09 18:12:50.897] [RX] PITCH:0.88,PID_OUT:90.05,INT:-0.0628,EL:-2066,ER:-1075,VEL:-86.5,MOT:1,TILT:25.0,TRIM:1.506,ATE:1,LATCH:0,TORQ:1,CR:0.0,FX1:1.00,FY1:-151.10,FX2:-6.00,FY2:-149.60,IK1:1,IK2:1,MOVE:0
[2026-09-09 18:12:50.906] [RX] AX12:MODE:0,TQ:1,TL:1023,CM:1,CS:4,MS:0,MT:800
[2026-09-09 18:12:50.994] [RX] PITCH:-1.38,PID_OUT:189.86,INT:0.0379,EL:-2064,ER:-1088,VEL:55.6,MOT:1,TILT:25.0,TRIM:0.242,ATE:1,LATCH:0,TORQ:1,CR:0.0,FX1:1.00,FY1:-151.10,FX2:-6.00,FY2:-149.60,IK1:1,IK2:1,MOVE:0
[2026-09-09 18:12:51.095] [RX] PITCH:-1.55,PID_OUT:79.31,INT:0.0985,EL:-2044,ER:-1120,VEL:229.2,MOT:1,TILT:25.0,TRIM:-1.328,ATE:1,LATCH:0,TORQ:1,CR:0.0,FX1:1.00,FY1:-151.10,FX2:-6.00,FY2:-149.60,IK1:1,IK2:1,MOVE:0
[2026-09-09 18:12:51.195] [RX] PITCH:-3.49,PID_OUT:150.74,INT:0.0985,EL:-2022,ER:-1152,VEL:256.4,MOT:1,TILT:25.0,TRIM:-1.607,ATE:1,LATCH:0,TORQ:1,CR:0.0,FX1:1.00,FY1:-151.10,FX2:-6.00,FY2:-149.60,IK1:1,IK2:1,MOVE:0
[2026-09-09 18:12:51.298] [RX] PITCH:-2.46,PID_OUT:-21.92,INT:0.0985,EL:-1994,ER:-1187,VEL:285.6,MOT:1,TILT:25.0,TRIM:-1.913,ATE:1,LATCH:0,TORQ:1,CR:0.0,FX1:1.00,FY1:-151.10,FX2:-6.00,FY2:-149.60,IK1:1,IK2:1,MOVE:0
[2026-09-09 18:12:51.404] [RX] PITCH:-0.59,PID_OUT:-21.26,INT:0.0976,EL:-1991,ER:-1206,VEL:128.2,MOT:1,TILT:25.0,TRIM:-0.541,ATE:1,LATCH:0,TORQ:1,CR:0.0,FX1:1.00,FY1:-151.10,FX2:-6.00,FY2:-149.60,IK1:1,IK2:1,MOVE:0
[2026-09-09 18:12:51.410] [RX] AX12:MODE:0,TQ:1,TL:1023,CM:1,CS:4,MS:0,MT:800
[2026-09-09 18:12:51.497] [RX] PITCH:1.03,PID_OUT:-64.10,INT:0.0828,EL:-2002,ER:-1215,VEL:10.2,MOT:1,TILT:25.0,TRIM:0.500,ATE:1,LATCH:0,TORQ:1,CR:0.0,FX1:1.00,FY1:-151.10,FX2:-6.00,FY2:-149.60,IK1:1,IK2:1,MOVE:0
[2026-09-09 18:12:51.497] [RX] SRV:14,35,0.0,0,0
[2026-09-09 18:12:51.594] [RX] PITCH:2.08,PID_OUT:-108.91,INT:0.0045,EL:-2017,ER:-1215,VEL:-69.9,MOT:1,TILT:25.0,TRIM:1.218,ATE:1,LATCH:0,TORQ:1,CR:0.0,FX1:1.00,FY1:-151.10,FX2:-6.00,FY2:-149.60,IK1:1,IK2:1,MOVE:0
[2026-09-09 18:12:51.695] [RX] PITCH:2.51,PID_OUT:-118.32,INT:-0.0624,EL:-2048,ER:-1209,VEL:-166.5,MOT:1,TILT:25.0,TRIM:2.097,ATE:1,LATCH:0,TORQ:1,CR:0.0,FX1:1.00,FY1:-151.10,FX2:-6.00,FY2:-149.60,IK1:1,IK2:1,MOVE:0
[2026-09-09 18:12:51.794] [RX] PITCH:3.05,PID_OUT:-128.91,INT:-0.0862,EL:-2084,ER:-1195,VEL:-245.2,MOT:1,TILT:25.0,TRIM:2.828,ATE:1,LATCH:0,TORQ:1,CR:0.0,FX1:1.00,FY1:-151.10,FX2:-6.00,FY2:-149.60,IK1:1,IK2:1,MOVE:0
[2026-09-09 18:12:51.898] [RX] PITCH:4.45,PID_OUT:-129.17,INT:-0.0985,EL:-2118,ER:-1172,VEL:-285.2,MOT:1,TILT:25.0,TRIM:3.224,ATE:1,LATCH:0,TORQ:1,CR:0.0,FX1:1.00,FY1:-151.10,FX2:-6.00,FY2:-149.60,IK1:1,IK2:1,MOVE:0
[2026-09-09 18:12:51.906] [RX] AX12:MODE:0,TQ:1,TL:1023,CM:1,CS:4,MS:0,MT:800
[2026-09-09 18:12:51.993] [RX] PITCH:4.50,PID_OUT:-48.74,INT:-0.0985,EL:-2159,ER:-1142,VEL:-341.0,MOT:1,TILT:25.0,TRIM:3.769,ATE:1,LATCH:0,TORQ:1,CR:0.0,FX1:1.00,FY1:-151.10,FX2:-6.00,FY2:-149.60,IK1:1,IK2:1,MOVE:0
[2026-09-09 18:12:52.093] [RX] PITCH:3.75,PID_OUT:16.30,INT:-0.0985,EL:-2190,ER:-1120,VEL:-257.2,MOT:1,TILT:25.0,TRIM:3.070,ATE:1,LATCH:0,TORQ:1,CR:0.0,FX1:1.00,FY1:-151.10,FX2:-6.00,FY2:-149.60,IK1:1,IK2:1,MOVE:0
[2026-09-09 18:12:52.192] [RX] PITCH:1.20,PID_OUT:101.26,INT:-0.0689,EL:-2209,ER:-1112,VEL:-143.8,MOT:1,TILT:25.0,TRIM:2.090,ATE:1,LATCH:0,TORQ:1,CR:0.0,FX1:1.00,FY1:-151.10,FX2:-6.00,FY2:-149.60,IK1:1,IK2:1,MOVE:0
[2026-09-09 18:12:52.291] [RX] PITCH:-0.34,PID_OUT:169.65,INT:0.0134,EL:-2209,ER:-1117,VEL:-6.0,MOT:1,TILT:25.0,TRIM:0.872,ATE:1,LATCH:0,TORQ:1,CR:0.0,FX1:1.00,FY1:-151.10,FX2:-6.00,FY2:-149.60,IK1:1,IK2:1,MOVE:0
[2026-09-09 18:12:52.393] [RX] PITCH:-0.66,PID_OUT:70.51,INT:0.0964,EL:-2192,ER:-1139,VEL:178.4,MOT:1,TILT:25.0,TRIM:-0.783,ATE:1,LATCH:0,TORQ:1,CR:0.0,FX1:1.00,FY1:-151.10,FX2:-6.00,FY2:-149.60,IK1:1,IK2:1,MOVE:0
[2026-09-09 18:12:52.401] [RX] AX12:MODE:0,TQ:1,TL:1023,CM:1,CS:4,MS:0,MT:800
[2026-09-09 18:12:52.500] [RX] PITCH:-2.40,PID_OUT:163.03,INT:0.0985,EL:-2173,ER:-1166,VEL:217.8,MOT:1,TILT:25.0,TRIM:-1.165,ATE:1,LATCH:0,TORQ:1,CR:0.0,FX1:1.00,FY1:-151.10,FX2:-6.00,FY2:-149.60,IK1:1,IK2:1,MOVE:0
[2026-09-09 18:12:52.500] [RX] SRV:1,43,6.3,0,0
[2026-09-09 18:12:52.594] [RX] PITCH:-3.90,PID_OUT:113.17,INT:0.0985,EL:-2144,ER:-1209,VEL:330.8,MOT:1,TILT:25.0,TRIM:-2.215,ATE:1,LATCH:0,TORQ:1,CR:0.0,FX1:1.00,FY1:-151.10,FX2:-6.00,FY2:-149.60,IK1:1,IK2:1,MOVE:0
[2026-09-09 18:12:52.691] [RX] PITCH:-2.63,PID_OUT:-17.09,INT:0.0985,EL:-2116,ER:-1241,VEL:285.9,MOT:1,TILT:25.0,TRIM:-1.864,ATE:1,LATCH:0,TORQ:1,CR:0.0,FX1:1.00,FY1:-151.10,FX2:-6.00,FY2:-149.60,IK1:1,IK2:1,MOVE:0
[2026-09-09 18:12:52.792] [RX] PITCH:-0.37,PID_OUT:-60.53,INT:0.0935,EL:-2115,ER:-1261,VEL:131.7,MOT:1,TILT:25.0,TRIM:-0.520,ATE:1,LATCH:0,TORQ:1,CR:0.0,FX1:1.00,FY1:-151.10,FX2:-6.00,FY2:-149.60,IK1:1,IK2:1,MOVE:0
[2026-09-09 18:12:52.901] [RX] PITCH:1.15,PID_OUT:-75.34,INT:0.0775,EL:-2126,ER:-1269,VEL:2.2,MOT:1,TILT:25.0,TRIM:0.623,ATE:1,LATCH:0,TORQ:1,CR:0.0,FX1:1.00,FY1:-151.10,FX2:-6.00,FY2:-149.60,IK1:1,IK2:1,MOVE:0
[2026-09-09 18:12:52.901] [RX] AX12:MODE:0,TQ:1,TL:1023,CM:1,CS:4,MS:0,MT:800
[2026-09-09 18:12:52.989] [RX] PITCH:2.15,PID_OUT:-89.67,INT:-0.0179,EL:-2139,ER:-1263,VEL:-91.5,MOT:1,TILT:25.0,TRIM:1.464,ATE:1,LATCH:0,TORQ:1,CR:0.0,FX1:1.00,FY1:-151.10,FX2:-6.00,FY2:-149.60,IK1:1,IK2:1,MOVE:0
[2026-09-09 18:12:53.089] [RX] PITCH:3.21,PID_OUT:-155.17,INT:-0.0789,EL:-2168,ER:-1252,VEL:-176.9,MOT:1,TILT:25.0,TRIM:2.246,ATE:1,LATCH:0,TORQ:1,CR:0.0,FX1:1.00,FY1:-151.10,FX2:-6.00,FY2:-149.60,IK1:1,IK2:1,MOVE:0
[2026-09-09 18:12:53.189] [RX] PITCH:3.14,PID_OUT:-120.79,INT:-0.0964,EL:-2208,ER:-1234,VEL:-264.8,MOT:1,TILT:25.0,TRIM:3.065,ATE:1,LATCH:0,TORQ:1,CR:0.0,FX1:1.00,FY1:-151.10,FX2:-6.00,FY2:-149.60,IK1:1,IK2:1,MOVE:0
[2026-09-09 18:12:53.291] [RX] PITCH:3.95,PID_OUT:-136.77,INT:-0.0985,EL:-2251,ER:-1212,VEL:-319.5,MOT:1,TILT:25.0,TRIM:3.596,ATE:1,LATCH:0,TORQ:1,CR:0.0,FX1:1.00,FY1:-151.10,FX2:-6.00,FY2:-149.60,IK1:1,IK2:1,MOVE:0
[2026-09-09 18:12:53.398] [RX] PITCH:5.63,PID_OUT:-136.34,INT:-0.0985,EL:-2299,ER:-1182,VEL:-378.7,MOT:1,TILT:25.0,TRIM:4.176,ATE:1,LATCH:0,TORQ:1,CR:0.0,FX1:1.00,FY1:-151.10,FX2:-6.00,FY2:-149.60,IK1:1,IK2:1,MOVE:0
[2026-09-09 18:12:53.402] [RX] AX12:MODE:0,TQ:1,TL:1023,CM:1,CS:4,MS:0,MT:800
[2026-09-09 18:12:53.492] [RX] PITCH:5.55,PID_OUT:1.28,INT:-0.0985,EL:-2343,ER:-1145,VEL:-396.7,MOT:1,TILT:25.0,TRIM:4.395,ATE:1,LATCH:0,TORQ:1,CR:0.0,FX1:1.00,FY1:-151.10,FX2:-6.00,FY2:-149.60,IK1:1,IK2:1,MOVE:0
[2026-09-09 18:12:53.492] [RX] SRV:6,35,0.0,0,0
[2026-09-09 18:12:53.590] [RX] PITCH:2.99,PID_OUT:92.12,INT:-0.0809,EL:-2375,ER:-1121,VEL:-278.4,MOT:1,TILT:25.0,TRIM:3.395,ATE:1,LATCH:0,TORQ:1,CR:0.0,FX1:1.00,FY1:-151.10,FX2:-6.00,FY2:-149.60,IK1:1,IK2:1,MOVE:0
[2026-09-09 18:12:53.690] [RX] PITCH:0.94,PID_OUT:43.10,INT:-0.0087,EL:-2387,ER:-1123,VEL:-74.4,MOT:1,TILT:25.0,TRIM:1.604,ATE:1,LATCH:0,TORQ:1,CR:0.0,FX1:1.00,FY1:-151.10,FX2:-6.00,FY2:-149.60,IK1:1,IK2:1,MOVE:0
[2026-09-09 18:12:53.787] [RX] PITCH:0.89,PID_OUT:11.54,INT:0.0265,EL:-2387,ER:-1124,VEL:-13.6,MOT:1,TILT:25.0,TRIM:1.067,ATE:1,LATCH:0,TORQ:1,CR:0.0,FX1:1.00,FY1:-151.10,FX2:-6.00,FY2:-149.60,IK1:1,IK2:1,MOVE:0
[2026-09-09 18:12:53.893] [RX] PITCH:0.69,PID_OUT:46.80,INT:0.0460,EL:-2387,ER:-1124,VEL:-2.7,MOT:1,TILT:25.0,TRIM:0.971,ATE:1,LATCH:0,TORQ:1,CR:0.0,FX1:1.00,FY1:-151.10,FX2:-6.00,FY2:-149.60,IK1:1,IK2:1,MOVE:0
[2026-09-09 18:12:53.900] [RX] AX12:MODE:0,TQ:1,TL:1023,CM:1,CS:4,MS:0,MT:800
[2026-09-09 18:12:53.987] [RX] PITCH:0.32,PID_OUT:70.39,INT:0.0628,EL:-2387,ER:-1136,VEL:47.8,MOT:1,TILT:25.0,TRIM:0.517,ATE:1,LATCH:0,TORQ:1,CR:0.0,FX1:1.00,FY1:-151.10,FX2:-6.00,FY2:-149.60,IK1:1,IK2:1,MOVE:0
[2026-09-09 18:12:54.088] [RX] PITCH:-0.16,PID_OUT:79.83,INT:0.0985,EL:-2384,ER:-1147,VEL:83.8,MOT:1,TILT:25.0,TRIM:0.189,ATE:1,LATCH:0,TORQ:1,CR:0.0,FX1:1.00,FY1:-151.10,FX2:-6.00,FY2:-149.60,IK1:1,IK2:1,MOVE:0
[2026-09-09 18:12:54.186] [RX] PITCH:-0.40,PID_OUT:92.09,INT:0.0985,EL:-2379,ER:-1162,VEL:97.4,MOT:1,TILT:25.0,TRIM:0.055,ATE:1,LATCH:0,TORQ:1,CR:0.0,FX1:1.00,FY1:-151.10,FX2:-6.00,FY2:-149.60,IK1:1,IK2:1,MOVE:0
[2026-09-09 18:12:54.287] [RX] PITCH:-0.49,PID_OUT:39.11,INT:0.0985,EL:-2368,ER:-1176,VEL:154.3,MOT:1,TILT:25.0,TRIM:-0.466,ATE:1,LATCH:0,TORQ:1,CR:0.0,FX1:1.00,FY1:-151.10,FX2:-6.00,FY2:-149.60,IK1:1,IK2:1,MOVE:0
[2026-09-09 18:12:54.387] [RX] PITCH:-0.64,PID_OUT:118.71,INT:0.0985,EL:-2354,ER:-1176,VEL:88.0,MOT:1,TILT:25.0,TRIM:0.108,ATE:1,LATCH:0,TORQ:1,CR:0.0,FX1:1.00,FY1:-151.10,FX2:-6.00,FY2:-149.60,IK1:1,IK2:1,MOVE:0
[2026-09-09 18:12:54.396] [RX] AX12:MODE:0,TQ:1,TL:1023,CM:1,CS:4,MS:0,MT:800
[2026-09-09 18:12:54.490] [RX] PITCH:-0.58,PID_OUT:105.85,INT:0.0985,EL:-2338,ER:-1185,VEL:102.6,MOT:1,TILT:25.0,TRIM:-0.040,ATE:1,LATCH:0,TORQ:1,CR:0.0,FX1:1.00,FY1:-151.10,FX2:-6.00,FY2:-149.60,IK1:1,IK2:1,MOVE:0
[2026-09-09 18:12:54.490] [RX] SRV:0,35,0.0,0,0
[2026-09-09 18:12:54.587] [RX] PITCH:-0.63,PID_OUT:60.56,INT:0.0985,EL:-2318,ER:-1194,VEL:154.1,MOT:1,TILT:25.0,TRIM:-0.515,ATE:1,LATCH:0,TORQ:1,CR:0.0,FX1:1.00,FY1:-151.10,FX2:-6.00,FY2:-149.60,IK1:1,IK2:1,MOVE:0
[2026-09-09 18:12:54.685] [RX] PITCH:-0.89,PID_OUT:125.31,INT:0.0985,EL:-2298,ER:-1204,VEL:149.8,MOT:1,TILT:25.0,TRIM:-0.500,ATE:1,LATCH:0,TORQ:1,CR:0.0,FX1:1.00,FY1:-151.10,FX2:-6.00,FY2:-149.60,IK1:1,IK2:1,MOVE:0
[2026-09-09 18:12:54.787] [RX] PITCH:-1.10,PID_OUT:69.52,INT:0.0979,EL:-2273,ER:-1221,VEL:220.7,MOT:1,TILT:25.0,TRIM:-1.157,ATE:1,LATCH:0,TORQ:1,CR:0.0,FX1:1.00,FY1:-151.10,FX2:-6.00,FY2:-149.60,IK1:1,IK2:1,MOVE:0
[2026-09-09 18:12:54.897] [RX] PITCH:-1.41,PID_OUT:98.53,INT:0.0985,EL:-2248,ER:-1243,VEL:236.1,MOT:1,TILT:25.0,TRIM:-1.327,ATE:1,LATCH:0,TORQ:1,CR:0.0,FX1:1.00,FY1:-151.10,FX2:-6.00,FY2:-149.60,IK1:1,IK2:1,MOVE:0
[2026-09-09 18:12:54.897] [RX] AX12:MODE:0,TQ:1,TL:1023,CM:1,CS:4,MS:0,MT:800
[2026-09-09 18:12:54.986] [RX] PITCH:-2.09,PID_OUT:135.27,INT:0.0985,EL:-2221,ER:-1272,VEL:275.7,MOT:1,TILT:25.0,TRIM:-1.718,ATE:1,LATCH:0,TORQ:1,CR:0.0,FX1:1.00,FY1:-151.10,FX2:-6.00,FY2:-149.60,IK1:1,IK2:1,MOVE:0
[2026-09-09 18:12:55.086] [RX] PITCH:-2.81,PID_OUT:142.10,INT:0.0985,EL:-2189,ER:-1308,VEL:336.1,MOT:1,TILT:25.0,TRIM:-2.302,ATE:1,LATCH:0,TORQ:1,CR:0.0,FX1:1.00,FY1:-151.10,FX2:-6.00,FY2:-149.60,IK1:1,IK2:1,MOVE:0
[2026-09-09 18:12:55.189] [RX] PITCH:-4.57,PID_OUT:133.08,INT:0.0985,EL:-2150,ER:-1343,VEL:363.9,MOT:1,TILT:25.0,TRIM:-2.603,ATE:1,LATCH:0,TORQ:1,CR:0.0,FX1:1.00,FY1:-151.10,FX2:-6.00,FY2:-149.60,IK1:1,IK2:1,MOVE:0
[2026-09-09 18:12:55.285] [RX] PITCH:-3.67,PID_OUT:-83.34,INT:0.0985,EL:-2112,ER:-1382,VEL:357.4,MOT:1,TILT:25.0,TRIM:-2.603,ATE:1,LATCH:0,TORQ:1,CR:0.0,FX1:1.00,FY1:-151.10,FX2:-6.00,FY2:-149.60,IK1:1,IK2:1,MOVE:0
[2026-09-09 18:12:55.394] [RX] PITCH:-0.69,PID_OUT:-102.87,INT:0.0919,EL:-2105,ER:-1406,VEL:172.3,MOT:1,TILT:25.0,TRIM:-0.995,ATE:1,LATCH:0,TORQ:1,CR:0.0,FX1:1.00,FY1:-151.10,FX2:-6.00,FY2:-149.60,IK1:1,IK2:1,MOVE:0
[2026-09-09 18:12:55.395] [RX] AX12:MODE:0,TQ:1,TL:1023,CM:1,CS:4,MS:0,MT:800
[2026-09-09 18:12:55.490] [RX] PITCH:1.33,PID_OUT:-16.18,INT:0.0985,EL:-2147,ER:-1411,VEL:-174.4,MOT:1,TILT:25.0,TRIM:2.089,ATE:1,LATCH:0,TORQ:1,CR:0.0,FX1:1.00,FY1:-151.10,FX2:-6.00,FY2:-149.60,IK1:1,IK2:1,MOVE:0
[2026-09-09 18:12:55.490] [RX] SRV:14,35,0.0,0,0
[2026-09-09 18:12:55.585] [RX] PITCH:6.13,PID_OUT:-327.80,INT:0.0279,EL:-2220,ER:-1408,VEL:-290.5,MOT:1,TILT:25.0,TRIM:3.170,ATE:1,LATCH:0,TORQ:1,CR:0.0,FX1:1.00,FY1:-151.10,FX2:-6.00,FY2:-149.60,IK1:1,IK2:1,MOVE:0
[2026-09-09 18:12:55.684] [RX] PITCH:4.62,PID_OUT:19.33,INT:-0.0907,EL:-2285,ER:-1365,VEL:-502.3,MOT:1,TILT:25.0,TRIM:5.118,ATE:1,LATCH:0,TORQ:1,CR:0.0,FX1:1.00,FY1:-151.10,FX2:-6.00,FY2:-149.60,IK1:1,IK2:1,MOVE:0
[2026-09-09 18:12:55.780] [RX] PITCH:5.76,PID_OUT:-233.76,INT:-0.0938,EL:-2329,ER:-1334,VEL:-404.8,MOT:1,TILT:25.0,TRIM:4.315,ATE:1,LATCH:0,TORQ:1,CR:0.0,FX1:1.00,FY1:-151.10,FX2:-6.00,FY2:-149.60,IK1:1,IK2:1,MOVE:0
[2026-09-09 18:12:55.892] [RX] PITCH:5.73,PID_OUT:-36.04,INT:-0.0985,EL:-2386,ER:-1286,VEL:-498.2,MOT:1,TILT:25.0,TRIM:5.217,ATE:1,LATCH:0,TORQ:1,CR:0.0,FX1:1.00,FY1:-151.10,FX2:-6.00,FY2:-149.60,IK1:1,IK2:1,MOVE:0
[2026-09-09 18:12:55.895] [RX] AX12:MODE:0,TQ:1,TL:1023,CM:1,CS:4,MS:0,MT:800
[2026-09-09 18:12:55.982] [RX] PITCH:6.70,PID_OUT:-63.66,INT:-0.0985,EL:-2440,ER:-1245,VEL:-476.0,MOT:1,TILT:25.0,TRIM:5.093,ATE:1,LATCH:0,TORQ:1,CR:0.0,FX1:1.00,FY1:-151.10,FX2:-6.00,FY2:-149.60,IK1:1,IK2:1,MOVE:0
[2026-09-09 18:12:56.081] [RX] PITCH:4.16,PID_OUT:98.00,INT:-0.0950,EL:-2489,ER:-1213,VEL:-400.2,MOT:1,TILT:25.0,TRIM:4.485,ATE:1,LATCH:0,TORQ:1,CR:0.0,FX1:1.00,FY1:-151.10,FX2:-6.00,FY2:-149.60,IK1:1,IK2:1,MOVE:0
[2026-09-09 18:12:56.180] [RX] PITCH:2.97,PID_OUT:56.35,INT:-0.0587,EL:-2519,ER:-1196,VEL:-249.4,MOT:1,TILT:25.0,TRIM:3.190,ATE:1,LATCH:0,TORQ:1,CR:0.0,FX1:1.00,FY1:-151.10,FX2:-6.00,FY2:-149.60,IK1:1,IK2:1,MOVE:0
[2026-09-09 18:12:56.281] [RX] PITCH:1.11,PID_OUT:48.47,INT:0.0125,EL:-2533,ER:-1195,VEL:-99.8,MOT:1,TILT:25.0,TRIM:1.883,ATE:1,LATCH:0,TORQ:1,CR:0.0,FX1:1.00,FY1:-151.10,FX2:-6.00,FY2:-149.60,IK1:1,IK2:1,MOVE:0
[2026-09-09 18:12:56.386] [RX] PITCH:0.93,PID_OUT:23.93,INT:0.0184,EL:-2543,ER:-1212,VEL:-21.5,MOT:1,TILT:25.0,TRIM:1.188,ATE:1,LATCH:0,TORQ:1,CR:0.0,FX1:1.00,FY1:-151.10,FX2:-6.00,FY2:-149.60,IK1:1,IK2:1,MOVE:0
[2026-09-09 18:12:56.393] [RX] AX12:MODE:0,TQ:1,TL:1023,CM:1,CS:4,MS:0,MT:800
[2026-09-09 18:12:56.483] [RX] PITCH:0.39,PID_OUT:23.86,INT:0.0275,EL:-2542,ER:-1228,VEL:81.7,MOT:1,TILT:25.0,TRIM:0.265,ATE:1,LATCH:0,TORQ:1,CR:0.0,FX1:1.00,FY1:-151.10,FX2:-6.00,FY2:-149.60,IK1:1,IK2:1,MOVE:0
[2026-09-09 18:12:56.483] [RX] SRV:1,42,0.0,0,0
[2026-09-09 18:12:56.584] [RX] PITCH:-0.60,PID_OUT:2.60,INT:-0.0094,EL:-2542,ER:-1277,VEL:225.0,MOT:1,TILT:25.0,TRIM:-1.035,ATE:1,LATCH:0,TORQ:1,CR:0.0,FX1:1.00,FY1:-151.10,FX2:-6.00,FY2:-149.60,IK1:1,IK2:1,MOVE:0
[2026-09-09 18:12:56.683] [RX] PITCH:-2.24,PID_OUT:28.80,INT:-0.0382,EL:-2542,ER:-1357,VEL:399.4,MOT:1,TILT:25.0,TRIM:-2.632,ATE:1,LATCH:0,TORQ:1,CR:0.0,FX1:1.00,FY1:-151.10,FX2:-6.00,FY2:-149.60,IK1:1,IK2:1,MOVE:0
[2026-09-09 18:12:56.781] [RX] PITCH:-5.22,PID_OUT:307.91,INT:0.0469,EL:-2539,ER:-1427,VEL:312.3,MOT:1,TILT:25.0,TRIM:-1.919,ATE:1,LATCH:0,TORQ:1,CR:0.0,FX1:1.00,FY1:-151.10,FX2:-6.00,FY2:-149.60,IK1:1,IK2:1,MOVE:0
[2026-09-09 18:12:56.885] [RX] PITCH:-1.70,PID_OUT:-37.84,INT:0.0934,EL:-2510,ER:-1465,VEL:314.3,MOT:1,TILT:25.0,TRIM:-1.987,ATE:1,LATCH:0,TORQ:1,CR:0.0,FX1:1.00,FY1:-151.10,FX2:-6.00,FY2:-149.60,IK1:1,IK2:1,MOVE:0
[2026-09-09 18:12:56.891] [RX] AX12:MODE:0,TQ:1,TL:1023,CM:1,CS:4,MS:0,MT:800
[2026-09-09 18:12:56.980] [RX] PITCH:-2.61,PID_OUT:169.05,INT:0.0783,EL:-2489,ER:-1499,VEL:298.5,MOT:1,TILT:25.0,TRIM:-1.889,ATE:1,LATCH:0,TORQ:1,CR:0.0,FX1:1.00,FY1:-151.10,FX2:-6.00,FY2:-149.60,IK1:1,IK2:1,MOVE:0
[2026-09-09 18:12:57.080] [RX] PITCH:-3.85,PID_OUT:98.50,INT:0.0985,EL:-2455,ER:-1537,VEL:362.6,MOT:1,TILT:25.0,TRIM:-2.508,ATE:1,LATCH:0,TORQ:1,CR:0.0,FX1:1.00,FY1:-151.10,FX2:-6.00,FY2:-149.60,IK1:1,IK2:1,MOVE:0
[2026-09-09 18:12:57.178] [RX] PITCH:-3.37,PID_OUT:53.06,INT:0.0985,EL:-2419,ER:-1573,VEL:352.2,MOT:1,TILT:25.0,TRIM:-2.470,ATE:1,LATCH:0,TORQ:1,CR:0.0,FX1:1.00,FY1:-151.10,FX2:-6.00,FY2:-149.60,IK1:1,IK2:1,MOVE:0
[2026-09-09 18:12:57.279] [RX] PITCH:-2.42,PID_OUT:-3.81,INT:0.0985,EL:-2388,ER:-1605,VEL:312.5,MOT:1,TILT:25.0,TRIM:-2.167,ATE:1,LATCH:0,TORQ:1,CR:0.0,FX1:1.00,FY1:-151.10,FX2:-6.00,FY2:-149.60,IK1:1,IK2:1,MOVE:0
[2026-09-09 18:12:57.389] [RX] PITCH:-1.29,PID_OUT:-10.75,INT:0.0985,EL:-2376,ER:-1630,VEL:198.1,MOT:1,TILT:25.0,TRIM:-1.187,ATE:1,LATCH:0,TORQ:1,CR:0.0,FX1:1.00,FY1:-151.10,FX2:-6.00,FY2:-149.60,IK1:1,IK2:1,MOVE:0
[2026-09-09 18:12:57.390] [RX] AX12:MODE:0,TQ:1,TL:1023,CM:1,CS:4,MS:0,MT:800
[2026-09-09 18:12:57.478] [RX] PITCH:0.43,PID_OUT:-69.51,INT:0.0814,EL:-2381,ER:-1646,VEL:71.6,MOT:1,TILT:25.0,TRIM:-0.080,ATE:1,LATCH:0,TORQ:1,CR:0.0,FX1:1.00,FY1:-151.10,FX2:-6.00,FY2:-149.60,IK1:1,IK2:1,MOVE:0
[2026-09-09 18:12:57.481] [RX] SRV:6,35,0.0,0,0
[2026-09-09 18:12:57.578] [RX] PITCH:1.40,PID_OUT:-51.21,INT:0.0222,EL:-2397,ER:-1651,VEL:-33.6,MOT:1,TILT:25.0,TRIM:0.856,ATE:1,LATCH:0,TORQ:1,CR:0.0,FX1:1.00,FY1:-151.10,FX2:-6.00,FY2:-149.60,IK1:1,IK2:1,MOVE:0
[2026-09-09 18:12:57.679] [RX] PITCH:2.26,PID_OUT:-163.17,INT:-0.0414,EL:-2412,ER:-1650,VEL:-60.6,MOT:1,TILT:25.0,TRIM:1.106,ATE:1,LATCH:0,TORQ:1,CR:0.0,FX1:1.00,FY1:-151.10,FX2:-6.00,FY2:-149.60,IK1:1,IK2:1,MOVE:0
[2026-09-09 18:12:57.780] [RX] PITCH:2.19,PID_OUT:-72.37,INT:-0.0985,EL:-2443,ER:-1642,VEL:-176.5,MOT:1,TILT:25.0,TRIM:2.156,ATE:1,LATCH:0,TORQ:1,CR:0.0,FX1:1.00,FY1:-151.10,FX2:-6.00,FY2:-149.60,IK1:1,IK2:1,MOVE:0
[2026-09-09 18:12:57.877] [RX] PITCH:2.66,PID_OUT:-125.15,INT:-0.0942,EL:-2476,ER:-1633,VEL:-200.3,MOT:1,TILT:25.0,TRIM:2.398,ATE:1,LATCH:0,TORQ:1,CR:0.0,FX1:1.00,FY1:-151.10,FX2:-6.00,FY2:-149.60,IK1:1,IK2:1,MOVE:0
[2026-09-09 18:12:57.889] [RX] AX12:MODE:0,TQ:1,TL:1023,CM:1,CS:4,MS:0,MT:800
[2026-09-09 18:12:57.976] [RX] PITCH:3.05,PID_OUT:-110.41,INT:-0.0985,EL:-2513,ER:-1618,VEL:-255.4,MOT:1,TILT:25.0,TRIM:2.922,ATE:1,LATCH:0,TORQ:1,CR:0.0,FX1:1.00,FY1:-151.10,FX2:-6.00,FY2:-149.60,IK1:1,IK2:1,MOVE:0
[2026-09-09 18:12:58.077] [RX] PITCH:3.73,PID_OUT:-121.68,INT:-0.0985,EL:-2558,ER:-1598,VEL:-319.5,MOT:1,TILT:25.0,TRIM:3.536,ATE:1,LATCH:0,TORQ:1,CR:0.0,FX1:1.00,FY1:-151.10,FX2:-6.00,FY2:-149.60,IK1:1,IK2:1,MOVE:0
[2026-09-09 18:12:58.178] [RX] PITCH:4.89,PID_OUT:-111.28,INT:-0.0985,EL:-2602,ER:-1572,VEL:-355.6,MOT:1,TILT:25.0,TRIM:3.907,ATE:1,LATCH:0,TORQ:1,CR:0.0,FX1:1.00,FY1:-151.10,FX2:-6.00,FY2:-149.60,IK1:1,IK2:1,MOVE:0
[2026-09-09 18:12:58.278] [RX] PITCH:4.63,PID_OUT:-87.99,INT:-0.0985,EL:-2639,ER:-1542,VEL:-338.6,MOT:1,TILT:25.0,TRIM:3.807,ATE:1,LATCH:0,TORQ:1,CR:0.0,FX1:1.00,FY1:-151.10,FX2:-6.00,FY2:-149.60,IK1:1,IK2:1,MOVE:0
[2026-09-09 18:12:58.381] [RX] PITCH:4.42,PID_OUT:-9.89,INT:-0.0985,EL:-2679,ER:-1512,VEL:-343.6,MOT:1,TILT:25.0,TRIM:3.904,ATE:1,LATCH:0,TORQ:1,CR:0.0,FX1:1.00,FY1:-151.10,FX2:-6.00,FY2:-149.60,IK1:1,IK2:1,MOVE:0
[2026-09-09 18:12:58.389] [RX] AX12:MODE:0,TQ:1,TL:1023,CM:1,CS:4,MS:0,MT:800
[2026-09-09 18:12:58.479] [RX] PITCH:2.72,PID_OUT:65.13,INT:-0.0968,EL:-2708,ER:-1499,VEL:-224.3,MOT:1,TILT:25.0,TRIM:2.884,ATE:1,LATCH:0,TORQ:1,CR:0.0,FX1:1.00,FY1:-151.10,FX2:-6.00,FY2:-149.60,IK1:1,IK2:1,MOVE:0
[2026-09-09 18:12:58.480] [RX] SRV:0,35,0.0,0,0
[2026-09-09 18:12:58.574] [RX] PITCH:1.01,PID_OUT:41.12,INT:-0.0214,EL:-2722,ER:-1498,VEL:-85.6,MOT:1,TILT:25.0,TRIM:1.672,ATE:1,LATCH:0,TORQ:1,CR:0.0,FX1:1.00,FY1:-151.10,FX2:-6.00,FY2:-149.60,IK1:1,IK2:1,MOVE:0
[2026-09-09 18:12:58.676] [RX] PITCH:0.78,PID_OUT:-1.50,INT:-0.0191,EL:-2728,ER:-1516,VEL:23.8,MOT:1,TILT:25.0,TRIM:0.700,ATE:1,LATCH:0,TORQ:1,CR:0.0,FX1:1.00,FY1:-151.10,FX2:-6.00,FY2:-149.60,IK1:1,IK2:1,MOVE:0
[2026-09-09 18:12:58.779] [RX] PITCH:-0.42,PID_OUT:13.66,INT:-0.0358,EL:-2728,ER:-1552,VEL:172.4,MOT:1,TILT:25.0,TRIM:-0.638,ATE:1,LATCH:0,TORQ:1,CR:0.0,FX1:1.00,FY1:-151.10,FX2:-6.00,FY2:-149.60,IK1:1,IK2:1,MOVE:0
[2026-09-09 18:12:58.883] [RX] PITCH:-2.52,PID_OUT:92.57,INT:-0.0492,EL:-2728,ER:-1629,VEL:351.8,MOT:1,TILT:25.0,TRIM:-2.277,ATE:1,LATCH:0,TORQ:1,CR:0.0,FX1:1.00,FY1:-151.10,FX2:-6.00,FY2:-149.60,IK1:1,IK2:1,MOVE:0
[2026-09-09 18:12:58.888] [RX] AX12:MODE:0,TQ:1,TL:1023,CM:1,CS:4,MS:0,MT:800
[2026-09-09 18:12:58.974] [RX] PITCH:-2.02,PID_OUT:-23.97,INT:0.0985,EL:-2707,ER:-1654,VEL:287.9,MOT:1,TILT:25.0,TRIM:-1.748,ATE:1,LATCH:0,TORQ:1,CR:0.0,FX1:1.00,FY1:-151.10,FX2:-6.00,FY2:-149.60,IK1:1,IK2:1,MOVE:0
[2026-09-09 18:12:59.074] [RX] PITCH:-0.93,PID_OUT:49.42,INT:0.0738,EL:-2693,ER:-1682,VEL:228.9,MOT:1,TILT:25.0,TRIM:-1.260,ATE:1,LATCH:0,TORQ:1,CR:0.0,FX1:1.00,FY1:-151.10,FX2:-6.00,FY2:-149.60,IK1:1,IK2:1,MOVE:0
[2026-09-09 18:12:59.174] [RX] PITCH:-2.86,PID_OUT:154.49,INT:0.0985,EL:-2672,ER:-1717,VEL:271.7,MOT:1,TILT:25.0,TRIM:-1.679,ATE:1,LATCH:0,TORQ:1,CR:0.0,FX1:1.00,FY1:-151.10,FX2:-6.00,FY2:-149.60,IK1:1,IK2:1,MOVE:0
[2026-09-09 18:12:59.274] [RX] PITCH:-2.97,PID_OUT:112.10,INT:0.0985,EL:-2643,ER:-1754,VEL:321.2,MOT:1,TILT:25.0,TRIM:-2.165,ATE:1,LATCH:0,TORQ:1,CR:0.0,FX1:1.00,FY1:-151.10,FX2:-6.00,FY2:-149.60,IK1:1,IK2:1,MOVE:0
[2026-09-09 18:12:59.385] [RX] PITCH:-3.44,PID_OUT:67.06,INT:0.0985,EL:-2611,ER:-1794,VEL:357.7,MOT:1,TILT:25.0,TRIM:-2.540,ATE:1,LATCH:0,TORQ:1,CR:0.0,FX1:1.00,FY1:-151.10,FX2:-6.00,FY2:-149.60,IK1:1,IK2:1,MOVE:0
[2026-09-09 18:12:59.385] [RX] AX12:MODE:0,TQ:1,TL:1023,CM:1,CS:4,MS:0,MT:800
[2026-09-09 18:12:59.473] [RX] PITCH:-3.02,PID_OUT:36.04,INT:0.0985,EL:-2580,ER:-1825,VEL:314.5,MOT:1,TILT:25.0,TRIM:-2.206,ATE:1,LATCH:0,TORQ:1,CR:0.0,FX1:1.00,FY1:-151.10,FX2:-6.00,FY2:-149.60,IK1:1,IK2:1,MOVE:0
[2026-09-09 18:12:59.476] [RX] SRV:14,35,0.0,0,0
[2026-09-09 18:12:59.573] [RX] PITCH:-1.62,PID_OUT:-14.25,INT:0.0985,EL:-2567,ER:-1850,VEL:193.0,MOT:1,TILT:25.0,TRIM:-1.163,ATE:1,LATCH:0,TORQ:1,CR:0.0,FX1:1.00,FY1:-151.10,FX2:-6.00,FY2:-149.60,IK1:1,IK2:1,MOVE:0
[2026-09-09 18:12:59.673] [RX] PITCH:0.47,PID_OUT:-82.16,INT:0.0710,EL:-2571,ER:-1867,VEL:73.6,MOT:1,TILT:25.0,TRIM:-0.121,ATE:1,LATCH:0,TORQ:1,CR:0.0,FX1:1.00,FY1:-151.10,FX2:-6.00,FY2:-149.60,IK1:1,IK2:1,MOVE:0
[2026-09-09 18:12:59.771] [RX] PITCH:1.79,PID_OUT:-138.94,INT:0.0603,EL:-2593,ER:-1868,VEL:-41.1,MOT:1,TILT:25.0,TRIM:0.906,ATE:1,LATCH:0,TORQ:1,CR:0.0,FX1:1.00,FY1:-151.10,FX2:-6.00,FY2:-149.60,IK1:1,IK2:1,MOVE:0
[2026-09-09 18:12:59.882] [RX] PITCH:3.52,PID_OUT:-161.72,INT:-0.0598,EL:-2624,ER:-1857,VEL:-185.3,MOT:1,TILT:25.0,TRIM:2.209,ATE:1,LATCH:0,TORQ:1,CR:0.0,FX1:1.00,FY1:-151.10,FX2:-6.00,FY2:-149.60,IK1:1,IK2:1,MOVE:0
[2026-09-09 18:12:59.882] [RX] AX12:MODE:0,TQ:1,TL:1023,CM:1,CS:4,MS:0,MT:800
[2026-09-09 18:12:59.971] [RX] PITCH:3.75,PID_OUT:-101.69,INT:-0.0985,EL:-2669,ER:-1834,VEL:-316.2,MOT:1,TILT:25.0,TRIM:3.414,ATE:1,LATCH:0,TORQ:1,CR:0.0,FX1:1.00,FY1:-151.10,FX2:-6.00,FY2:-149.60,IK1:1,IK2:1,MOVE:0
[2026-09-09 18:13:00.074] [RX] PITCH:4.66,PID_OUT:-98.34,INT:-0.0985,EL:-2710,ER:-1809,VEL:-333.0,MOT:1,TILT:25.0,TRIM:3.611,ATE:1,LATCH:0,TORQ:1,CR:0.0,FX1:1.00,FY1:-151.10,FX2:-6.00,FY2:-149.60,IK1:1,IK2:1,MOVE:0
[2026-09-09 18:13:00.176] [RX] PITCH:4.28,PID_OUT:-43.18,INT:-0.0985,EL:-2751,ER:-1780,VEL:-336.4,MOT:1,TILT:25.0,TRIM:3.694,ATE:1,LATCH:0,TORQ:1,CR:0.0,FX1:1.00,FY1:-151.10,FX2:-6.00,FY2:-149.60,IK1:1,IK2:1,MOVE:0
[2026-09-09 18:13:00.273] [RX] PITCH:3.59,PID_OUT:-2.01,INT:-0.0985,EL:-2781,ER:-1756,VEL:-276.8,MOT:1,TILT:25.0,TRIM:3.209,ATE:1,LATCH:0,TORQ:1,CR:0.0,FX1:1.00,FY1:-151.10,FX2:-6.00,FY2:-149.60,IK1:1,IK2:1,MOVE:0
[2026-09-09 18:13:00.378] [RX] PITCH:2.08,PID_OUT:50.95,INT:-0.0985,EL:-2800,ER:-1749,VEL:-143.2,MOT:1,TILT:25.0,TRIM:2.050,ATE:1,LATCH:0,TORQ:1,CR:0.0,FX1:1.00,FY1:-151.10,FX2:-6.00,FY2:-149.60,IK1:1,IK2:1,MOVE:0
[2026-09-09 18:13:00.383] [RX] AX12:MODE:0,TQ:1,TL:1023,CM:1,CS:4,MS:0,MT:800
[2026-09-09 18:13:00.474] [RX] PITCH:0.13,PID_OUT:91.31,INT:-0.0329,EL:-2808,ER:-1755,VEL:-20.1,MOT:1,TILT:25.0,TRIM:0.967,ATE:1,LATCH:0,TORQ:1,CR:0.0,FX1:1.00,FY1:-151.10,FX2:-6.00,FY2:-149.60,IK1:1,IK2:1,MOVE:0
[2026-09-09 18:13:00.474] [RX] SRV:1,42,0.0,0,0
[2026-09-09 18:13:00.569] [RX] PITCH:-1.36,PID_OUT:101.26,INT:0.0815,EL:-2803,ER:-1771,VEL:84.1,MOT:1,TILT:25.0,TRIM:0.033,ATE:1,LATCH:0,TORQ:1,CR:0.0,FX1:1.00,FY1:-151.10,FX2:-6.00,FY2:-149.60,IK1:1,IK2:1,MOVE:0
[2026-09-09 18:13:00.668] [RX] PITCH:-1.41,PID_OUT:134.61,INT:0.0985,EL:-2785,ER:-1803,VEL:203.0,MOT:1,TILT:25.0,TRIM:-1.053,ATE:1,LATCH:0,TORQ:1,CR:0.0,FX1:1.00,FY1:-151.10,FX2:-6.00,FY2:-149.60,IK1:1,IK2:1,MOVE:0
[2026-09-09 18:13:00.770] [RX] PITCH:-2.41,PID_OUT:102.11,INT:0.0985,EL:-2763,ER:-1836,VEL:275.2,MOT:1,TILT:25.0,TRIM:-1.731,ATE:1,LATCH:0,TORQ:1,CR:0.0,FX1:1.00,FY1:-151.10,FX2:-6.00,FY2:-149.60,IK1:1,IK2:1,MOVE:0
[2026-09-09 18:13:00.875] [RX] PITCH:-3.28,PID_OUT:98.62,INT:0.0985,EL:-2736,ER:-1873,VEL:305.2,MOT:1,TILT:25.0,TRIM:-2.043,ATE:1,LATCH:0,TORQ:1,CR:0.0,FX1:1.00,FY1:-151.10,FX2:-6.00,FY2:-149.60,IK1:1,IK2:1,MOVE:0
[2026-09-09 18:13:00.881] [RX] AX12:MODE:0,TQ:1,TL:1023,CM:1,CS:4,MS:0,MT:800
[2026-09-09 18:13:00.969] [RX] PITCH:-3.05,PID_OUT:37.31,INT:0.0985,EL:-2707,ER:-1908,VEL:307.0,MOT:1,TILT:25.0,TRIM:-2.107,ATE:1,LATCH:0,TORQ:1,CR:0.0,FX1:1.00,FY1:-151.10,FX2:-6.00,FY2:-149.60,IK1:1,IK2:1,MOVE:0
[2026-09-09 18:13:01.071] [RX] PITCH:-1.66,PID_OUT:-33.42,INT:0.0985,EL:-2691,ER:-1935,VEL:209.0,MOT:1,TILT:25.0,TRIM:-1.275,ATE:1,LATCH:0,TORQ:1,CR:0.0,FX1:1.00,FY1:-151.10,FX2:-6.00,FY2:-149.60,IK1:1,IK2:1,MOVE:0
[2026-09-09 18:13:01.169] [RX] PITCH:0.10,PID_OUT:-101.84,INT:0.0933,EL:-2694,ER:-1953,VEL:95.2,MOT:1,TILT:25.0,TRIM:-0.283,ATE:1,LATCH:0,TORQ:1,CR:0.0,FX1:1.00,FY1:-151.10,FX2:-6.00,FY2:-149.60,IK1:1,IK2:1,MOVE:0
[2026-09-09 18:13:01.269] [RX] PITCH:1.76,PID_OUT:-142.82,INT:0.0187,EL:-2707,ER:-1956,VEL:-25.5,MOT:1,TILT:25.0,TRIM:0.788,ATE:1,LATCH:0,TORQ:1,CR:0.0,FX1:1.00,FY1:-151.10,FX2:-6.00,FY2:-149.60,IK1:1,IK2:1,MOVE:0
[2026-09-09 18:13:01.377] [RX] PITCH:2.79,PID_OUT:-101.54,INT:-0.0711,EL:-2739,ER:-1945,VEL:-190.4,MOT:1,TILT:25.0,TRIM:2.274,ATE:1,LATCH:0,TORQ:1,CR:0.0,FX1:1.00,FY1:-151.10,FX2:-6.00,FY2:-149.60,IK1:1,IK2:1,MOVE:0
[2026-09-09 18:13:01.377] [RX] AX12:MODE:0,TQ:1,TL:1023,CM:1,CS:4,MS:0,MT:800
[2026-09-09 18:13:01.474] [RX] PITCH:3.97,PID_OUT:-108.57,INT:-0.0985,EL:-2781,ER:-1924,VEL:-300.9,MOT:1,TILT:25.0,TRIM:3.295,ATE:1,LATCH:0,TORQ:1,CR:0.0,FX1:1.00,FY1:-151.10,FX2:-6.00,FY2:-149.60,IK1:1,IK2:1,MOVE:0
[2026-09-09 18:13:01.474] [RX] SRV:6,35,0.0,0,0
[2026-09-09 18:13:01.567] [RX] PITCH:4.51,PID_OUT:-98.39,INT:-0.0985,EL:-2822,ER:-1899,VEL:-324.0,MOT:1,TILT:25.0,TRIM:3.548,ATE:1,LATCH:0,TORQ:1,CR:0.0,FX1:1.00,FY1:-151.10,FX2:-6.00,FY2:-149.60,IK1:1,IK2:1,MOVE:0
[2026-09-09 18:13:01.671] [RX] PITCH:4.06,PID_OUT:-41.40,INT:-0.0985,EL:-2857,ER:-1873,VEL:-302.3,MOT:1,TILT:25.0,TRIM:3.402,ATE:1,LATCH:0,TORQ:1,CR:0.0,FX1:1.00,FY1:-151.10,FX2:-6.00,FY2:-149.60,IK1:1,IK2:1,MOVE:0
[2026-09-09 18:13:01.768] [RX] PITCH:3.22,PID_OUT:-2.20,INT:-0.0985,EL:-2885,ER:-1855,VEL:-220.7,MOT:1,TILT:25.0,TRIM:2.718,ATE:1,LATCH:0,TORQ:1,CR:0.0,FX1:1.00,FY1:-151.10,FX2:-6.00,FY2:-149.60,IK1:1,IK2:1,MOVE:0
[2026-09-09 18:13:01.868] [RX] PITCH:0.70,PID_OUT:104.26,INT:-0.0681,EL:-2899,ER:-1853,VEL:-92.4,MOT:1,TILT:25.0,TRIM:1.599,ATE:1,LATCH:0,TORQ:1,CR:0.0,FX1:1.00,FY1:-151.10,FX2:-6.00,FY2:-149.60,IK1:1,IK2:1,MOVE:0
[2026-09-09 18:13:01.880] [RX] AX12:MODE:0,TQ:1,TL:1023,CM:1,CS:4,MS:0,MT:800
[2026-09-09 18:13:01.965] [RX] PITCH:-1.03,PID_OUT:185.09,INT:0.0225,EL:-2897,ER:-1863,VEL:21.1,MOT:1,TILT:25.0,TRIM:0.589,ATE:1,LATCH:0,TORQ:1,CR:0.0,FX1:1.00,FY1:-151.10,FX2:-6.00,FY2:-149.60,IK1:1,IK2:1,MOVE:0
[2026-09-09 18:13:02.065] [RX] PITCH:-0.91,PID_OUT:72.98,INT:0.0985,EL:-2880,ER:-1884,VEL:170.6,MOT:1,TILT:25.0,TRIM:-0.757,ATE:1,LATCH:0,TORQ:1,CR:0.0,FX1:1.00,FY1:-151.10,FX2:-6.00,FY2:-149.60,IK1:1,IK2:1,MOVE:0
[2026-09-09 18:13:02.166] [RX] PITCH:-2.03,PID_OUT:113.18,INT:0.0985,EL:-2862,ER:-1912,VEL:226.6,MOT:1,TILT:25.0,TRIM:-1.285,ATE:1,LATCH:0,TORQ:1,CR:0.0,FX1:1.00,FY1:-151.10,FX2:-6.00,FY2:-149.60,IK1:1,IK2:1,MOVE:0
[2026-09-09 18:13:02.265] [RX] PITCH:-2.33,PID_OUT:66.84,INT:0.0985,EL:-2841,ER:-1947,VEL:273.2,MOT:1,TILT:25.0,TRIM:-1.738,ATE:1,LATCH:0,TORQ:1,CR:0.0,FX1:1.00,FY1:-151.10,FX2:-6.00,FY2:-149.60,IK1:1,IK2:1,MOVE:0
[2026-09-09 18:13:02.374] [RX] PITCH:-2.46,PID_OUT:43.98,INT:0.0985,EL:-2821,ER:-1983,VEL:280.0,MOT:1,TILT:25.0,TRIM:-1.840,ATE:1,LATCH:0,TORQ:1,CR:0.0,FX1:1.00,FY1:-151.10,FX2:-6.00,FY2:-149.60,IK1:1,IK2:1,MOVE:0
[2026-09-09 18:13:02.377] [RX] AX12:MODE:0,TQ:1,TL:1023,CM:1,CS:4,MS:0,MT:800
[2026-09-09 18:13:02.468] [RX] PITCH:-1.55,PID_OUT:-8.62,INT:0.0985,EL:-2807,ER:-2008,VEL:201.9,MOT:1,TILT:25.0,TRIM:-1.180,ATE:1,LATCH:0,TORQ:1,CR:0.0,FX1:1.00,FY1:-151.10,FX2:-6.00,FY2:-149.60,IK1:1,IK2:1,MOVE:0
[2026-09-09 18:13:02.468] [RX] SRV:0,35,0.0,0,0
[2026-09-09 18:13:02.564] [RX] PITCH:0.16,PID_OUT:-47.89,INT:0.0976,EL:-2813,ER:-2020,VEL:59.5,MOT:1,TILT:25.0,TRIM:0.070,ATE:1,LATCH:0,TORQ:1,CR:0.0,FX1:1.00,FY1:-151.10,FX2:-6.00,FY2:-149.60,IK1:1,IK2:1,MOVE:0
[2026-09-09 18:13:02.666] [RX] PITCH:1.98,PID_OUT:-137.80,INT:0.0140,EL:-2824,ER:-2024,VEL:-31.8,MOT:1,TILT:25.0,TRIM:0.880,ATE:1,LATCH:0,TORQ:1,CR:0.0,FX1:1.00,FY1:-151.10,FX2:-6.00,FY2:-149.60,IK1:1,IK2:1,MOVE:0
[2026-09-09 18:13:02.764] [RX] PITCH:2.98,PID_OUT:-133.40,INT:-0.0730,EL:-2854,ER:-2015,VEL:-163.5,MOT:1,TILT:25.0,TRIM:2.070,ATE:1,LATCH:0,TORQ:1,CR:0.0,FX1:1.00,FY1:-151.10,FX2:-6.00,FY2:-149.60,IK1:1,IK2:1,MOVE:0
[2026-09-09 18:13:02.873] [RX] PITCH:3.19,PID_OUT:-80.21,INT:-0.0985,EL:-2892,ER:-1998,VEL:-253.6,MOT:1,TILT:25.0,TRIM:2.906,ATE:1,LATCH:0,TORQ:1,CR:0.0,FX1:1.00,FY1:-151.10,FX2:-6.00,FY2:-149.60,IK1:1,IK2:1,MOVE:0
[2026-09-09 18:13:02.875] [RX] AX12:MODE:0,TQ:1,TL:1023,CM:1,CS:4,MS:0,MT:800
[2026-09-09 18:13:02.965] [RX] PITCH:3.83,PID_OUT:-96.01,INT:-0.0985,EL:-2931,ER:-1980,VEL:-276.0,MOT:1,TILT:25.0,TRIM:3.146,ATE:1,LATCH:0,TORQ:1,CR:0.0,FX1:1.00,FY1:-151.10,FX2:-6.00,FY2:-149.60,IK1:1,IK2:1,MOVE:0
[2026-09-09 18:13:03.066] [RX] PITCH:3.86,PID_OUT:-35.50,INT:-0.0985,EL:-2974,ER:-1960,VEL:-306.2,MOT:1,TILT:25.0,TRIM:3.460,ATE:1,LATCH:0,TORQ:1,CR:0.0,FX1:1.00,FY1:-151.10,FX2:-6.00,FY2:-149.60,IK1:1,IK2:1,MOVE:0
[2026-09-09 18:13:03.162] [RX] PITCH:3.45,PID_OUT:-8.99,INT:-0.0985,EL:-3013,ER:-1944,VEL:-277.1,MOT:1,TILT:25.0,TRIM:3.244,ATE:1,LATCH:0,TORQ:1,CR:0.0,FX1:1.00,FY1:-151.10,FX2:-6.00,FY2:-149.60,IK1:1,IK2:1,MOVE:0
[2026-09-09 18:13:03.262] [RX] PITCH:1.72,PID_OUT:53.68,INT:-0.0973,EL:-3027,ER:-1939,VEL:-116.3,MOT:1,TILT:25.0,TRIM:1.841,ATE:1,LATCH:0,TORQ:1,CR:0.0,FX1:1.00,FY1:-151.10,FX2:-6.00,FY2:-149.60,IK1:1,IK2:1,MOVE:0
[2026-09-09 18:13:03.363] [RX] PITCH:-0.83,PID_OUT:128.74,INT:-0.0018,EL:-3030,ER:-1952,VEL:32.8,MOT:1,TILT:25.0,TRIM:0.520,ATE:1,LATCH:0,TORQ:1,CR:0.0,FX1:1.00,FY1:-151.10,FX2:-6.00,FY2:-149.60,IK1:1,IK2:1,MOVE:0
[2026-09-09 18:13:03.371] [RX] AX12:MODE:0,TQ:1,TL:1023,CM:1,CS:4,MS:0,MT:800
[2026-09-09 18:13:03.462] [RX] PITCH:-1.56,PID_OUT:96.44,INT:0.0985,EL:-3018,ER:-1976,VEL:162.0,MOT:1,TILT:25.0,TRIM:-0.646,ATE:1,LATCH:0,TORQ:1,CR:0.0,FX1:1.00,FY1:-151.10,FX2:-6.00,FY2:-149.60,IK1:1,IK2:1,MOVE:0
[2026-09-09 18:13:03.466] [RX] SRV:14,35,0.0,0,0
[2026-09-09 18:13:03.564] [RX] PITCH:-1.39,PID_OUT:61.04,INT:0.0985,EL:-3002,ER:-2006,VEL:211.9,MOT:1,TILT:25.0,TRIM:-1.121,ATE:1,LATCH:0,TORQ:1,CR:0.0,FX1:1.00,FY1:-151.10,FX2:-6.00,FY2:-149.60,IK1:1,IK2:1,MOVE:0
[2026-09-09 18:13:03.661] [RX] PITCH:-1.68,PID_OUT:61.98,INT:0.0985,EL:-2989,ER:-2032,VEL:197.0,MOT:1,TILT:25.0,TRIM:-1.019,ATE:1,LATCH:0,TORQ:1,CR:0.0,FX1:1.00,FY1:-151.10,FX2:-6.00,FY2:-149.60,IK1:1,IK2:1,MOVE:0
[2026-09-09 18:13:03.763] [RX] PITCH:-1.19,PID_OUT:14.84,INT:0.0985,EL:-2978,ER:-2060,VEL:193.5,MOT:1,TILT:25.0,TRIM:-1.017,ATE:1,LATCH:0,TORQ:1,CR:0.0,FX1:1.00,FY1:-151.10,FX2:-6.00,FY2:-149.60,IK1:1,IK2:1,MOVE:0
[2026-09-09 18:13:03.873] [RX] PITCH:-0.39,PID_OUT:9.73,INT:0.0985,EL:-2974,ER:-2076,VEL:108.1,MOT:1,TILT:25.0,TRIM:-0.279,ATE:1,LATCH:0,TORQ:1,CR:0.0,FX1:1.00,FY1:-151.10,FX2:-6.00,FY2:-149.60,IK1:1,IK2:1,MOVE:0
[2026-09-09 18:13:03.873] [RX] AX12:MODE:0,TQ:1,TL:1023,CM:1,CS:4,MS:0,MT:800
[2026-09-09 18:13:03.960] [RX] PITCH:0.75,PID_OUT:-42.91,INT:0.0795,EL:-2976,ER:-2084,VEL:39.5,MOT:1,TILT:25.0,TRIM:0.321,ATE:1,LATCH:0,TORQ:1,CR:0.0,FX1:1.00,FY1:-151.10,FX2:-6.00,FY2:-149.60,IK1:1,IK2:1,MOVE:0
[2026-09-09 18:13:04.059] [RX] PITCH:2.59,PID_OUT:-167.36,INT:0.0004,EL:-2990,ER:-2083,VEL:-48.6,MOT:1,TILT:25.0,TRIM:1.108,ATE:1,LATCH:0,TORQ:1,CR:0.0,FX1:1.00,FY1:-151.10,FX2:-6.00,FY2:-149.60,IK1:1,IK2:1,MOVE:0
[2026-09-09 18:13:04.164] [RX] PITCH:2.50,PID_OUT:-71.99,INT:-0.0876,EL:-3015,ER:-2070,VEL:-171.8,MOT:1,TILT:25.0,TRIM:2.223,ATE:1,LATCH:0,TORQ:1,CR:0.0,FX1:1.00,FY1:-151.10,FX2:-6.00,FY2:-149.60,IK1:1,IK2:1,MOVE:0
[2026-09-09 18:13:04.261] [RX] PITCH:2.86,PID_OUT:-75.70,INT:-0.0819,EL:-3052,ER:-2057,VEL:-226.9,MOT:1,TILT:25.0,TRIM:2.746,ATE:1,LATCH:0,TORQ:1,CR:0.0,FX1:1.00,FY1:-151.10,FX2:-6.00,FY2:-149.60,IK1:1,IK2:1,MOVE:0
[2026-09-09 18:13:04.367] [RX] PITCH:3.20,PID_OUT:-42.63,INT:-0.0985,EL:-3087,ER:-2044,VEL:-248.6,MOT:1,TILT:25.0,TRIM:2.973,ATE:1,LATCH:0,TORQ:1,CR:0.0,FX1:1.00,FY1:-151.10,FX2:-6.00,FY2:-149.60,IK1:1,IK2:1,MOVE:0
[2026-09-09 18:13:04.370] [RX] AX12:MODE:0,TQ:1,TL:1023,CM:1,CS:4,MS:0,MT:800
[2026-09-09 18:13:04.465] [RX] PITCH:2.93,PID_OUT:-42.53,INT:-0.0985,EL:-3121,ER:-2034,VEL:-222.8,MOT:1,TILT:25.0,TRIM:2.779,ATE:1,LATCH:0,TORQ:1,CR:0.0,FX1:1.00,FY1:-151.10,FX2:-6.00,FY2:-149.60,IK1:1,IK2:1,MOVE:0
[2026-09-09 18:13:04.465] [RX] SRV:1,41,0.0,0,0
[2026-09-09 18:13:04.563] [RX] PITCH:2.21,PID_OUT:-14.45,INT:-0.0930,EL:-3149,ER:-2029,VEL:-168.3,MOT:1,TILT:25.0,TRIM:2.323,ATE:1,LATCH:0,TORQ:1,CR:0.0,FX1:1.00,FY1:-151.10,FX2:-6.00,FY2:-149.60,IK1:1,IK2:1,MOVE:0
[2026-09-09 18:13:04.636] [TX] P57.5
[2026-09-09 18:13:04.662] [RX] PITCH:1.19,PID_OUT:13.64,INT:-0.0668,EL:-3162,ER:-2029,VEL:-67.1,MOT:1,TILT:25.0,TRIM:1.442,ATE:1,LATCH:0,TORQ:1,CR:0.0,FX1:1.00,FY1:-151.10,FX2:-6.00,FY2:-149.60,IK1:1,IK2:1,MOVE:0
[2026-09-09 18:13:04.695] [RX] Updated -> P:57.500 I:650.000 D:3.520 Offset:-0.9764 Target:0.000 Alpha:0.9600 Tilt:25.00 TrimGain:0.0015 Crouch:0.00 VP:0.0089
[2026-09-09 18:13:04.758] [RX] PITCH:-0.48,PID_OUT:110.71,INT:-0.0114,EL:-3160,ER:-2037,VEL:41.4,MOT:1,TILT:25.0,TRIM:0.477,ATE:1,LATCH:0,TORQ:1,CR:0.0,FX1:1.00,FY1:-151.10,FX2:-6.00,FY2:-149.60,IK1:1,IK2:1,MOVE:0
[2026-09-09 18:13:04.864] [RX] PITCH:-1.30,PID_OUT:103.75,INT:0.0985,EL:-3153,ER:-2058,VEL:133.9,MOT:1,TILT:25.0,TRIM:-0.359,ATE:1,LATCH:0,TORQ:1,CR:0.0,FX1:1.00,FY1:-151.10,FX2:-6.00,FY2:-149.60,IK1:1,IK2:1,MOVE:0
[2026-09-09 18:13:04.871] [RX] AX12:MODE:0,TQ:1,TL:1023,CM:1,CS:4,MS:0,MT:800
[2026-09-09 18:13:04.958] [RX] PITCH:-1.22,PID_OUT:63.97,INT:0.0985,EL:-3141,ER:-2088,VEL:197.7,MOT:1,TILT:25.0,TRIM:-0.953,ATE:1,LATCH:0,TORQ:1,CR:0.0,FX1:1.00,FY1:-151.10,FX2:-6.00,FY2:-149.60,IK1:1,IK2:1,MOVE:0
[2026-09-09 18:13:05.059] [RX] PITCH:-1.85,PID_OUT:79.09,INT:0.0985,EL:-3129,ER:-2115,VEL:200.5,MOT:1,TILT:25.0,TRIM:-1.007,ATE:1,LATCH:0,TORQ:1,CR:0.0,FX1:1.00,FY1:-151.10,FX2:-6.00,FY2:-149.60,IK1:1,IK2:1,MOVE:0
[2026-09-09 18:13:05.156] [RX] PITCH:-1.56,PID_OUT:35.46,INT:0.0985,EL:-3116,ER:-2145,VEL:212.5,MOT:1,TILT:25.0,TRIM:-1.145,ATE:1,LATCH:0,TORQ:1,CR:0.0,FX1:1.00,FY1:-151.10,FX2:-6.00,FY2:-149.60,IK1:1,IK2:1,MOVE:0
[2026-09-09 18:13:05.257] [RX] PITCH:-0.96,PID_OUT:18.70,INT:0.0985,EL:-3106,ER:-2169,VEL:177.5,MOT:1,TILT:25.0,TRIM:-0.862,ATE:1,LATCH:0,TORQ:1,CR:0.0,FX1:1.00,FY1:-151.10,FX2:-6.00,FY2:-149.60,IK1:1,IK2:1,MOVE:0
[2026-09-09 18:13:05.365] [RX] PITCH:-0.34,PID_OUT:5.57,INT:0.0943,EL:-3102,ER:-2189,VEL:133.2,MOT:1,TILT:25.0,TRIM:-0.489,ATE:1,LATCH:0,TORQ:1,CR:0.0,FX1:1.00,FY1:-151.10,FX2:-6.00,FY2:-149.60,IK1:1,IK2:1,MOVE:0
[2026-09-09 18:13:05.369] [RX] AX12:MODE:0,TQ:1,TL:1023,CM:1,CS:4,MS:0,MT:800
[2026-09-09 18:13:05.459] [RX] PITCH:0.54,PID_OUT:-2.27,INT:0.0974,EL:-3101,ER:-2189,VEL:28.0,MOT:1,TILT:25.0,TRIM:0.438,ATE:1,LATCH:0,TORQ:1,CR:0.0,FX1:1.00,FY1:-151.10,FX2:-6.00,FY2:-149.60,IK1:1,IK2:1,MOVE:0
[2026-09-09 18:13:05.464] [RX] SRV:6,36,0.0,0,0
[2026-09-09 18:13:05.558] [RX] PITCH:2.32,PID_OUT:-109.90,INT:0.0397,EL:-3115,ER:-2188,VEL:-63.0,MOT:1,TILT:25.0,TRIM:1.251,ATE:1,LATCH:0,TORQ:1,CR:0.0,FX1:1.00,FY1:-151.10,FX2:-6.00,FY2:-149.60,IK1:1,IK2:1,MOVE:0
[2026-09-09 18:13:05.653] [RX] PITCH:3.06,PID_OUT:-107.01,INT:-0.0861,EL:-3139,ER:-2180,VEL:-163.9,MOT:1,TILT:25.0,TRIM:2.164,ATE:1,LATCH:0,TORQ:1,CR:0.0,FX1:1.00,FY1:-151.10,FX2:-6.00,FY2:-149.60,IK1:1,IK2:1,MOVE:0
[2026-09-09 18:13:05.701] [TX] P50.6
[2026-09-09 18:13:05.755] [RX] PITCH:2.82,PID_OUT:-64.36,INT:-0.0985,EL:-3174,ER:-2166,VEL:-232.0,MOT:1,TILT:25.0,TRIM:2.801,ATE:1,LATCH:0,TORQ:1,CR:0.0,FX1:1.00,FY1:-151.10,FX2:-6.00,FY2:-149.60,IK1:1,IK2:1,MOVE:0
[2026-09-09 18:13:05.857] [RX] PITCH:3.26,PID_OUT:-91.56,INT:-0.0985,EL:-3206,ER:-2153,VEL:-221.7,MOT:1,TILT:25.0,TRIM:2.744,ATE:1,LATCH:0,TORQ:1,CR:0.0,FX1:1.00,FY1:-151.10,FX2:-6.00,FY2:-149.60,IK1:1,IK2:1,MOVE:0
[2026-09-09 18:13:05.865] [RX] AX12:MODE:0,TQ:1,TL:1023,CM:1,CS:4,MS:0,MT:800
[2026-09-09 18:13:05.955] [RX] PITCH:3.17,PID_OUT:-58.87,INT:-0.0985,EL:-3242,ER:-2139,VEL:-246.2,MOT:1,TILT:25.0,TRIM:2.998,ATE:1,LATCH:0,TORQ:1,CR:0.0,FX1:1.00,FY1:-151.10,FX2:-6.00,FY2:-149.60,IK1:1,IK2:1,MOVE:0
[2026-09-09 18:13:06.055] [RX] PITCH:3.36,PID_OUT:-53.93,INT:-0.0985,EL:-3274,ER:-2129,VEL:-215.3,MOT:1,TILT:25.0,TRIM:2.757,ATE:1,LATCH:0,TORQ:1,CR:0.0,FX1:1.00,FY1:-151.10,FX2:-6.00,FY2:-149.60,IK1:1,IK2:1,MOVE:0
[2026-09-09 18:13:06.155] [RX] PITCH:2.45,PID_OUT:4.02,INT:-0.0973,EL:-3303,ER:-2121,VEL:-190.2,MOT:1,TILT:25.0,TRIM:2.563,ATE:1,LATCH:0,TORQ:1,CR:0.0,FX1:1.00,FY1:-151.10,FX2:-6.00,FY2:-149.60,IK1:1,IK2:1,MOVE:0
[2026-09-09 18:13:06.256] [RX] PITCH:0.88,PID_OUT:4.72,INT:-0.0792,EL:-3309,ER:-2129,VEL:-17.2,MOT:1,TILT:25.0,TRIM:1.036,ATE:1,LATCH:0,TORQ:1,CR:0.0,FX1:1.00,FY1:-151.10,FX2:-6.00,FY2:-149.60,IK1:1,IK2:1,MOVE:0
[2026-09-09 18:13:06.361] [RX] PITCH:-0.47,PID_OUT:-1.27,INT:-0.0743,EL:-3311,ER:-2169,VEL:194.6,MOT:1,TILT:25.0,TRIM:-0.859,ATE:1,LATCH:0,TORQ:1,CR:0.0,FX1:1.00,FY1:-151.10,FX2:-6.00,FY2:-149.60,IK1:1,IK2:1,MOVE:0
[2026-09-09 18:13:06.365] [RX] AX12:MODE:0,TQ:1,TL:1023,CM:1,CS:4,MS:0,MT:800
[2026-09-09 18:13:06.459] [RX] PITCH:-3.12,PID_OUT:56.18,INT:-0.0839,EL:-3311,ER:-2257,VEL:416.0,MOT:1,TILT:25.0,TRIM:-2.877,ATE:1,LATCH:0,TORQ:1,CR:0.0,FX1:1.00,FY1:-151.10,FX2:-6.00,FY2:-149.60,IK1:1,IK2:1,MOVE:0
[2026-09-09 18:13:06.461] [RX] SRV:0,35,0.0,0,0
[2026-09-09 18:13:06.557] [RX] PITCH:-6.01,PID_OUT:130.39,INT:0.0985,EL:-3302,ER:-2313,VEL:302.9,MOT:1,TILT:25.0,TRIM:-1.928,ATE:1,LATCH:0,TORQ:1,CR:0.0,FX1:1.00,FY1:-151.10,FX2:-6.00,FY2:-149.60,IK1:1,IK2:1,MOVE:0
[2026-09-09 18:13:06.657] [RX] PITCH:-2.65,PID_OUT:23.06,INT:0.0985,EL:-3270,ER:-2344,VEL:298.1,MOT:1,TILT:25.0,TRIM:-1.934,ATE:1,LATCH:0,TORQ:1,CR:0.0,FX1:1.00,FY1:-151.10,FX2:-6.00,FY2:-149.60,IK1:1,IK2:1,MOVE:0
[2026-09-09 18:13:06.755] [RX] PITCH:-2.27,PID_OUT:46.11,INT:0.0985,EL:-3247,ER:-2372,VEL:264.2,MOT:1,TILT:25.0,TRIM:-1.673,ATE:1,LATCH:0,TORQ:1,CR:0.0,FX1:1.00,FY1:-151.10,FX2:-6.00,FY2:-149.60,IK1:1,IK2:1,MOVE:0
[2026-09-09 18:13:06.867] [RX] PITCH:-1.99,PID_OUT:26.82,INT:0.0985,EL:-3230,ER:-2403,VEL:236.1,MOT:1,TILT:25.0,TRIM:-1.461,ATE:1,LATCH:0,TORQ:1,CR:0.0,FX1:1.00,FY1:-151.10,FX2:-6.00,FY2:-149.60,IK1:1,IK2:1,MOVE:0
[2026-09-09 18:13:06.868] [RX] AX12:MODE:0,TQ:1,TL:1023,CM:1,CS:4,MS:0,MT:800
[2026-09-09 18:13:06.952] [RX] PITCH:-1.45,PID_OUT:0.99,INT:0.0985,EL:-3219,ER:-2426,VEL:165.0,MOT:1,TILT:25.0,TRIM:-0.860,ATE:1,LATCH:0,TORQ:1,CR:0.0,FX1:1.00,FY1:-151.10,FX2:-6.00,FY2:-149.60,IK1:1,IK2:1,MOVE:0
[2026-09-09 18:13:07.054] [RX] PITCH:0.19,PID_OUT:-51.64,INT:0.0985,EL:-3227,ER:-2431,VEL:-4.0,MOT:1,TILT:25.0,TRIM:0.632,ATE:1,LATCH:0,TORQ:1,CR:0.0,FX1:1.00,FY1:-151.10,FX2:-6.00,FY2:-149.60,IK1:1,IK2:1,MOVE:0
[2026-09-09 18:13:07.151] [RX] PITCH:3.01,PID_OUT:-193.29,INT:0.0033,EL:-3233,ER:-2428,VEL:-56.2,MOT:1,TILT:25.0,TRIM:1.099,ATE:1,LATCH:0,TORQ:1,CR:0.0,FX1:1.00,FY1:-151.10,FX2:-6.00,FY2:-149.60,IK1:1,IK2:1,MOVE:0
[2026-09-09 18:13:07.253] [RX] PITCH:4.12,PID_OUT:-138.49,INT:-0.0985,EL:-3268,ER:-2404,VEL:-263.7,MOT:1,TILT:25.0,TRIM:2.973,ATE:1,LATCH:0,TORQ:1,CR:0.0,FX1:1.00,FY1:-151.10,FX2:-6.00,FY2:-149.60,IK1:1,IK2:1,MOVE:0
[2026-09-09 18:13:07.357] [RX] PITCH:5.46,PID_OUT:-102.82,INT:-0.0985,EL:-3311,ER:-2372,VEL:-353.3,MOT:1,TILT:25.0,TRIM:3.819,ATE:1,LATCH:0,TORQ:1,CR:0.0,FX1:1.00,FY1:-151.10,FX2:-6.00,FY2:-149.60,IK1:1,IK2:1,MOVE:0
[2026-09-09 18:13:07.364] [RX] AX12:MODE:0,TQ:1,TL:1023,CM:1,CS:4,MS:0,MT:800
[2026-09-09 18:13:07.456] [RX] PITCH:5.75,PID_OUT:-15.39,INT:-0.0985,EL:-3352,ER:-2339,VEL:-365.4,MOT:1,TILT:25.0,TRIM:3.981,ATE:1,LATCH:0,TORQ:1,CR:0.0,FX1:1.00,FY1:-151.10,FX2:-6.00,FY2:-149.60,IK1:1,IK2:1,MOVE:0
[2026-09-09 18:13:07.456] [RX] SRV:14,35,0.0,0,0
[2026-09-09 18:13:07.550] [RX] PITCH:3.34,PID_OUT:75.03,INT:-0.0985,EL:-3384,ER:-2317,VEL:-277.1,MOT:1,TILT:25.0,TRIM:3.243,ATE:1,LATCH:0,TORQ:1,CR:0.0,FX1:1.00,FY1:-151.10,FX2:-6.00,FY2:-149.60,IK1:1,IK2:1,MOVE:0
[2026-09-09 18:13:07.651] [RX] PITCH:0.57,PID_OUT:101.82,INT:-0.0211,EL:-3396,ER:-2311,VEL:-110.6,MOT:1,TILT:25.0,TRIM:1.789,ATE:1,LATCH:0,TORQ:1,CR:0.0,FX1:1.00,FY1:-151.10,FX2:-6.00,FY2:-149.60,IK1:1,IK2:1,MOVE:0
[2026-09-09 18:13:07.751] [RX] PITCH:-1.19,PID_OUT:157.42,INT:0.0985,EL:-3388,ER:-2319,VEL:64.0,MOT:1,TILT:25.0,TRIM:0.238,ATE:1,LATCH:0,TORQ:1,CR:0.0,FX1:1.00,FY1:-151.10,FX2:-6.00,FY2:-149.60,IK1:1,IK2:1,MOVE:0
[2026-09-09 18:13:07.856] [RX] PITCH:-2.06,PID_OUT:120.43,INT:0.0985,EL:-3367,ER:-2350,VEL:222.4,MOT:1,TILT:25.0,TRIM:-1.198,ATE:1,LATCH:0,TORQ:1,CR:0.0,FX1:1.00,FY1:-151.10,FX2:-6.00,FY2:-149.60,IK1:1,IK2:1,MOVE:0
[2026-09-09 18:13:07.863] [RX] AX12:MODE:0,TQ:1,TL:1023,CM:1,CS:4,MS:0,MT:800
[2026-09-09 18:13:07.950] [RX] PITCH:-3.26,PID_OUT:110.45,INT:0.0985,EL:-3342,ER:-2388,VEL:306.8,MOT:1,TILT:25.0,TRIM:-1.989,ATE:1,LATCH:0,TORQ:1,CR:0.0,FX1:1.00,FY1:-151.10,FX2:-6.00,FY2:-149.60,IK1:1,IK2:1,MOVE:0
[2026-09-09 18:13:08.051] [RX] PITCH:-4.32,PID_OUT:109.02,INT:0.0985,EL:-3313,ER:-2424,VEL:324.0,MOT:1,TILT:25.0,TRIM:-2.189,ATE:1,LATCH:0,TORQ:1,CR:0.0,FX1:1.00,FY1:-151.10,FX2:-6.00,FY2:-149.60,IK1:1,IK2:1,MOVE:0
[2026-09-09 18:13:08.152] [RX] PITCH:-3.49,PID_OUT:12.12,INT:0.0985,EL:-3283,ER:-2457,VEL:307.2,MOT:1,TILT:25.0,TRIM:-2.089,ATE:1,LATCH:0,TORQ:1,CR:0.0,FX1:1.00,FY1:-151.10,FX2:-6.00,FY2:-149.60,IK1:1,IK2:1,MOVE:0
[2026-09-09 18:13:08.254] [RX] PITCH:-1.46,PID_OUT:-47.24,INT:0.0985,EL:-3274,ER:-2480,VEL:164.5,MOT:1,TILT:25.0,TRIM:-0.855,ATE:1,LATCH:0,TORQ:1,CR:0.0,FX1:1.00,FY1:-151.10,FX2:-6.00,FY2:-149.60,IK1:1,IK2:1,MOVE:0
[2026-09-09 18:13:08.360] [RX] PITCH:1.03,PID_OUT:-85.94,INT:0.0759,EL:-3285,ER:-2493,VEL:24.1,MOT:1,TILT:25.0,TRIM:0.381,ATE:1,LATCH:0,TORQ:1,CR:0.0,FX1:1.00,FY1:-151.10,FX2:-6.00,FY2:-149.60,IK1:1,IK2:1,MOVE:0
[2026-09-09 18:13:08.361] [RX] AX12:MODE:0,TQ:1,TL:1023,CM:1,CS:4,MS:0,MT:800
[2026-09-09 18:13:08.449] [RX] PITCH:2.80,PID_OUT:-149.84,INT:-0.0459,EL:-3303,ER:-2491,VEL:-106.5,MOT:1,TILT:25.0,TRIM:1.548,ATE:1,LATCH:0,TORQ:1,CR:0.0,FX1:1.00,FY1:-151.10,FX2:-6.00,FY2:-149.60,IK1:1,IK2:1,MOVE:0
[2026-09-09 18:13:08.453] [RX] SRV:1,41,0.0,0,0
[2026-09-09 18:13:08.550] [RX] PITCH:3.58,PID_OUT:-89.75,INT:-0.0985,EL:-3342,ER:-2476,VEL:-255.7,MOT:1,TILT:25.0,TRIM:2.904,ATE:1,LATCH:0,TORQ:1,CR:0.0,FX1:1.00,FY1:-151.10,FX2:-6.00,FY2:-149.60,IK1:1,IK2:1,MOVE:0
[2026-09-09 18:13:08.650] [RX] PITCH:4.53,PID_OUT:-108.79,INT:-0.0985,EL:-3380,ER:-2456,VEL:-274.2,MOT:1,TILT:25.0,TRIM:3.110,ATE:1,LATCH:0,TORQ:1,CR:0.0,FX1:1.00,FY1:-151.10,FX2:-6.00,FY2:-149.60,IK1:1,IK2:1,MOVE:0
[2026-09-09 18:13:08.747] [RX] PITCH:4.47,PID_OUT:-40.30,INT:-0.0985,EL:-3418,ER:-2434,VEL:-293.5,MOT:1,TILT:25.0,TRIM:3.325,ATE:1,LATCH:0,TORQ:1,CR:0.0,FX1:1.00,FY1:-151.10,FX2:-6.00,FY2:-149.60,IK1:1,IK2:1,MOVE:0
[2026-09-09 18:13:08.849] [RX] PITCH:3.14,PID_OUT:14.03,INT:-0.0985,EL:-3442,ER:-2415,VEL:-213.9,MOT:1,TILT:25.0,TRIM:2.656,ATE:1,LATCH:0,TORQ:1,CR:0.0,FX1:1.00,FY1:-151.10,FX2:-6.00,FY2:-149.60,IK1:1,IK2:1,MOVE:0
[2026-09-09 18:13:08.859] [RX] AX12:MODE:0,TQ:1,TL:1023,CM:1,CS:4,MS:0,MT:800
[2026-09-09 18:13:08.946] [RX] PITCH:0.76,PID_OUT:90.12,INT:-0.0827,EL:-3455,ER:-2418,VEL:-89.2,MOT:1,TILT:25.0,TRIM:1.564,ATE:1,LATCH:0,TORQ:1,CR:0.0,FX1:1.00,FY1:-151.10,FX2:-6.00,FY2:-149.60,IK1:1,IK2:1,MOVE:0
[2026-09-09 18:13:09.047] [RX] PITCH:-1.15,PID_OUT:144.28,INT:0.0526,EL:-3455,ER:-2429,VEL:43.1,MOT:1,TILT:25.0,TRIM:0.389,ATE:1,LATCH:0,TORQ:1,CR:0.0,FX1:1.00,FY1:-151.10,FX2:-6.00,FY2:-149.60,IK1:1,IK2:1,MOVE:0
[2026-09-09 18:13:09.149] [RX] PITCH:-1.52,PID_OUT:78.53,INT:0.0985,EL:-3442,ER:-2454,VEL:168.4,MOT:1,TILT:25.0,TRIM:-0.744,ATE:1,LATCH:0,TORQ:1,CR:0.0,FX1:1.00,FY1:-151.10,FX2:-6.00,FY2:-149.60,IK1:1,IK2:1,MOVE:0
[2026-09-09 18:13:09.244] [RX] PITCH:-2.11,PID_OUT:90.84,INT:0.0985,EL:-3426,ER:-2486,VEL:225.9,MOT:1,TILT:25.0,TRIM:-1.286,ATE:1,LATCH:0,TORQ:1,CR:0.0,FX1:1.00,FY1:-151.10,FX2:-6.00,FY2:-149.60,IK1:1,IK2:1,MOVE:0
[2026-09-09 18:13:09.357] [RX] PITCH:-2.42,PID_OUT:65.24,INT:0.0985,EL:-3409,ER:-2517,VEL:236.1,MOT:1,TILT:25.0,TRIM:-1.413,ATE:1,LATCH:0,TORQ:1,CR:0.0,FX1:1.00,FY1:-151.10,FX2:-6.00,FY2:-149.60,IK1:1,IK2:1,MOVE:0
[2026-09-09 18:13:09.359] [RX] AX12:MODE:0,TQ:1,TL:1023,CM:1,CS:4,MS:0,MT:800
[2026-09-09 18:13:09.449] [RX] PITCH:-1.96,PID_OUT:16.61,INT:0.0985,EL:-3391,ER:-2548,VEL:237.6,MOT:1,TILT:25.0,TRIM:-1.462,ATE:1,LATCH:0,TORQ:1,CR:0.0,FX1:1.00,FY1:-151.10,FX2:-6.00,FY2:-149.60,IK1:1,IK2:1,MOVE:0
[2026-09-09 18:13:09.449] [RX] SRV:6,36,0.0,0,0
[2026-09-09 18:13:09.469] [TX] I270.5
[2026-09-09 18:13:09.523] [RX] Updated -> P:50.600 I:270.500 D:3.520 Offset:-0.9764 Target:0.000 Alpha:0.9600 Tilt:25.00 TrimGain:0.0015 Crouch:0.00 VP:0.0089
[2026-09-09 18:13:09.649] [RX] PITCH:0.11,PID_OUT:-12.89,INT:0.1643,EL:-3396,ER:-2572,VEL:-13.1,MOT:1,TILT:25.0,TRIM:0.733,ATE:1,LATCH:0,TORQ:1,CR:0.0,FX1:1.00,FY1:-151.10,FX2:-6.00,FY2:-149.60,IK1:1,IK2:1,MOVE:0
[2026-09-09 18:13:09.747] [RX] PITCH:2.28,PID_OUT:-133.41,INT:0.1281,EL:-3404,ER:-2572,VEL:-49.8,MOT:1,TILT:25.0,TRIM:1.063,ATE:1,LATCH:0,TORQ:1,CR:0.0,FX1:1.00,FY1:-151.10,FX2:-6.00,FY2:-149.60,IK1:1,IK2:1,MOVE:0
[2026-09-09 18:13:09.849] [RX] PITCH:4.38,PID_OUT:-137.19,INT:-0.0741,EL:-3430,ER:-2561,VEL:-172.5,MOT:1,TILT:25.0,TRIM:2.172,ATE:1,LATCH:0,TORQ:1,CR:0.0,FX1:1.00,FY1:-151.10,FX2:-6.00,FY2:-149.60,IK1:1,IK2:1,MOVE:0
[2026-09-09 18:13:09.859] [RX] AX12:MODE:0,TQ:1,TL:1023,CM:1,CS:4,MS:0,MT:800
[2026-09-09 18:13:09.947] [RX] PITCH:4.49,PID_OUT:-81.27,INT:-0.2299,EL:-3472,ER:-2540,VEL:-291.3,MOT:1,TILT:25.0,TRIM:3.267,ATE:1,LATCH:0,TORQ:1,CR:0.0,FX1:1.00,FY1:-151.10,FX2:-6.00,FY2:-149.60,IK1:1,IK2:1,MOVE:0
[2026-09-09 18:13:10.045] [RX] PITCH:4.26,PID_OUT:-28.57,INT:-0.2366,EL:-3508,ER:-2518,VEL:-290.3,MOT:1,TILT:25.0,TRIM:3.302,ATE:1,LATCH:0,TORQ:1,CR:0.0,FX1:1.00,FY1:-151.10,FX2:-6.00,FY2:-149.60,IK1:1,IK2:1,MOVE:0
[2026-09-09 18:13:10.144] [RX] PITCH:2.98,PID_OUT:44.50,INT:-0.2366,EL:-3531,ER:-2503,VEL:-195.4,MOT:1,TILT:25.0,TRIM:2.493,ATE:1,LATCH:0,TORQ:1,CR:0.0,FX1:1.00,FY1:-151.10,FX2:-6.00,FY2:-149.60,IK1:1,IK2:1,MOVE:0
[2026-09-09 18:13:10.245] [RX] PITCH:0.37,PID_OUT:90.17,INT:-0.1993,EL:-3542,ER:-2505,VEL:-74.9,MOT:1,TILT:25.0,TRIM:1.438,ATE:1,LATCH:0,TORQ:1,CR:0.0,FX1:1.00,FY1:-151.10,FX2:-6.00,FY2:-149.60,IK1:1,IK2:1,MOVE:0
[2026-09-09 18:13:10.354] [RX] PITCH:-2.02,PID_OUT:149.27,INT:-0.0203,EL:-3537,ER:-2514,VEL:62.2,MOT:1,TILT:25.0,TRIM:0.219,ATE:1,LATCH:0,TORQ:1,CR:0.0,FX1:1.00,FY1:-151.10,FX2:-6.00,FY2:-149.60,IK1:1,IK2:1,MOVE:0
[2026-09-09 18:13:10.354] [RX] AX12:MODE:0,TQ:1,TL:1023,CM:1,CS:4,MS:0,MT:800
[2026-09-09 18:13:10.448] [RX] PITCH:-3.26,PID_OUT:127.75,INT:0.1855,EL:-3518,ER:-2547,VEL:236.5,MOT:1,TILT:25.0,TRIM:-1.356,ATE:1,LATCH:0,TORQ:1,CR:0.0,FX1:1.00,FY1:-151.10,FX2:-6.00,FY2:-149.60,IK1:1,IK2:1,MOVE:0
[2026-09-09 18:13:10.448] [RX] SRV:0,35,0.0,0,0
[2026-09-09 18:13:10.542] [RX] PITCH:-3.92,PID_OUT:79.68,INT:0.2366,EL:-3491,ER:-2590,VEL:328.0,MOT:1,TILT:25.0,TRIM:-2.216,ATE:1,LATCH:0,TORQ:1,CR:0.0,FX1:1.00,FY1:-151.10,FX2:-6.00,FY2:-149.60,IK1:1,IK2:1,MOVE:0
[2026-09-09 18:13:10.643] [RX] PITCH:-3.40,PID_OUT:10.31,INT:0.2366,EL:-3464,ER:-2624,VEL:297.1,MOT:1,TILT:25.0,TRIM:-1.989,ATE:1,LATCH:0,TORQ:1,CR:0.0,FX1:1.00,FY1:-151.10,FX2:-6.00,FY2:-149.60,IK1:1,IK2:1,MOVE:0
[2026-09-09 18:13:10.745] [RX] PITCH:-1.48,PID_OUT:-31.87,INT:0.2366,EL:-3453,ER:-2641,VEL:151.5,MOT:1,TILT:25.0,TRIM:-0.726,ATE:1,LATCH:0,TORQ:1,CR:0.0,FX1:1.00,FY1:-151.10,FX2:-6.00,FY2:-149.60,IK1:1,IK2:1,MOVE:0
[2026-09-09 18:13:10.849] [RX] PITCH:1.32,PID_OUT:-97.20,INT:0.2079,EL:-3460,ER:-2649,VEL:27.2,MOT:1,TILT:25.0,TRIM:0.368,ATE:1,LATCH:0,TORQ:1,CR:0.0,FX1:1.00,FY1:-151.10,FX2:-6.00,FY2:-149.60,IK1:1,IK2:1,MOVE:0
[2026-09-09 18:13:10.850] [RX] AX12:MODE:0,TQ:1,TL:1023,CM:1,CS:4,MS:0,MT:800
[2026-09-09 18:13:10.944] [RX] PITCH:4.30,PID_OUT:-101.77,INT:0.2322,EL:-3559,ER:-2649,VEL:-388.6,MOT:1,TILT:25.0,TRIM:4.108,ATE:1,LATCH:0,TORQ:1,CR:0.0,FX1:1.00,FY1:-151.10,FX2:-6.00,FY2:-149.60,IK1:1,IK2:1,MOVE:0
[2026-09-09 18:13:11.044] [RX] PITCH:6.21,PID_OUT:-116.46,INT:-0.0552,EL:-3593,ER:-2633,VEL:-294.6,MOT:1,TILT:25.0,TRIM:3.316,ATE:1,LATCH:0,TORQ:1,CR:0.0,FX1:1.00,FY1:-151.10,FX2:-6.00,FY2:-149.60,IK1:1,IK2:1,MOVE:0
[2026-09-09 18:13:11.144] [RX] PITCH:5.74,PID_OUT:-66.44,INT:-0.2366,EL:-3634,ER:-2603,VEL:-346.5,MOT:1,TILT:25.0,TRIM:3.828,ATE:1,LATCH:0,TORQ:1,CR:0.0,FX1:1.00,FY1:-151.10,FX2:-6.00,FY2:-149.60,IK1:1,IK2:1,MOVE:0
[2026-09-09 18:13:11.241] [RX] PITCH:4.90,PID_OUT:-35.30,INT:-0.2366,EL:-3670,ER:-2574,VEL:-326.0,MOT:1,TILT:25.0,TRIM:3.696,ATE:1,LATCH:0,TORQ:1,CR:0.0,FX1:1.00,FY1:-151.10,FX2:-6.00,FY2:-149.60,IK1:1,IK2:1,MOVE:0
[2026-09-09 18:13:11.343] [RX] PITCH:3.24,PID_OUT:40.81,INT:-0.2366,EL:-3697,ER:-2558,VEL:-221.6,MOT:1,TILT:25.0,TRIM:2.808,ATE:1,LATCH:0,TORQ:1,CR:0.0,FX1:1.00,FY1:-151.10,FX2:-6.00,FY2:-149.60,IK1:1,IK2:1,MOVE:0
[2026-09-09 18:13:11.355] [RX] AX12:MODE:0,TQ:1,TL:1023,CM:1,CS:4,MS:0,MT:800
[2026-09-09 18:13:11.442] [RX] PITCH:0.77,PID_OUT:83.20,INT:-0.1965,EL:-3714,ER:-2557,VEL:-106.5,MOT:1,TILT:25.0,TRIM:1.807,ATE:1,LATCH:0,TORQ:1,CR:0.0,FX1:1.00,FY1:-151.10,FX2:-6.00,FY2:-149.60,IK1:1,IK2:1,MOVE:0
[2026-09-09 18:13:11.445] [RX] SRV:14,35,0.0,0,0
[2026-09-09 18:13:11.540] [RX] PITCH:-1.13,PID_OUT:146.78,INT:-0.0407,EL:-3714,ER:-2558,VEL:-4.6,MOT:1,TILT:25.0,TRIM:0.908,ATE:1,LATCH:0,TORQ:1,CR:0.0,FX1:1.00,FY1:-151.10,FX2:-6.00,FY2:-149.60,IK1:1,IK2:1,MOVE:0
[2026-09-09 18:13:11.642] [RX] PITCH:-2.61,PID_OUT:138.19,INT:0.1606,EL:-3702,ER:-2584,VEL:159.1,MOT:1,TILT:25.0,TRIM:-0.564,ATE:1,LATCH:0,TORQ:1,CR:0.0,FX1:1.00,FY1:-151.10,FX2:-6.00,FY2:-149.60,IK1:1,IK2:1,MOVE:0
[2026-09-09 18:13:11.737] [RX] PITCH:-2.55,PID_OUT:74.18,INT:0.2366,EL:-3682,ER:-2617,VEL:251.1,MOT:1,TILT:25.0,TRIM:-1.415,ATE:1,LATCH:0,TORQ:1,CR:0.0,FX1:1.00,FY1:-151.10,FX2:-6.00,FY2:-149.60,IK1:1,IK2:1,MOVE:0
[2026-09-09 18:13:11.849] [RX] PITCH:-2.56,PID_OUT:57.96,INT:0.2366,EL:-3663,ER:-2649,VEL:258.8,MOT:1,TILT:25.0,TRIM:-1.521,ATE:1,LATCH:0,TORQ:1,CR:0.0,FX1:1.00,FY1:-151.10,FX2:-6.00,FY2:-149.60,IK1:1,IK2:1,MOVE:0
[2026-09-09 18:13:11.853] [RX] AX12:MODE:0,TQ:1,TL:1023,CM:1,CS:4,MS:0,MT:800
[2026-09-09 18:13:11.939] [RX] PITCH:-2.26,PID_OUT:28.16,INT:0.2366,EL:-3647,ER:-2681,VEL:242.2,MOT:1,TILT:25.0,TRIM:-1.410,ATE:1,LATCH:0,TORQ:1,CR:0.0,FX1:1.00,FY1:-151.10,FX2:-6.00,FY2:-149.60,IK1:1,IK2:1,MOVE:0
[2026-09-09 18:13:12.042] [RX] PITCH:-1.04,PID_OUT:-12.12,INT:0.2366,EL:-3643,ER:-2698,VEL:102.4,MOT:1,TILT:25.0,TRIM:-0.194,ATE:1,LATCH:0,TORQ:1,CR:0.0,FX1:1.00,FY1:-151.10,FX2:-6.00,FY2:-149.60,IK1:1,IK2:1,MOVE:0
[2026-09-09 18:13:12.139] [RX] PITCH:1.42,PID_OUT:-59.29,INT:0.2301,EL:-3663,ER:-2703,VEL:-61.4,MOT:1,TILT:25.0,TRIM:1.261,ATE:1,LATCH:0,TORQ:1,CR:0.0,FX1:1.00,FY1:-151.10,FX2:-6.00,FY2:-149.60,IK1:1,IK2:1,MOVE:0
[2026-09-09 18:13:12.241] [RX] PITCH:4.31,PID_OUT:-167.01,INT:0.0887,EL:-3682,ER:-2700,VEL:-92.6,MOT:1,TILT:25.0,TRIM:1.552,ATE:1,LATCH:0,TORQ:1,CR:0.0,FX1:1.00,FY1:-151.10,FX2:-6.00,FY2:-149.60,IK1:1,IK2:1,MOVE:0
[2026-09-09 18:13:12.345] [RX] PITCH:4.69,PID_OUT:-109.88,INT:-0.1317,EL:-3720,ER:-2682,VEL:-259.6,MOT:1,TILT:25.0,TRIM:3.067,ATE:1,LATCH:0,TORQ:1,CR:0.0,FX1:1.00,FY1:-151.10,FX2:-6.00,FY2:-149.60,IK1:1,IK2:1,MOVE:0
[2026-09-09 18:13:12.352] [RX] AX12:MODE:0,TQ:1,TL:1023,CM:1,CS:4,MS:0,MT:800
[2026-09-09 18:13:12.444] [RX] PITCH:5.49,PID_OUT:-90.14,INT:-0.2366,EL:-3765,ER:-2659,VEL:-325.0,MOT:1,TILT:25.0,TRIM:3.694,ATE:1,LATCH:0,TORQ:1,CR:0.0,FX1:1.00,FY1:-151.10,FX2:-6.00,FY2:-149.60,IK1:1,IK2:1,MOVE:0
[2026-09-09 18:13:12.444] [RX] SRV:1,41,0.0,0,0
[2026-09-09 18:13:12.538] [RX] PITCH:4.25,PID_OUT:16.14,INT:-0.2366,EL:-3799,ER:-2638,VEL:-273.0,MOT:1,TILT:25.0,TRIM:3.277,ATE:1,LATCH:0,TORQ:1,CR:0.0,FX1:1.00,FY1:-151.10,FX2:-6.00,FY2:-149.60,IK1:1,IK2:1,MOVE:0
[2026-09-09 18:13:12.638] [RX] PITCH:1.80,PID_OUT:68.02,INT:-0.2337,EL:-3820,ER:-2637,VEL:-134.6,MOT:1,TILT:25.0,TRIM:2.074,ATE:1,LATCH:0,TORQ:1,CR:0.0,FX1:1.00,FY1:-151.10,FX2:-6.00,FY2:-149.60,IK1:1,IK2:1,MOVE:0
[2026-09-09 18:13:12.738] [RX] PITCH:-0.34,PID_OUT:102.22,INT:-0.1200,EL:-3827,ER:-2638,VEL:-39.4,MOT:1,TILT:25.0,TRIM:1.239,ATE:1,LATCH:0,TORQ:1,CR:0.0,FX1:1.00,FY1:-151.10,FX2:-6.00,FY2:-149.60,IK1:1,IK2:1,MOVE:0
[2026-09-09 18:13:12.843] [RX] PITCH:-1.88,PID_OUT:137.27,INT:0.0657,EL:-3822,ER:-2654,VEL:86.3,MOT:1,TILT:25.0,TRIM:0.115,ATE:1,LATCH:0,TORQ:1,CR:0.0,FX1:1.00,FY1:-151.10,FX2:-6.00,FY2:-149.60,IK1:1,IK2:1,MOVE:0
[2026-09-09 18:13:12.850] [RX] AX12:MODE:0,TQ:1,TL:1023,CM:1,CS:4,MS:0,MT:800
[2026-09-09 18:13:12.938] [RX] PITCH:-2.29,PID_OUT:127.10,INT:0.2366,EL:-3805,ER:-2679,VEL:198.8,MOT:1,TILT:25.0,TRIM:-0.908,ATE:1,LATCH:0,TORQ:1,CR:0.0,FX1:1.00,FY1:-151.10,FX2:-6.00,FY2:-149.60,IK1:1,IK2:1,MOVE:0
[2026-09-09 18:13:13.038] [RX] PITCH:-2.54,PID_OUT:89.66,INT:0.2366,EL:-3783,ER:-2716,VEL:278.6,MOT:1,TILT:25.0,TRIM:-1.656,ATE:1,LATCH:0,TORQ:1,CR:0.0,FX1:1.00,FY1:-151.10,FX2:-6.00,FY2:-149.60,IK1:1,IK2:1,MOVE:0
[2026-09-09 18:13:13.137] [RX] PITCH:-2.79,PID_OUT:85.55,INT:0.2366,EL:-3759,ER:-2753,VEL:307.6,MOT:1,TILT:25.0,TRIM:-1.957,ATE:1,LATCH:0,TORQ:1,CR:0.0,FX1:1.00,FY1:-151.10,FX2:-6.00,FY2:-149.60,IK1:1,IK2:1,MOVE:0
[2026-09-09 18:13:13.239] [RX] PITCH:-2.95,PID_OUT:90.85,INT:0.2366,EL:-3734,ER:-2791,VEL:323.9,MOT:1,TILT:25.0,TRIM:-2.148,ATE:1,LATCH:0,TORQ:1,CR:0.0,FX1:1.00,FY1:-151.10,FX2:-6.00,FY2:-149.60,IK1:1,IK2:1,MOVE:0
[2026-09-09 18:13:13.344] [RX] PITCH:-2.59,PID_OUT:110.12,INT:0.2366,EL:-3708,ER:-2827,VEL:314.9,MOT:1,TILT:25.0,TRIM:-2.115,ATE:1,LATCH:0,TORQ:1,CR:0.0,FX1:1.00,FY1:-151.10,FX2:-6.00,FY2:-149.60,IK1:1,IK2:1,MOVE:0
[2026-09-09 18:13:13.344] [RX] AX12:MODE:0,TQ:1,TL:1023,CM:1,CS:4,MS:0,MT:800
[2026-09-09 18:13:13.441] [RX] PITCH:-3.20,PID_OUT:139.77,INT:0.2366,EL:-3679,ER:-2870,VEL:366.2,MOT:1,TILT:25.0,TRIM:-2.622,ATE:1,LATCH:0,TORQ:1,CR:0.0,FX1:1.00,FY1:-151.10,FX2:-6.00,FY2:-149.60,IK1:1,IK2:1,MOVE:0
[2026-09-09 18:13:13.441] [RX] SRV:6,36,0.0,0,0
[2026-09-09 18:13:13.540] [RX] PITCH:-4.13,PID_OUT:169.79,INT:0.2366,EL:-3643,ER:-2915,VEL:401.0,MOT:1,TILT:25.0,TRIM:-2.989,ATE:1,LATCH:0,TORQ:1,CR:0.0,FX1:1.00,FY1:-151.10,FX2:-6.00,FY2:-149.60,IK1:1,IK2:1,MOVE:0
[2026-09-09 18:13:13.635] [RX] PITCH:-5.30,PID_OUT:188.48,INT:0.2366,EL:-3597,ER:-2959,VEL:452.6,MOT:1,TILT:25.0,TRIM:-3.511,ATE:1,LATCH:0,TORQ:1,CR:0.0,FX1:1.00,FY1:-151.10,FX2:-6.00,FY2:-149.60,IK1:1,IK2:1,MOVE:0
[2026-09-09 18:13:13.735] [RX] PITCH:-7.88,PID_OUT:75.79,INT:0.2366,EL:-3539,ER:-3016,VEL:560.9,MOT:1,TILT:25.0,TRIM:-4.552,ATE:1,LATCH:0,TORQ:1,CR:0.0,FX1:1.00,FY1:-151.10,FX2:-6.00,FY2:-149.60,IK1:1,IK2:1,MOVE:0
[2026-09-09 18:13:13.838] [RX] PITCH:-4.95,PID_OUT:-18.97,INT:0.2366,EL:-3490,ER:-3069,VEL:496.4,MOT:1,TILT:25.0,TRIM:-4.060,ATE:1,LATCH:0,TORQ:1,CR:0.0,FX1:1.00,FY1:-151.10,FX2:-6.00,FY2:-149.60,IK1:1,IK2:1,MOVE:0
[2026-09-09 18:13:13.846] [RX] AX12:MODE:0,TQ:1,TL:1023,CM:1,CS:4,MS:0,MT:800
[2026-09-09 18:13:13.934] [RX] PITCH:-4.13,PID_OUT:-78.69,INT:0.2366,EL:-3466,ER:-3112,VEL:358.8,MOT:1,TILT:25.0,TRIM:-2.897,ATE:1,LATCH:0,TORQ:1,CR:0.0,FX1:1.00,FY1:-151.10,FX2:-6.00,FY2:-149.60,IK1:1,IK2:1,MOVE:0
[2026-09-09 18:13:14.035] [RX] PITCH:-0.97,PID_OUT:-101.08,INT:0.2139,EL:-3454,ER:-3141,VEL:210.4,MOT:1,TILT:25.0,TRIM:-1.620,ATE:1,LATCH:0,TORQ:1,CR:0.0,FX1:1.00,FY1:-151.10,FX2:-6.00,FY2:-149.60,IK1:1,IK2:1,MOVE:0
[2026-09-09 18:13:14.137] [RX] PITCH:1.64,PID_OUT:-100.19,INT:0.0907,EL:-3462,ER:-3148,VEL:42.0,MOT:1,TILT:25.0,TRIM:-0.134,ATE:1,LATCH:0,TORQ:1,CR:0.0,FX1:1.00,FY1:-151.10,FX2:-6.00,FY2:-149.60,IK1:1,IK2:1,MOVE:0
[2026-09-09 18:13:14.231] [RX] PITCH:2.92,PID_OUT:-133.51,INT:-0.0715,EL:-3488,ER:-3144,VEL:-121.5,MOT:1,TILT:25.0,TRIM:1.329,ATE:1,LATCH:0,TORQ:1,CR:0.0,FX1:1.00,FY1:-151.10,FX2:-6.00,FY2:-149.60,IK1:1,IK2:1,MOVE:0
[2026-09-09 18:13:14.358] [RX] PITCH:3.45,PID_OUT:-139.70,INT:-0.2167,EL:-3521,ER:-3132,VEL:-213.8,MOT:1,TILT:25.0,TRIM:2.177,ATE:1,LATCH:0,TORQ:1,CR:0.0,FX1:1.00,FY1:-151.10,FX2:-6.00,FY2:-149.60,IK1:1,IK2:1,MOVE:0
[2026-09-09 18:13:14.360] [RX] AX12:MODE:0,TQ:1,TL:1023,CM:1,CS:4,MS:0,MT:800
[2026-09-09 18:13:14.438] [RX] PITCH:3.96,PID_OUT:-146.08,INT:-0.2366,EL:-3557,ER:-3113,VEL:-265.1,MOT:1,TILT:25.0,TRIM:2.670,ATE:1,LATCH:0,TORQ:1,CR:0.0,FX1:1.00,FY1:-151.10,FX2:-6.00,FY2:-149.60,IK1:1,IK2:1,MOVE:0
[2026-09-09 18:13:14.438] [RX] SRV:0,35,0.0,0,0
[2026-09-09 18:13:14.535] [RX] PITCH:3.77,PID_OUT:-128.26,INT:-0.2366,EL:-3599,ER:-3086,VEL:-335.6,MOT:1,TILT:25.0,TRIM:3.343,ATE:1,LATCH:0,TORQ:1,CR:0.0,FX1:1.00,FY1:-151.10,FX2:-6.00,FY2:-149.60,IK1:1,IK2:1,MOVE:0
[2026-09-09 18:13:14.634] [RX] PITCH:4.72,PID_OUT:-168.51,INT:-0.2366,EL:-3642,ER:-3056,VEL:-366.9,MOT:1,TILT:25.0,TRIM:3.674,ATE:1,LATCH:0,TORQ:1,CR:0.0,FX1:1.00,FY1:-151.10,FX2:-6.00,FY2:-149.60,IK1:1,IK2:1,MOVE:0
[2026-09-09 18:13:14.733] [RX] PITCH:5.83,PID_OUT:-168.69,INT:-0.2366,EL:-3696,ER:-3014,VEL:-465.1,MOT:1,TILT:25.0,TRIM:4.612,ATE:1,LATCH:0,TORQ:1,CR:0.0,FX1:1.00,FY1:-151.10,FX2:-6.00,FY2:-149.60,IK1:1,IK2:1,MOVE:0
[2026-09-09 18:13:14.839] [RX] PITCH:6.79,PID_OUT:-187.14,INT:-0.2366,EL:-3761,ER:-2961,VEL:-573.0,MOT:1,TILT:25.0,TRIM:5.651,ATE:1,LATCH:0,TORQ:1,CR:0.0,FX1:1.00,FY1:-151.10,FX2:-6.00,FY2:-149.60,IK1:1,IK2:1,MOVE:0
[2026-09-09 18:13:14.845] [RX] AX12:MODE:0,TQ:1,TL:1023,CM:1,CS:4,MS:0,MT:800
[2026-09-09 18:13:14.934] [RX] PITCH:7.55,PID_OUT:-197.92,INT:-0.2366,EL:-3840,ER:-2895,VEL:-718.0,MOT:1,TILT:25.0,TRIM:6.000,ATE:1,LATCH:0,TORQ:1,CR:0.0,FX1:1.00,FY1:-151.10,FX2:-6.00,FY2:-149.60,IK1:1,IK2:1,MOVE:0
[2026-09-09 18:13:15.037] [RX] PITCH:9.30,PID_OUT:-261.40,INT:-0.2366,EL:-3934,ER:-2810,VEL:-884.1,MOT:1,TILT:25.0,TRIM:6.000,ATE:1,LATCH:0,TORQ:1,CR:0.0,FX1:1.00,FY1:-151.10,FX2:-6.00,FY2:-149.60,IK1:1,IK2:1,MOVE:0
[2026-09-09 18:13:15.133] [RX] PITCH:10.48,PID_OUT:-238.77,INT:-0.2366,EL:-4049,ER:-2705,VEL:-1078.1,MOT:1,TILT:25.0,TRIM:6.000,ATE:1,LATCH:0,TORQ:1,CR:0.0,FX1:1.00,FY1:-151.10,FX2:-6.00,FY2:-149.60,IK1:1,IK2:1,MOVE:0
[2026-09-09 18:13:15.234] [RX] PITCH:12.77,PID_OUT:-174.58,INT:-0.2366,EL:-4173,ER:-2591,VEL:-1175.3,MOT:1,TILT:25.0,TRIM:6.000,ATE:1,LATCH:0,TORQ:1,CR:0.0,FX1:1.00,FY1:-151.10,FX2:-6.00,FY2:-149.60,IK1:1,IK2:1,MOVE:0
[2026-09-09 18:13:15.333] [RX] PITCH:10.98,PID_OUT:151.99,INT:-0.2366,EL:-4299,ER:-2474,VEL:-1204.1,MOT:1,TILT:25.0,TRIM:6.000,ATE:1,LATCH:0,TORQ:1,CR:0.0,FX1:1.00,FY1:-151.10,FX2:-6.00,FY2:-149.60,IK1:1,IK2:1,MOVE:0
[2026-09-09 18:13:15.341] [RX] AX12:MODE:0,TQ:1,TL:1023,CM:1,CS:4,MS:0,MT:800
[2026-09-09 18:13:15.436] [RX] PITCH:5.72,PID_OUT:137.71,INT:-0.2338,EL:-4346,ER:-2425,VEL:-539.5,MOT:1,TILT:25.0,TRIM:6.000,ATE:1,LATCH:0,TORQ:1,CR:0.0,FX1:1.00,FY1:-151.10,FX2:-6.00,FY2:-149.60,IK1:1,IK2:1,MOVE:0
[2026-09-09 18:13:15.436] [RX] SRV:14,35,0.0,0,0
[2026-09-09 18:13:15.533] [RX] PITCH:2.34,PID_OUT:27.17,INT:-0.1452,EL:-4363,ER:-2417,VEL:-196.5,MOT:1,TILT:25.0,TRIM:3.192,ATE:1,LATCH:0,TORQ:1,CR:0.0,FX1:1.00,FY1:-151.10,FX2:-6.00,FY2:-149.60,IK1:1,IK2:1,MOVE:0
[2026-09-09 18:13:15.631] [RX] PITCH:0.55,PID_OUT:77.28,INT:0.0332,EL:-4375,ER:-2420,VEL:-46.9,MOT:1,TILT:25.0,TRIM:1.880,ATE:1,LATCH:0,TORQ:1,CR:0.0,FX1:1.00,FY1:-151.10,FX2:-6.00,FY2:-149.60,IK1:1,IK2:1,MOVE:0
[2026-09-09 18:13:15.730] [RX] PITCH:-0.75,PID_OUT:157.00,INT:0.1819,EL:-4372,ER:-2426,VEL:41.4,MOT:1,TILT:25.0,TRIM:1.094,ATE:1,LATCH:0,TORQ:1,CR:0.0,FX1:1.00,FY1:-151.10,FX2:-6.00,FY2:-149.60,IK1:1,IK2:1,MOVE:0
[2026-09-09 18:13:15.831] [RX] PITCH:-2.12,PID_OUT:173.18,INT:0.2366,EL:-4351,ER:-2449,VEL:203.7,MOT:1,TILT:25.0,TRIM:-0.369,ATE:1,LATCH:0,TORQ:1,CR:0.0,FX1:1.00,FY1:-151.10,FX2:-6.00,FY2:-149.60,IK1:1,IK2:1,MOVE:0
[2026-09-09 18:13:15.841] [RX] AX12:MODE:0,TQ:1,TL:1023,CM:1,CS:4,MS:0,MT:800
[2026-09-09 18:13:15.932] [RX] PITCH:-3.59,PID_OUT:163.67,INT:0.2366,EL:-4320,ER:-2486,VEL:309.8,MOT:1,TILT:25.0,TRIM:-1.355,ATE:1,LATCH:0,TORQ:1,CR:0.0,FX1:1.00,FY1:-151.10,FX2:-6.00,FY2:-149.60,IK1:1,IK2:1,MOVE:0
[2026-09-09 18:13:16.030] [RX] PITCH:-4.26,PID_OUT:172.94,INT:0.2366,EL:-4280,ER:-2524,VEL:384.5,MOT:1,TILT:25.0,TRIM:-2.072,ATE:1,LATCH:0,TORQ:1,CR:0.0,FX1:1.00,FY1:-151.10,FX2:-6.00,FY2:-149.60,IK1:1,IK2:1,MOVE:0
[2026-09-09 18:13:16.132] [RX] PITCH:-4.95,PID_OUT:157.66,INT:0.2366,EL:-4232,ER:-2571,VEL:464.7,MOT:1,TILT:25.0,TRIM:-2.850,ATE:1,LATCH:0,TORQ:1,CR:0.0,FX1:1.00,FY1:-151.10,FX2:-6.00,FY2:-149.60,IK1:1,IK2:1,MOVE:0
[2026-09-09 18:13:16.232] [RX] PITCH:-5.57,PID_OUT:154.57,INT:0.2366,EL:-4178,ER:-2622,VEL:525.5,MOT:1,TILT:25.0,TRIM:-3.465,ATE:1,LATCH:0,TORQ:1,CR:0.0,FX1:1.00,FY1:-151.10,FX2:-6.00,FY2:-149.60,IK1:1,IK2:1,MOVE:0
[2026-09-09 18:13:16.334] [RX] PITCH:-6.14,PID_OUT:186.66,INT:0.2366,EL:-4119,ER:-2673,VEL:550.9,MOT:1,TILT:25.0,TRIM:-3.772,ATE:1,LATCH:0,TORQ:1,CR:0.0,FX1:1.00,FY1:-151.10,FX2:-6.00,FY2:-149.60,IK1:1,IK2:1,MOVE:0
[2026-09-09 18:13:16.340] [RX] AX12:MODE:0,TQ:1,TL:1023,CM:1,CS:4,MS:0,MT:800
[2026-09-09 18:13:16.430] [RX] PITCH:-5.82,PID_OUT:168.34,INT:0.2366,EL:-4057,ER:-2731,VEL:594.0,MOT:1,TILT:25.0,TRIM:-4.241,ATE:1,LATCH:0,TORQ:1,CR:0.0,FX1:1.00,FY1:-151.10,FX2:-6.00,FY2:-149.60,IK1:1,IK2:1,MOVE:0
[2026-09-09 18:13:16.433] [RX] SRV:1,40,0.0,0,0
[2026-09-09 18:13:16.533] [RX] PITCH:-5.47,PID_OUT:191.25,INT:0.2366,EL:-3994,ER:-2792,VEL:624.7,MOT:1,TILT:25.0,TRIM:-4.605,ATE:1,LATCH:0,TORQ:1,CR:0.0,FX1:1.00,FY1:-151.10,FX2:-6.00,FY2:-149.60,IK1:1,IK2:1,MOVE:0
[2026-09-09 18:13:16.629] [RX] PITCH:-7.55,PID_OUT:266.21,INT:0.2366,EL:-3920,ER:-2864,VEL:726.3,MOT:1,TILT:25.0,TRIM:-5.611,ATE:1,LATCH:0,TORQ:1,CR:0.0,FX1:1.00,FY1:-151.10,FX2:-6.00,FY2:-149.60,IK1:1,IK2:1,MOVE:0
[2026-09-09 18:13:16.727] [RX] PITCH:-9.30,PID_OUT:280.10,INT:0.2366,EL:-3825,ER:-2955,VEL:908.0,MOT:1,TILT:25.0,TRIM:-6.000,ATE:1,LATCH:0,TORQ:1,CR:0.0,FX1:1.00,FY1:-151.10,FX2:-6.00,FY2:-149.60,IK1:1,IK2:1,MOVE:0
[2026-09-09 18:13:16.839] [RX] PITCH:-11.55,PID_OUT:253.83,INT:0.2366,EL:-3711,ER:-3065,VEL:1094.8,MOT:1,TILT:25.0,TRIM:-6.000,ATE:1,LATCH:0,TORQ:1,CR:0.0,FX1:1.00,FY1:-151.10,FX2:-6.00,FY2:-149.60,IK1:1,IK2:1,MOVE:0
[2026-09-09 18:13:16.839] [RX] AX12:MODE:0,TQ:1,TL:1023,CM:1,CS:4,MS:0,MT:800
[2026-09-09 18:13:16.928] [RX] PITCH:-11.10,PID_OUT:103.25,INT:0.2366,EL:-3583,ER:-3188,VEL:1222.3,MOT:1,TILT:25.0,TRIM:-6.000,ATE:1,LATCH:0,TORQ:1,CR:0.0,FX1:1.00,FY1:-151.10,FX2:-6.00,FY2:-149.60,IK1:1,IK2:1,MOVE:0
[2026-09-09 18:13:17.028] [RX] PITCH:-8.17,PID_OUT:-83.09,INT:0.2366,EL:-3468,ER:-3302,VEL:1134.7,MOT:1,TILT:25.0,TRIM:-6.000,ATE:1,LATCH:0,TORQ:1,CR:0.0,FX1:1.00,FY1:-151.10,FX2:-6.00,FY2:-149.60,IK1:1,IK2:1,MOVE:0
[2026-09-09 18:13:17.129] [RX] PITCH:-6.67,PID_OUT:-98.71,INT:0.2366,EL:-3386,ER:-3391,VEL:867.0,MOT:1,TILT:25.0,TRIM:-6.000,ATE:1,LATCH:0,TORQ:1,CR:0.0,FX1:1.00,FY1:-151.10,FX2:-6.00,FY2:-149.60,IK1:1,IK2:1,MOVE:0
[2026-09-09 18:13:17.228] [RX] PITCH:-3.74,PID_OUT:-123.02,INT:0.2343,EL:-3359,ER:-3439,VEL:439.3,MOT:1,TILT:25.0,TRIM:-3.933,ATE:1,LATCH:0,TORQ:1,CR:0.0,FX1:1.00,FY1:-151.10,FX2:-6.00,FY2:-149.60,IK1:1,IK2:1,MOVE:0
[2026-09-09 18:13:17.332] [RX] PITCH:-0.08,PID_OUT:-92.13,INT:0.1015,EL:-3355,ER:-3462,VEL:165.0,MOT:1,TILT:25.0,TRIM:-1.534,ATE:1,LATCH:0,TORQ:1,CR:0.0,FX1:1.00,FY1:-151.10,FX2:-6.00,FY2:-149.60,IK1:1,IK2:1,MOVE:0
[2026-09-09 18:13:17.340] [RX] AX12:MODE:0,TQ:1,TL:1023,CM:1,CS:4,MS:0,MT:800
[2026-09-09 18:13:17.431] [RX] PITCH:1.86,PID_OUT:-184.71,INT:-0.0180,EL:-3365,ER:-3464,VEL:-1.0,MOT:1,TILT:25.0,TRIM:-0.066,ATE:1,LATCH:0,TORQ:1,CR:0.0,FX1:1.00,FY1:-151.10,FX2:-6.00,FY2:-149.60,IK1:1,IK2:1,MOVE:0
[2026-09-09 18:13:17.431] [RX] SRV:6,36,0.0,0,0
[2026-09-09 18:13:17.526] [RX] PITCH:3.21,PID_OUT:-158.43,INT:-0.2146,EL:-3394,ER:-3449,VEL:-207.0,MOT:1,TILT:25.0,TRIM:1.783,ATE:1,LATCH:0,TORQ:1,CR:0.0,FX1:1.00,FY1:-151.10,FX2:-6.00,FY2:-149.60,IK1:1,IK2:1,MOVE:0
[2026-09-09 18:13:17.627] [RX] PITCH:4.46,PID_OUT:-184.81,INT:-0.2366,EL:-3438,ER:-3425,VEL:-310.9,MOT:1,TILT:25.0,TRIM:2.750,ATE:1,LATCH:0,TORQ:1,CR:0.0,FX1:1.00,FY1:-151.10,FX2:-6.00,FY2:-149.60,IK1:1,IK2:1,MOVE:0
[2026-09-09 18:13:17.727] [RX] PITCH:5.70,PID_OUT:-186.84,INT:-0.2366,EL:-3485,ER:-3387,VEL:-418.4,MOT:1,TILT:25.0,TRIM:3.762,ATE:1,LATCH:0,TORQ:1,CR:0.0,FX1:1.00,FY1:-151.10,FX2:-6.00,FY2:-149.60,IK1:1,IK2:1,MOVE:0
[2026-09-09 18:13:17.831] [RX] PITCH:6.49,PID_OUT:-182.24,INT:-0.2366,EL:-3541,ER:-3341,VEL:-497.6,MOT:1,TILT:25.0,TRIM:4.537,ATE:1,LATCH:0,TORQ:1,CR:0.0,FX1:1.00,FY1:-151.10,FX2:-6.00,FY2:-149.60,IK1:1,IK2:1,MOVE:0
[2026-09-09 18:13:17.839] [RX] AX12:MODE:0,TQ:1,TL:1023,CM:1,CS:4,MS:0,MT:800
[2026-09-09 18:13:17.925] [RX] PITCH:7.55,PID_OUT:-218.94,INT:-0.2366,EL:-3604,ER:-3287,VEL:-573.0,MOT:1,TILT:25.0,TRIM:5.289,ATE:1,LATCH:0,TORQ:1,CR:0.0,FX1:1.00,FY1:-151.10,FX2:-6.00,FY2:-149.60,IK1:1,IK2:1,MOVE:0
[2026-09-09 18:13:18.026] [RX] PITCH:8.32,PID_OUT:-145.21,INT:-0.2366,EL:-3678,ER:-3222,VEL:-684.6,MOT:1,TILT:25.0,TRIM:6.000,ATE:1,LATCH:0,TORQ:1,CR:0.0,FX1:1.00,FY1:-151.10,FX2:-6.00,FY2:-149.60,IK1:1,IK2:1,MOVE:0
[2026-09-09 18:13:18.127] [RX] PITCH:10.90,PID_OUT:-200.74,INT:-0.2366,EL:-3765,ER:-3146,VEL:-799.4,MOT:1,TILT:25.0,TRIM:6.000,ATE:1,LATCH:0,TORQ:1,CR:0.0,FX1:1.00,FY1:-151.10,FX2:-6.00,FY2:-149.60,IK1:1,IK2:1,MOVE:0
[2026-09-09 18:13:18.226] [RX] PITCH:8.88,PID_OUT:1.32,INT:-0.2366,EL:-3848,ER:-3061,VEL:-830.3,MOT:1,TILT:25.0,TRIM:6.000,ATE:1,LATCH:0,TORQ:1,CR:0.0,FX1:1.00,FY1:-151.10,FX2:-6.00,FY2:-149.60,IK1:1,IK2:1,MOVE:0
[2026-09-09 18:13:18.334] [RX] PITCH:5.34,PID_OUT:51.48,INT:-0.2064,EL:-3915,ER:-3002,VEL:-639.3,MOT:1,TILT:25.0,TRIM:6.000,ATE:1,LATCH:0,TORQ:1,CR:0.0,FX1:1.00,FY1:-151.10,FX2:-6.00,FY2:-149.60,IK1:1,IK2:1,MOVE:0
[2026-09-09 18:13:18.334] [RX] AX12:MODE:0,TQ:1,TL:1023,CM:1,CS:4,MS:0,MT:800
[2026-09-09 18:13:18.429] [RX] PITCH:4.55,PID_OUT:4.41,INT:-0.1783,EL:-3960,ER:-2970,VEL:-402.8,MOT:1,TILT:25.0,TRIM:4.293,ATE:1,LATCH:0,TORQ:1,CR:0.0,FX1:1.00,FY1:-151.10,FX2:-6.00,FY2:-149.60,IK1:1,IK2:1,MOVE:0
[2026-09-09 18:13:18.429] [RX] SRV:0,35,0.0,0,0
[2026-09-09 18:13:18.523] [RX] PITCH:2.68,PID_OUT:49.20,INT:-0.1248,EL:-3996,ER:-2940,VEL:-329.0,MOT:1,TILT:25.0,TRIM:3.692,ATE:1,LATCH:0,TORQ:1,CR:0.0,FX1:1.00,FY1:-151.10,FX2:-6.00,FY2:-149.60,IK1:1,IK2:1,MOVE:0
[2026-09-09 18:13:18.624] [RX] PITCH:2.58,PID_OUT:21.19,INT:-0.0463,EL:-4020,ER:-2917,VEL:-237.7,MOT:1,TILT:25.0,TRIM:2.922,ATE:1,LATCH:0,TORQ:1,CR:0.0,FX1:1.00,FY1:-151.10,FX2:-6.00,FY2:-149.60,IK1:1,IK2:1,MOVE:0
[2026-09-09 18:13:18.724] [RX] PITCH:1.66,PID_OUT:30.83,INT:0.0014,EL:-4036,ER:-2906,VEL:-144.6,MOT:1,TILT:25.0,TRIM:2.122,ATE:1,LATCH:0,TORQ:1,CR:0.0,FX1:1.00,FY1:-151.10,FX2:-6.00,FY2:-149.60,IK1:1,IK2:1,MOVE:0
[2026-09-09 18:13:18.829] [RX] PITCH:1.33,PID_OUT:8.03,INT:0.0243,EL:-4045,ER:-2904,VEL:-65.1,MOT:1,TILT:25.0,TRIM:1.430,ATE:1,LATCH:0,TORQ:1,CR:0.0,FX1:1.00,FY1:-151.10,FX2:-6.00,FY2:-149.60,IK1:1,IK2:1,MOVE:0
[2026-09-09 18:13:18.832] [RX] AX12:MODE:0,TQ:1,TL:1023,CM:1,CS:4,MS:0,MT:800
[2026-09-09 18:13:18.924] [RX] PITCH:0.30,PID_OUT:-3.98,INT:0.0548,EL:-4050,ER:-2909,VEL:-1.9,MOT:1,TILT:25.0,TRIM:0.873,ATE:1,LATCH:0,TORQ:1,CR:0.0,FX1:1.00,FY1:-151.10,FX2:-6.00,FY2:-149.60,IK1:1,IK2:1,MOVE:0
[2026-09-09 18:13:19.025] [RX] PITCH:0.58,PID_OUT:-10.00,INT:0.1103,EL:-4050,ER:-2912,VEL:18.6,MOT:1,TILT:25.0,TRIM:0.690,ATE:1,LATCH:0,TORQ:1,CR:0.0,FX1:1.00,FY1:-151.10,FX2:-6.00,FY2:-149.60,IK1:1,IK2:1,MOVE:0
[2026-09-09 18:13:19.125] [RX] PITCH:1.43,PID_OUT:-47.80,INT:0.0865,EL:-4050,ER:-2911,VEL:1.9,MOT:1,TILT:25.0,TRIM:0.837,ATE:1,LATCH:0,TORQ:1,CR:0.0,FX1:1.00,FY1:-151.10,FX2:-6.00,FY2:-149.60,IK1:1,IK2:1,MOVE:0
[2026-09-09 18:13:19.219] [RX] PITCH:1.77,PID_OUT:-16.91,INT:0.0328,EL:-4068,ER:-2909,VEL:-117.2,MOT:1,TILT:25.0,TRIM:1.902,ATE:1,LATCH:0,TORQ:1,CR:0.0,FX1:1.00,FY1:-151.10,FX2:-6.00,FY2:-149.60,IK1:1,IK2:1,MOVE:0
[2026-09-09 18:13:19.331] [RX] PITCH:2.00,PID_OUT:-30.54,INT:-0.0157,EL:-4078,ER:-2909,VEL:-94.7,MOT:1,TILT:25.0,TRIM:1.711,ATE:1,LATCH:0,TORQ:1,CR:0.0,FX1:1.00,FY1:-151.10,FX2:-6.00,FY2:-149.60,IK1:1,IK2:1,MOVE:0
[2026-09-09 18:13:19.335] [RX] AX12:MODE:0,TQ:1,TL:1023,CM:1,CS:4,MS:0,MT:800
[2026-09-09 18:13:19.424] [RX] PITCH:2.03,PID_OUT:-71.47,INT:-0.0625,EL:-4091,ER:-2908,VEL:-86.9,MOT:1,TILT:25.0,TRIM:1.653,ATE:1,LATCH:0,TORQ:1,CR:0.0,FX1:1.00,FY1:-151.10,FX2:-6.00,FY2:-149.60,IK1:1,IK2:1,MOVE:0
[2026-09-09 18:13:19.424] [RX] SRV:14,35,0.0,0,0
[2026-09-09 18:13:19.522] [RX] PITCH:2.26,PID_OUT:-83.48,INT:-0.0953,EL:-4114,ER:-2907,VEL:-123.0,MOT:1,TILT:25.0,TRIM:1.989,ATE:1,LATCH:0,TORQ:1,CR:0.0,FX1:1.00,FY1:-151.10,FX2:-6.00,FY2:-149.60,IK1:1,IK2:1,MOVE:0
[2026-09-09 18:13:19.622] [RX] PITCH:2.65,PID_OUT:-84.09,INT:-0.1517,EL:-4139,ER:-2905,VEL:-150.6,MOT:1,TILT:25.0,TRIM:2.253,ATE:1,LATCH:0,TORQ:1,CR:0.0,FX1:1.00,FY1:-151.10,FX2:-6.00,FY2:-149.60,IK1:1,IK2:1,MOVE:0
[2026-09-09 18:13:19.720] [RX] PITCH:2.69,PID_OUT:-95.71,INT:-0.1903,EL:-4165,ER:-2899,VEL:-167.2,MOT:1,TILT:25.0,TRIM:2.423,ATE:1,LATCH:0,TORQ:1,CR:0.0,FX1:1.00,FY1:-151.10,FX2:-6.00,FY2:-149.60,IK1:1,IK2:1,MOVE:0
[2026-09-09 18:13:19.825] [RX] PITCH:2.96,PID_OUT:-108.43,INT:-0.2097,EL:-4199,ER:-2892,VEL:-196.9,MOT:1,TILT:25.0,TRIM:2.716,ATE:1,LATCH:0,TORQ:1,CR:0.0,FX1:1.00,FY1:-151.10,FX2:-6.00,FY2:-149.60,IK1:1,IK2:1,MOVE:0
[2026-09-09 18:13:19.833] [RX] AX12:MODE:0,TQ:1,TL:1023,CM:1,CS:4,MS:0,MT:800
[2026-09-09 18:13:19.921] [RX] PITCH:3.19,PID_OUT:-100.44,INT:-0.2366,EL:-4227,ER:-2881,VEL:-200.7,MOT:1,TILT:25.0,TRIM:2.778,ATE:1,LATCH:0,TORQ:1,CR:0.0,FX1:1.00,FY1:-151.10,FX2:-6.00,FY2:-149.60,IK1:1,IK2:1,MOVE:0
[2026-09-09 18:13:20.021] [RX] PITCH:3.23,PID_OUT:-109.75,INT:-0.2366,EL:-4259,ER:-2866,VEL:-227.2,MOT:1,TILT:25.0,TRIM:3.047,ATE:1,LATCH:0,TORQ:1,CR:0.0,FX1:1.00,FY1:-151.10,FX2:-6.00,FY2:-149.60,IK1:1,IK2:1,MOVE:0
[2026-09-09 18:13:20.121] [RX] PITCH:4.35,PID_OUT:-123.33,INT:-0.2366,EL:-4291,ER:-2846,VEL:-253.2,MOT:1,TILT:25.0,TRIM:3.316,ATE:1,LATCH:0,TORQ:1,CR:0.0,FX1:1.00,FY1:-151.10,FX2:-6.00,FY2:-149.60,IK1:1,IK2:1,MOVE:0
[2026-09-09 18:13:20.221] [RX] PITCH:4.83,PID_OUT:-79.32,INT:-0.2366,EL:-4328,ER:-2821,VEL:-303.1,MOT:1,TILT:25.0,TRIM:3.802,ATE:1,LATCH:0,TORQ:1,CR:0.0,FX1:1.00,FY1:-151.10,FX2:-6.00,FY2:-149.60,IK1:1,IK2:1,MOVE:0
[2026-09-09 18:13:20.321] [RX] PITCH:4.56,PID_OUT:-55.48,INT:-0.2366,EL:-4363,ER:-2796,VEL:-295.7,MOT:1,TILT:25.0,TRIM:3.782,ATE:1,LATCH:0,TORQ:1,CR:0.0,FX1:1.00,FY1:-151.10,FX2:-6.00,FY2:-149.60,IK1:1,IK2:1,MOVE:0
[2026-09-09 18:13:20.329] [RX] AX12:MODE:0,TQ:1,TL:1023,CM:1,CS:4,MS:0,MT:800
[2026-09-09 18:13:20.423] [RX] PITCH:3.67,PID_OUT:8.01,INT:-0.2366,EL:-4395,ER:-2778,VEL:-252.3,MOT:1,TILT:25.0,TRIM:3.436,ATE:1,LATCH:0,TORQ:1,CR:0.0,FX1:1.00,FY1:-151.10,FX2:-6.00,FY2:-149.60,IK1:1,IK2:1,MOVE:0
[2026-09-09 18:13:20.427] [RX] SRV:1,40,0.0,0,0
[2026-09-09 18:13:20.519] [RX] PITCH:1.90,PID_OUT:43.91,INT:-0.2088,EL:-4420,ER:-2774,VEL:-159.1,MOT:1,TILT:25.0,TRIM:2.637,ATE:1,LATCH:0,TORQ:1,CR:0.0,FX1:1.00,FY1:-151.10,FX2:-6.00,FY2:-149.60,IK1:1,IK2:1,MOVE:0
[2026-09-09 18:13:20.617] [RX] PITCH:0.45,PID_OUT:31.23,INT:-0.0945,EL:-4431,ER:-2777,VEL:-59.9,MOT:1,TILT:25.0,TRIM:1.769,ATE:1,LATCH:0,TORQ:1,CR:0.0,FX1:1.00,FY1:-151.10,FX2:-6.00,FY2:-149.60,IK1:1,IK2:1,MOVE:0
[2026-09-09 18:13:20.719] [RX] PITCH:0.34,PID_OUT:72.56,INT:0.0161,EL:-4433,ER:-2777,VEL:-16.4,MOT:1,TILT:25.0,TRIM:1.386,ATE:1,LATCH:0,TORQ:1,CR:0.0,FX1:1.00,FY1:-151.10,FX2:-6.00,FY2:-149.60,IK1:1,IK2:1,MOVE:0
[2026-09-09 18:13:20.825] [RX] PITCH:-0.64,PID_OUT:130.10,INT:0.1170,EL:-4431,ER:-2790,VEL:46.0,MOT:1,TILT:25.0,TRIM:0.826,ATE:1,LATCH:0,TORQ:1,CR:0.0,FX1:1.00,FY1:-151.10,FX2:-6.00,FY2:-149.60,IK1:1,IK2:1,MOVE:0
[2026-09-09 18:13:20.825] [RX] AX12:MODE:0,TQ:1,TL:1023,CM:1,CS:4,MS:0,MT:800
[2026-09-09 18:13:20.918] [RX] PITCH:-0.78,PID_OUT:106.42,INT:0.2307,EL:-4422,ER:-2811,VEL:135.4,MOT:1,TILT:25.0,TRIM:0.015,ATE:1,LATCH:0,TORQ:1,CR:0.0,FX1:1.00,FY1:-151.10,FX2:-6.00,FY2:-149.60,IK1:1,IK2:1,MOVE:0
[2026-09-09 18:13:21.018] [RX] PITCH:-1.40,PID_OUT:109.03,INT:0.2366,EL:-4409,ER:-2839,VEL:194.2,MOT:1,TILT:25.0,TRIM:-0.534,ATE:1,LATCH:0,TORQ:1,CR:0.0,FX1:1.00,FY1:-151.10,FX2:-6.00,FY2:-149.60,IK1:1,IK2:1,MOVE:0
[2026-09-09 18:13:21.115] [RX] PITCH:-1.65,PID_OUT:89.19,INT:0.2366,EL:-4392,ER:-2868,VEL:225.3,MOT:1,TILT:25.0,TRIM:-0.843,ATE:1,LATCH:0,TORQ:1,CR:0.0,FX1:1.00,FY1:-151.10,FX2:-6.00,FY2:-149.60,IK1:1,IK2:1,MOVE:0
[2026-09-09 18:13:21.217] [RX] PITCH:-1.74,PID_OUT:107.35,INT:0.2366,EL:-4374,ER:-2902,VEL:257.6,MOT:1,TILT:25.0,TRIM:-1.167,ATE:1,LATCH:0,TORQ:1,CR:0.0,FX1:1.00,FY1:-151.10,FX2:-6.00,FY2:-149.60,IK1:1,IK2:1,MOVE:0
[2026-09-09 18:13:21.328] [RX] PITCH:-2.17,PID_OUT:94.16,INT:0.2366,EL:-4354,ER:-2935,VEL:270.3,MOT:1,TILT:25.0,TRIM:-1.319,ATE:1,LATCH:0,TORQ:1,CR:0.0,FX1:1.00,FY1:-151.10,FX2:-6.00,FY2:-149.60,IK1:1,IK2:1,MOVE:0
[2026-09-09 18:13:21.328] [RX] AX12:MODE:0,TQ:1,TL:1023,CM:1,CS:4,MS:0,MT:800
[2026-09-09 18:13:21.422] [RX] PITCH:-2.83,PID_OUT:93.46,INT:0.2366,EL:-4333,ER:-2974,VEL:293.9,MOT:1,TILT:25.0,TRIM:-1.572,ATE:1,LATCH:0,TORQ:1,CR:0.0,FX1:1.00,FY1:-151.10,FX2:-6.00,FY2:-149.60,IK1:1,IK2:1,MOVE:0
[2026-09-09 18:13:21.422] [RX] SRV:6,36,0.0,0,0
[2026-09-09 18:13:21.518] [RX] PITCH:-2.73,PID_OUT:45.05,INT:0.2366,EL:-4311,ER:-3007,VEL:274.1,MOT:1,TILT:25.0,TRIM:-1.438,ATE:1,LATCH:0,TORQ:1,CR:0.0,FX1:1.00,FY1:-151.10,FX2:-6.00,FY2:-149.60,IK1:1,IK2:1,MOVE:0
[2026-09-09 18:13:21.617] [RX] PITCH:-1.33,PID_OUT:-14.32,INT:0.2366,EL:-4297,ER:-3032,VEL:201.5,MOT:1,TILT:25.0,TRIM:-0.828,ATE:1,LATCH:0,TORQ:1,CR:0.0,FX1:1.00,FY1:-151.10,FX2:-6.00,FY2:-149.60,IK1:1,IK2:1,MOVE:0
[2026-09-09 18:13:21.714] [RX] PITCH:0.76,PID_OUT:-27.41,INT:0.2256,EL:-4308,ER:-3051,VEL:58.3,MOT:1,TILT:25.0,TRIM:0.429,ATE:1,LATCH:0,TORQ:1,CR:0.0,FX1:1.00,FY1:-151.10,FX2:-6.00,FY2:-149.60,IK1:1,IK2:1,MOVE:0
[2026-09-09 18:13:21.816] [RX] PITCH:2.54,PID_OUT:-104.89,INT:0.1597,EL:-4324,ER:-3058,VEL:-21.4,MOT:1,TILT:25.0,TRIM:1.138,ATE:1,LATCH:0,TORQ:1,CR:0.0,FX1:1.00,FY1:-151.10,FX2:-6.00,FY2:-149.60,IK1:1,IK2:1,MOVE:0
[2026-09-09 18:13:21.826] [RX] AX12:MODE:0,TQ:1,TL:1023,CM:1,CS:4,MS:0,MT:800
[2026-09-09 18:13:21.916] [RX] PITCH:4.09,PID_OUT:-109.75,INT:-0.0236,EL:-4346,ER:-3057,VEL:-94.1,MOT:1,TILT:25.0,TRIM:1.796,ATE:1,LATCH:0,TORQ:1,CR:0.0,FX1:1.00,FY1:-151.10,FX2:-6.00,FY2:-149.60,IK1:1,IK2:1,MOVE:0
[2026-09-09 18:13:22.014] [RX] PITCH:3.81,PID_OUT:-36.61,INT:-0.1984,EL:-4377,ER:-3047,VEL:-181.4,MOT:1,TILT:25.0,TRIM:2.596,ATE:1,LATCH:0,TORQ:1,CR:0.0,FX1:1.00,FY1:-151.10,FX2:-6.00,FY2:-149.60,IK1:1,IK2:1,MOVE:0
[2026-09-09 18:13:22.114] [RX] PITCH:2.77,PID_OUT:6.61,INT:-0.2366,EL:-4399,ER:-3037,VEL:-138.9,MOT:1,TILT:25.0,TRIM:2.246,ATE:1,LATCH:0,TORQ:1,CR:0.0,FX1:1.00,FY1:-151.10,FX2:-6.00,FY2:-149.60,IK1:1,IK2:1,MOVE:0
[2026-09-09 18:13:22.216] [RX] PITCH:0.55,PID_OUT:61.01,INT:-0.2262,EL:-4401,ER:-3043,VEL:-13.7,MOT:1,TILT:25.0,TRIM:1.140,ATE:1,LATCH:0,TORQ:1,CR:0.0,FX1:1.00,FY1:-151.10,FX2:-6.00,FY2:-149.60,IK1:1,IK2:1,MOVE:0
[2026-09-09 18:13:22.314] [RX] PITCH:-2.19,PID_OUT:147.48,INT:-0.0442,EL:-4396,ER:-3054,VEL:85.1,MOT:1,TILT:25.0,TRIM:0.257,ATE:1,LATCH:0,TORQ:1,CR:0.0,FX1:1.00,FY1:-151.10,FX2:-6.00,FY2:-149.60,IK1:1,IK2:1,MOVE:0
[2026-09-09 18:13:22.324] [RX] AX12:MODE:0,TQ:1,TL:1023,CM:1,CS:4,MS:0,MT:800
[2026-09-09 18:13:22.415] [RX] PITCH:-2.74,PID_OUT:105.41,INT:0.1726,EL:-4379,ER:-3088,VEL:231.9,MOT:1,TILT:25.0,TRIM:-1.076,ATE:1,LATCH:0,TORQ:1,CR:0.0,FX1:1.00,FY1:-151.10,FX2:-6.00,FY2:-149.60,IK1:1,IK2:1,MOVE:0
[2026-09-09 18:13:22.415] [RX] SRV:0,35,0.0,0,0
[2026-09-09 18:13:22.513] [RX] PITCH:-2.15,PID_OUT:86.46,INT:0.2366,EL:-4358,ER:-3127,VEL:286.9,MOT:1,TILT:25.0,TRIM:-1.606,ATE:1,LATCH:0,TORQ:1,CR:0.0,FX1:1.00,FY1:-151.10,FX2:-6.00,FY2:-149.60,IK1:1,IK2:1,MOVE:0
[2026-09-09 18:13:22.614] [RX] PITCH:-2.65,PID_OUT:111.33,INT:0.2366,EL:-4337,ER:-3162,VEL:285.0,MOT:1,TILT:25.0,TRIM:-1.631,ATE:1,LATCH:0,TORQ:1,CR:0.0,FX1:1.00,FY1:-151.10,FX2:-6.00,FY2:-149.60,IK1:1,IK2:1,MOVE:0
[2026-09-09 18:13:22.714] [RX] PITCH:-3.04,PID_OUT:96.11,INT:0.2366,EL:-4312,ER:-3202,VEL:316.4,MOT:1,TILT:25.0,TRIM:-1.956,ATE:1,LATCH:0,TORQ:1,CR:0.0,FX1:1.00,FY1:-151.10,FX2:-6.00,FY2:-149.60,IK1:1,IK2:1,MOVE:0
[2026-09-09 18:13:22.822] [RX] PITCH:-3.30,PID_OUT:68.48,INT:0.2366,EL:-4286,ER:-3238,VEL:304.7,MOT:1,TILT:25.0,TRIM:-1.900,ATE:1,LATCH:0,TORQ:1,CR:0.0,FX1:1.00,FY1:-151.10,FX2:-6.00,FY2:-149.60,IK1:1,IK2:1,MOVE:0
[2026-09-09 18:13:22.828] [RX] AX12:MODE:0,TQ:1,TL:1023,CM:1,CS:4,MS:0,MT:800
[2026-09-09 18:13:22.912] [RX] PITCH:-2.45,PID_OUT:11.77,INT:0.2366,EL:-4262,ER:-3269,VEL:269.5,MOT:1,TILT:25.0,TRIM:-1.631,ATE:1,LATCH:0,TORQ:1,CR:0.0,FX1:1.00,FY1:-151.10,FX2:-6.00,FY2:-149.60,IK1:1,IK2:1,MOVE:0
[2026-09-09 18:13:23.014] [RX] PITCH:-0.88,PID_OUT:-7.91,INT:0.2366,EL:-4250,ER:-3286,VEL:152.7,MOT:1,TILT:25.0,TRIM:-0.623,ATE:1,LATCH:0,TORQ:1,CR:0.0,FX1:1.00,FY1:-151.10,FX2:-6.00,FY2:-149.60,IK1:1,IK2:1,MOVE:0
[2026-09-09 18:13:23.111] [RX] PITCH:0.82,PID_OUT:-59.48,INT:0.2248,EL:-4257,ER:-3298,VEL:35.6,MOT:1,TILT:25.0,TRIM:0.406,ATE:1,LATCH:0,TORQ:1,CR:0.0,FX1:1.00,FY1:-151.10,FX2:-6.00,FY2:-149.60,IK1:1,IK2:1,MOVE:0
[2026-09-09 18:13:23.214] [RX] PITCH:2.44,PID_OUT:-116.20,INT:0.1491,EL:-4270,ER:-3299,VEL:-30.0,MOT:1,TILT:25.0,TRIM:0.993,ATE:1,LATCH:0,TORQ:1,CR:0.0,FX1:1.00,FY1:-151.10,FX2:-6.00,FY2:-149.60,IK1:1,IK2:1,MOVE:0
[2026-09-09 18:13:23.321] [RX] PITCH:4.60,PID_OUT:-133.06,INT:-0.0518,EL:-4302,ER:-3292,VEL:-161.9,MOT:1,TILT:25.0,TRIM:2.184,ATE:1,LATCH:0,TORQ:1,CR:0.0,FX1:1.00,FY1:-151.10,FX2:-6.00,FY2:-149.60,IK1:1,IK2:1,MOVE:0
[2026-09-09 18:13:23.321] [RX] AX12:MODE:0,TQ:1,TL:1023,CM:1,CS:4,MS:0,MT:800
[2026-09-09 18:13:23.416] [RX] PITCH:4.56,PID_OUT:-69.41,INT:-0.2366,EL:-4337,ER:-3276,VEL:-239.4,MOT:1,TILT:25.0,TRIM:2.906,ATE:1,LATCH:0,TORQ:1,CR:0.0,FX1:1.00,FY1:-151.10,FX2:-6.00,FY2:-149.60,IK1:1,IK2:1,MOVE:0
[2026-09-09 18:13:23.416] [RX] SRV:14,35,0.0,0,0
[2026-09-09 18:13:23.510] [RX] PITCH:3.25,PID_OUT:-11.60,INT:-0.2366,EL:-4375,ER:-3260,VEL:-258.1,MOT:1,TILT:25.0,TRIM:3.111,ATE:1,LATCH:0,TORQ:1,CR:0.0,FX1:1.00,FY1:-151.10,FX2:-6.00,FY2:-149.60,IK1:1,IK2:1,MOVE:0
[2026-09-09 18:13:23.612] [RX] PITCH:2.46,PID_OUT:-26.30,INT:-0.2314,EL:-4405,ER:-3252,VEL:-202.0,MOT:1,TILT:25.0,TRIM:2.645,ATE:1,LATCH:0,TORQ:1,CR:0.0,FX1:1.00,FY1:-151.10,FX2:-6.00,FY2:-149.60,IK1:1,IK2:1,MOVE:0
[2026-09-09 18:13:23.712] [RX] PITCH:1.82,PID_OUT:-25.45,INT:-0.1892,EL:-4436,ER:-3250,VEL:-175.8,MOT:1,TILT:25.0,TRIM:2.439,ATE:1,LATCH:0,TORQ:1,CR:0.0,FX1:1.00,FY1:-151.10,FX2:-6.00,FY2:-149.60,IK1:1,IK2:1,MOVE:0
[2026-09-09 18:13:23.813] [RX] PITCH:1.96,PID_OUT:-90.21,INT:-0.1724,EL:-4450,ER:-3250,VEL:-74.7,MOT:1,TILT:25.0,TRIM:1.558,ATE:1,LATCH:0,TORQ:1,CR:0.0,FX1:1.00,FY1:-151.10,FX2:-6.00,FY2:-149.60,IK1:1,IK2:1,MOVE:0
[2026-09-09 18:13:23.821] [RX] AX12:MODE:0,TQ:1,TL:1023,CM:1,CS:4,MS:0,MT:800
[2026-09-09 18:13:23.912] [RX] PITCH:2.04,PID_OUT:-79.67,INT:-0.1840,EL:-4471,ER:-3248,VEL:-83.5,MOT:1,TILT:25.0,TRIM:1.653,ATE:1,LATCH:0,TORQ:1,CR:0.0,FX1:1.00,FY1:-151.10,FX2:-6.00,FY2:-149.60,IK1:1,IK2:1,MOVE:0
[2026-09-09 18:13:24.009] [RX] PITCH:1.86,PID_OUT:-51.40,INT:-0.2064,EL:-4491,ER:-3246,VEL:-100.8,MOT:1,TILT:25.0,TRIM:1.822,ATE:1,LATCH:0,TORQ:1,CR:0.0,FX1:1.00,FY1:-151.10,FX2:-6.00,FY2:-149.60,IK1:1,IK2:1,MOVE:0
[2026-09-09 18:13:24.109] [RX] PITCH:1.47,PID_OUT:-53.88,INT:-0.2360,EL:-4493,ER:-3244,VEL:-41.2,MOT:1,TILT:25.0,TRIM:1.300,ATE:1,LATCH:0,TORQ:1,CR:0.0,FX1:1.00,FY1:-151.10,FX2:-6.00,FY2:-149.60,IK1:1,IK2:1,MOVE:0
[2026-09-09 18:13:24.209] [RX] PITCH:0.63,PID_OUT:13.75,INT:-0.1405,EL:-4518,ER:-3244,VEL:-61.6,MOT:1,TILT:25.0,TRIM:1.499,ATE:1,LATCH:0,TORQ:1,CR:0.0,FX1:1.00,FY1:-151.10,FX2:-6.00,FY2:-149.60,IK1:1,IK2:1,MOVE:0
[2026-09-09 18:13:24.318] [RX] PITCH:-0.03,PID_OUT:43.32,INT:-0.0429,EL:-4518,ER:-3244,VEL:-12.1,MOT:1,TILT:25.0,TRIM:1.062,ATE:1,LATCH:0,TORQ:1,CR:0.0,FX1:1.00,FY1:-151.10,FX2:-6.00,FY2:-149.60,IK1:1,IK2:1,MOVE:0
[2026-09-09 18:13:24.321] [RX] AX12:MODE:0,TQ:1,TL:1023,CM:1,CS:4,MS:0,MT:800
[2026-09-09 18:13:24.411] [RX] PITCH:-0.24,PID_OUT:79.89,INT:0.0633,EL:-4517,ER:-3246,VEL:17.2,MOT:1,TILT:25.0,TRIM:0.801,ATE:1,LATCH:0,TORQ:1,CR:0.0,FX1:1.00,FY1:-151.10,FX2:-6.00,FY2:-149.60,IK1:1,IK2:1,MOVE:0
[2026-09-09 18:13:24.411] [RX] SRV:1,40,0.0,0,0
[2026-09-09 18:13:24.508] [RX] PITCH:-0.24,PID_OUT:120.85,INT:0.1261,EL:-4515,ER:-3255,VEL:28.6,MOT:1,TILT:25.0,TRIM:0.693,ATE:1,LATCH:0,TORQ:1,CR:0.0,FX1:1.00,FY1:-151.10,FX2:-6.00,FY2:-149.60,IK1:1,IK2:1,MOVE:0
[2026-09-09 18:13:24.610] [RX] PITCH:-1.31,PID_OUT:120.59,INT:0.2137,EL:-4509,ER:-3278,VEL:110.5,MOT:1,TILT:25.0,TRIM:-0.051,ATE:1,LATCH:0,TORQ:1,CR:0.0,FX1:1.00,FY1:-151.10,FX2:-6.00,FY2:-149.60,IK1:1,IK2:1,MOVE:0
[2026-09-09 18:13:24.707] [RX] PITCH:-1.56,PID_OUT:60.77,INT:0.2366,EL:-4495,ER:-3308,VEL:201.3,MOT:1,TILT:25.0,TRIM:-0.884,ATE:1,LATCH:0,TORQ:1,CR:0.0,FX1:1.00,FY1:-151.10,FX2:-6.00,FY2:-149.60,IK1:1,IK2:1,MOVE:0
[2026-09-09 18:13:24.812] [RX] PITCH:-1.57,PID_OUT:37.40,INT:0.2366,EL:-4482,ER:-3332,VEL:189.8,MOT:1,TILT:25.0,TRIM:-0.810,ATE:1,LATCH:0,TORQ:1,CR:0.0,FX1:1.00,FY1:-151.10,FX2:-6.00,FY2:-149.60,IK1:1,IK2:1,MOVE:0
[2026-09-09 18:13:24.820] [RX] AX12:MODE:0,TQ:1,TL:1023,CM:1,CS:4,MS:0,MT:800
[2026-09-09 18:13:24.908] [RX] PITCH:-0.52,PID_OUT:10.38,INT:0.2366,EL:-4473,ER:-3354,VEL:151.6,MOT:1,TILT:25.0,TRIM:-0.497,ATE:1,LATCH:0,TORQ:1,CR:0.0,FX1:1.00,FY1:-151.10,FX2:-6.00,FY2:-149.60,IK1:1,IK2:1,MOVE:0
[2026-09-09 18:13:25.007] [RX] PITCH:0.51,PID_OUT:18.33,INT:0.2239,EL:-4470,ER:-3361,VEL:55.0,MOT:1,TILT:25.0,TRIM:0.347,ATE:1,LATCH:0,TORQ:1,CR:0.0,FX1:1.00,FY1:-151.10,FX2:-6.00,FY2:-149.60,IK1:1,IK2:1,MOVE:0
[2026-09-09 18:13:25.105] [RX] PITCH:1.54,PID_OUT:-55.20,INT:0.1862,EL:-4470,ER:-3361,VEL:10.8,MOT:1,TILT:25.0,TRIM:0.736,ATE:1,LATCH:0,TORQ:1,CR:0.0,FX1:1.00,FY1:-151.10,FX2:-6.00,FY2:-149.60,IK1:1,IK2:1,MOVE:0
[2026-09-09 18:13:25.206] [RX] PITCH:3.19,PID_OUT:-22.35,INT:0.1956,EL:-4542,ER:-3361,VEL:-297.1,MOT:1,TILT:25.0,TRIM:3.505,ATE:1,LATCH:0,TORQ:1,CR:0.0,FX1:1.00,FY1:-151.10,FX2:-6.00,FY2:-149.60,IK1:1,IK2:1,MOVE:0
[2026-09-09 18:13:25.310] [RX] PITCH:5.62,PID_OUT:-99.68,INT:0.2038,EL:-4642,ER:-3361,VEL:-460.0,MOT:1,TILT:25.0,TRIM:5.016,ATE:1,LATCH:0,TORQ:1,CR:0.0,FX1:1.00,FY1:-151.10,FX2:-6.00,FY2:-149.60,IK1:1,IK2:1,MOVE:0
[2026-09-09 18:13:25.316] [RX] AX12:MODE:0,TQ:1,TL:1023,CM:1,CS:4,MS:0,MT:800
[2026-09-09 18:13:25.415] [RX] PITCH:6.53,PID_OUT:-96.56,INT:-0.0883,EL:-4682,ER:-3348,VEL:-306.5,MOT:1,TILT:25.0,TRIM:3.702,ATE:1,LATCH:0,TORQ:1,CR:0.0,FX1:1.00,FY1:-151.10,FX2:-6.00,FY2:-149.60,IK1:1,IK2:1,MOVE:0
[2026-09-09 18:13:25.415] [RX] SRV:6,36,0.0,0,0
[2026-09-09 18:13:25.508] [RX] PITCH:5.35,PID_OUT:-78.69,INT:-0.2366,EL:-4721,ER:-3323,VEL:-310.6,MOT:1,TILT:25.0,TRIM:3.787,ATE:1,LATCH:0,TORQ:1,CR:0.0,FX1:1.00,FY1:-151.10,FX2:-6.00,FY2:-149.60,IK1:1,IK2:1,MOVE:0
[2026-09-09 18:13:25.610] [RX] PITCH:4.29,PID_OUT:-29.77,INT:-0.2366,EL:-4759,ER:-3300,VEL:-297.0,MOT:1,TILT:25.0,TRIM:3.712,ATE:1,LATCH:0,TORQ:1,CR:0.0,FX1:1.00,FY1:-151.10,FX2:-6.00,FY2:-149.60,IK1:1,IK2:1,MOVE:0
[2026-09-09 18:13:25.707] [RX] PITCH:3.48,PID_OUT:-4.91,INT:-0.2366,EL:-4784,ER:-3285,VEL:-203.0,MOT:1,TILT:25.0,TRIM:2.914,ATE:1,LATCH:0,TORQ:1,CR:0.0,FX1:1.00,FY1:-151.10,FX2:-6.00,FY2:-149.60,IK1:1,IK2:1,MOVE:0
[2026-09-09 18:13:25.812] [RX] PITCH:1.50,PID_OUT:70.67,INT:-0.2324,EL:-4796,ER:-3285,VEL:-71.6,MOT:1,TILT:25.0,TRIM:1.765,ATE:1,LATCH:0,TORQ:1,CR:0.0,FX1:1.00,FY1:-151.10,FX2:-6.00,FY2:-149.60,IK1:1,IK2:1,MOVE:0
[2026-09-09 18:13:25.812] [RX] AX12:MODE:0,TQ:1,TL:1023,CM:1,CS:4,MS:0,MT:800
[2026-09-09 18:13:25.905] [RX] PITCH:-0.96,PID_OUT:34.98,INT:-0.2154,EL:-4799,ER:-3345,VEL:254.0,MOT:1,TILT:25.0,TRIM:-1.148,ATE:1,LATCH:0,TORQ:1,CR:0.0,FX1:1.00,FY1:-151.10,FX2:-6.00,FY2:-149.60,IK1:1,IK2:1,MOVE:0
[2026-09-09 18:13:26.006] [RX] PITCH:-5.02,PID_OUT:233.20,INT:-0.1154,EL:-4797,ER:-3412,VEL:261.5,MOT:1,TILT:25.0,TRIM:-1.267,ATE:1,LATCH:0,TORQ:1,CR:0.0,FX1:1.00,FY1:-151.10,FX2:-6.00,FY2:-149.60,IK1:1,IK2:1,MOVE:0
[2026-09-09 18:13:26.104] [RX] PITCH:-4.37,PID_OUT:89.91,INT:0.2167,EL:-4768,ER:-3450,VEL:332.9,MOT:1,TILT:25.0,TRIM:-1.946,ATE:1,LATCH:0,TORQ:1,CR:0.0,FX1:1.00,FY1:-151.10,FX2:-6.00,FY2:-149.60,IK1:1,IK2:1,MOVE:0
[2026-09-09 18:13:26.204] [RX] PITCH:-3.98,PID_OUT:55.20,INT:0.2366,EL:-4736,ER:-3489,VEL:348.7,MOT:1,TILT:25.0,TRIM:-2.139,ATE:1,LATCH:0,TORQ:1,CR:0.0,FX1:1.00,FY1:-151.10,FX2:-6.00,FY2:-149.60,IK1:1,IK2:1,MOVE:0
[2026-09-09 18:13:26.315] [RX] PITCH:-2.53,PID_OUT:-14.22,INT:0.2366,EL:-4710,ER:-3516,VEL:272.0,MOT:1,TILT:25.0,TRIM:-1.502,ATE:1,LATCH:0,TORQ:1,CR:0.0,FX1:1.00,FY1:-151.10,FX2:-6.00,FY2:-149.60,IK1:1,IK2:1,MOVE:0
[2026-09-09 18:13:26.315] [RX] AX12:MODE:0,TQ:1,TL:1023,CM:1,CS:4,MS:0,MT:800
[2026-09-09 18:13:26.404] [RX] PITCH:0.14,PID_OUT:-50.53,INT:0.2326,EL:-4709,ER:-3532,VEL:117.3,MOT:1,TILT:25.0,TRIM:-0.151,ATE:1,LATCH:0,TORQ:1,CR:0.0,FX1:1.00,FY1:-151.10,FX2:-6.00,FY2:-149.60,IK1:1,IK2:1,MOVE:0
[2026-09-09 18:13:26.407] [RX] SRV:0,35,0.0,0,0
[2026-09-09 18:13:26.505] [RX] PITCH:1.34,PID_OUT:-21.58,INT:0.1932,EL:-4720,ER:-3536,VEL:-16.6,MOT:1,TILT:25.0,TRIM:1.034,ATE:1,LATCH:0,TORQ:1,CR:0.0,FX1:1.00,FY1:-151.10,FX2:-6.00,FY2:-149.60,IK1:1,IK2:1,MOVE:0
[2026-09-09 18:13:26.604] [RX] PITCH:2.52,PID_OUT:-113.50,INT:0.1236,EL:-4729,ER:-3534,VEL:-36.0,MOT:1,TILT:25.0,TRIM:1.214,ATE:1,LATCH:0,TORQ:1,CR:0.0,FX1:1.00,FY1:-151.10,FX2:-6.00,FY2:-149.60,IK1:1,IK2:1,MOVE:0
[2026-09-09 18:13:26.706] [RX] PITCH:4.26,PID_OUT:-137.49,INT:-0.0224,EL:-4762,ER:-3526,VEL:-173.1,MOT:1,TILT:25.0,TRIM:2.453,ATE:1,LATCH:0,TORQ:1,CR:0.0,FX1:1.00,FY1:-151.10,FX2:-6.00,FY2:-149.60,IK1:1,IK2:1,MOVE:0
[2026-09-09 18:13:26.814] [RX] PITCH:4.95,PID_OUT:-118.53,INT:-0.2038,EL:-4798,ER:-3509,VEL:-254.4,MOT:1,TILT:25.0,TRIM:3.209,ATE:1,LATCH:0,TORQ:1,CR:0.0,FX1:1.00,FY1:-151.10,FX2:-6.00,FY2:-149.60,IK1:1,IK2:1,MOVE:0
[2026-09-09 18:13:26.816] [RX] AX12:MODE:0,TQ:1,TL:1023,CM:1,CS:4,MS:0,MT:800
[2026-09-09 18:13:26.902] [RX] PITCH:4.43,PID_OUT:-48.77,INT:-0.2366,EL:-4838,ER:-3489,VEL:-287.2,MOT:1,TILT:25.0,TRIM:3.544,ATE:1,LATCH:0,TORQ:1,CR:0.0,FX1:1.00,FY1:-151.10,FX2:-6.00,FY2:-149.60,IK1:1,IK2:1,MOVE:0
[2026-09-09 18:13:27.003] [RX] PITCH:3.62,PID_OUT:-11.55,INT:-0.2366,EL:-4871,ER:-3472,VEL:-244.8,MOT:1,TILT:25.0,TRIM:3.207,ATE:1,LATCH:0,TORQ:1,CR:0.0,FX1:1.00,FY1:-151.10,FX2:-6.00,FY2:-149.60,IK1:1,IK2:1,MOVE:0
[2026-09-09 18:13:27.103] [RX] PITCH:1.97,PID_OUT:10.34,INT:-0.2366,EL:-4884,ER:-3468,VEL:-94.6,MOT:1,TILT:25.0,TRIM:1.896,ATE:1,LATCH:0,TORQ:1,CR:0.0,FX1:1.00,FY1:-151.10,FX2:-6.00,FY2:-149.60,IK1:1,IK2:1,MOVE:0
[2026-09-09 18:13:27.200] [RX] PITCH:-0.12,PID_OUT:76.86,INT:-0.1879,EL:-4891,ER:-3480,VEL:8.1,MOT:1,TILT:25.0,TRIM:0.987,ATE:1,LATCH:0,TORQ:1,CR:0.0,FX1:1.00,FY1:-151.10,FX2:-6.00,FY2:-149.60,IK1:1,IK2:1,MOVE:0
[2026-09-09 18:13:27.304] [RX] PITCH:-2.19,PID_OUT:143.90,INT:-0.0056,EL:-4888,ER:-3497,VEL:81.0,MOT:1,TILT:25.0,TRIM:0.329,ATE:1,LATCH:0,TORQ:1,CR:0.0,FX1:1.00,FY1:-151.10,FX2:-6.00,FY2:-149.60,IK1:1,IK2:1,MOVE:0
[2026-09-09 18:13:27.311] [RX] AX12:MODE:0,TQ:1,TL:1023,CM:1,CS:4,MS:0,MT:800
[2026-09-09 18:13:27.403] [RX] PITCH:-2.48,PID_OUT:99.96,INT:0.2111,EL:-4873,ER:-3525,VEL:193.1,MOT:1,TILT:25.0,TRIM:-0.691,ATE:1,LATCH:0,TORQ:1,CR:0.0,FX1:1.00,FY1:-151.10,FX2:-6.00,FY2:-149.60,IK1:1,IK2:1,MOVE:0
[2026-09-09 18:13:27.404] [RX] SRV:14,35,0.0,0,0
[2026-09-09 18:13:27.502] [RX] PITCH:-2.08,PID_OUT:55.01,INT:0.2366,EL:-4853,ER:-3555,VEL:239.1,MOT:1,TILT:25.0,TRIM:-1.135,ATE:1,LATCH:0,TORQ:1,CR:0.0,FX1:1.00,FY1:-151.10,FX2:-6.00,FY2:-149.60,IK1:1,IK2:1,MOVE:0
[2026-09-09 18:13:27.600] [RX] PITCH:-1.83,PID_OUT:31.38,INT:0.2366,EL:-4836,ER:-3587,VEL:237.0,MOT:1,TILT:25.0,TRIM:-1.152,ATE:1,LATCH:0,TORQ:1,CR:0.0,FX1:1.00,FY1:-151.10,FX2:-6.00,FY2:-149.60,IK1:1,IK2:1,MOVE:0
[2026-09-09 18:13:27.700] [RX] PITCH:-0.81,PID_OUT:8.27,INT:0.2366,EL:-4826,ER:-3609,VEL:165.7,MOT:1,TILT:25.0,TRIM:-0.548,ATE:1,LATCH:0,TORQ:1,CR:0.0,FX1:1.00,FY1:-151.10,FX2:-6.00,FY2:-149.60,IK1:1,IK2:1,MOVE:0
[2026-09-09 18:13:27.805] [RX] PITCH:0.47,PID_OUT:-3.32,INT:0.2354,EL:-4820,ER:-3611,VEL:59.1,MOT:1,TILT:25.0,TRIM:0.386,ATE:1,LATCH:0,TORQ:1,CR:0.0,FX1:1.00,FY1:-151.10,FX2:-6.00,FY2:-149.60,IK1:1,IK2:1,MOVE:0
[2026-09-09 18:13:27.811] [RX] AX12:MODE:0,TQ:1,TL:1023,CM:1,CS:4,MS:0,MT:800
[2026-09-09 18:13:27.836] [TX] VP0.015300000000000001
[2026-09-09 18:13:27.901] [RX] PITCH:1.91,PID_OUT:-78.62,INT:0.1835,EL:-4823,ER:-3611,VEL:-10.9,MOT:1,TILT:25.0,TRIM:1.005,ATE:1,LATCH:0,TORQ:1,CR:0.0,FX1:1.00,FY1:-151.10,FX2:-6.00,FY2:-149.60,IK1:1,IK2:1,MOVE:0
[2026-09-09 18:13:28.001] [RX] PITCH:4.02,PID_OUT:-21.33,INT:0.2366,EL:-4888,ER:-3611,VEL:-260.2,MOT:1,TILT:25.0,TRIM:4.916,ATE:1,LATCH:0,TORQ:1,CR:0.0,FX1:1.00,FY1:-151.10,FX2:-6.00,FY2:-149.60,IK1:1,IK2:1,MOVE:0
[2026-09-09 18:13:28.098] [RX] PITCH:8.15,PID_OUT:-265.77,INT:0.1615,EL:-4947,ER:-3610,VEL:-241.1,MOT:1,TILT:25.0,TRIM:4.672,ATE:1,LATCH:0,TORQ:1,CR:0.0,FX1:1.00,FY1:-151.10,FX2:-6.00,FY2:-149.60,IK1:1,IK2:1,MOVE:0
[2026-09-09 18:13:28.201] [RX] PITCH:7.16,PID_OUT:-90.68,INT:-0.1123,EL:-4981,ER:-3585,VEL:-286.6,MOT:1,TILT:25.0,TRIM:5.408,ATE:1,LATCH:0,TORQ:1,CR:0.0,FX1:1.00,FY1:-151.10,FX2:-6.00,FY2:-149.60,IK1:1,IK2:1,MOVE:0
[2026-09-09 18:13:28.310] [RX] PITCH:7.19,PID_OUT:-87.00,INT:-0.2366,EL:-5017,ER:-3561,VEL:-296.6,MOT:1,TILT:25.0,TRIM:5.605,ATE:1,LATCH:0,TORQ:1,CR:0.0,FX1:1.00,FY1:-151.10,FX2:-6.00,FY2:-149.60,IK1:1,IK2:1,MOVE:0
[2026-09-09 18:13:28.310] [RX] AX12:MODE:0,TQ:1,TL:1023,CM:1,CS:4,MS:0,MT:800
[2026-09-09 18:13:28.405] [RX] PITCH:6.73,PID_OUT:-51.84,INT:-0.2366,EL:-5054,ER:-3540,VEL:-285.9,MOT:1,TILT:25.0,TRIM:5.485,ATE:1,LATCH:0,TORQ:1,CR:0.0,FX1:1.00,FY1:-151.10,FX2:-6.00,FY2:-149.60,IK1:1,IK2:1,MOVE:0
[2026-09-09 18:13:28.405] [RX] SRV:1,40,0.0,0,0
[2026-09-09 18:13:28.497] [RX] PITCH:4.86,PID_OUT:4.28,INT:-0.2366,EL:-5080,ER:-3531,VEL:-164.0,MOT:1,TILT:25.0,TRIM:3.658,ATE:1,LATCH:0,TORQ:1,CR:0.0,FX1:1.00,FY1:-151.10,FX2:-6.00,FY2:-149.60,IK1:1,IK2:1,MOVE:0
[2026-09-09 18:13:28.598] [RX] PITCH:1.29,PID_OUT:89.60,INT:-0.2179,EL:-5092,ER:-3533,VEL:-69.3,MOT:1,TILT:25.0,TRIM:2.224,ATE:1,LATCH:0,TORQ:1,CR:0.0,FX1:1.00,FY1:-151.10,FX2:-6.00,FY2:-149.60,IK1:1,IK2:1,MOVE:0
[2026-09-09 18:13:28.699] [RX] PITCH:-1.10,PID_OUT:111.87,INT:-0.0588,EL:-5091,ER:-3541,VEL:39.7,MOT:1,TILT:25.0,TRIM:0.559,ATE:1,LATCH:0,TORQ:1,CR:0.0,FX1:1.00,FY1:-151.10,FX2:-6.00,FY2:-149.60,IK1:1,IK2:1,MOVE:0
[2026-09-09 18:13:28.799] [RX] PITCH:-2.73,PID_OUT:118.12,INT:0.1142,EL:-5081,ER:-3563,VEL:145.4,MOT:1,TILT:25.0,TRIM:-1.074,ATE:1,LATCH:0,TORQ:1,CR:0.0,FX1:1.00,FY1:-151.10,FX2:-6.00,FY2:-149.60,IK1:1,IK2:1,MOVE:0
[2026-09-09 18:13:28.808] [RX] AX12:MODE:0,TQ:1,TL:1023,CM:1,CS:4,MS:0,MT:800
[2026-09-09 18:13:28.896] [RX] PITCH:-3.30,PID_OUT:73.72,INT:0.2366,EL:-5064,ER:-3591,VEL:219.0,MOT:1,TILT:25.0,TRIM:-2.227,ATE:1,LATCH:0,TORQ:1,CR:0.0,FX1:1.00,FY1:-151.10,FX2:-6.00,FY2:-149.60,IK1:1,IK2:1,MOVE:0
[2026-09-09 18:13:28.997] [RX] PITCH:-3.26,PID_OUT:43.44,INT:0.2366,EL:-5046,ER:-3621,VEL:233.9,MOT:1,TILT:25.0,TRIM:-2.490,ATE:1,LATCH:0,TORQ:1,CR:0.0,FX1:1.00,FY1:-151.10,FX2:-6.00,FY2:-149.60,IK1:1,IK2:1,MOVE:0
[2026-09-09 18:13:29.097] [RX] PITCH:-2.47,PID_OUT:17.62,INT:0.2366,EL:-5031,ER:-3648,VEL:212.7,MOT:1,TILT:25.0,TRIM:-2.199,ATE:1,LATCH:0,TORQ:1,CR:0.0,FX1:1.00,FY1:-151.10,FX2:-6.00,FY2:-149.60,IK1:1,IK2:1,MOVE:0
[2026-09-09 18:13:29.197] [RX] PITCH:-1.64,PID_OUT:49.67,INT:0.2366,EL:-5022,ER:-3665,VEL:130.1,MOT:1,TILT:25.0,TRIM:-0.962,ATE:1,LATCH:0,TORQ:1,CR:0.0,FX1:1.00,FY1:-151.10,FX2:-6.00,FY2:-149.60,IK1:1,IK2:1,MOVE:0
[2026-09-09 18:13:29.307] [RX] PITCH:-0.49,PID_OUT:37.40,INT:0.2227,EL:-5022,ER:-3687,VEL:81.7,MOT:1,TILT:25.0,TRIM:-0.242,ATE:1,LATCH:0,TORQ:1,CR:0.0,FX1:1.00,FY1:-151.10,FX2:-6.00,FY2:-149.60,IK1:1,IK2:1,MOVE:0
[2026-09-09 18:13:29.308] [RX] AX12:MODE:0,TQ:1,TL:1023,CM:1,CS:4,MS:0,MT:800
[2026-09-09 18:13:29.399] [RX] PITCH:0.41,PID_OUT:31.80,INT:0.2366,EL:-5022,ER:-3687,VEL:16.1,MOT:1,TILT:25.0,TRIM:0.756,ATE:1,LATCH:0,TORQ:1,CR:0.0,FX1:1.00,FY1:-151.10,FX2:-6.00,FY2:-149.60,IK1:1,IK2:1,MOVE:0
[2026-09-09 18:13:29.400] [RX] SRV:6,36,0.0,0,0
[2026-09-09 18:13:29.498] [RX] PITCH:1.67,PID_OUT:2.04,INT:0.2366,EL:-5032,ER:-3687,VEL:-52.0,MOT:1,TILT:25.0,TRIM:1.799,ATE:1,LATCH:0,TORQ:1,CR:0.0,FX1:1.00,FY1:-151.10,FX2:-6.00,FY2:-149.60,IK1:1,IK2:1,MOVE:0
[2026-09-09 18:13:29.597] [RX] PITCH:3.41,PID_OUT:-43.28,INT:0.2366,EL:-5072,ER:-3687,VEL:-176.6,MOT:1,TILT:25.0,TRIM:3.726,ATE:1,LATCH:0,TORQ:1,CR:0.0,FX1:1.00,FY1:-151.10,FX2:-6.00,FY2:-149.60,IK1:1,IK2:1,MOVE:0
[2026-09-09 18:13:29.697] [RX] PITCH:6.38,PID_OUT:-82.78,INT:0.2322,EL:-5151,ER:-3687,VEL:-370.3,MOT:1,TILT:25.0,TRIM:6.000,ATE:1,LATCH:0,TORQ:1,CR:0.0,FX1:1.00,FY1:-151.10,FX2:-6.00,FY2:-149.60,IK1:1,IK2:1,MOVE:0
[2026-09-09 18:13:29.799] [RX] PITCH:8.84,PID_OUT:-102.61,INT:-0.0532,EL:-5189,ER:-3676,VEL:-267.9,MOT:1,TILT:25.0,TRIM:5.211,ATE:1,LATCH:0,TORQ:1,CR:0.0,FX1:1.00,FY1:-151.10,FX2:-6.00,FY2:-149.60,IK1:1,IK2:1,MOVE:0
[2026-09-09 18:13:29.808] [RX] AX12:MODE:0,TQ:1,TL:1023,CM:1,CS:4,MS:0,MT:800
[2026-09-09 18:13:29.895] [RX] PITCH:7.22,PID_OUT:-42.23,INT:-0.2366,EL:-5227,ER:-3652,VEL:-299.0,MOT:1,TILT:25.0,TRIM:5.731,ATE:1,LATCH:0,TORQ:1,CR:0.0,FX1:1.00,FY1:-151.10,FX2:-6.00,FY2:-149.60,IK1:1,IK2:1,MOVE:0
[2026-09-09 18:13:29.995] [RX] PITCH:5.00,PID_OUT:10.71,INT:-0.2366,EL:-5251,ER:-3635,VEL:-213.3,MOT:1,TILT:25.0,TRIM:4.458,ATE:1,LATCH:0,TORQ:1,CR:0.0,FX1:1.00,FY1:-151.10,FX2:-6.00,FY2:-149.60,IK1:1,IK2:1,MOVE:0
[2026-09-09 18:13:30.094] [RX] PITCH:2.37,PID_OUT:31.59,INT:-0.2351,EL:-5266,ER:-3637,VEL:-81.8,MOT:1,TILT:25.0,TRIM:2.467,ATE:1,LATCH:0,TORQ:1,CR:0.0,FX1:1.00,FY1:-151.10,FX2:-6.00,FY2:-149.60,IK1:1,IK2:1,MOVE:0
[2026-09-09 18:13:30.193] [RX] PITCH:0.29,PID_OUT:54.26,INT:-0.1798,EL:-5271,ER:-3645,VEL:1.2,MOT:1,TILT:25.0,TRIM:1.201,ATE:1,LATCH:0,TORQ:1,CR:0.0,FX1:1.00,FY1:-151.10,FX2:-6.00,FY2:-149.60,IK1:1,IK2:1,MOVE:0
[2026-09-09 18:13:30.294] [RX] PITCH:-1.30,PID_OUT:119.54,INT:-0.0222,EL:-5268,ER:-3651,VEL:53.0,MOT:1,TILT:25.0,TRIM:0.406,ATE:1,LATCH:0,TORQ:1,CR:0.0,FX1:1.00,FY1:-151.10,FX2:-6.00,FY2:-149.60,IK1:1,IK2:1,MOVE:0
[2026-09-09 18:13:30.303] [RX] AX12:MODE:0,TQ:1,TL:1023,CM:1,CS:4,MS:0,MT:800
[2026-09-09 18:13:30.400] [RX] PITCH:-2.08,PID_OUT:102.99,INT:0.1222,EL:-5258,ER:-3674,VEL:157.1,MOT:1,TILT:25.0,TRIM:-1.202,ATE:1,LATCH:0,TORQ:1,CR:0.0,FX1:1.00,FY1:-151.10,FX2:-6.00,FY2:-149.60,IK1:1,IK2:1,MOVE:0
[2026-09-09 18:13:30.400] [RX] SRV:0,35,0.0,0,0
[2026-09-09 18:13:30.496] [RX] PITCH:-3.15,PID_OUT:119.77,INT:0.2189,EL:-5242,ER:-3702,VEL:218.6,MOT:1,TILT:25.0,TRIM:-2.171,ATE:1,LATCH:0,TORQ:1,CR:0.0,FX1:1.00,FY1:-151.10,FX2:-6.00,FY2:-149.60,IK1:1,IK2:1,MOVE:0
[2026-09-09 18:13:30.596] [RX] PITCH:-4.21,PID_OUT:101.51,INT:0.2366,EL:-5220,ER:-3736,VEL:275.1,MOT:1,TILT:25.0,TRIM:-3.072,ATE:1,LATCH:0,TORQ:1,CR:0.0,FX1:1.00,FY1:-151.10,FX2:-6.00,FY2:-149.60,IK1:1,IK2:1,MOVE:0
[2026-09-09 18:13:30.696] [RX] PITCH:-4.49,PID_OUT:77.11,INT:0.2366,EL:-5196,ER:-3772,VEL:289.7,MOT:1,TILT:25.0,TRIM:-3.340,ATE:1,LATCH:0,TORQ:1,CR:0.0,FX1:1.00,FY1:-151.10,FX2:-6.00,FY2:-149.60,IK1:1,IK2:1,MOVE:0
[2026-09-09 18:13:30.800] [RX] PITCH:-4.34,PID_OUT:32.53,INT:0.2366,EL:-5173,ER:-3802,VEL:274.7,MOT:1,TILT:25.0,TRIM:-3.151,ATE:1,LATCH:0,TORQ:1,CR:0.0,FX1:1.00,FY1:-151.10,FX2:-6.00,FY2:-149.60,IK1:1,IK2:1,MOVE:0
[2026-09-09 18:13:30.806] [RX] AX12:MODE:0,TQ:1,TL:1023,CM:1,CS:4,MS:0,MT:800
[2026-09-09 18:13:30.892] [RX] PITCH:-3.03,PID_OUT:7.16,INT:0.2366,EL:-5155,ER:-3827,VEL:208.1,MOT:1,TILT:25.0,TRIM:-2.170,ATE:1,LATCH:0,TORQ:1,CR:0.0,FX1:1.00,FY1:-151.10,FX2:-6.00,FY2:-149.60,IK1:1,IK2:1,MOVE:0
[2026-09-09 18:13:30.992] [RX] PITCH:-1.10,PID_OUT:-11.27,INT:0.2366,EL:-5145,ER:-3837,VEL:107.3,MOT:1,TILT:25.0,TRIM:-0.652,ATE:1,LATCH:0,TORQ:1,CR:0.0,FX1:1.00,FY1:-151.10,FX2:-6.00,FY2:-149.60,IK1:1,IK2:1,MOVE:0
[2026-09-09 18:13:31.091] [RX] PITCH:1.43,PID_OUT:-57.64,INT:0.2221,EL:-5154,ER:-3844,VEL:18.8,MOT:1,TILT:25.0,TRIM:0.696,ATE:1,LATCH:0,TORQ:1,CR:0.0,FX1:1.00,FY1:-151.10,FX2:-6.00,FY2:-149.60,IK1:1,IK2:1,MOVE:0
[2026-09-09 18:13:31.191] [RX] PITCH:3.09,PID_OUT:-110.36,INT:0.1079,EL:-5166,ER:-3843,VEL:-66.4,MOT:1,TILT:25.0,TRIM:2.002,ATE:1,LATCH:0,TORQ:1,CR:0.0,FX1:1.00,FY1:-151.10,FX2:-6.00,FY2:-149.60,IK1:1,IK2:1,MOVE:0
[2026-09-09 18:13:31.303] [RX] PITCH:4.65,PID_OUT:-146.44,INT:-0.0349,EL:-5188,ER:-3838,VEL:-124.8,MOT:1,TILT:25.0,TRIM:2.911,ATE:1,LATCH:0,TORQ:1,CR:0.0,FX1:1.00,FY1:-151.10,FX2:-6.00,FY2:-149.60,IK1:1,IK2:1,MOVE:0
[2026-09-09 18:13:31.303] [RX] AX12:MODE:0,TQ:1,TL:1023,CM:1,CS:4,MS:0,MT:800
[2026-09-09 18:13:31.391] [RX] PITCH:5.54,PID_OUT:-135.85,INT:-0.1382,EL:-5225,ER:-3825,VEL:-227.5,MOT:1,TILT:25.0,TRIM:4.511,ATE:1,LATCH:0,TORQ:1,CR:0.0,FX1:1.00,FY1:-151.10,FX2:-6.00,FY2:-149.60,IK1:1,IK2:1,MOVE:0
[2026-09-09 18:13:31.394] [RX] SRV:14,35,0.0,0,0
[2026-09-09 18:13:31.491] [RX] PITCH:6.78,PID_OUT:-128.90,INT:-0.2366,EL:-5264,ER:-3804,VEL:-292.1,MOT:1,TILT:25.0,TRIM:5.539,ATE:1,LATCH:0,TORQ:1,CR:0.0,FX1:1.00,FY1:-151.10,FX2:-6.00,FY2:-149.60,IK1:1,IK2:1,MOVE:0
[2026-09-09 18:13:31.591] [RX] PITCH:7.87,PID_OUT:-84.71,INT:-0.2366,EL:-5303,ER:-3777,VEL:-325.6,MOT:1,TILT:25.0,TRIM:6.000,ATE:1,LATCH:0,TORQ:1,CR:0.0,FX1:1.00,FY1:-151.10,FX2:-6.00,FY2:-149.60,IK1:1,IK2:1,MOVE:0
[2026-09-09 18:13:31.691] [RX] PITCH:6.64,PID_OUT:13.99,INT:-0.2366,EL:-5338,ER:-3756,VEL:-269.1,MOT:1,TILT:25.0,TRIM:5.280,ATE:1,LATCH:0,TORQ:1,CR:0.0,FX1:1.00,FY1:-151.10,FX2:-6.00,FY2:-149.60,IK1:1,IK2:1,MOVE:0
[2026-09-09 18:13:31.791] [RX] PITCH:3.32,PID_OUT:79.07,INT:-0.2332,EL:-5360,ER:-3749,VEL:-160.9,MOT:1,TILT:25.0,TRIM:3.657,ATE:1,LATCH:0,TORQ:1,CR:0.0,FX1:1.00,FY1:-151.10,FX2:-6.00,FY2:-149.60,IK1:1,IK2:1,MOVE:0
[2026-09-09 18:13:31.799] [RX] AX12:MODE:0,TQ:1,TL:1023,CM:1,CS:4,MS:0,MT:800
[2026-09-09 18:13:31.889] [RX] PITCH:0.57,PID_OUT:78.74,INT:-0.1649,EL:-5367,ER:-3756,VEL:-25.4,MOT:1,TILT:25.0,TRIM:1.595,ATE:1,LATCH:0,TORQ:1,CR:0.0,FX1:1.00,FY1:-151.10,FX2:-6.00,FY2:-149.60,IK1:1,IK2:1,MOVE:0
[2026-09-09 18:13:31.989] [RX] PITCH:-1.39,PID_OUT:139.55,INT:0.0009,EL:-5363,ER:-3762,VEL:52.5,MOT:1,TILT:25.0,TRIM:0.402,ATE:1,LATCH:0,TORQ:1,CR:0.0,FX1:1.00,FY1:-151.10,FX2:-6.00,FY2:-149.60,IK1:1,IK2:1,MOVE:0
[2026-09-09 18:13:32.088] [RX] PITCH:-2.61,PID_OUT:141.20,INT:0.1277,EL:-5350,ER:-3787,VEL:159.3,MOT:1,TILT:25.0,TRIM:-1.251,ATE:1,LATCH:0,TORQ:1,CR:0.0,FX1:1.00,FY1:-151.10,FX2:-6.00,FY2:-149.60,IK1:1,IK2:1,MOVE:0
[2026-09-09 18:13:32.189] [RX] PITCH:-4.18,PID_OUT:117.08,INT:0.2366,EL:-5329,ER:-3823,VEL:266.7,MOT:1,TILT:25.0,TRIM:-2.929,ATE:1,LATCH:0,TORQ:1,CR:0.0,FX1:1.00,FY1:-151.10,FX2:-6.00,FY2:-149.60,IK1:1,IK2:1,MOVE:0
[2026-09-09 18:13:32.294] [RX] PITCH:-5.35,PID_OUT:69.87,INT:0.2366,EL:-5302,ER:-3860,VEL:308.2,MOT:1,TILT:25.0,TRIM:-3.607,ATE:1,LATCH:0,TORQ:1,CR:0.0,FX1:1.00,FY1:-151.10,FX2:-6.00,FY2:-149.60,IK1:1,IK2:1,MOVE:0
[2026-09-09 18:13:32.301] [RX] AX12:MODE:0,TQ:1,TL:1023,CM:1,CS:4,MS:0,MT:800
[2026-09-09 18:13:32.391] [RX] PITCH:-4.71,PID_OUT:11.77,INT:0.2366,EL:-5276,ER:-3893,VEL:284.2,MOT:1,TILT:25.0,TRIM:-3.287,ATE:1,LATCH:0,TORQ:1,CR:0.0,FX1:1.00,FY1:-151.10,FX2:-6.00,FY2:-149.60,IK1:1,IK2:1,MOVE:0
[2026-09-09 18:13:32.392] [RX] SRV:1,40,0.0,0,0
[2026-09-09 18:13:32.487] [RX] PITCH:-2.41,PID_OUT:3.72,INT:0.2366,EL:-5261,ER:-3911,VEL:169.9,MOT:1,TILT:25.0,TRIM:-1.573,ATE:1,LATCH:0,TORQ:1,CR:0.0,FX1:1.00,FY1:-151.10,FX2:-6.00,FY2:-149.60,IK1:1,IK2:1,MOVE:0
[2026-09-09 18:13:32.587] [RX] PITCH:-0.07,PID_OUT:-13.43,INT:0.2366,EL:-5265,ER:-3921,VEL:41.0,MOT:1,TILT:25.0,TRIM:0.384,ATE:1,LATCH:0,TORQ:1,CR:0.0,FX1:1.00,FY1:-151.10,FX2:-6.00,FY2:-149.60,IK1:1,IK2:1,MOVE:0
[2026-09-09 18:13:32.687] [RX] PITCH:2.34,PID_OUT:-53.44,INT:0.2197,EL:-5282,ER:-3926,VEL:-43.8,MOT:1,TILT:25.0,TRIM:1.683,ATE:1,LATCH:0,TORQ:1,CR:0.0,FX1:1.00,FY1:-151.10,FX2:-6.00,FY2:-149.60,IK1:1,IK2:1,MOVE:0
[2026-09-09 18:13:32.793] [RX] PITCH:3.97,PID_OUT:-138.24,INT:0.0958,EL:-5299,ER:-3925,VEL:-89.5,MOT:1,TILT:25.0,TRIM:2.392,ATE:1,LATCH:0,TORQ:1,CR:0.0,FX1:1.00,FY1:-151.10,FX2:-6.00,FY2:-149.60,IK1:1,IK2:1,MOVE:0
[2026-09-09 18:13:32.799] [RX] AX12:MODE:0,TQ:1,TL:1023,CM:1,CS:4,MS:0,MT:800
[2026-09-09 18:13:32.889] [RX] PITCH:5.29,PID_OUT:-145.07,INT:-0.0546,EL:-5330,ER:-3917,VEL:-177.1,MOT:1,TILT:25.0,TRIM:3.754,ATE:1,LATCH:0,TORQ:1,CR:0.0,FX1:1.00,FY1:-151.10,FX2:-6.00,FY2:-149.60,IK1:1,IK2:1,MOVE:0
[2026-09-09 18:13:32.989] [RX] PITCH:6.23,PID_OUT:-98.23,INT:-0.1964,EL:-5368,ER:-3899,VEL:-281.4,MOT:1,TILT:25.0,TRIM:5.384,ATE:1,LATCH:0,TORQ:1,CR:0.0,FX1:1.00,FY1:-151.10,FX2:-6.00,FY2:-149.60,IK1:1,IK2:1,MOVE:0
[2026-09-09 18:13:33.087] [RX] PITCH:7.03,PID_OUT:-71.34,INT:-0.2366,EL:-5405,ER:-3874,VEL:-304.0,MOT:1,TILT:25.0,TRIM:5.774,ATE:1,LATCH:0,TORQ:1,CR:0.0,FX1:1.00,FY1:-151.10,FX2:-6.00,FY2:-149.60,IK1:1,IK2:1,MOVE:0
[2026-09-09 18:13:33.189] [RX] PITCH:7.05,PID_OUT:-26.95,INT:-0.2366,EL:-5442,ER:-3850,VEL:-303.0,MOT:1,TILT:25.0,TRIM:5.803,ATE:1,LATCH:0,TORQ:1,CR:0.0,FX1:1.00,FY1:-151.10,FX2:-6.00,FY2:-149.60,IK1:1,IK2:1,MOVE:0
[2026-09-09 18:13:33.293] [RX] PITCH:4.75,PID_OUT:2.50,INT:-0.2366,EL:-5466,ER:-3839,VEL:-178.1,MOT:1,TILT:25.0,TRIM:3.930,ATE:1,LATCH:0,TORQ:1,CR:0.0,FX1:1.00,FY1:-151.10,FX2:-6.00,FY2:-149.60,IK1:1,IK2:1,MOVE:0
[2026-09-09 18:13:33.293] [RX] AX12:MODE:0,TQ:1,TL:1023,CM:1,CS:4,MS:0,MT:800
[2026-09-09 18:13:33.388] [RX] PITCH:1.81,PID_OUT:76.30,INT:-0.2237,EL:-5481,ER:-3840,VEL:-83.3,MOT:1,TILT:25.0,TRIM:2.499,ATE:1,LATCH:0,TORQ:1,CR:0.0,FX1:1.00,FY1:-151.10,FX2:-6.00,FY2:-149.60,IK1:1,IK2:1,MOVE:0
[2026-09-09 18:13:33.390] [RX] SRV:6,36,0.0,0,0
[2026-09-09 18:13:33.486] [RX] PITCH:-0.50,PID_OUT:144.90,INT:-0.1066,EL:-5482,ER:-3844,VEL:-7.6,MOT:1,TILT:25.0,TRIM:1.344,ATE:1,LATCH:0,TORQ:1,CR:0.0,FX1:1.00,FY1:-151.10,FX2:-6.00,FY2:-149.60,IK1:1,IK2:1,MOVE:0
[2026-09-09 18:13:33.587] [RX] PITCH:-2.17,PID_OUT:115.84,INT:0.0543,EL:-5474,ER:-3868,VEL:143.5,MOT:1,TILT:25.0,TRIM:-0.979,ATE:1,LATCH:0,TORQ:1,CR:0.0,FX1:1.00,FY1:-151.10,FX2:-6.00,FY2:-149.60,IK1:1,IK2:1,MOVE:0
[2026-09-09 18:13:33.684] [RX] PITCH:-3.56,PID_OUT:139.21,INT:0.1814,EL:-5457,ER:-3896,VEL:216.8,MOT:1,TILT:25.0,TRIM:-2.128,ATE:1,LATCH:0,TORQ:1,CR:0.0,FX1:1.00,FY1:-151.10,FX2:-6.00,FY2:-149.60,IK1:1,IK2:1,MOVE:0
[2026-09-09 18:13:33.787] [RX] PITCH:-4.85,PID_OUT:105.61,INT:0.2366,EL:-5432,ER:-3934,VEL:302.1,MOT:1,TILT:25.0,TRIM:-3.473,ATE:1,LATCH:0,TORQ:1,CR:0.0,FX1:1.00,FY1:-151.10,FX2:-6.00,FY2:-149.60,IK1:1,IK2:1,MOVE:0
[2026-09-09 18:13:33.796] [RX] AX12:MODE:0,TQ:1,TL:1023,CM:1,CS:4,MS:0,MT:800
[2026-09-09 18:13:33.884] [RX] PITCH:-5.08,PID_OUT:61.13,INT:0.2366,EL:-5404,ER:-3970,VEL:308.7,MOT:1,TILT:25.0,TRIM:-3.622,ATE:1,LATCH:0,TORQ:1,CR:0.0,FX1:1.00,FY1:-151.10,FX2:-6.00,FY2:-149.60,IK1:1,IK2:1,MOVE:0
[2026-09-09 18:13:33.984] [RX] PITCH:-4.22,PID_OUT:1.71,INT:0.2366,EL:-5381,ER:-3999,VEL:248.5,MOT:1,TILT:25.0,TRIM:-2.744,ATE:1,LATCH:0,TORQ:1,CR:0.0,FX1:1.00,FY1:-151.10,FX2:-6.00,FY2:-149.60,IK1:1,IK2:1,MOVE:0
[2026-09-09 18:13:34.088] [RX] PITCH:-1.42,PID_OUT:-20.08,INT:0.2366,EL:-5373,ER:-4013,VEL:118.3,MOT:1,TILT:25.0,TRIM:-0.781,ATE:1,LATCH:0,TORQ:1,CR:0.0,FX1:1.00,FY1:-151.10,FX2:-6.00,FY2:-149.60,IK1:1,IK2:1,MOVE:0
[2026-09-09 18:13:34.189] [RX] PITCH:1.25,PID_OUT:-34.94,INT:0.2349,EL:-5386,ER:-4021,VEL:-12.5,MOT:1,TILT:25.0,TRIM:1.214,ATE:1,LATCH:0,TORQ:1,CR:0.0,FX1:1.00,FY1:-151.10,FX2:-6.00,FY2:-149.60,IK1:1,IK2:1,MOVE:0
[2026-09-09 18:13:34.289] [RX] PITCH:3.17,PID_OUT:-103.52,INT:0.1379,EL:-5396,ER:-4021,VEL:-60.2,MOT:1,TILT:25.0,TRIM:1.948,ATE:1,LATCH:0,TORQ:1,CR:0.0,FX1:1.00,FY1:-151.10,FX2:-6.00,FY2:-149.60,IK1:1,IK2:1,MOVE:0
[2026-09-09 18:13:34.294] [RX] AX12:MODE:0,TQ:1,TL:1023,CM:1,CS:4,MS:0,MT:800
[2026-09-09 18:13:34.384] [RX] PITCH:4.63,PID_OUT:-148.78,INT:0.0157,EL:-5423,ER:-4016,VEL:-146.2,MOT:1,TILT:25.0,TRIM:3.280,ATE:1,LATCH:0,TORQ:1,CR:0.0,FX1:1.00,FY1:-151.10,FX2:-6.00,FY2:-149.60,IK1:1,IK2:1,MOVE:0
[2026-09-09 18:13:34.387] [RX] SRV:0,35,0.0,0,0
[2026-09-09 18:13:34.485] [RX] PITCH:5.86,PID_OUT:-134.73,INT:-0.1302,EL:-5455,ER:-4003,VEL:-218.0,MOT:1,TILT:25.0,TRIM:4.406,ATE:1,LATCH:0,TORQ:1,CR:0.0,FX1:1.00,FY1:-151.10,FX2:-6.00,FY2:-149.60,IK1:1,IK2:1,MOVE:0
[2026-09-09 18:13:34.582] [RX] PITCH:7.22,PID_OUT:-101.25,INT:-0.2366,EL:-5496,ER:-3982,VEL:-296.0,MOT:1,TILT:25.0,TRIM:5.638,ATE:1,LATCH:0,TORQ:1,CR:0.0,FX1:1.00,FY1:-151.10,FX2:-6.00,FY2:-149.60,IK1:1,IK2:1,MOVE:0
[2026-09-09 18:13:34.683] [RX] PITCH:6.98,PID_OUT:-50.42,INT:-0.2366,EL:-5529,ER:-3957,VEL:-286.9,MOT:1,TILT:25.0,TRIM:5.545,ATE:1,LATCH:0,TORQ:1,CR:0.0,FX1:1.00,FY1:-151.10,FX2:-6.00,FY2:-149.60,IK1:1,IK2:1,MOVE:0
[2026-09-09 18:13:34.787] [RX] PITCH:5.48,PID_OUT:25.87,INT:-0.2366,EL:-5558,ER:-3941,VEL:-219.1,MOT:1,TILT:25.0,TRIM:4.546,ATE:1,LATCH:0,TORQ:1,CR:0.0,FX1:1.00,FY1:-151.10,FX2:-6.00,FY2:-149.60,IK1:1,IK2:1,MOVE:0
[2026-09-09 18:13:34.794] [RX] AX12:MODE:0,TQ:1,TL:1023,CM:1,CS:4,MS:0,MT:800
[2026-09-09 18:13:34.882] [RX] PITCH:2.23,PID_OUT:89.99,INT:-0.2224,EL:-5575,ER:-3940,VEL:-113.6,MOT:1,TILT:25.0,TRIM:2.955,ATE:1,LATCH:0,TORQ:1,CR:0.0,FX1:1.00,FY1:-151.10,FX2:-6.00,FY2:-149.60,IK1:1,IK2:1,MOVE:0
[2026-09-09 18:13:34.982] [RX] PITCH:-0.08,PID_OUT:129.28,INT:-0.1136,EL:-5579,ER:-3945,VEL:-21.4,MOT:1,TILT:25.0,TRIM:1.551,ATE:1,LATCH:0,TORQ:1,CR:0.0,FX1:1.00,FY1:-151.10,FX2:-6.00,FY2:-149.60,IK1:1,IK2:1,MOVE:0
[2026-09-09 18:13:35.077] [RX] PITCH:-1.97,PID_OUT:108.92,INT:0.0507,EL:-5571,ER:-3964,VEL:123.6,MOT:1,TILT:25.0,TRIM:-0.676,ATE:1,LATCH:0,TORQ:1,CR:0.0,FX1:1.00,FY1:-151.10,FX2:-6.00,FY2:-149.60,IK1:1,IK2:1,MOVE:0
[2026-09-09 18:13:35.182] [RX] PITCH:-3.29,PID_OUT:119.73,INT:0.1758,EL:-5555,ER:-3992,VEL:210.1,MOT:1,TILT:25.0,TRIM:-2.025,ATE:1,LATCH:0,TORQ:1,CR:0.0,FX1:1.00,FY1:-151.10,FX2:-6.00,FY2:-149.60,IK1:1,IK2:1,MOVE:0
[2026-09-09 18:13:35.290] [RX] PITCH:-4.59,PID_OUT:75.17,INT:0.2366,EL:-5532,ER:-4028,VEL:289.4,MOT:1,TILT:25.0,TRIM:-3.276,ATE:1,LATCH:0,TORQ:1,CR:0.0,FX1:1.00,FY1:-151.10,FX2:-6.00,FY2:-149.60,IK1:1,IK2:1,MOVE:0
[2026-09-09 18:13:35.290] [RX] AX12:MODE:0,TQ:1,TL:1023,CM:1,CS:4,MS:0,MT:800
[2026-09-09 18:13:35.385] [RX] PITCH:-4.20,PID_OUT:10.02,INT:0.2366,EL:-5509,ER:-4060,VEL:268.7,MOT:1,TILT:25.0,TRIM:-3.002,ATE:1,LATCH:0,TORQ:1,CR:0.0,FX1:1.00,FY1:-151.10,FX2:-6.00,FY2:-149.60,IK1:1,IK2:1,MOVE:0
[2026-09-09 18:13:35.385] [RX] SRV:14,35,0.0,0,0
[2026-09-09 18:13:35.481] [RX] PITCH:-2.16,PID_OUT:0.14,INT:0.2366,EL:-5495,ER:-4076,VEL:162.1,MOT:1,TILT:25.0,TRIM:-1.402,ATE:1,LATCH:0,TORQ:1,CR:0.0,FX1:1.00,FY1:-151.10,FX2:-6.00,FY2:-149.60,IK1:1,IK2:1,MOVE:0
[2026-09-09 18:13:35.581] [RX] PITCH:0.20,PID_OUT:-19.08,INT:0.2366,EL:-5497,ER:-4083,VEL:41.1,MOT:1,TILT:25.0,TRIM:0.435,ATE:1,LATCH:0,TORQ:1,CR:0.0,FX1:1.00,FY1:-151.10,FX2:-6.00,FY2:-149.60,IK1:1,IK2:1,MOVE:0
[2026-09-09 18:13:35.683] [RX] PITCH:2.60,PID_OUT:-104.90,INT:0.1908,EL:-5507,ER:-4085,VEL:-8.3,MOT:1,TILT:25.0,TRIM:1.192,ATE:1,LATCH:0,TORQ:1,CR:0.0,FX1:1.00,FY1:-151.10,FX2:-6.00,FY2:-149.60,IK1:1,IK2:1,MOVE:0
[2026-09-09 18:13:35.781] [RX] PITCH:4.58,PID_OUT:-144.63,INT:0.0482,EL:-5532,ER:-4083,VEL:-106.5,MOT:1,TILT:25.0,TRIM:2.707,ATE:1,LATCH:0,TORQ:1,CR:0.0,FX1:1.00,FY1:-151.10,FX2:-6.00,FY2:-149.60,IK1:1,IK2:1,MOVE:0
[2026-09-09 18:13:35.791] [RX] AX12:MODE:0,TQ:1,TL:1023,CM:1,CS:4,MS:0,MT:800
[2026-09-09 18:13:35.879] [RX] PITCH:5.63,PID_OUT:-111.24,INT:-0.1048,EL:-5565,ER:-4071,VEL:-206.0,MOT:1,TILT:25.0,TRIM:4.255,ATE:1,LATCH:0,TORQ:1,CR:0.0,FX1:1.00,FY1:-151.10,FX2:-6.00,FY2:-149.60,IK1:1,IK2:1,MOVE:0
[2026-09-09 18:13:35.979] [RX] PITCH:6.55,PID_OUT:-100.43,INT:-0.2308,EL:-5603,ER:-4053,VEL:-266.3,MOT:1,TILT:25.0,TRIM:5.215,ATE:1,LATCH:0,TORQ:1,CR:0.0,FX1:1.00,FY1:-151.10,FX2:-6.00,FY2:-149.60,IK1:1,IK2:1,MOVE:0
[2026-09-09 18:13:36.080] [RX] PITCH:6.82,PID_OUT:-61.57,INT:-0.2366,EL:-5641,ER:-4035,VEL:-269.6,MOT:1,TILT:25.0,TRIM:5.306,ATE:1,LATCH:0,TORQ:1,CR:0.0,FX1:1.00,FY1:-151.10,FX2:-6.00,FY2:-149.60,IK1:1,IK2:1,MOVE:0
[2026-09-09 18:13:36.179] [RX] PITCH:4.85,PID_OUT:12.29,INT:-0.2366,EL:-5669,ER:-4026,VEL:-176.7,MOT:1,TILT:25.0,TRIM:3.920,ATE:1,LATCH:0,TORQ:1,CR:0.0,FX1:1.00,FY1:-151.10,FX2:-6.00,FY2:-149.60,IK1:1,IK2:1,MOVE:0
[2026-09-09 18:13:36.285] [RX] PITCH:1.56,PID_OUT:63.46,INT:-0.2291,EL:-5683,ER:-4035,VEL:-48.4,MOT:1,TILT:25.0,TRIM:1.972,ATE:1,LATCH:0,TORQ:1,CR:0.0,FX1:1.00,FY1:-151.10,FX2:-6.00,FY2:-149.60,IK1:1,IK2:1,MOVE:0
[2026-09-09 18:13:36.289] [RX] AX12:MODE:0,TQ:1,TL:1023,CM:1,CS:4,MS:0,MT:800
[2026-09-09 18:13:36.383] [RX] PITCH:-0.72,PID_OUT:112.29,INT:-0.0857,EL:-5684,ER:-4039,VEL:23.7,MOT:1,TILT:25.0,TRIM:0.874,ATE:1,LATCH:0,TORQ:1,CR:0.0,FX1:1.00,FY1:-151.10,FX2:-6.00,FY2:-149.60,IK1:1,IK2:1,MOVE:0
[2026-09-09 18:13:36.383] [RX] SRV:1,40,0.0,0,0
[2026-09-09 18:13:36.479] [RX] PITCH:-2.57,PID_OUT:122.37,INT:0.0649,EL:-5675,ER:-4064,VEL:151.3,MOT:1,TILT:25.0,TRIM:-1.094,ATE:1,LATCH:0,TORQ:1,CR:0.0,FX1:1.00,FY1:-151.10,FX2:-6.00,FY2:-149.60,IK1:1,IK2:1,MOVE:0
[2026-09-09 18:13:36.580] [RX] PITCH:-3.81,PID_OUT:76.45,INT:0.2260,EL:-5656,ER:-4094,VEL:240.1,MOT:1,TILT:25.0,TRIM:-2.481,ATE:1,LATCH:0,TORQ:1,CR:0.0,FX1:1.00,FY1:-151.10,FX2:-6.00,FY2:-149.60,IK1:1,IK2:1,MOVE:0
[2026-09-09 18:13:36.674] [RX] PITCH:-4.17,PID_OUT:31.76,INT:0.2366,EL:-5635,ER:-4130,VEL:276.2,MOT:1,TILT:25.0,TRIM:-3.074,ATE:1,LATCH:0,TORQ:1,CR:0.0,FX1:1.00,FY1:-151.10,FX2:-6.00,FY2:-149.60,IK1:1,IK2:1,MOVE:0
[2026-09-09 18:13:36.787] [RX] PITCH:-2.85,PID_OUT:4.58,INT:0.2366,EL:-5618,ER:-4153,VEL:203.2,MOT:1,TILT:25.0,TRIM:-1.993,ATE:1,LATCH:0,TORQ:1,CR:0.0,FX1:1.00,FY1:-151.10,FX2:-6.00,FY2:-149.60,IK1:1,IK2:1,MOVE:0
[2026-09-09 18:13:36.793] [RX] AX12:MODE:0,TQ:1,TL:1023,CM:1,CS:4,MS:0,MT:800
[2026-09-09 18:13:36.876] [RX] PITCH:-0.77,PID_OUT:-12.65,INT:0.2366,EL:-5611,ER:-4162,VEL:93.0,MOT:1,TILT:25.0,TRIM:-0.328,ATE:1,LATCH:0,TORQ:1,CR:0.0,FX1:1.00,FY1:-151.10,FX2:-6.00,FY2:-149.60,IK1:1,IK2:1,MOVE:0
[2026-09-09 18:13:36.975] [RX] PITCH:1.59,PID_OUT:2.95,INT:0.2366,EL:-5629,ER:-4163,VEL:-75.5,MOT:1,TILT:25.0,TRIM:2.248,ATE:1,LATCH:0,TORQ:1,CR:0.0,FX1:1.00,FY1:-151.10,FX2:-6.00,FY2:-149.60,IK1:1,IK2:1,MOVE:0
[2026-09-09 18:13:37.074] [RX] PITCH:3.91,PID_OUT:-133.68,INT:0.1690,EL:-5645,ER:-4164,VEL:-85.7,MOT:1,TILT:25.0,TRIM:2.414,ATE:1,LATCH:0,TORQ:1,CR:0.0,FX1:1.00,FY1:-151.10,FX2:-6.00,FY2:-149.60,IK1:1,IK2:1,MOVE:0
[2026-09-09 18:13:37.176] [RX] PITCH:5.34,PID_OUT:-98.03,INT:-0.0364,EL:-5671,ER:-4156,VEL:-172.9,MOT:1,TILT:25.0,TRIM:3.768,ATE:1,LATCH:0,TORQ:1,CR:0.0,FX1:1.00,FY1:-151.10,FX2:-6.00,FY2:-149.60,IK1:1,IK2:1,MOVE:0
[2026-09-09 18:13:37.281] [RX] PITCH:5.91,PID_OUT:-89.90,INT:-0.1668,EL:-5706,ER:-4141,VEL:-234.2,MOT:1,TILT:25.0,TRIM:4.737,ATE:1,LATCH:0,TORQ:1,CR:0.0,FX1:1.00,FY1:-151.10,FX2:-6.00,FY2:-149.60,IK1:1,IK2:1,MOVE:0
[2026-09-09 18:13:37.288] [RX] AX12:MODE:0,TQ:1,TL:1023,CM:1,CS:4,MS:0,MT:800
[2026-09-09 18:13:37.378] [RX] PITCH:6.06,PID_OUT:-63.44,INT:-0.2366,EL:-5743,ER:-4127,VEL:-249.7,MOT:1,TILT:25.0,TRIM:5.011,ATE:1,LATCH:0,TORQ:1,CR:0.0,FX1:1.00,FY1:-151.10,FX2:-6.00,FY2:-149.60,IK1:1,IK2:1,MOVE:0
[2026-09-09 18:13:37.378] [RX] SRV:6,36,0.0,0,0
[2026-09-09 18:13:37.475] [RX] PITCH:5.02,PID_OUT:-30.18,INT:-0.2366,EL:-5772,ER:-4117,VEL:-199.1,MOT:1,TILT:25.0,TRIM:4.271,ATE:1,LATCH:0,TORQ:1,CR:0.0,FX1:1.00,FY1:-151.10,FX2:-6.00,FY2:-149.60,IK1:1,IK2:1,MOVE:0
[2026-09-09 18:13:37.574] [RX] PITCH:2.64,PID_OUT:-19.01,INT:-0.2366,EL:-5785,ER:-4118,VEL:-60.3,MOT:1,TILT:25.0,TRIM:2.167,ATE:1,LATCH:0,TORQ:1,CR:0.0,FX1:1.00,FY1:-151.10,FX2:-6.00,FY2:-149.60,IK1:1,IK2:1,MOVE:0
[2026-09-09 18:13:37.675] [RX] PITCH:0.66,PID_OUT:64.40,INT:-0.1996,EL:-5792,ER:-4120,VEL:-24.9,MOT:1,TILT:25.0,TRIM:1.632,ATE:1,LATCH:0,TORQ:1,CR:0.0,FX1:1.00,FY1:-151.10,FX2:-6.00,FY2:-149.60,IK1:1,IK2:1,MOVE:0
[2026-09-09 18:13:37.783] [RX] PITCH:-1.45,PID_OUT:129.50,INT:-0.0256,EL:-5788,ER:-4124,VEL:46.4,MOT:1,TILT:25.0,TRIM:0.542,ATE:1,LATCH:0,TORQ:1,CR:0.0,FX1:1.00,FY1:-151.10,FX2:-6.00,FY2:-149.60,IK1:1,IK2:1,MOVE:0
[2026-09-09 18:13:37.785] [RX] AX12:MODE:0,TQ:1,TL:1023,CM:1,CS:4,MS:0,MT:800
[2026-09-09 18:13:37.879] [RX] PITCH:-2.38,PID_OUT:97.15,INT:0.1316,EL:-5774,ER:-4143,VEL:148.6,MOT:1,TILT:25.0,TRIM:-1.038,ATE:1,LATCH:0,TORQ:1,CR:0.0,FX1:1.00,FY1:-151.10,FX2:-6.00,FY2:-149.60,IK1:1,IK2:1,MOVE:0
[2026-09-09 18:13:37.978] [RX] PITCH:-2.89,PID_OUT:75.86,INT:0.2366,EL:-5757,ER:-4170,VEL:203.6,MOT:1,TILT:25.0,TRIM:-1.908,ATE:1,LATCH:0,TORQ:1,CR:0.0,FX1:1.00,FY1:-151.10,FX2:-6.00,FY2:-149.60,IK1:1,IK2:1,MOVE:0
[2026-09-09 18:13:38.074] [RX] PITCH:-2.65,PID_OUT:45.61,INT:0.2366,EL:-5740,ER:-4198,VEL:218.3,MOT:1,TILT:25.0,TRIM:-2.165,ATE:1,LATCH:0,TORQ:1,CR:0.0,FX1:1.00,FY1:-151.10,FX2:-6.00,FY2:-149.60,IK1:1,IK2:1,MOVE:0
[2026-09-09 18:13:38.173] [RX] PITCH:-2.44,PID_OUT:29.29,INT:0.2366,EL:-5727,ER:-4220,VEL:178.0,MOT:1,TILT:25.0,TRIM:-1.578,ATE:1,LATCH:0,TORQ:1,CR:0.0,FX1:1.00,FY1:-151.10,FX2:-6.00,FY2:-149.60,IK1:1,IK2:1,MOVE:0
[2026-09-09 18:13:38.284] [RX] PITCH:-0.77,PID_OUT:0.10,INT:0.2366,EL:-5721,ER:-4237,VEL:118.2,MOT:1,TILT:25.0,TRIM:-0.686,ATE:1,LATCH:0,TORQ:1,CR:0.0,FX1:1.00,FY1:-151.10,FX2:-6.00,FY2:-149.60,IK1:1,IK2:1,MOVE:0
[2026-09-09 18:13:38.284] [RX] AX12:MODE:0,TQ:1,TL:1023,CM:1,CS:4,MS:0,MT:800
[2026-09-09 18:13:38.373] [RX] PITCH:0.88,PID_OUT:-7.92,INT:0.2288,EL:-5719,ER:-4238,VEL:32.6,MOT:1,TILT:25.0,TRIM:0.615,ATE:1,LATCH:0,TORQ:1,CR:0.0,FX1:1.00,FY1:-151.10,FX2:-6.00,FY2:-149.60,IK1:1,IK2:1,MOVE:0
[2026-09-09 18:13:38.376] [RX] SRV:0,35,0.0,0,0
[2026-09-09 18:13:38.473] [RX] PITCH:2.57,PID_OUT:-51.48,INT:0.1503,EL:-5727,ER:-4238,VEL:-53.6,MOT:1,TILT:25.0,TRIM:1.932,ATE:1,LATCH:0,TORQ:1,CR:0.0,FX1:1.00,FY1:-151.10,FX2:-6.00,FY2:-149.60,IK1:1,IK2:1,MOVE:0
[2026-09-09 18:13:38.573] [RX] PITCH:4.23,PID_OUT:-92.04,INT:0.0180,EL:-5744,ER:-4236,VEL:-94.3,MOT:1,TILT:25.0,TRIM:2.566,ATE:1,LATCH:0,TORQ:1,CR:0.0,FX1:1.00,FY1:-151.10,FX2:-6.00,FY2:-149.60,IK1:1,IK2:1,MOVE:0
[2026-09-09 18:13:38.671] [RX] PITCH:4.77,PID_OUT:-73.46,INT:-0.1113,EL:-5774,ER:-4229,VEL:-166.2,MOT:1,TILT:25.0,TRIM:3.687,ATE:1,LATCH:0,TORQ:1,CR:0.0,FX1:1.00,FY1:-151.10,FX2:-6.00,FY2:-149.60,IK1:1,IK2:1,MOVE:0
[2026-09-09 18:13:38.782] [RX] PITCH:4.46,PID_OUT:-55.84,INT:-0.1989,EL:-5803,ER:-4223,VEL:-170.8,MOT:1,TILT:25.0,TRIM:3.784,ATE:1,LATCH:0,TORQ:1,CR:0.0,FX1:1.00,FY1:-151.10,FX2:-6.00,FY2:-149.60,IK1:1,IK2:1,MOVE:0
[2026-09-09 18:13:38.782] [RX] AX12:MODE:0,TQ:1,TL:1023,CM:1,CS:4,MS:0,MT:800
[2026-09-09 18:13:38.870] [RX] PITCH:3.60,PID_OUT:-29.24,INT:-0.2248,EL:-5829,ER:-4218,VEL:-149.9,MOT:1,TILT:25.0,TRIM:3.490,ATE:1,LATCH:0,TORQ:1,CR:0.0,FX1:1.00,FY1:-151.10,FX2:-6.00,FY2:-149.60,IK1:1,IK2:1,MOVE:0
[2026-09-09 18:13:38.973] [RX] PITCH:2.66,PID_OUT:-49.12,INT:-0.2284,EL:-5844,ER:-4218,VEL:-69.6,MOT:1,TILT:25.0,TRIM:2.279,ATE:1,LATCH:0,TORQ:1,CR:0.0,FX1:1.00,FY1:-151.10,FX2:-6.00,FY2:-149.60,IK1:1,IK2:1,MOVE:0
[2026-09-09 18:13:39.074] [RX] PITCH:1.24,PID_OUT:42.63,INT:-0.1822,EL:-5857,ER:-4218,VEL:-56.6,MOT:1,TILT:25.0,TRIM:2.090,ATE:1,LATCH:0,TORQ:1,CR:0.0,FX1:1.00,FY1:-151.10,FX2:-6.00,FY2:-149.60,IK1:1,IK2:1,MOVE:0
[2026-09-09 18:13:39.173] [RX] PITCH:-0.60,PID_OUT:25.62,INT:-0.1903,EL:-5867,ER:-4260,VEL:102.7,MOT:1,TILT:25.0,TRIM:-0.357,ATE:1,LATCH:0,TORQ:1,CR:0.0,FX1:1.00,FY1:-151.10,FX2:-6.00,FY2:-149.60,IK1:1,IK2:1,MOVE:0
[2026-09-09 18:13:39.273] [RX] PITCH:-2.57,PID_OUT:44.64,INT:-0.2165,EL:-5868,ER:-4318,VEL:245.9,MOT:1,TILT:25.0,TRIM:-2.579,ATE:1,LATCH:0,TORQ:1,CR:0.0,FX1:1.00,FY1:-151.10,FX2:-6.00,FY2:-149.60,IK1:1,IK2:1,MOVE:0
[2026-09-09 18:13:39.283] [RX] AX12:MODE:0,TQ:1,TL:1023,CM:1,CS:4,MS:0,MT:800
[2026-09-09 18:13:39.372] [RX] PITCH:-6.07,PID_OUT:87.19,INT:-0.2279,EL:-5868,ER:-4413,VEL:435.8,MOT:1,TILT:25.0,TRIM:-5.540,ATE:1,LATCH:0,TORQ:1,CR:0.0,FX1:1.00,FY1:-151.10,FX2:-6.00,FY2:-149.60,IK1:1,IK2:1,MOVE:0
[2026-09-09 18:13:39.374] [RX] SRV:14,35,0.0,0,0
[2026-09-09 18:13:39.471] [RX] PITCH:-5.91,PID_OUT:58.58,INT:0.1329,EL:-5848,ER:-4442,VEL:307.2,MOT:1,TILT:25.0,TRIM:-3.620,ATE:1,LATCH:0,TORQ:1,CR:0.0,FX1:1.00,FY1:-151.10,FX2:-6.00,FY2:-149.60,IK1:1,IK2:1,MOVE:0
[2026-09-09 18:13:39.569] [RX] PITCH:-4.40,PID_OUT:114.63,INT:0.2317,EL:-5820,ER:-4474,VEL:299.4,MOT:1,TILT:25.0,TRIM:-3.545,ATE:1,LATCH:0,TORQ:1,CR:0.0,FX1:1.00,FY1:-151.10,FX2:-6.00,FY2:-149.60,IK1:1,IK2:1,MOVE:0
[2026-09-09 18:13:39.670] [RX] PITCH:-5.59,PID_OUT:109.16,INT:0.2366,EL:-5793,ER:-4514,VEL:331.1,MOT:1,TILT:25.0,TRIM:-4.078,ATE:1,LATCH:0,TORQ:1,CR:0.0,FX1:1.00,FY1:-151.10,FX2:-6.00,FY2:-149.60,IK1:1,IK2:1,MOVE:0
[2026-09-09 18:13:39.775] [RX] PITCH:-6.09,PID_OUT:89.48,INT:0.2366,EL:-5761,ER:-4553,VEL:351.5,MOT:1,TILT:25.0,TRIM:-4.442,ATE:1,LATCH:0,TORQ:1,CR:0.0,FX1:1.00,FY1:-151.10,FX2:-6.00,FY2:-149.60,IK1:1,IK2:1,MOVE:0
[2026-09-09 18:13:39.781] [RX] AX12:MODE:0,TQ:1,TL:1023,CM:1,CS:4,MS:0,MT:800
[2026-09-09 18:13:39.869] [RX] PITCH:-5.45,PID_OUT:76.11,INT:0.2366,EL:-5729,ER:-4585,VEL:325.7,MOT:1,TILT:25.0,TRIM:-4.097,ATE:1,LATCH:0,TORQ:1,CR:0.0,FX1:1.00,FY1:-151.10,FX2:-6.00,FY2:-149.60,IK1:1,IK2:1,MOVE:0
[2026-09-09 18:13:39.969] [RX] PITCH:-4.82,PID_OUT:20.88,INT:0.2366,EL:-5700,ER:-4620,VEL:310.7,MOT:1,TILT:25.0,TRIM:-3.917,ATE:1,LATCH:0,TORQ:1,CR:0.0,FX1:1.00,FY1:-151.10,FX2:-6.00,FY2:-149.60,IK1:1,IK2:1,MOVE:0
[2026-09-09 18:13:40.066] [RX] PITCH:-3.47,PID_OUT:13.82,INT:0.2366,EL:-5679,ER:-4642,VEL:218.0,MOT:1,TILT:25.0,TRIM:-2.539,ATE:1,LATCH:0,TORQ:1,CR:0.0,FX1:1.00,FY1:-151.10,FX2:-6.00,FY2:-149.60,IK1:1,IK2:1,MOVE:0
[2026-09-09 18:13:40.170] [RX] PITCH:-0.82,PID_OUT:-14.87,INT:0.2352,EL:-5672,ER:-4656,VEL:112.9,MOT:1,TILT:25.0,TRIM:-0.955,ATE:1,LATCH:0,TORQ:1,CR:0.0,FX1:1.00,FY1:-151.10,FX2:-6.00,FY2:-149.60,IK1:1,IK2:1,MOVE:0
[2026-09-09 18:13:40.281] [RX] PITCH:0.61,PID_OUT:-19.00,INT:0.2195,EL:-5676,ER:-4663,VEL:34.8,MOT:1,TILT:25.0,TRIM:0.230,ATE:1,LATCH:0,TORQ:1,CR:0.0,FX1:1.00,FY1:-151.10,FX2:-6.00,FY2:-149.60,IK1:1,IK2:1,MOVE:0
[2026-09-09 18:13:40.281] [RX] AX12:MODE:0,TQ:1,TL:1023,CM:1,CS:4,MS:0,MT:800
[2026-09-09 18:13:40.374] [RX] PITCH:1.77,PID_OUT:-25.77,INT:0.1854,EL:-5687,ER:-4664,VEL:-25.1,MOT:1,TILT:25.0,TRIM:1.150,ATE:1,LATCH:0,TORQ:1,CR:0.0,FX1:1.00,FY1:-151.10,FX2:-6.00,FY2:-149.60,IK1:1,IK2:1,MOVE:0
[2026-09-09 18:13:40.374] [RX] SRV:1,40,0.0,0,0
[2026-09-09 18:13:40.466] [RX] PITCH:2.75,PID_OUT:-86.24,INT:0.0699,EL:-5695,ER:-4663,VEL:-59.9,MOT:1,TILT:25.0,TRIM:1.685,ATE:1,LATCH:0,TORQ:1,CR:0.0,FX1:1.00,FY1:-151.10,FX2:-6.00,FY2:-149.60,IK1:1,IK2:1,MOVE:0
[2026-09-09 18:13:40.568] [RX] PITCH:3.89,PID_OUT:-134.10,INT:-0.0295,EL:-5720,ER:-4658,VEL:-136.0,MOT:1,TILT:25.0,TRIM:2.866,ATE:1,LATCH:0,TORQ:1,CR:0.0,FX1:1.00,FY1:-151.10,FX2:-6.00,FY2:-149.60,IK1:1,IK2:1,MOVE:0
[2026-09-09 18:13:40.669] [RX] PITCH:5.08,PID_OUT:-151.97,INT:-0.1152,EL:-5754,ER:-4647,VEL:-207.7,MOT:1,TILT:25.0,TRIM:3.990,ATE:1,LATCH:0,TORQ:1,CR:0.0,FX1:1.00,FY1:-151.10,FX2:-6.00,FY2:-149.60,IK1:1,IK2:1,MOVE:0
[2026-09-09 18:13:40.778] [RX] PITCH:5.79,PID_OUT:-165.83,INT:-0.1735,EL:-5795,ER:-4628,VEL:-289.8,MOT:1,TILT:25.0,TRIM:5.285,ATE:1,LATCH:0,TORQ:1,CR:0.0,FX1:1.00,FY1:-151.10,FX2:-6.00,FY2:-149.60,IK1:1,IK2:1,MOVE:0
[2026-09-09 18:13:40.778] [RX] AX12:MODE:0,TQ:1,TL:1023,CM:1,CS:4,MS:0,MT:800
[2026-09-09 18:13:40.867] [RX] PITCH:6.79,PID_OUT:-169.46,INT:-0.2366,EL:-5833,ER:-4601,VEL:-323.3,MOT:1,TILT:25.0,TRIM:5.843,ATE:1,LATCH:0,TORQ:1,CR:0.0,FX1:1.00,FY1:-151.10,FX2:-6.00,FY2:-149.60,IK1:1,IK2:1,MOVE:0
[2026-09-09 18:13:40.966] [RX] PITCH:8.28,PID_OUT:-185.52,INT:-0.2366,EL:-5886,ER:-4561,VEL:-443.7,MOT:1,TILT:25.0,TRIM:6.000,ATE:1,LATCH:0,TORQ:1,CR:0.0,FX1:1.00,FY1:-151.10,FX2:-6.00,FY2:-149.60,IK1:1,IK2:1,MOVE:0
[2026-09-09 18:13:41.067] [RX] PITCH:9.02,PID_OUT:-84.02,INT:-0.2366,EL:-5946,ER:-4510,VEL:-540.5,MOT:1,TILT:25.0,TRIM:6.000,ATE:1,LATCH:0,TORQ:1,CR:0.0,FX1:1.00,FY1:-151.10,FX2:-6.00,FY2:-149.60,IK1:1,IK2:1,MOVE:0
[2026-09-09 18:13:41.167] [RX] PITCH:7.86,PID_OUT:88.48,INT:-0.2366,EL:-6007,ER:-4462,VEL:-527.6,MOT:1,TILT:25.0,TRIM:6.000,ATE:1,LATCH:0,TORQ:1,CR:0.0,FX1:1.00,FY1:-151.10,FX2:-6.00,FY2:-149.60,IK1:1,IK2:1,MOVE:0
[2026-09-09 18:13:41.273] [RX] PITCH:4.29,PID_OUT:119.90,INT:-0.1799,EL:-6046,ER:-4438,VEL:-320.4,MOT:1,TILT:25.0,TRIM:6.000,ATE:1,LATCH:0,TORQ:1,CR:0.0,FX1:1.00,FY1:-151.10,FX2:-6.00,FY2:-149.60,IK1:1,IK2:1,MOVE:0
[2026-09-09 18:13:41.276] [RX] AX12:MODE:0,TQ:1,TL:1023,CM:1,CS:4,MS:0,MT:800
[2026-09-09 18:13:41.370] [RX] PITCH:2.77,PID_OUT:43.70,INT:-0.1779,EL:-6057,ER:-4442,VEL:-88.9,MOT:1,TILT:25.0,TRIM:2.563,ATE:1,LATCH:0,TORQ:1,CR:0.0,FX1:1.00,FY1:-151.10,FX2:-6.00,FY2:-149.60,IK1:1,IK2:1,MOVE:0
[2026-09-09 18:13:41.370] [RX] SRV:6,36,0.0,0,0
[2026-09-09 18:13:41.467] [RX] PITCH:-0.77,PID_OUT:155.88,INT:-0.0810,EL:-6058,ER:-4445,VEL:-11.3,MOT:1,TILT:25.0,TRIM:1.382,ATE:1,LATCH:0,TORQ:1,CR:0.0,FX1:1.00,FY1:-151.10,FX2:-6.00,FY2:-149.60,IK1:1,IK2:1,MOVE:0
[2026-09-09 18:13:41.568] [RX] PITCH:-2.97,PID_OUT:120.56,INT:0.1106,EL:-6045,ER:-4470,VEL:154.5,MOT:1,TILT:25.0,TRIM:-1.170,ATE:1,LATCH:0,TORQ:1,CR:0.0,FX1:1.00,FY1:-151.10,FX2:-6.00,FY2:-149.60,IK1:1,IK2:1,MOVE:0
[2026-09-09 18:13:41.670] [RX] PITCH:-3.68,PID_OUT:134.46,INT:0.2366,EL:-6025,ER:-4498,VEL:222.3,MOT:1,TILT:25.0,TRIM:-2.238,ATE:1,LATCH:0,TORQ:1,CR:0.0,FX1:1.00,FY1:-151.10,FX2:-6.00,FY2:-149.60,IK1:1,IK2:1,MOVE:0
[2026-09-09 18:13:41.773] [RX] PITCH:-4.28,PID_OUT:91.94,INT:0.2366,EL:-5999,ER:-4531,VEL:283.6,MOT:1,TILT:25.0,TRIM:-3.215,ATE:1,LATCH:0,TORQ:1,CR:0.0,FX1:1.00,FY1:-151.10,FX2:-6.00,FY2:-149.60,IK1:1,IK2:1,MOVE:0
[2026-09-09 18:13:41.778] [RX] AX12:MODE:0,TQ:1,TL:1023,CM:1,CS:4,MS:0,MT:800
[2026-09-09 18:13:41.867] [RX] PITCH:-5.02,PID_OUT:81.29,INT:0.2366,EL:-5971,ER:-4563,VEL:298.1,MOT:1,TILT:25.0,TRIM:-3.480,ATE:1,LATCH:0,TORQ:1,CR:0.0,FX1:1.00,FY1:-151.10,FX2:-6.00,FY2:-149.60,IK1:1,IK2:1,MOVE:0
[2026-09-09 18:13:41.965] [RX] PITCH:-4.48,PID_OUT:25.20,INT:0.2366,EL:-5945,ER:-4594,VEL:277.7,MOT:1,TILT:25.0,TRIM:-3.211,ATE:1,LATCH:0,TORQ:1,CR:0.0,FX1:1.00,FY1:-151.10,FX2:-6.00,FY2:-149.60,IK1:1,IK2:1,MOVE:0
[2026-09-09 18:13:42.063] [RX] PITCH:-2.54,PID_OUT:12.90,INT:0.2366,EL:-5927,ER:-4610,VEL:159.8,MOT:1,TILT:25.0,TRIM:-1.444,ATE:1,LATCH:0,TORQ:1,CR:0.0,FX1:1.00,FY1:-151.10,FX2:-6.00,FY2:-149.60,IK1:1,IK2:1,MOVE:0
[2026-09-09 18:13:42.163] [RX] PITCH:-0.19,PID_OUT:-25.53,INT:0.2366,EL:-5926,ER:-4617,VEL:49.6,MOT:1,TILT:25.0,TRIM:0.227,ATE:1,LATCH:0,TORQ:1,CR:0.0,FX1:1.00,FY1:-151.10,FX2:-6.00,FY2:-149.60,IK1:1,IK2:1,MOVE:0
[2026-09-09 18:13:42.264] [RX] PITCH:2.47,PID_OUT:-76.41,INT:0.2126,EL:-5939,ER:-4617,VEL:-50.3,MOT:1,TILT:25.0,TRIM:1.757,ATE:1,LATCH:0,TORQ:1,CR:0.0,FX1:1.00,FY1:-151.10,FX2:-6.00,FY2:-149.60,IK1:1,IK2:1,MOVE:0
[2026-09-09 18:13:42.272] [RX] AX12:MODE:0,TQ:1,TL:1023,CM:1,CS:4,MS:0,MT:800
[2026-09-09 18:13:42.367] [RX] PITCH:4.73,PID_OUT:-120.95,INT:0.0526,EL:-5961,ER:-4613,VEL:-135.3,MOT:1,TILT:25.0,TRIM:3.070,ATE:1,LATCH:0,TORQ:1,CR:0.0,FX1:1.00,FY1:-151.10,FX2:-6.00,FY2:-149.60,IK1:1,IK2:1,MOVE:0
[2026-09-09 18:13:42.368] [RX] SRV:0,36,0.0,0,0
[2026-09-09 18:13:42.465] [RX] PITCH:6.15,PID_OUT:-120.94,INT:-0.1243,EL:-5994,ER:-4600,VEL:-221.9,MOT:1,TILT:25.0,TRIM:4.422,ATE:1,LATCH:0,TORQ:1,CR:0.0,FX1:1.00,FY1:-151.10,FX2:-6.00,FY2:-149.60,IK1:1,IK2:1,MOVE:0
[2026-09-09 18:13:42.563] [RX] PITCH:6.17,PID_OUT:-55.52,INT:-0.2366,EL:-6029,ER:-4581,VEL:-264.0,MOT:1,TILT:25.0,TRIM:5.103,ATE:1,LATCH:0,TORQ:1,CR:0.0,FX1:1.00,FY1:-151.10,FX2:-6.00,FY2:-149.60,IK1:1,IK2:1,MOVE:0
[2026-09-09 18:13:42.662] [RX] PITCH:5.74,PID_OUT:-26.19,INT:-0.2366,EL:-6064,ER:-4567,VEL:-234.8,MOT:1,TILT:25.0,TRIM:4.695,ATE:1,LATCH:0,TORQ:1,CR:0.0,FX1:1.00,FY1:-151.10,FX2:-6.00,FY2:-149.60,IK1:1,IK2:1,MOVE:0
[2026-09-09 18:13:42.767] [RX] PITCH:3.56,PID_OUT:28.45,INT:-0.2366,EL:-6083,ER:-4565,VEL:-111.8,MOT:1,TILT:25.0,TRIM:2.840,ATE:1,LATCH:0,TORQ:1,CR:0.0,FX1:1.00,FY1:-151.10,FX2:-6.00,FY2:-149.60,IK1:1,IK2:1,MOVE:0
[2026-09-09 18:13:42.773] [RX] AX12:MODE:0,TQ:1,TL:1023,CM:1,CS:4,MS:0,MT:800
[2026-09-09 18:13:42.863] [RX] PITCH:-0.08,PID_OUT:121.68,INT:-0.1889,EL:-6091,ER:-4574,VEL:-24.3,MOT:1,TILT:25.0,TRIM:1.507,ATE:1,LATCH:0,TORQ:1,CR:0.0,FX1:1.00,FY1:-151.10,FX2:-6.00,FY2:-149.60,IK1:1,IK2:1,MOVE:0
[2026-09-09 18:13:42.964] [RX] PITCH:-2.57,PID_OUT:120.24,INT:0.0067,EL:-6084,ER:-4593,VEL:109.7,MOT:1,TILT:25.0,TRIM:-0.551,ATE:1,LATCH:0,TORQ:1,CR:0.0,FX1:1.00,FY1:-151.10,FX2:-6.00,FY2:-149.60,IK1:1,IK2:1,MOVE:0
[2026-09-09 18:13:43.062] [RX] PITCH:-3.32,PID_OUT:85.67,INT:0.1508,EL:-6068,ER:-4624,VEL:215.3,MOT:1,TILT:25.0,TRIM:-2.193,ATE:1,LATCH:0,TORQ:1,CR:0.0,FX1:1.00,FY1:-151.10,FX2:-6.00,FY2:-149.60,IK1:1,IK2:1,MOVE:0
[2026-09-09 18:13:43.161] [RX] PITCH:-3.98,PID_OUT:100.02,INT:0.2366,EL:-6048,ER:-4655,VEL:248.4,MOT:1,TILT:25.0,TRIM:-2.734,ATE:1,LATCH:0,TORQ:1,CR:0.0,FX1:1.00,FY1:-151.10,FX2:-6.00,FY2:-149.60,IK1:1,IK2:1,MOVE:0
[2026-09-09 18:13:43.272] [RX] PITCH:-3.87,PID_OUT:65.88,INT:0.2366,EL:-6027,ER:-4689,VEL:272.0,MOT:1,TILT:25.0,TRIM:-3.135,ATE:1,LATCH:0,TORQ:1,CR:0.0,FX1:1.00,FY1:-151.10,FX2:-6.00,FY2:-149.60,IK1:1,IK2:1,MOVE:0
[2026-09-09 18:13:43.273] [RX] AX12:MODE:0,TQ:1,TL:1023,CM:1,CS:4,MS:0,MT:800
[2026-09-09 18:13:43.360] [RX] PITCH:-3.78,PID_OUT:52.69,INT:0.2366,EL:-6007,ER:-4719,VEL:253.7,MOT:1,TILT:25.0,TRIM:-2.894,ATE:1,LATCH:0,TORQ:1,CR:0.0,FX1:1.00,FY1:-151.10,FX2:-6.00,FY2:-149.60,IK1:1,IK2:1,MOVE:0
[2026-09-09 18:13:43.363] [RX] SRV:14,35,0.0,0,0
[2026-09-09 18:13:43.460] [RX] PITCH:-2.99,PID_OUT:-7.43,INT:0.2366,EL:-5993,ER:-4743,VEL:179.5,MOT:1,TILT:25.0,TRIM:-1.794,ATE:1,LATCH:0,TORQ:1,CR:0.0,FX1:1.00,FY1:-151.10,FX2:-6.00,FY2:-149.60,IK1:1,IK2:1,MOVE:0
[2026-09-09 18:13:43.560] [RX] PITCH:-0.62,PID_OUT:-46.04,INT:0.2366,EL:-5996,ER:-4755,VEL:53.7,MOT:1,TILT:25.0,TRIM:0.113,ATE:1,LATCH:0,TORQ:1,CR:0.0,FX1:1.00,FY1:-151.10,FX2:-6.00,FY2:-149.60,IK1:1,IK2:1,MOVE:0
[2026-09-09 18:13:43.658] [RX] PITCH:3.03,PID_OUT:-141.61,INT:0.1812,EL:-6006,ER:-4755,VEL:-29.2,MOT:1,TILT:25.0,TRIM:1.383,ATE:1,LATCH:0,TORQ:1,CR:0.0,FX1:1.00,FY1:-151.10,FX2:-6.00,FY2:-149.60,IK1:1,IK2:1,MOVE:0
[2026-09-09 18:13:43.769] [RX] PITCH:5.27,PID_OUT:-126.46,INT:0.0063,EL:-6036,ER:-4746,VEL:-177.5,MOT:1,TILT:25.0,TRIM:3.668,ATE:1,LATCH:0,TORQ:1,CR:0.0,FX1:1.00,FY1:-151.10,FX2:-6.00,FY2:-149.60,IK1:1,IK2:1,MOVE:0
[2026-09-09 18:13:43.769] [RX] AX12:MODE:0,TQ:1,TL:1023,CM:1,CS:4,MS:0,MT:800
[2026-09-09 18:13:43.859] [RX] PITCH:6.29,PID_OUT:-100.40,INT:-0.1413,EL:-6074,ER:-4729,VEL:-263.1,MOT:1,TILT:25.0,TRIM:5.013,ATE:1,LATCH:0,TORQ:1,CR:0.0,FX1:1.00,FY1:-151.10,FX2:-6.00,FY2:-149.60,IK1:1,IK2:1,MOVE:0
[2026-09-09 18:13:43.960] [RX] PITCH:7.05,PID_OUT:-98.38,INT:-0.2366,EL:-6114,ER:-4708,VEL:-287.7,MOT:1,TILT:25.0,TRIM:5.432,ATE:1,LATCH:0,TORQ:1,CR:0.0,FX1:1.00,FY1:-151.10,FX2:-6.00,FY2:-149.60,IK1:1,IK2:1,MOVE:0
[2026-09-09 18:13:44.066] [RX] PITCH:6.34,PID_OUT:-22.59,INT:-0.2366,EL:-6151,ER:-4685,VEL:-289.2,MOT:1,TILT:25.0,TRIM:5.499,ATE:1,LATCH:0,TORQ:1,CR:0.0,FX1:1.00,FY1:-151.10,FX2:-6.00,FY2:-149.60,IK1:1,IK2:1,MOVE:0
[2026-09-09 18:13:44.160] [RX] PITCH:5.02,PID_OUT:-4.59,INT:-0.2366,EL:-6178,ER:-4671,VEL:-208.6,MOT:1,TILT:25.0,TRIM:4.303,ATE:1,LATCH:0,TORQ:1,CR:0.0,FX1:1.00,FY1:-151.10,FX2:-6.00,FY2:-149.60,IK1:1,IK2:1,MOVE:0
[2026-09-09 18:13:44.261] [RX] PITCH:2.62,PID_OUT:31.15,INT:-0.2366,EL:-6193,ER:-4673,VEL:-68.3,MOT:1,TILT:25.0,TRIM:2.179,ATE:1,LATCH:0,TORQ:1,CR:0.0,FX1:1.00,FY1:-151.10,FX2:-6.00,FY2:-149.60,IK1:1,IK2:1,MOVE:0
[2026-09-09 18:13:44.268] [RX] AX12:MODE:0,TQ:1,TL:1023,CM:1,CS:4,MS:0,MT:800
[2026-09-09 18:13:44.358] [RX] PITCH:0.01,PID_OUT:-9.68,INT:-0.2155,EL:-6209,ER:-4710,VEL:130.1,MOT:1,TILT:25.0,TRIM:-0.855,ATE:1,LATCH:0,TORQ:1,CR:0.0,FX1:1.00,FY1:-151.10,FX2:-6.00,FY2:-149.60,IK1:1,IK2:1,MOVE:0
[2026-09-09 18:13:44.361] [RX] SRV:1,40,0.0,0,0
[2026-09-09 18:13:44.459] [RX] PITCH:-3.33,PID_OUT:32.99,INT:-0.2366,EL:-6209,ER:-4780,VEL:345.2,MOT:1,TILT:25.0,TRIM:-4.180,ATE:1,LATCH:0,TORQ:1,CR:0.0,FX1:1.00,FY1:-151.10,FX2:-6.00,FY2:-149.60,IK1:1,IK2:1,MOVE:0
[2026-09-09 18:13:44.557] [RX] PITCH:-8.76,PID_OUT:301.44,INT:-0.1154,EL:-6207,ER:-4856,VEL:324.1,MOT:1,TILT:25.0,TRIM:-3.917,ATE:1,LATCH:0,TORQ:1,CR:0.0,FX1:1.00,FY1:-151.10,FX2:-6.00,FY2:-149.60,IK1:1,IK2:1,MOVE:0
[2026-09-09 18:13:44.657] [RX] PITCH:-6.67,PID_OUT:44.79,INT:0.2366,EL:-6167,ER:-4891,VEL:370.8,MOT:1,TILT:25.0,TRIM:-4.685,ATE:1,LATCH:0,TORQ:1,CR:0.0,FX1:1.00,FY1:-151.10,FX2:-6.00,FY2:-149.60,IK1:1,IK2:1,MOVE:0
[2026-09-09 18:13:44.762] [RX] PITCH:-5.41,PID_OUT:22.45,INT:0.2366,EL:-6132,ER:-4920,VEL:320.6,MOT:1,TILT:25.0,TRIM:-3.970,ATE:1,LATCH:0,TORQ:1,CR:0.0,FX1:1.00,FY1:-151.10,FX2:-6.00,FY2:-149.60,IK1:1,IK2:1,MOVE:0
[2026-09-09 18:13:44.769] [RX] AX12:MODE:0,TQ:1,TL:1023,CM:1,CS:4,MS:0,MT:800
[2026-09-09 18:13:44.857] [RX] PITCH:-3.80,PID_OUT:-14.58,INT:0.2366,EL:-6110,ER:-4941,VEL:208.5,MOT:1,TILT:25.0,TRIM:-2.296,ATE:1,LATCH:0,TORQ:1,CR:0.0,FX1:1.00,FY1:-151.10,FX2:-6.00,FY2:-149.60,IK1:1,IK2:1,MOVE:0
[2026-09-09 18:13:44.957] [RX] PITCH:-0.59,PID_OUT:-50.93,INT:0.2366,EL:-6108,ER:-4955,VEL:91.5,MOT:1,TILT:25.0,TRIM:-0.528,ATE:1,LATCH:0,TORQ:1,CR:0.0,FX1:1.00,FY1:-151.10,FX2:-6.00,FY2:-149.60,IK1:1,IK2:1,MOVE:0
[2026-09-09 18:13:45.052] [RX] PITCH:1.76,PID_OUT:-72.53,INT:0.2114,EL:-6119,ER:-4959,VEL:-14.9,MOT:1,TILT:25.0,TRIM:1.097,ATE:1,LATCH:0,TORQ:1,CR:0.0,FX1:1.00,FY1:-151.10,FX2:-6.00,FY2:-149.60,IK1:1,IK2:1,MOVE:0
[2026-09-09 18:13:45.157] [RX] PITCH:4.00,PID_OUT:-143.44,INT:0.1045,EL:-6141,ER:-4958,VEL:-95.5,MOT:1,TILT:25.0,TRIM:2.341,ATE:1,LATCH:0,TORQ:1,CR:0.0,FX1:1.00,FY1:-151.10,FX2:-6.00,FY2:-149.60,IK1:1,IK2:1,MOVE:0
[2026-09-09 18:13:45.269] [RX] PITCH:5.15,PID_OUT:-112.71,INT:-0.0707,EL:-6171,ER:-4949,VEL:-192.1,MOT:1,TILT:25.0,TRIM:3.840,ATE:1,LATCH:0,TORQ:1,CR:0.0,FX1:1.00,FY1:-151.10,FX2:-6.00,FY2:-149.60,IK1:1,IK2:1,MOVE:0
[2026-09-09 18:13:45.269] [RX] AX12:MODE:0,TQ:1,TL:1023,CM:1,CS:4,MS:0,MT:800
[2026-09-09 18:13:45.363] [RX] PITCH:5.91,PID_OUT:-104.07,INT:-0.2121,EL:-6205,ER:-4933,VEL:-249.1,MOT:1,TILT:25.0,TRIM:4.744,ATE:1,LATCH:0,TORQ:1,CR:0.0,FX1:1.00,FY1:-151.10,FX2:-6.00,FY2:-149.60,IK1:1,IK2:1,MOVE:0
[2026-09-09 18:13:45.363] [RX] SRV:6,36,0.0,0,0
[2026-09-09 18:13:45.455] [RX] PITCH:6.22,PID_OUT:-68.21,INT:-0.2366,EL:-6240,ER:-4912,VEL:-277.9,MOT:1,TILT:25.0,TRIM:5.225,ATE:1,LATCH:0,TORQ:1,CR:0.0,FX1:1.00,FY1:-151.10,FX2:-6.00,FY2:-149.60,IK1:1,IK2:1,MOVE:0
[2026-09-09 18:13:45.556] [RX] PITCH:5.83,PID_OUT:-30.47,INT:-0.2366,EL:-6275,ER:-4892,VEL:-274.8,MOT:1,TILT:25.0,TRIM:5.219,ATE:1,LATCH:0,TORQ:1,CR:0.0,FX1:1.00,FY1:-151.10,FX2:-6.00,FY2:-149.60,IK1:1,IK2:1,MOVE:0
[2026-09-09 18:13:45.653] [RX] PITCH:5.10,PID_OUT:-3.69,INT:-0.2366,EL:-6307,ER:-4877,VEL:-232.9,MOT:1,TILT:25.0,TRIM:4.616,ATE:1,LATCH:0,TORQ:1,CR:0.0,FX1:1.00,FY1:-151.10,FX2:-6.00,FY2:-149.60,IK1:1,IK2:1,MOVE:0
[2026-09-09 18:13:45.756] [RX] PITCH:3.22,PID_OUT:30.26,INT:-0.2366,EL:-6323,ER:-4871,VEL:-130.3,MOT:1,TILT:25.0,TRIM:3.071,ATE:1,LATCH:0,TORQ:1,CR:0.0,FX1:1.00,FY1:-151.10,FX2:-6.00,FY2:-149.60,IK1:1,IK2:1,MOVE:0
[2026-09-09 18:13:45.764] [RX] AX12:MODE:0,TQ:1,TL:1023,CM:1,CS:4,MS:0,MT:800
[2026-09-09 18:13:45.852] [RX] PITCH:0.01,PID_OUT:107.03,INT:-0.1735,EL:-6329,ER:-4873,VEL:-29.7,MOT:1,TILT:25.0,TRIM:1.544,ATE:1,LATCH:0,TORQ:1,CR:0.0,FX1:1.00,FY1:-151.10,FX2:-6.00,FY2:-149.60,IK1:1,IK2:1,MOVE:0
[2026-09-09 18:13:45.953] [RX] PITCH:-2.57,PID_OUT:138.83,INT:0.0084,EL:-6321,ER:-4889,VEL:93.3,MOT:1,TILT:25.0,TRIM:-0.345,ATE:1,LATCH:0,TORQ:1,CR:0.0,FX1:1.00,FY1:-151.10,FX2:-6.00,FY2:-149.60,IK1:1,IK2:1,MOVE:0
[2026-09-09 18:13:46.054] [RX] PITCH:-3.13,PID_OUT:103.86,INT:0.1436,EL:-6303,ER:-4916,VEL:195.5,MOT:1,TILT:25.0,TRIM:-1.935,ATE:1,LATCH:0,TORQ:1,CR:0.0,FX1:1.00,FY1:-151.10,FX2:-6.00,FY2:-149.60,IK1:1,IK2:1,MOVE:0
[2026-09-09 18:13:46.153] [RX] PITCH:-3.76,PID_OUT:75.83,INT:0.2366,EL:-6282,ER:-4945,VEL:241.4,MOT:1,TILT:25.0,TRIM:-2.670,ATE:1,LATCH:0,TORQ:1,CR:0.0,FX1:1.00,FY1:-151.10,FX2:-6.00,FY2:-149.60,IK1:1,IK2:1,MOVE:0
[2026-09-09 18:13:46.262] [RX] PITCH:-3.66,PID_OUT:48.18,INT:0.2366,EL:-6259,ER:-4973,VEL:253.6,MOT:1,TILT:25.0,TRIM:-2.894,ATE:1,LATCH:0,TORQ:1,CR:0.0,FX1:1.00,FY1:-151.10,FX2:-6.00,FY2:-149.60,IK1:1,IK2:1,MOVE:0
[2026-09-09 18:13:46.265] [RX] AX12:MODE:0,TQ:1,TL:1023,CM:1,CS:4,MS:0,MT:800
[2026-09-09 18:13:46.356] [RX] PITCH:-3.17,PID_OUT:33.16,INT:0.2366,EL:-6240,ER:-4999,VEL:227.7,MOT:1,TILT:25.0,TRIM:-2.533,ATE:1,LATCH:0,TORQ:1,CR:0.0,FX1:1.00,FY1:-151.10,FX2:-6.00,FY2:-149.60,IK1:1,IK2:1,MOVE:0
[2026-09-09 18:13:46.356] [RX] SRV:0,36,0.0,0,0
[2026-09-09 18:13:46.457] [RX] PITCH:-2.27,PID_OUT:19.76,INT:0.2366,EL:-6231,ER:-5020,VEL:141.8,MOT:1,TILT:25.0,TRIM:-1.249,ATE:1,LATCH:0,TORQ:1,CR:0.0,FX1:1.00,FY1:-151.10,FX2:-6.00,FY2:-149.60,IK1:1,IK2:1,MOVE:0
[2026-09-09 18:13:46.555] [RX] PITCH:-0.26,PID_OUT:-28.74,INT:0.2366,EL:-6233,ER:-5029,VEL:30.0,MOT:1,TILT:25.0,TRIM:0.447,ATE:1,LATCH:0,TORQ:1,CR:0.0,FX1:1.00,FY1:-151.10,FX2:-6.00,FY2:-149.60,IK1:1,IK2:1,MOVE:0
[2026-09-09 18:13:46.655] [RX] PITCH:2.87,PID_OUT:-42.24,INT:0.2366,EL:-6282,ER:-5039,VEL:-187.5,MOT:1,TILT:25.0,TRIM:3.786,ATE:1,LATCH:0,TORQ:1,CR:0.0,FX1:1.00,FY1:-151.10,FX2:-6.00,FY2:-149.60,IK1:1,IK2:1,MOVE:0
[2026-09-09 18:13:46.765] [RX] PITCH:7.70,PID_OUT:-231.66,INT:0.1960,EL:-6358,ER:-5038,VEL:-287.6,MOT:1,TILT:25.0,TRIM:5.366,ATE:1,LATCH:0,TORQ:1,CR:0.0,FX1:1.00,FY1:-151.10,FX2:-6.00,FY2:-149.60,IK1:1,IK2:1,MOVE:0
[2026-09-09 18:13:46.765] [RX] AX12:MODE:0,TQ:1,TL:1023,CM:1,CS:4,MS:0,MT:800
[2026-09-09 18:13:46.848] [RX] PITCH:8.03,PID_OUT:-73.09,INT:-0.0956,EL:-6397,ER:-5010,VEL:-340.9,MOT:1,TILT:25.0,TRIM:6.000,ATE:1,LATCH:0,TORQ:1,CR:0.0,FX1:1.00,FY1:-151.10,FX2:-6.00,FY2:-149.60,IK1:1,IK2:1,MOVE:0
[2026-09-09 18:13:46.952] [RX] PITCH:8.29,PID_OUT:-78.54,INT:-0.2366,EL:-6438,ER:-4977,VEL:-370.0,MOT:1,TILT:25.0,TRIM:6.000,ATE:1,LATCH:0,TORQ:1,CR:0.0,FX1:1.00,FY1:-151.10,FX2:-6.00,FY2:-149.60,IK1:1,IK2:1,MOVE:0
[2026-09-09 18:13:47.050] [RX] PITCH:6.55,PID_OUT:42.56,INT:-0.2366,EL:-6470,ER:-4953,VEL:-279.5,MOT:1,TILT:25.0,TRIM:5.390,ATE:1,LATCH:0,TORQ:1,CR:0.0,FX1:1.00,FY1:-151.10,FX2:-6.00,FY2:-149.60,IK1:1,IK2:1,MOVE:0
[2026-09-09 18:13:47.150] [RX] PITCH:3.31,PID_OUT:82.07,INT:-0.2296,EL:-6489,ER:-4941,VEL:-167.6,MOT:1,TILT:25.0,TRIM:3.711,ATE:1,LATCH:0,TORQ:1,CR:0.0,FX1:1.00,FY1:-151.10,FX2:-6.00,FY2:-149.60,IK1:1,IK2:1,MOVE:0
[2026-09-09 18:13:47.251] [RX] PITCH:1.09,PID_OUT:88.80,INT:-0.1842,EL:-6493,ER:-4942,VEL:-42.2,MOT:1,TILT:25.0,TRIM:1.805,ATE:1,LATCH:0,TORQ:1,CR:0.0,FX1:1.00,FY1:-151.10,FX2:-6.00,FY2:-149.60,IK1:1,IK2:1,MOVE:0
[2026-09-09 18:13:47.259] [RX] AX12:MODE:0,TQ:1,TL:1023,CM:1,CS:4,MS:0,MT:800
[2026-09-09 18:13:47.355] [RX] PITCH:-2.29,PID_OUT:155.97,INT:-0.0362,EL:-6488,ER:-4957,VEL:92.2,MOT:1,TILT:25.0,TRIM:-0.254,ATE:1,LATCH:0,TORQ:1,CR:0.0,FX1:1.00,FY1:-151.10,FX2:-6.00,FY2:-149.60,IK1:1,IK2:1,MOVE:0
[2026-09-09 18:13:47.355] [RX] SRV:14,36,0.0,0,0
[2026-09-09 18:13:47.452] [RX] PITCH:-4.54,PID_OUT:136.90,INT:0.1691,EL:-6468,ER:-4987,VEL:232.8,MOT:1,TILT:25.0,TRIM:-2.432,ATE:1,LATCH:0,TORQ:1,CR:0.0,FX1:1.00,FY1:-151.10,FX2:-6.00,FY2:-149.60,IK1:1,IK2:1,MOVE:0
[2026-09-09 18:13:47.551] [RX] PITCH:-4.43,PID_OUT:50.20,INT:0.2366,EL:-6439,ER:-5025,VEL:321.6,MOT:1,TILT:25.0,TRIM:-3.833,ATE:1,LATCH:0,TORQ:1,CR:0.0,FX1:1.00,FY1:-151.10,FX2:-6.00,FY2:-149.60,IK1:1,IK2:1,MOVE:0
[2026-09-09 18:13:47.649] [RX] PITCH:-4.71,PID_OUT:37.59,INT:0.2366,EL:-6412,ER:-5061,VEL:321.6,MOT:1,TILT:25.0,TRIM:-3.880,ATE:1,LATCH:0,TORQ:1,CR:0.0,FX1:1.00,FY1:-151.10,FX2:-6.00,FY2:-149.60,IK1:1,IK2:1,MOVE:0
[2026-09-09 18:13:47.756] [RX] PITCH:-4.24,PID_OUT:3.17,INT:0.2366,EL:-6387,ER:-5091,VEL:279.2,MOT:1,TILT:25.0,TRIM:-3.277,ATE:1,LATCH:0,TORQ:1,CR:0.0,FX1:1.00,FY1:-151.10,FX2:-6.00,FY2:-149.60,IK1:1,IK2:1,MOVE:0
[2026-09-09 18:13:47.759] [RX] AX12:MODE:0,TQ:1,TL:1023,CM:1,CS:4,MS:0,MT:800
[2026-09-09 18:13:47.853] [RX] PITCH:-2.12,PID_OUT:-10.75,INT:0.2366,EL:-6369,ER:-5099,VEL:145.3,MOT:1,TILT:25.0,TRIM:-1.259,ATE:1,LATCH:0,TORQ:1,CR:0.0,FX1:1.00,FY1:-151.10,FX2:-6.00,FY2:-149.60,IK1:1,IK2:1,MOVE:0
[2026-09-09 18:13:47.950] [RX] PITCH:0.77,PID_OUT:-55.17,INT:0.2365,EL:-6374,ER:-5102,VEL:12.9,MOT:1,TILT:25.0,TRIM:0.757,ATE:1,LATCH:0,TORQ:1,CR:0.0,FX1:1.00,FY1:-151.10,FX2:-6.00,FY2:-149.60,IK1:1,IK2:1,MOVE:0
[2026-09-09 18:13:48.053] [RX] PITCH:3.50,PID_OUT:-121.26,INT:0.1462,EL:-6387,ER:-5101,VEL:-62.4,MOT:1,TILT:25.0,TRIM:1.914,ATE:1,LATCH:0,TORQ:1,CR:0.0,FX1:1.00,FY1:-151.10,FX2:-6.00,FY2:-149.60,IK1:1,IK2:1,MOVE:0
[2026-09-09 18:13:48.148] [RX] PITCH:4.97,PID_OUT:-130.69,INT:-0.0099,EL:-6415,ER:-5093,VEL:-168.3,MOT:1,TILT:25.0,TRIM:3.552,ATE:1,LATCH:0,TORQ:1,CR:0.0,FX1:1.00,FY1:-151.10,FX2:-6.00,FY2:-149.60,IK1:1,IK2:1,MOVE:0
[2026-09-09 18:13:48.262] [RX] PITCH:5.53,PID_OUT:-132.52,INT:-0.1271,EL:-6448,ER:-5078,VEL:-234.6,MOT:1,TILT:25.0,TRIM:4.597,ATE:1,LATCH:0,TORQ:1,CR:0.0,FX1:1.00,FY1:-151.10,FX2:-6.00,FY2:-149.60,IK1:1,IK2:1,MOVE:0
[2026-09-09 18:13:48.263] [RX] AX12:MODE:0,TQ:1,TL:1023,CM:1,CS:4,MS:0,MT:800
[2026-09-09 18:13:48.348] [RX] PITCH:7.33,PID_OUT:-172.56,INT:-0.2366,EL:-6485,ER:-5056,VEL:-277.5,MOT:1,TILT:25.0,TRIM:5.294,ATE:1,LATCH:0,TORQ:1,CR:0.0,FX1:1.00,FY1:-151.10,FX2:-6.00,FY2:-149.60,IK1:1,IK2:1,MOVE:0
[2026-09-09 18:13:48.350] [RX] SRV:1,39,0.8,0,0
[2026-09-09 18:13:48.448] [RX] PITCH:7.93,PID_OUT:-73.57,INT:-0.2366,EL:-6529,ER:-5023,VEL:-361.1,MOT:1,TILT:25.0,TRIM:6.000,ATE:1,LATCH:0,TORQ:1,CR:0.0,FX1:1.00,FY1:-151.10,FX2:-6.00,FY2:-149.60,IK1:1,IK2:1,MOVE:0
[2026-09-09 18:13:48.551] [RX] PITCH:6.82,PID_OUT:33.10,INT:-0.2366,EL:-6565,ER:-4994,VEL:-317.2,MOT:1,TILT:25.0,TRIM:6.000,ATE:1,LATCH:0,TORQ:1,CR:0.0,FX1:1.00,FY1:-151.10,FX2:-6.00,FY2:-149.60,IK1:1,IK2:1,MOVE:0
[2026-09-09 18:13:48.652] [RX] PITCH:3.93,PID_OUT:60.99,INT:-0.2366,EL:-6587,ER:-4987,VEL:-163.0,MOT:1,TILT:25.0,TRIM:3.681,ATE:1,LATCH:0,TORQ:1,CR:0.0,FX1:1.00,FY1:-151.10,FX2:-6.00,FY2:-149.60,IK1:1,IK2:1,MOVE:0
[2026-09-09 18:13:48.748] [RX] PITCH:0.97,PID_OUT:57.08,INT:-0.1999,EL:-6593,ER:-4994,VEL:-4.4,MOT:1,TILT:25.0,TRIM:1.266,ATE:1,LATCH:0,TORQ:1,CR:0.0,FX1:1.00,FY1:-151.10,FX2:-6.00,FY2:-149.60,IK1:1,IK2:1,MOVE:0
[2026-09-09 18:13:48.758] [RX] AX12:MODE:0,TQ:1,TL:1023,CM:1,CS:4,MS:0,MT:800
[2026-09-09 18:13:48.846] [RX] PITCH:-2.40,PID_OUT:54.20,INT:-0.2366,EL:-6592,ER:-5055,VEL:285.2,MOT:1,TILT:25.0,TRIM:-3.187,ATE:1,LATCH:0,TORQ:1,CR:0.0,FX1:1.00,FY1:-151.10,FX2:-6.00,FY2:-149.60,IK1:1,IK2:1,MOVE:0
[2026-09-09 18:13:48.947] [RX] PITCH:-8.16,PID_OUT:152.52,INT:-0.0013,EL:-6581,ER:-5104,VEL:270.5,MOT:1,TILT:25.0,TRIM:-3.008,ATE:1,LATCH:0,TORQ:1,CR:0.0,FX1:1.00,FY1:-151.10,FX2:-6.00,FY2:-149.60,IK1:1,IK2:1,MOVE:0
[2026-09-09 18:13:49.045] [RX] PITCH:-5.55,PID_OUT:69.59,INT:0.2366,EL:-6542,ER:-5138,VEL:334.1,MOT:1,TILT:25.0,TRIM:-4.031,ATE:1,LATCH:0,TORQ:1,CR:0.0,FX1:1.00,FY1:-151.10,FX2:-6.00,FY2:-149.60,IK1:1,IK2:1,MOVE:0
[2026-09-09 18:13:49.146] [RX] PITCH:-5.55,PID_OUT:66.68,INT:0.2366,EL:-6509,ER:-5173,VEL:324.5,MOT:1,TILT:25.0,TRIM:-3.936,ATE:1,LATCH:0,TORQ:1,CR:0.0,FX1:1.00,FY1:-151.10,FX2:-6.00,FY2:-149.60,IK1:1,IK2:1,MOVE:0
[2026-09-09 18:13:49.250] [RX] PITCH:-4.48,PID_OUT:7.03,INT:0.2366,EL:-6481,ER:-5201,VEL:267.3,MOT:1,TILT:25.0,TRIM:-3.108,ATE:1,LATCH:0,TORQ:1,CR:0.0,FX1:1.00,FY1:-151.10,FX2:-6.00,FY2:-149.60,IK1:1,IK2:1,MOVE:0
[2026-09-09 18:13:49.257] [RX] AX12:MODE:0,TQ:1,TL:1023,CM:1,CS:4,MS:0,MT:800
[2026-09-09 18:13:49.349] [RX] PITCH:-2.14,PID_OUT:-21.40,INT:0.2366,EL:-6469,ER:-5215,VEL:135.7,MOT:1,TILT:25.0,TRIM:-1.124,ATE:1,LATCH:0,TORQ:1,CR:0.0,FX1:1.00,FY1:-151.10,FX2:-6.00,FY2:-149.60,IK1:1,IK2:1,MOVE:0
[2026-09-09 18:13:49.349] [RX] SRV:6,36,0.0,0,0
[2026-09-09 18:13:49.444] [RX] PITCH:0.92,PID_OUT:-77.44,INT:0.2362,EL:-6481,ER:-5222,VEL:3.7,MOT:1,TILT:25.0,TRIM:0.889,ATE:1,LATCH:0,TORQ:1,CR:0.0,FX1:1.00,FY1:-151.10,FX2:-6.00,FY2:-149.60,IK1:1,IK2:1,MOVE:0
[2026-09-09 18:13:49.543] [RX] PITCH:3.64,PID_OUT:-140.75,INT:0.1151,EL:-6491,ER:-5220,VEL:-65.8,MOT:1,TILT:25.0,TRIM:1.955,ATE:1,LATCH:0,TORQ:1,CR:0.0,FX1:1.00,FY1:-151.10,FX2:-6.00,FY2:-149.60,IK1:1,IK2:1,MOVE:0
[2026-09-09 18:13:49.645] [RX] PITCH:5.27,PID_OUT:-121.66,INT:-0.0211,EL:-6526,ER:-5210,VEL:-201.6,MOT:1,TILT:25.0,TRIM:4.054,ATE:1,LATCH:0,TORQ:1,CR:0.0,FX1:1.00,FY1:-151.10,FX2:-6.00,FY2:-149.60,IK1:1,IK2:1,MOVE:0
[2026-09-09 18:13:49.749] [RX] PITCH:7.16,PID_OUT:-127.28,INT:-0.2021,EL:-6563,ER:-5192,VEL:-270.6,MOT:1,TILT:25.0,TRIM:5.145,ATE:1,LATCH:0,TORQ:1,CR:0.0,FX1:1.00,FY1:-151.10,FX2:-6.00,FY2:-149.60,IK1:1,IK2:1,MOVE:0
[2026-09-09 18:13:49.755] [RX] AX12:MODE:0,TQ:1,TL:1023,CM:1,CS:4,MS:0,MT:800
[2026-09-09 18:13:49.845] [RX] PITCH:7.01,PID_OUT:-53.37,INT:-0.2366,EL:-6601,ER:-5169,VEL:-299.1,MOT:1,TILT:25.0,TRIM:5.624,ATE:1,LATCH:0,TORQ:1,CR:0.0,FX1:1.00,FY1:-151.10,FX2:-6.00,FY2:-149.60,IK1:1,IK2:1,MOVE:0
[2026-09-09 18:13:49.949] [RX] PITCH:5.43,PID_OUT:29.86,INT:-0.2366,EL:-6633,ER:-5154,VEL:-225.4,MOT:1,TILT:25.0,TRIM:4.539,ATE:1,LATCH:0,TORQ:1,CR:0.0,FX1:1.00,FY1:-151.10,FX2:-6.00,FY2:-149.60,IK1:1,IK2:1,MOVE:0
[2026-09-09 18:13:50.046] [RX] PITCH:2.45,PID_OUT:95.32,INT:-0.2278,EL:-6653,ER:-5155,VEL:-124.0,MOT:1,TILT:25.0,TRIM:3.009,ATE:1,LATCH:0,TORQ:1,CR:0.0,FX1:1.00,FY1:-151.10,FX2:-6.00,FY2:-149.60,IK1:1,IK2:1,MOVE:0
[2026-09-09 18:13:50.146] [RX] PITCH:-0.52,PID_OUT:128.87,INT:-0.1154,EL:-6656,ER:-5162,VEL:6.4,MOT:1,TILT:25.0,TRIM:1.024,ATE:1,LATCH:0,TORQ:1,CR:0.0,FX1:1.00,FY1:-151.10,FX2:-6.00,FY2:-149.60,IK1:1,IK2:1,MOVE:0
[2026-09-09 18:13:50.250] [RX] PITCH:-3.08,PID_OUT:135.31,INT:0.0461,EL:-6645,ER:-5186,VEL:148.5,MOT:1,TILT:25.0,TRIM:-1.165,ATE:1,LATCH:0,TORQ:1,CR:0.0,FX1:1.00,FY1:-151.10,FX2:-6.00,FY2:-149.60,IK1:1,IK2:1,MOVE:0
[2026-09-09 18:13:50.250] [RX] AX12:MODE:0,TQ:1,TL:1023,CM:1,CS:4,MS:0,MT:800
[2026-09-09 18:13:50.345] [RX] PITCH:-4.05,PID_OUT:93.76,INT:0.2137,EL:-6624,ER:-5218,VEL:249.6,MOT:1,TILT:25.0,TRIM:-2.744,ATE:1,LATCH:0,TORQ:1,CR:0.0,FX1:1.00,FY1:-151.10,FX2:-6.00,FY2:-149.60,IK1:1,IK2:1,MOVE:0
[2026-09-09 18:13:50.346] [RX] SRV:0,36,0.0,0,0
[2026-09-09 18:13:50.442] [RX] PITCH:-4.19,PID_OUT:62.29,INT:0.2366,EL:-6601,ER:-5252,VEL:277.7,MOT:1,TILT:25.0,TRIM:-3.213,ATE:1,LATCH:0,TORQ:1,CR:0.0,FX1:1.00,FY1:-151.10,FX2:-6.00,FY2:-149.60,IK1:1,IK2:1,MOVE:0
[2026-09-09 18:13:50.543] [RX] PITCH:-4.01,PID_OUT:51.20,INT:0.2366,EL:-6580,ER:-5284,VEL:260.0,MOT:1,TILT:25.0,TRIM:-2.984,ATE:1,LATCH:0,TORQ:1,CR:0.0,FX1:1.00,FY1:-151.10,FX2:-6.00,FY2:-149.60,IK1:1,IK2:1,MOVE:0
[2026-09-09 18:13:50.641] [RX] PITCH:-3.22,PID_OUT:19.86,INT:0.2366,EL:-6563,ER:-5311,VEL:216.7,MOT:1,TILT:25.0,TRIM:-2.358,ATE:1,LATCH:0,TORQ:1,CR:0.0,FX1:1.00,FY1:-151.10,FX2:-6.00,FY2:-149.60,IK1:1,IK2:1,MOVE:0
[2026-09-09 18:13:50.743] [RX] PITCH:-1.86,PID_OUT:2.46,INT:0.2366,EL:-6553,ER:-5323,VEL:110.6,MOT:1,TILT:25.0,TRIM:-0.761,ATE:1,LATCH:0,TORQ:1,CR:0.0,FX1:1.00,FY1:-151.10,FX2:-6.00,FY2:-149.60,IK1:1,IK2:1,MOVE:0
[2026-09-09 18:13:50.751] [RX] AX12:MODE:0,TQ:1,TL:1023,CM:1,CS:4,MS:0,MT:800
[2026-09-09 18:13:50.840] [RX] PITCH:0.92,PID_OUT:-50.25,INT:0.2366,EL:-6562,ER:-5324,VEL:-27.4,MOT:1,TILT:25.0,TRIM:1.346,ATE:1,LATCH:0,TORQ:1,CR:0.0,FX1:1.00,FY1:-151.10,FX2:-6.00,FY2:-149.60,IK1:1,IK2:1,MOVE:0
[2026-09-09 18:13:50.940] [RX] PITCH:3.99,PID_OUT:-128.90,INT:0.1269,EL:-6576,ER:-5319,VEL:-112.1,MOT:1,TILT:25.0,TRIM:2.649,ATE:1,LATCH:0,TORQ:1,CR:0.0,FX1:1.00,FY1:-151.10,FX2:-6.00,FY2:-149.60,IK1:1,IK2:1,MOVE:0
[2026-09-09 18:13:51.042] [RX] PITCH:6.43,PID_OUT:-135.90,INT:-0.0276,EL:-6613,ER:-5305,VEL:-233.1,MOT:1,TILT:25.0,TRIM:4.527,ATE:1,LATCH:0,TORQ:1,CR:0.0,FX1:1.00,FY1:-151.10,FX2:-6.00,FY2:-149.60,IK1:1,IK2:1,MOVE:0
[2026-09-09 18:13:51.143] [RX] PITCH:8.02,PID_OUT:-146.10,INT:-0.2366,EL:-6653,ER:-5283,VEL:-293.8,MOT:1,TILT:25.0,TRIM:5.498,ATE:1,LATCH:0,TORQ:1,CR:0.0,FX1:1.00,FY1:-151.10,FX2:-6.00,FY2:-149.60,IK1:1,IK2:1,MOVE:0
[2026-09-09 18:13:51.249] [RX] PITCH:6.63,PID_OUT:-13.65,INT:-0.2366,EL:-6689,ER:-5262,VEL:-265.8,MOT:1,TILT:25.0,TRIM:5.115,ATE:1,LATCH:0,TORQ:1,CR:0.0,FX1:1.00,FY1:-151.10,FX2:-6.00,FY2:-149.60,IK1:1,IK2:1,MOVE:0
[2026-09-09 18:13:51.253] [RX] AX12:MODE:0,TQ:1,TL:1023,CM:1,CS:4,MS:0,MT:800
[2026-09-09 18:13:51.346] [RX] PITCH:3.92,PID_OUT:59.02,INT:-0.2366,EL:-6713,ER:-5254,VEL:-158.6,MOT:1,TILT:25.0,TRIM:3.507,ATE:1,LATCH:0,TORQ:1,CR:0.0,FX1:1.00,FY1:-151.10,FX2:-6.00,FY2:-149.60,IK1:1,IK2:1,MOVE:0
[2026-09-09 18:13:51.347] [RX] SRV:14,36,0.0,0,0
[2026-09-09 18:13:51.440] [RX] PITCH:0.95,PID_OUT:111.96,INT:-0.2119,EL:-6722,ER:-5256,VEL:-50.0,MOT:1,TILT:25.0,TRIM:1.860,ATE:1,LATCH:0,TORQ:1,CR:0.0,FX1:1.00,FY1:-151.10,FX2:-6.00,FY2:-149.60,IK1:1,IK2:1,MOVE:0
[2026-09-09 18:13:51.540] [RX] PITCH:-1.90,PID_OUT:153.43,INT:-0.0695,EL:-6713,ER:-5272,VEL:120.5,MOT:1,TILT:25.0,TRIM:-0.753,ATE:1,LATCH:0,TORQ:1,CR:0.0,FX1:1.00,FY1:-151.10,FX2:-6.00,FY2:-149.60,IK1:1,IK2:1,MOVE:0
[2026-09-09 18:13:51.639] [RX] PITCH:-5.78,PID_OUT:173.85,INT:0.1186,EL:-6689,ER:-5308,VEL:277.2,MOT:1,TILT:25.0,TRIM:-3.182,ATE:1,LATCH:0,TORQ:1,CR:0.0,FX1:1.00,FY1:-151.10,FX2:-6.00,FY2:-149.60,IK1:1,IK2:1,MOVE:0
[2026-09-09 18:13:51.744] [RX] PITCH:-6.46,PID_OUT:38.76,INT:0.2366,EL:-6648,ER:-5345,VEL:370.4,MOT:1,TILT:25.0,TRIM:-4.658,ATE:1,LATCH:0,TORQ:1,CR:0.0,FX1:1.00,FY1:-151.10,FX2:-6.00,FY2:-149.60,IK1:1,IK2:1,MOVE:0
[2026-09-09 18:13:51.751] [RX] AX12:MODE:0,TQ:1,TL:1023,CM:1,CS:4,MS:0,MT:800
[2026-09-09 18:13:51.839] [RX] PITCH:-5.54,PID_OUT:-3.36,INT:0.2366,EL:-6608,ER:-5372,VEL:329.7,MOT:1,TILT:25.0,TRIM:-4.090,ATE:1,LATCH:0,TORQ:1,CR:0.0,FX1:1.00,FY1:-151.10,FX2:-6.00,FY2:-149.60,IK1:1,IK2:1,MOVE:0
[2026-09-09 18:13:51.940] [RX] PITCH:-2.89,PID_OUT:-51.89,INT:0.2366,EL:-6596,ER:-5395,VEL:193.3,MOT:1,TILT:25.0,TRIM:-2.041,ATE:1,LATCH:0,TORQ:1,CR:0.0,FX1:1.00,FY1:-151.10,FX2:-6.00,FY2:-149.60,IK1:1,IK2:1,MOVE:0
[2026-09-09 18:13:52.038] [RX] PITCH:0.08,PID_OUT:-99.93,INT:0.2321,EL:-6596,ER:-5406,VEL:71.3,MOT:1,TILT:25.0,TRIM:-0.192,ATE:1,LATCH:0,TORQ:1,CR:0.0,FX1:1.00,FY1:-151.10,FX2:-6.00,FY2:-149.60,IK1:1,IK2:1,MOVE:0
[2026-09-09 18:13:52.141] [RX] PITCH:3.02,PID_OUT:-135.83,INT:0.1669,EL:-6611,ER:-5405,VEL:-55.3,MOT:1,TILT:25.0,TRIM:1.746,ATE:1,LATCH:0,TORQ:1,CR:0.0,FX1:1.00,FY1:-151.10,FX2:-6.00,FY2:-149.60,IK1:1,IK2:1,MOVE:0
[2026-09-09 18:13:52.238] [RX] PITCH:6.24,PID_OUT:-162.14,INT:0.0101,EL:-6649,ER:-5394,VEL:-214.3,MOT:1,TILT:25.0,TRIM:4.202,ATE:1,LATCH:0,TORQ:1,CR:0.0,FX1:1.00,FY1:-151.10,FX2:-6.00,FY2:-149.60,IK1:1,IK2:1,MOVE:0
[2026-09-09 18:13:52.249] [RX] AX12:MODE:0,TQ:1,TL:1023,CM:1,CS:4,MS:0,MT:800
[2026-09-09 18:13:52.345] [RX] PITCH:7.35,PID_OUT:-98.66,INT:-0.2366,EL:-6685,ER:-5371,VEL:-300.5,MOT:1,TILT:25.0,TRIM:5.558,ATE:1,LATCH:0,TORQ:1,CR:0.0,FX1:1.00,FY1:-151.10,FX2:-6.00,FY2:-149.60,IK1:1,IK2:1,MOVE:0
[2026-09-09 18:13:52.346] [RX] SRV:1,39,0.0,0,0
[2026-09-09 18:13:52.438] [RX] PITCH:7.37,PID_OUT:-70.38,INT:-0.2366,EL:-6723,ER:-5344,VEL:-311.9,MOT:1,TILT:25.0,TRIM:5.780,ATE:1,LATCH:0,TORQ:1,CR:0.0,FX1:1.00,FY1:-151.10,FX2:-6.00,FY2:-149.60,IK1:1,IK2:1,MOVE:0
[2026-09-09 18:13:52.538] [RX] PITCH:6.43,PID_OUT:-9.68,INT:-0.2366,EL:-6759,ER:-5325,VEL:-271.7,MOT:1,TILT:25.0,TRIM:5.209,ATE:1,LATCH:0,TORQ:1,CR:0.0,FX1:1.00,FY1:-151.10,FX2:-6.00,FY2:-149.60,IK1:1,IK2:1,MOVE:0
[2026-09-09 18:13:52.635] [RX] PITCH:3.76,PID_OUT:71.04,INT:-0.2349,EL:-6785,ER:-5315,VEL:-184.8,MOT:1,TILT:25.0,TRIM:3.914,ATE:1,LATCH:0,TORQ:1,CR:0.0,FX1:1.00,FY1:-151.10,FX2:-6.00,FY2:-149.60,IK1:1,IK2:1,MOVE:0
[2026-09-09 18:13:52.738] [RX] PITCH:1.13,PID_OUT:49.87,INT:-0.2366,EL:-6796,ER:-5338,VEL:36.9,MOT:1,TILT:25.0,TRIM:0.533,ATE:1,LATCH:0,TORQ:1,CR:0.0,FX1:1.00,FY1:-151.10,FX2:-6.00,FY2:-149.60,IK1:1,IK2:1,MOVE:0
[2026-09-09 18:13:52.746] [RX] AX12:MODE:0,TQ:1,TL:1023,CM:1,CS:4,MS:0,MT:800
[2026-09-09 18:13:52.835] [RX] PITCH:-3.38,PID_OUT:63.94,INT:-0.2366,EL:-6797,ER:-5409,VEL:347.3,MOT:1,TILT:25.0,TRIM:-4.243,ATE:1,LATCH:0,TORQ:1,CR:0.0,FX1:1.00,FY1:-151.10,FX2:-6.00,FY2:-149.60,IK1:1,IK2:1,MOVE:0
[2026-09-09 18:13:52.936] [RX] PITCH:-9.08,PID_OUT:155.83,INT:-0.0196,EL:-6786,ER:-5473,VEL:336.2,MOT:1,TILT:25.0,TRIM:-4.131,ATE:1,LATCH:0,TORQ:1,CR:0.0,FX1:1.00,FY1:-151.10,FX2:-6.00,FY2:-149.60,IK1:1,IK2:1,MOVE:0
[2026-09-09 18:13:53.036] [RX] PITCH:-6.85,PID_OUT:70.90,INT:0.2366,EL:-6748,ER:-5508,VEL:351.5,MOT:1,TILT:25.0,TRIM:-4.417,ATE:1,LATCH:0,TORQ:1,CR:0.0,FX1:1.00,FY1:-151.10,FX2:-6.00,FY2:-149.60,IK1:1,IK2:1,MOVE:0
[2026-09-09 18:13:53.136] [RX] PITCH:-5.53,PID_OUT:-7.54,INT:0.2366,EL:-6713,ER:-5538,VEL:316.6,MOT:1,TILT:25.0,TRIM:-3.936,ATE:1,LATCH:0,TORQ:1,CR:0.0,FX1:1.00,FY1:-151.10,FX2:-6.00,FY2:-149.60,IK1:1,IK2:1,MOVE:0
[2026-09-09 18:13:53.242] [RX] PITCH:-2.77,PID_OUT:-31.76,INT:0.2366,EL:-6706,ER:-5560,VEL:165.8,MOT:1,TILT:25.0,TRIM:-1.664,ATE:1,LATCH:0,TORQ:1,CR:0.0,FX1:1.00,FY1:-151.10,FX2:-6.00,FY2:-149.60,IK1:1,IK2:1,MOVE:0
[2026-09-09 18:13:53.245] [RX] AX12:MODE:0,TQ:1,TL:1023,CM:1,CS:4,MS:0,MT:800
[2026-09-09 18:13:53.346] [RX] PITCH:0.07,PID_OUT:-54.91,INT:0.2366,EL:-6710,ER:-5572,VEL:46.0,MOT:1,TILT:25.0,TRIM:0.154,ATE:1,LATCH:0,TORQ:1,CR:0.0,FX1:1.00,FY1:-151.10,FX2:-6.00,FY2:-149.60,IK1:1,IK2:1,MOVE:0
[2026-09-09 18:13:53.346] [RX] SRV:6,36,0.0,0,0
[2026-09-09 18:13:53.435] [RX] PITCH:2.56,PID_OUT:-127.73,INT:0.1656,EL:-6717,ER:-5574,VEL:-9.2,MOT:1,TILT:25.0,TRIM:0.997,ATE:1,LATCH:0,TORQ:1,CR:0.0,FX1:1.00,FY1:-151.10,FX2:-6.00,FY2:-149.60,IK1:1,IK2:1,MOVE:0
[2026-09-09 18:13:53.537] [RX] PITCH:4.37,PID_OUT:-128.37,INT:0.0199,EL:-6743,ER:-5569,VEL:-130.6,MOT:1,TILT:25.0,TRIM:2.867,ATE:1,LATCH:0,TORQ:1,CR:0.0,FX1:1.00,FY1:-151.10,FX2:-6.00,FY2:-149.60,IK1:1,IK2:1,MOVE:0
[2026-09-09 18:13:53.631] [RX] PITCH:5.75,PID_OUT:-120.38,INT:-0.1390,EL:-6775,ER:-5556,VEL:-210.5,MOT:1,TILT:25.0,TRIM:4.117,ATE:1,LATCH:0,TORQ:1,CR:0.0,FX1:1.00,FY1:-151.10,FX2:-6.00,FY2:-149.60,IK1:1,IK2:1,MOVE:0
[2026-09-09 18:13:53.747] [RX] PITCH:6.20,PID_OUT:-98.33,INT:-0.2366,EL:-6810,ER:-5538,VEL:-246.6,MOT:1,TILT:25.0,TRIM:4.706,ATE:1,LATCH:0,TORQ:1,CR:0.0,FX1:1.00,FY1:-151.10,FX2:-6.00,FY2:-149.60,IK1:1,IK2:1,MOVE:0
[2026-09-09 18:13:53.747] [RX] AX12:MODE:0,TQ:1,TL:1023,CM:1,CS:4,MS:0,MT:800
[2026-09-09 18:13:53.833] [RX] PITCH:5.74,PID_OUT:-38.33,INT:-0.2366,EL:-6845,ER:-5520,VEL:-256.9,MOT:1,TILT:25.0,TRIM:4.902,ATE:1,LATCH:0,TORQ:1,CR:0.0,FX1:1.00,FY1:-151.10,FX2:-6.00,FY2:-149.60,IK1:1,IK2:1,MOVE:0
[2026-09-09 18:13:53.933] [RX] PITCH:4.57,PID_OUT:7.15,INT:-0.2366,EL:-6872,ER:-5510,VEL:-179.4,MOT:1,TILT:25.0,TRIM:3.751,ATE:1,LATCH:0,TORQ:1,CR:0.0,FX1:1.00,FY1:-151.10,FX2:-6.00,FY2:-149.60,IK1:1,IK2:1,MOVE:0
[2026-09-09 18:13:54.032] [RX] PITCH:2.19,PID_OUT:60.81,INT:-0.2366,EL:-6887,ER:-5513,VEL:-66.2,MOT:1,TILT:25.0,TRIM:2.037,ATE:1,LATCH:0,TORQ:1,CR:0.0,FX1:1.00,FY1:-151.10,FX2:-6.00,FY2:-149.60,IK1:1,IK2:1,MOVE:0
[2026-09-09 18:13:54.132] [RX] PITCH:-1.13,PID_OUT:178.06,INT:-0.1748,EL:-6891,ER:-5525,VEL:17.0,MOT:1,TILT:25.0,TRIM:0.766,ATE:1,LATCH:0,TORQ:1,CR:0.0,FX1:1.00,FY1:-151.10,FX2:-6.00,FY2:-149.60,IK1:1,IK2:1,MOVE:0
[2026-09-09 18:13:54.237] [RX] PITCH:-3.52,PID_OUT:119.83,INT:0.0333,EL:-6875,ER:-5548,VEL:180.5,MOT:1,TILT:25.0,TRIM:-1.751,ATE:1,LATCH:0,TORQ:1,CR:0.0,FX1:1.00,FY1:-151.10,FX2:-6.00,FY2:-149.60,IK1:1,IK2:1,MOVE:0
[2026-09-09 18:13:54.245] [RX] AX12:MODE:0,TQ:1,TL:1023,CM:1,CS:4,MS:0,MT:800
[2026-09-09 18:13:54.336] [RX] PITCH:-5.55,PID_OUT:111.63,INT:0.2177,EL:-6849,ER:-5583,VEL:283.8,MOT:1,TILT:25.0,TRIM:-3.368,ATE:1,LATCH:0,TORQ:1,CR:0.0,FX1:1.00,FY1:-151.10,FX2:-6.00,FY2:-149.60,IK1:1,IK2:1,MOVE:0
[2026-09-09 18:13:54.336] [RX] SRV:0,36,0.0,0,0
[2026-09-09 18:13:54.430] [RX] PITCH:-5.07,PID_OUT:1.27,INT:0.2366,EL:-6817,ER:-5615,VEL:306.1,MOT:1,TILT:25.0,TRIM:-3.755,ATE:1,LATCH:0,TORQ:1,CR:0.0,FX1:1.00,FY1:-151.10,FX2:-6.00,FY2:-149.60,IK1:1,IK2:1,MOVE:0
[2026-09-09 18:13:54.532] [RX] PITCH:-3.03,PID_OUT:-48.88,INT:0.2366,EL:-6796,ER:-5632,VEL:210.0,MOT:1,TILT:25.0,TRIM:-2.322,ATE:1,LATCH:0,TORQ:1,CR:0.0,FX1:1.00,FY1:-151.10,FX2:-6.00,FY2:-149.60,IK1:1,IK2:1,MOVE:0
[2026-09-09 18:13:54.632] [RX] PITCH:-0.42,PID_OUT:-77.00,INT:0.2366,EL:-6802,ER:-5642,VEL:49.0,MOT:1,TILT:25.0,TRIM:0.124,ATE:1,LATCH:0,TORQ:1,CR:0.0,FX1:1.00,FY1:-151.10,FX2:-6.00,FY2:-149.60,IK1:1,IK2:1,MOVE:0
[2026-09-09 18:13:54.740] [RX] PITCH:2.87,PID_OUT:-145.16,INT:0.1588,EL:-6809,ER:-5643,VEL:-26.7,MOT:1,TILT:25.0,TRIM:1.281,ATE:1,LATCH:0,TORQ:1,CR:0.0,FX1:1.00,FY1:-151.10,FX2:-6.00,FY2:-149.60,IK1:1,IK2:1,MOVE:0
[2026-09-09 18:13:54.745] [RX] AX12:MODE:0,TQ:1,TL:1023,CM:1,CS:4,MS:0,MT:800
[2026-09-09 18:13:54.831] [RX] PITCH:5.26,PID_OUT:-167.67,INT:0.0156,EL:-6837,ER:-5632,VEL:-160.1,MOT:1,TILT:25.0,TRIM:3.340,ATE:1,LATCH:0,TORQ:1,CR:0.0,FX1:1.00,FY1:-151.10,FX2:-6.00,FY2:-149.60,IK1:1,IK2:1,MOVE:0
[2026-09-09 18:13:54.933] [RX] PITCH:6.38,PID_OUT:-115.41,INT:-0.1568,EL:-6873,ER:-5612,VEL:-255.4,MOT:1,TILT:25.0,TRIM:4.831,ATE:1,LATCH:0,TORQ:1,CR:0.0,FX1:1.00,FY1:-151.10,FX2:-6.00,FY2:-149.60,IK1:1,IK2:1,MOVE:0
[2026-09-09 18:13:55.032] [RX] PITCH:7.62,PID_OUT:-50.93,INT:-0.2366,EL:-6912,ER:-5586,VEL:-320.1,MOT:1,TILT:25.0,TRIM:5.865,ATE:1,LATCH:0,TORQ:1,CR:0.0,FX1:1.00,FY1:-151.10,FX2:-6.00,FY2:-149.60,IK1:1,IK2:1,MOVE:0
[2026-09-09 18:13:55.132] [RX] PITCH:6.37,PID_OUT:27.84,INT:-0.2366,EL:-6947,ER:-5567,VEL:-264.0,MOT:1,TILT:25.0,TRIM:5.052,ATE:1,LATCH:0,TORQ:1,CR:0.0,FX1:1.00,FY1:-151.10,FX2:-6.00,FY2:-149.60,IK1:1,IK2:1,MOVE:0
[2026-09-09 18:13:55.241] [RX] PITCH:3.32,PID_OUT:83.49,INT:-0.2302,EL:-6970,ER:-5558,VEL:-170.5,MOT:1,TILT:25.0,TRIM:3.654,ATE:1,LATCH:0,TORQ:1,CR:0.0,FX1:1.00,FY1:-151.10,FX2:-6.00,FY2:-149.60,IK1:1,IK2:1,MOVE:0
[2026-09-09 18:13:55.241] [RX] AX12:MODE:0,TQ:1,TL:1023,CM:1,CS:4,MS:0,MT:800
[2026-09-09 18:13:55.330] [RX] PITCH:0.85,PID_OUT:89.30,INT:-0.1756,EL:-6977,ER:-5564,VEL:-17.8,MOT:1,TILT:25.0,TRIM:1.331,ATE:1,LATCH:0,TORQ:1,CR:0.0,FX1:1.00,FY1:-151.10,FX2:-6.00,FY2:-149.60,IK1:1,IK2:1,MOVE:0
[2026-09-09 18:13:55.333] [RX] SRV:14,36,0.0,0,0
[2026-09-09 18:13:55.430] [RX] PITCH:-2.78,PID_OUT:176.83,INT:-0.0198,EL:-6970,ER:-5579,VEL:105.0,MOT:1,TILT:25.0,TRIM:-0.555,ATE:1,LATCH:0,TORQ:1,CR:0.0,FX1:1.00,FY1:-151.10,FX2:-6.00,FY2:-149.60,IK1:1,IK2:1,MOVE:0
[2026-09-09 18:13:55.530] [RX] PITCH:-5.17,PID_OUT:102.77,INT:0.1818,EL:-6943,ER:-5614,VEL:284.2,MOT:1,TILT:25.0,TRIM:-3.328,ATE:1,LATCH:0,TORQ:1,CR:0.0,FX1:1.00,FY1:-151.10,FX2:-6.00,FY2:-149.60,IK1:1,IK2:1,MOVE:0
[2026-09-09 18:13:55.628] [RX] PITCH:-5.37,PID_OUT:26.70,INT:0.2366,EL:-6908,ER:-5648,VEL:331.9,MOT:1,TILT:25.0,TRIM:-4.105,ATE:1,LATCH:0,TORQ:1,CR:0.0,FX1:1.00,FY1:-151.10,FX2:-6.00,FY2:-149.60,IK1:1,IK2:1,MOVE:0
[2026-09-09 18:13:55.731] [RX] PITCH:-3.99,PID_OUT:3.21,INT:0.2366,EL:-6877,ER:-5668,VEL:256.4,MOT:1,TILT:25.0,TRIM:-2.994,ATE:1,LATCH:0,TORQ:1,CR:0.0,FX1:1.00,FY1:-151.10,FX2:-6.00,FY2:-149.60,IK1:1,IK2:1,MOVE:0
[2026-09-09 18:13:55.741] [RX] AX12:MODE:0,TQ:1,TL:1023,CM:1,CS:4,MS:0,MT:800
[2026-09-09 18:13:55.828] [RX] PITCH:-1.88,PID_OUT:-20.46,INT:0.2366,EL:-6862,ER:-5678,VEL:139.5,MOT:1,TILT:25.0,TRIM:-1.234,ATE:1,LATCH:0,TORQ:1,CR:0.0,FX1:1.00,FY1:-151.10,FX2:-6.00,FY2:-149.60,IK1:1,IK2:1,MOVE:0
[2026-09-09 18:13:55.933] [RX] PITCH:0.49,PID_OUT:-58.02,INT:0.2366,EL:-6867,ER:-5682,VEL:17.1,MOT:1,TILT:25.0,TRIM:0.628,ATE:1,LATCH:0,TORQ:1,CR:0.0,FX1:1.00,FY1:-151.10,FX2:-6.00,FY2:-149.60,IK1:1,IK2:1,MOVE:0
[2026-09-09 18:13:56.031] [RX] PITCH:3.40,PID_OUT:-147.80,INT:0.1673,EL:-6878,ER:-5681,VEL:-34.1,MOT:1,TILT:25.0,TRIM:1.416,ATE:1,LATCH:0,TORQ:1,CR:0.0,FX1:1.00,FY1:-151.10,FX2:-6.00,FY2:-149.60,IK1:1,IK2:1,MOVE:0
[2026-09-09 18:13:56.125] [RX] PITCH:5.13,PID_OUT:-130.13,INT:-0.0287,EL:-6905,ER:-5674,VEL:-142.0,MOT:1,TILT:25.0,TRIM:3.084,ATE:1,LATCH:0,TORQ:1,CR:0.0,FX1:1.00,FY1:-151.10,FX2:-6.00,FY2:-149.60,IK1:1,IK2:1,MOVE:0
[2026-09-09 18:13:56.237] [RX] PITCH:5.39,PID_OUT:-103.87,INT:-0.1904,EL:-6931,ER:-5660,VEL:-189.3,MOT:1,TILT:25.0,TRIM:3.833,ATE:1,LATCH:0,TORQ:1,CR:0.0,FX1:1.00,FY1:-151.10,FX2:-6.00,FY2:-149.60,IK1:1,IK2:1,MOVE:0
[2026-09-09 18:13:56.239] [RX] AX12:MODE:0,TQ:1,TL:1023,CM:1,CS:4,MS:0,MT:800
[2026-09-09 18:13:56.331] [RX] PITCH:6.07,PID_OUT:-50.34,INT:-0.2366,EL:-6963,ER:-5644,VEL:-225.6,MOT:1,TILT:25.0,TRIM:4.421,ATE:1,LATCH:0,TORQ:1,CR:0.0,FX1:1.00,FY1:-151.10,FX2:-6.00,FY2:-149.60,IK1:1,IK2:1,MOVE:0
[2026-09-09 18:13:56.331] [RX] SRV:1,39,0.0,0,0
[2026-09-09 18:13:56.427] [RX] PITCH:3.74,PID_OUT:60.48,INT:-0.2366,EL:-6989,ER:-5638,VEL:-155.5,MOT:1,TILT:25.0,TRIM:3.380,ATE:1,LATCH:0,TORQ:1,CR:0.0,FX1:1.00,FY1:-151.10,FX2:-6.00,FY2:-149.60,IK1:1,IK2:1,MOVE:0
[2026-09-09 18:13:56.528] [RX] PITCH:0.73,PID_OUT:69.01,INT:-0.1387,EL:-7000,ER:-5635,VEL:-72.6,MOT:1,TILT:25.0,TRIM:2.128,ATE:1,LATCH:0,TORQ:1,CR:0.0,FX1:1.00,FY1:-151.10,FX2:-6.00,FY2:-149.60,IK1:1,IK2:1,MOVE:0
[2026-09-09 18:13:56.625] [RX] PITCH:-0.83,PID_OUT:102.27,INT:0.0159,EL:-6995,ER:-5635,VEL:10.7,MOT:1,TILT:25.0,TRIM:0.858,ATE:1,LATCH:0,TORQ:1,CR:0.0,FX1:1.00,FY1:-151.10,FX2:-6.00,FY2:-149.60,IK1:1,IK2:1,MOVE:0
[2026-09-09 18:13:56.735] [RX] PITCH:-1.27,PID_OUT:100.99,INT:0.1679,EL:-6980,ER:-5635,VEL:68.8,MOT:1,TILT:25.0,TRIM:-0.038,ATE:1,LATCH:0,TORQ:1,CR:0.0,FX1:1.00,FY1:-151.10,FX2:-6.00,FY2:-149.60,IK1:1,IK2:1,MOVE:0
[2026-09-09 18:13:56.738] [RX] AX12:MODE:0,TQ:1,TL:1023,CM:1,CS:4,MS:0,MT:800
[2026-09-09 18:13:56.826] [RX] PITCH:-1.44,PID_OUT:80.85,INT:0.2366,EL:-6957,ER:-5635,VEL:107.6,MOT:1,TILT:25.0,TRIM:-0.646,ATE:1,LATCH:0,TORQ:1,CR:0.0,FX1:1.00,FY1:-151.10,FX2:-6.00,FY2:-149.60,IK1:1,IK2:1,MOVE:0
[2026-09-09 18:13:56.928] [RX] PITCH:-1.47,PID_OUT:57.61,INT:0.2366,EL:-6931,ER:-5635,VEL:123.4,MOT:1,TILT:25.0,TRIM:-0.905,ATE:1,LATCH:0,TORQ:1,CR:0.0,FX1:1.00,FY1:-151.10,FX2:-6.00,FY2:-149.60,IK1:1,IK2:1,MOVE:0
[2026-09-09 18:13:57.027] [RX] PITCH:-1.40,PID_OUT:58.70,INT:0.2366,EL:-6908,ER:-5635,VEL:112.1,MOT:1,TILT:25.0,TRIM:-0.750,ATE:1,LATCH:0,TORQ:1,CR:0.0,FX1:1.00,FY1:-151.10,FX2:-6.00,FY2:-149.60,IK1:1,IK2:1,MOVE:0
[2026-09-09 18:13:57.129] [RX] PITCH:-1.28,PID_OUT:-3.26,INT:0.2366,EL:-6890,ER:-5635,VEL:92.0,MOT:1,TILT:25.0,TRIM:-0.459,ATE:1,LATCH:0,TORQ:1,CR:0.0,FX1:1.00,FY1:-151.10,FX2:-6.00,FY2:-149.60,IK1:1,IK2:1,MOVE:0
[2026-09-09 18:13:57.231] [RX] PITCH:1.03,PID_OUT:-89.99,INT:0.2366,EL:-6894,ER:-5634,VEL:-19.0,MOT:1,TILT:25.0,TRIM:1.234,ATE:1,LATCH:0,TORQ:1,CR:0.0,FX1:1.00,FY1:-151.10,FX2:-6.00,FY2:-149.60,IK1:1,IK2:1,MOVE:0
[2026-09-09 18:13:57.238] [RX] AX12:MODE:0,TQ:1,TL:1023,CM:1,CS:4,MS:0,MT:800
[2026-09-09 18:13:57.327] [RX] PITCH:4.17,PID_OUT:-131.32,INT:0.1103,EL:-6907,ER:-5629,VEL:-97.3,MOT:1,TILT:25.0,TRIM:2.439,ATE:1,LATCH:0,TORQ:1,CR:0.0,FX1:1.00,FY1:-151.10,FX2:-6.00,FY2:-149.60,IK1:1,IK2:1,MOVE:0
[2026-09-09 18:13:57.330] [RX] SRV:6,36,0.0,0,0
[2026-09-09 18:13:57.425] [RX] PITCH:6.87,PID_OUT:-148.51,INT:-0.0684,EL:-6944,ER:-5614,VEL:-234.9,MOT:1,TILT:25.0,TRIM:4.572,ATE:1,LATCH:0,TORQ:1,CR:0.0,FX1:1.00,FY1:-151.10,FX2:-6.00,FY2:-149.60,IK1:1,IK2:1,MOVE:0
[2026-09-09 18:13:57.525] [RX] PITCH:7.61,PID_OUT:-41.61,INT:-0.2366,EL:-6985,ER:-5594,VEL:-283.5,MOT:1,TILT:25.0,TRIM:5.356,ATE:1,LATCH:0,TORQ:1,CR:0.0,FX1:1.00,FY1:-151.10,FX2:-6.00,FY2:-149.60,IK1:1,IK2:1,MOVE:0
[2026-09-09 18:13:57.625] [RX] PITCH:4.76,PID_OUT:24.70,INT:-0.2366,EL:-7016,ER:-5584,VEL:-191.9,MOT:1,TILT:25.0,TRIM:3.994,ATE:1,LATCH:0,TORQ:1,CR:0.0,FX1:1.00,FY1:-151.10,FX2:-6.00,FY2:-149.60,IK1:1,IK2:1,MOVE:0
[2026-09-09 18:13:57.725] [RX] PITCH:1.69,PID_OUT:67.23,INT:-0.1777,EL:-7032,ER:-5578,VEL:-112.7,MOT:1,TILT:25.0,TRIM:2.805,ATE:1,LATCH:0,TORQ:1,CR:0.0,FX1:1.00,FY1:-151.10,FX2:-6.00,FY2:-149.60,IK1:1,IK2:1,MOVE:0
[2026-09-09 18:13:57.733] [RX] AX12:MODE:0,TQ:1,TL:1023,CM:1,CS:4,MS:0,MT:800
[2026-09-09 18:13:57.821] [RX] PITCH:0.16,PID_OUT:121.55,INT:-0.0734,EL:-7034,ER:-5578,VEL:-26.3,MOT:1,TILT:25.0,TRIM:1.493,ATE:1,LATCH:0,TORQ:1,CR:0.0,FX1:1.00,FY1:-151.10,FX2:-6.00,FY2:-149.60,IK1:1,IK2:1,MOVE:0
[2026-09-09 18:13:57.927] [RX] PITCH:-1.42,PID_OUT:104.06,INT:0.0413,EL:-7027,ER:-5595,VEL:106.3,MOT:1,TILT:25.0,TRIM:-0.544,ATE:1,LATCH:0,TORQ:1,CR:0.0,FX1:1.00,FY1:-151.10,FX2:-6.00,FY2:-149.60,IK1:1,IK2:1,MOVE:0
[2026-09-09 18:13:58.023] [RX] PITCH:-2.98,PID_OUT:113.81,INT:0.1603,EL:-7012,ER:-5619,VEL:194.8,MOT:1,TILT:25.0,TRIM:-1.920,ATE:1,LATCH:0,TORQ:1,CR:0.0,FX1:1.00,FY1:-151.10,FX2:-6.00,FY2:-149.60,IK1:1,IK2:1,MOVE:0
[2026-09-09 18:13:58.131] [RX] PITCH:-4.15,PID_OUT:110.87,INT:0.2366,EL:-6992,ER:-5650,VEL:242.6,MOT:1,TILT:25.0,TRIM:-2.684,ATE:1,LATCH:0,TORQ:1,CR:0.0,FX1:1.00,FY1:-151.10,FX2:-6.00,FY2:-149.60,IK1:1,IK2:1,MOVE:0
[2026-09-09 18:13:58.234] [RX] PITCH:-4.05,PID_OUT:66.86,INT:0.2366,EL:-6972,ER:-5676,VEL:231.9,MOT:1,TILT:25.0,TRIM:-2.556,ATE:1,LATCH:0,TORQ:1,CR:0.0,FX1:1.00,FY1:-151.10,FX2:-6.00,FY2:-149.60,IK1:1,IK2:1,MOVE:0
[2026-09-09 18:13:58.234] [RX] AX12:MODE:0,TQ:1,TL:1023,CM:1,CS:4,MS:0,MT:800
[2026-09-09 18:13:58.326] [RX] PITCH:-3.11,PID_OUT:14.01,INT:0.2366,EL:-6954,ER:-5703,VEL:218.3,MOT:1,TILT:25.0,TRIM:-2.383,ATE:1,LATCH:0,TORQ:1,CR:0.0,FX1:1.00,FY1:-151.10,FX2:-6.00,FY2:-149.60,IK1:1,IK2:1,MOVE:0
[2026-09-09 18:13:58.326] [RX] SRV:0,36,0.0,0,0
[2026-09-09 18:13:58.422] [RX] PITCH:-1.50,PID_OUT:-20.37,INT:0.2366,EL:-6954,ER:-5724,VEL:106.8,MOT:1,TILT:25.0,TRIM:-0.702,ATE:1,LATCH:0,TORQ:1,CR:0.0,FX1:1.00,FY1:-151.10,FX2:-6.00,FY2:-149.60,IK1:1,IK2:1,MOVE:0
[2026-09-09 18:13:58.523] [RX] PITCH:0.91,PID_OUT:-70.72,INT:0.2318,EL:-6963,ER:-5736,VEL:19.9,MOT:1,TILT:25.0,TRIM:0.618,ATE:1,LATCH:0,TORQ:1,CR:0.0,FX1:1.00,FY1:-151.10,FX2:-6.00,FY2:-149.60,IK1:1,IK2:1,MOVE:0
[2026-09-09 18:13:58.621] [RX] PITCH:3.62,PID_OUT:-119.18,INT:0.1242,EL:-6983,ER:-5737,VEL:-95.9,MOT:1,TILT:25.0,TRIM:2.393,ATE:1,LATCH:0,TORQ:1,CR:0.0,FX1:1.00,FY1:-151.10,FX2:-6.00,FY2:-149.60,IK1:1,IK2:1,MOVE:0
[2026-09-09 18:13:58.723] [RX] PITCH:5.35,PID_OUT:-111.44,INT:-0.0342,EL:-7013,ER:-5728,VEL:-184.4,MOT:1,TILT:25.0,TRIM:3.770,ATE:1,LATCH:0,TORQ:1,CR:0.0,FX1:1.00,FY1:-151.10,FX2:-6.00,FY2:-149.60,IK1:1,IK2:1,MOVE:0
[2026-09-09 18:13:58.732] [RX] AX12:MODE:0,TQ:1,TL:1023,CM:1,CS:4,MS:0,MT:800
[2026-09-09 18:13:58.821] [RX] PITCH:6.68,PID_OUT:-113.38,INT:-0.2065,EL:-7051,ER:-5711,VEL:-266.2,MOT:1,TILT:25.0,TRIM:5.055,ATE:1,LATCH:0,TORQ:1,CR:0.0,FX1:1.00,FY1:-151.10,FX2:-6.00,FY2:-149.60,IK1:1,IK2:1,MOVE:0
[2026-09-09 18:13:58.920] [RX] PITCH:5.88,PID_OUT:-11.17,INT:-0.2366,EL:-7089,ER:-5695,VEL:-270.5,MOT:1,TILT:25.0,TRIM:5.161,ATE:1,LATCH:0,TORQ:1,CR:0.0,FX1:1.00,FY1:-151.10,FX2:-6.00,FY2:-149.60,IK1:1,IK2:1,MOVE:0
[2026-09-09 18:13:59.021] [RX] PITCH:4.29,PID_OUT:-11.84,INT:-0.2366,EL:-7115,ER:-5683,VEL:-204.6,MOT:1,TILT:25.0,TRIM:4.186,ATE:1,LATCH:0,TORQ:1,CR:0.0,FX1:1.00,FY1:-151.10,FX2:-6.00,FY2:-149.60,IK1:1,IK2:1,MOVE:0
[2026-09-09 18:13:59.120] [RX] PITCH:2.87,PID_OUT:6.73,INT:-0.2306,EL:-7136,ER:-5679,VEL:-138.1,MOT:1,TILT:25.0,TRIM:3.195,ATE:1,LATCH:0,TORQ:1,CR:0.0,FX1:1.00,FY1:-151.10,FX2:-6.00,FY2:-149.60,IK1:1,IK2:1,MOVE:0
[2026-09-09 18:13:59.234] [RX] PITCH:1.42,PID_OUT:18.06,INT:-0.2016,EL:-7144,ER:-5679,VEL:-56.1,MOT:1,TILT:25.0,TRIM:1.953,ATE:1,LATCH:0,TORQ:1,CR:0.0,FX1:1.00,FY1:-151.10,FX2:-6.00,FY2:-149.60,IK1:1,IK2:1,MOVE:0
[2026-09-09 18:13:59.234] [RX] AX12:MODE:0,TQ:1,TL:1023,CM:1,CS:4,MS:0,MT:800
[2026-09-09 18:13:59.323] [RX] PITCH:-0.50,PID_OUT:96.19,INT:-0.0899,EL:-7143,ER:-5679,VEL:-3.6,MOT:1,TILT:25.0,TRIM:1.152,ATE:1,LATCH:0,TORQ:1,CR:0.0,FX1:1.00,FY1:-151.10,FX2:-6.00,FY2:-149.60,IK1:1,IK2:1,MOVE:0
[2026-09-09 18:13:59.323] [RX] SRV:14,36,0.0,0,0
[2026-09-09 18:13:59.420] [RX] PITCH:-1.17,PID_OUT:56.10,INT:0.0526,EL:-7137,ER:-5693,VEL:92.1,MOT:1,TILT:25.0,TRIM:-0.319,ATE:1,LATCH:0,TORQ:1,CR:0.0,FX1:1.00,FY1:-151.10,FX2:-6.00,FY2:-149.60,IK1:1,IK2:1,MOVE:0
[2026-09-09 18:13:59.518] [RX] PITCH:-1.97,PID_OUT:98.85,INT:0.1543,EL:-7127,ER:-5708,VEL:121.4,MOT:1,TILT:25.0,TRIM:-0.783,ATE:1,LATCH:0,TORQ:1,CR:0.0,FX1:1.00,FY1:-151.10,FX2:-6.00,FY2:-149.60,IK1:1,IK2:1,MOVE:0
[2026-09-09 18:13:59.618] [RX] PITCH:-2.24,PID_OUT:64.49,INT:0.2366,EL:-7114,ER:-5730,VEL:172.8,MOT:1,TILT:25.0,TRIM:-1.591,ATE:1,LATCH:0,TORQ:1,CR:0.0,FX1:1.00,FY1:-151.10,FX2:-6.00,FY2:-149.60,IK1:1,IK2:1,MOVE:0
[2026-09-09 18:13:59.724] [RX] PITCH:-2.43,PID_OUT:97.50,INT:0.2366,EL:-7103,ER:-5746,VEL:134.9,MOT:1,TILT:25.0,TRIM:-1.034,ATE:1,LATCH:0,TORQ:1,CR:0.0,FX1:1.00,FY1:-151.10,FX2:-6.00,FY2:-149.60,IK1:1,IK2:1,MOVE:0
[2026-09-09 18:13:59.730] [RX] AX12:MODE:0,TQ:1,TL:1023,CM:1,CS:4,MS:0,MT:800
[2026-09-09 18:13:59.818] [RX] PITCH:-1.78,PID_OUT:63.07,INT:0.2366,EL:-7096,ER:-5765,VEL:119.9,MOT:1,TILT:25.0,TRIM:-0.827,ATE:1,LATCH:0,TORQ:1,CR:0.0,FX1:1.00,FY1:-151.10,FX2:-6.00,FY2:-149.60,IK1:1,IK2:1,MOVE:0
[2026-09-09 18:13:59.918] [RX] PITCH:-0.72,PID_OUT:54.12,INT:0.2366,EL:-7097,ER:-5781,VEL:63.8,MOT:1,TILT:25.0,TRIM:0.017,ATE:1,LATCH:0,TORQ:1,CR:0.0,FX1:1.00,FY1:-151.10,FX2:-6.00,FY2:-149.60,IK1:1,IK2:1,MOVE:0
[2026-09-09 18:14:00.016] [RX] PITCH:0.58,PID_OUT:5.38,INT:0.2366,EL:-7095,ER:-5781,VEL:19.2,MOT:1,TILT:25.0,TRIM:0.693,ATE:1,LATCH:0,TORQ:1,CR:0.0,FX1:1.00,FY1:-151.10,FX2:-6.00,FY2:-149.60,IK1:1,IK2:1,MOVE:0
[2026-09-09 18:14:00.118] [RX] PITCH:2.24,PID_OUT:-24.30,INT:0.2145,EL:-7109,ER:-5781,VEL:-70.6,MOT:1,TILT:25.0,TRIM:2.070,ATE:1,LATCH:0,TORQ:1,CR:0.0,FX1:1.00,FY1:-151.10,FX2:-6.00,FY2:-149.60,IK1:1,IK2:1,MOVE:0
[2026-09-09 18:14:00.219] [RX] PITCH:4.14,PID_OUT:-11.00,INT:0.2303,EL:-7158,ER:-5781,VEL:-223.6,MOT:1,TILT:25.0,TRIM:4.435,ATE:1,LATCH:0,TORQ:1,CR:0.0,FX1:1.00,FY1:-151.10,FX2:-6.00,FY2:-149.60,IK1:1,IK2:1,MOVE:0
[2026-09-09 18:14:00.227] [RX] AX12:MODE:0,TQ:1,TL:1023,CM:1,CS:4,MS:0,MT:800
[2026-09-09 18:14:00.318] [RX] PITCH:6.54,PID_OUT:-77.17,INT:0.2290,EL:-7238,ER:-5781,VEL:-390.9,MOT:1,TILT:25.0,TRIM:6.000,ATE:1,LATCH:0,TORQ:1,CR:0.0,FX1:1.00,FY1:-151.10,FX2:-6.00,FY2:-149.60,IK1:1,IK2:1,MOVE:0
[2026-09-09 18:14:00.320] [RX] SRV:1,39,0.0,0,0
[2026-09-09 18:14:00.417] [RX] PITCH:8.50,PID_OUT:-102.71,INT:-0.0559,EL:-7270,ER:-5773,VEL:-226.6,MOT:1,TILT:25.0,TRIM:4.570,ATE:1,LATCH:0,TORQ:1,CR:0.0,FX1:1.00,FY1:-151.10,FX2:-6.00,FY2:-149.60,IK1:1,IK2:1,MOVE:0
[2026-09-09 18:14:00.519] [RX] PITCH:5.47,PID_OUT:-43.52,INT:-0.2345,EL:-7304,ER:-5754,VEL:-252.5,MOT:1,TILT:25.0,TRIM:5.004,ATE:1,LATCH:0,TORQ:1,CR:0.0,FX1:1.00,FY1:-151.10,FX2:-6.00,FY2:-149.60,IK1:1,IK2:1,MOVE:0
[2026-09-09 18:14:00.617] [RX] PITCH:5.40,PID_OUT:-99.45,INT:-0.2366,EL:-7333,ER:-5744,VEL:-192.6,MOT:1,TILT:25.0,TRIM:4.122,ATE:1,LATCH:0,TORQ:1,CR:0.0,FX1:1.00,FY1:-151.10,FX2:-6.00,FY2:-149.60,IK1:1,IK2:1,MOVE:0
[2026-09-09 18:14:00.719] [RX] PITCH:5.19,PID_OUT:-23.26,INT:-0.2366,EL:-7358,ER:-5734,VEL:-179.0,MOT:1,TILT:25.0,TRIM:3.941,ATE:1,LATCH:0,TORQ:1,CR:0.0,FX1:1.00,FY1:-151.10,FX2:-6.00,FY2:-149.60,IK1:1,IK2:1,MOVE:0
[2026-09-09 18:14:00.727] [RX] AX12:MODE:0,TQ:1,TL:1023,CM:1,CS:4,MS:0,MT:800
[2026-09-09 18:14:00.815] [RX] PITCH:3.12,PID_OUT:74.41,INT:-0.2351,EL:-7381,ER:-5730,VEL:-133.3,MOT:1,TILT:25.0,TRIM:3.266,ATE:1,LATCH:0,TORQ:1,CR:0.0,FX1:1.00,FY1:-151.10,FX2:-6.00,FY2:-149.60,IK1:1,IK2:1,MOVE:0
[2026-09-09 18:14:00.916] [RX] PITCH:0.21,PID_OUT:-13.93,INT:-0.2366,EL:-7391,ER:-5769,VEL:134.4,MOT:1,TILT:25.0,TRIM:-0.829,ATE:1,LATCH:0,TORQ:1,CR:0.0,FX1:1.00,FY1:-151.10,FX2:-6.00,FY2:-149.60,IK1:1,IK2:1,MOVE:0
[2026-09-09 18:14:01.017] [RX] PITCH:-3.44,PID_OUT:200.49,INT:-0.1430,EL:-7391,ER:-5797,VEL:131.5,MOT:1,TILT:25.0,TRIM:-0.805,ATE:1,LATCH:0,TORQ:1,CR:0.0,FX1:1.00,FY1:-151.10,FX2:-6.00,FY2:-149.60,IK1:1,IK2:1,MOVE:0
[2026-09-09 18:14:01.117] [RX] PITCH:-3.84,PID_OUT:39.07,INT:0.1130,EL:-7369,ER:-5824,VEL:241.5,MOT:1,TILT:25.0,TRIM:-2.515,ATE:1,LATCH:0,TORQ:1,CR:0.0,FX1:1.00,FY1:-151.10,FX2:-6.00,FY2:-149.60,IK1:1,IK2:1,MOVE:0
[2026-09-09 18:14:01.218] [RX] PITCH:-4.44,PID_OUT:87.24,INT:0.2366,EL:-7347,ER:-5856,VEL:270.3,MOT:1,TILT:25.0,TRIM:-2.994,ATE:1,LATCH:0,TORQ:1,CR:0.0,FX1:1.00,FY1:-151.10,FX2:-6.00,FY2:-149.60,IK1:1,IK2:1,MOVE:0
[2026-09-09 18:14:01.227] [RX] AX12:MODE:0,TQ:1,TL:1023,CM:1,CS:4,MS:0,MT:800
[2026-09-09 18:14:01.319] [RX] PITCH:-3.71,PID_OUT:12.51,INT:0.2366,EL:-7325,ER:-5884,VEL:242.8,MOT:1,TILT:25.0,TRIM:-2.614,ATE:1,LATCH:0,TORQ:1,CR:0.0,FX1:1.00,FY1:-151.10,FX2:-6.00,FY2:-149.60,IK1:1,IK2:1,MOVE:0
[2026-09-09 18:14:01.319] [RX] SRV:6,36,0.0,0,0
[2026-09-09 18:14:01.414] [RX] PITCH:-2.00,PID_OUT:4.48,INT:0.2366,EL:-7313,ER:-5903,VEL:165.1,MOT:1,TILT:25.0,TRIM:-1.455,ATE:1,LATCH:0,TORQ:1,CR:0.0,FX1:1.00,FY1:-151.10,FX2:-6.00,FY2:-149.60,IK1:1,IK2:1,MOVE:0
[2026-09-09 18:14:01.514] [RX] PITCH:-0.10,PID_OUT:-17.40,INT:0.2366,EL:-7307,ER:-5903,VEL:47.5,MOT:1,TILT:25.0,TRIM:0.331,ATE:1,LATCH:0,TORQ:1,CR:0.0,FX1:1.00,FY1:-151.10,FX2:-6.00,FY2:-149.60,IK1:1,IK2:1,MOVE:0
[2026-09-09 18:14:01.614] [RX] PITCH:2.67,PID_OUT:-33.38,INT:0.2344,EL:-7335,ER:-5903,VEL:-132.3,MOT:1,TILT:25.0,TRIM:3.087,ATE:1,LATCH:0,TORQ:1,CR:0.0,FX1:1.00,FY1:-151.10,FX2:-6.00,FY2:-149.60,IK1:1,IK2:1,MOVE:0
[2026-09-09 18:14:01.723] [RX] PITCH:4.74,PID_OUT:-98.20,INT:0.0822,EL:-7353,ER:-5897,VEL:-156.5,MOT:1,TILT:25.0,TRIM:3.473,ATE:1,LATCH:0,TORQ:1,CR:0.0,FX1:1.00,FY1:-151.10,FX2:-6.00,FY2:-149.60,IK1:1,IK2:1,MOVE:0
[2026-09-09 18:14:01.728] [RX] AX12:MODE:0,TQ:1,TL:1023,CM:1,CS:4,MS:0,MT:800
[2026-09-09 18:14:01.818] [RX] PITCH:6.44,PID_OUT:-112.11,INT:-0.0671,EL:-7389,ER:-5883,VEL:-239.4,MOT:1,TILT:25.0,TRIM:4.772,ATE:1,LATCH:0,TORQ:1,CR:0.0,FX1:1.00,FY1:-151.10,FX2:-6.00,FY2:-149.60,IK1:1,IK2:1,MOVE:0
[2026-09-09 18:14:01.917] [RX] PITCH:7.28,PID_OUT:-111.99,INT:-0.2366,EL:-7424,ER:-5864,VEL:-260.0,MOT:1,TILT:25.0,TRIM:5.127,ATE:1,LATCH:0,TORQ:1,CR:0.0,FX1:1.00,FY1:-151.10,FX2:-6.00,FY2:-149.60,IK1:1,IK2:1,MOVE:0
[2026-09-09 18:14:02.010] [RX] PITCH:5.85,PID_OUT:12.08,INT:-0.2366,EL:-7457,ER:-5846,VEL:-239.6,MOT:1,TILT:25.0,TRIM:4.854,ATE:1,LATCH:0,TORQ:1,CR:0.0,FX1:1.00,FY1:-151.10,FX2:-6.00,FY2:-149.60,IK1:1,IK2:1,MOVE:0
[2026-09-09 18:14:02.113] [RX] PITCH:3.02,PID_OUT:96.56,INT:-0.2296,EL:-7477,ER:-5839,VEL:-153.3,MOT:1,TILT:25.0,TRIM:3.561,ATE:1,LATCH:0,TORQ:1,CR:0.0,FX1:1.00,FY1:-151.10,FX2:-6.00,FY2:-149.60,IK1:1,IK2:1,MOVE:0
[2026-09-09 18:14:02.221] [RX] PITCH:0.48,PID_OUT:113.92,INT:-0.1328,EL:-7481,ER:-5839,VEL:-40.0,MOT:1,TILT:25.0,TRIM:1.840,ATE:1,LATCH:0,TORQ:1,CR:0.0,FX1:1.00,FY1:-151.10,FX2:-6.00,FY2:-149.60,IK1:1,IK2:1,MOVE:0
[2026-09-09 18:14:02.222] [RX] AX12:MODE:0,TQ:1,TL:1023,CM:1,CS:4,MS:0,MT:800
[2026-09-09 18:14:02.315] [RX] PITCH:-2.13,PID_OUT:117.27,INT:0.0213,EL:-7474,ER:-5857,VEL:97.6,MOT:1,TILT:25.0,TRIM:-0.272,ATE:1,LATCH:0,TORQ:1,CR:0.0,FX1:1.00,FY1:-151.10,FX2:-6.00,FY2:-149.60,IK1:1,IK2:1,MOVE:0
[2026-09-09 18:14:02.315] [RX] SRV:0,36,0.0,0,0
[2026-09-09 18:14:02.413] [RX] PITCH:-3.37,PID_OUT:84.35,INT:0.1850,EL:-7459,ER:-5888,VEL:208.6,MOT:1,TILT:25.0,TRIM:-1.996,ATE:1,LATCH:0,TORQ:1,CR:0.0,FX1:1.00,FY1:-151.10,FX2:-6.00,FY2:-149.60,IK1:1,IK2:1,MOVE:0
[2026-09-09 18:14:02.511] [RX] PITCH:-3.47,PID_OUT:62.25,INT:0.2366,EL:-7441,ER:-5913,VEL:212.6,MOT:1,TILT:25.0,TRIM:-2.089,ATE:1,LATCH:0,TORQ:1,CR:0.0,FX1:1.00,FY1:-151.10,FX2:-6.00,FY2:-149.60,IK1:1,IK2:1,MOVE:0
[2026-09-09 18:14:02.612] [RX] PITCH:-2.26,PID_OUT:-2.45,INT:0.2366,EL:-7425,ER:-5934,VEL:175.3,MOT:1,TILT:25.0,TRIM:-1.549,ATE:1,LATCH:0,TORQ:1,CR:0.0,FX1:1.00,FY1:-151.10,FX2:-6.00,FY2:-149.60,IK1:1,IK2:1,MOVE:0
[2026-09-09 18:14:02.722] [RX] PITCH:-0.40,PID_OUT:-10.87,INT:0.2366,EL:-7419,ER:-5943,VEL:82.0,MOT:1,TILT:25.0,TRIM:-0.140,ATE:1,LATCH:0,TORQ:1,CR:0.0,FX1:1.00,FY1:-151.10,FX2:-6.00,FY2:-149.60,IK1:1,IK2:1,MOVE:0
[2026-09-09 18:14:02.722] [RX] AX12:MODE:0,TQ:1,TL:1023,CM:1,CS:4,MS:0,MT:800
[2026-09-09 18:14:02.812] [RX] PITCH:1.79,PID_OUT:-26.62,INT:0.2162,EL:-7426,ER:-5945,VEL:-1.6,MOT:1,TILT:25.0,TRIM:1.135,ATE:1,LATCH:0,TORQ:1,CR:0.0,FX1:1.00,FY1:-151.10,FX2:-6.00,FY2:-149.60,IK1:1,IK2:1,MOVE:0
[2026-09-09 18:14:02.912] [RX] PITCH:3.49,PID_OUT:-84.34,INT:0.1137,EL:-7441,ER:-5945,VEL:-63.9,MOT:1,TILT:25.0,TRIM:2.094,ATE:1,LATCH:0,TORQ:1,CR:0.0,FX1:1.00,FY1:-151.10,FX2:-6.00,FY2:-149.60,IK1:1,IK2:1,MOVE:0
[2026-09-09 18:14:03.010] [RX] PITCH:4.28,PID_OUT:-91.61,INT:-0.0688,EL:-7459,ER:-5943,VEL:-102.7,MOT:1,TILT:25.0,TRIM:2.700,ATE:1,LATCH:0,TORQ:1,CR:0.0,FX1:1.00,FY1:-151.10,FX2:-6.00,FY2:-149.60,IK1:1,IK2:1,MOVE:0
[2026-09-09 18:14:03.110] [RX] PITCH:3.64,PID_OUT:-88.51,INT:-0.2034,EL:-7476,ER:-5942,VEL:-83.3,MOT:1,TILT:25.0,TRIM:2.418,ATE:1,LATCH:0,TORQ:1,CR:0.0,FX1:1.00,FY1:-151.10,FX2:-6.00,FY2:-149.60,IK1:1,IK2:1,MOVE:0
[2026-09-09 18:14:03.216] [RX] PITCH:2.43,PID_OUT:-57.86,INT:-0.2366,EL:-7488,ER:-5942,VEL:-64.8,MOT:1,TILT:25.0,TRIM:2.145,ATE:1,LATCH:0,TORQ:1,CR:0.0,FX1:1.00,FY1:-151.10,FX2:-6.00,FY2:-149.60,IK1:1,IK2:1,MOVE:0
[2026-09-09 18:14:03.219] [RX] AX12:MODE:0,TQ:1,TL:1023,CM:1,CS:4,MS:0,MT:800
[2026-09-09 18:14:03.314] [RX] PITCH:1.74,PID_OUT:1.10,INT:-0.2037,EL:-7507,ER:-5942,VEL:-105.0,MOT:1,TILT:25.0,TRIM:2.771,ATE:1,LATCH:0,TORQ:1,CR:0.0,FX1:1.00,FY1:-151.10,FX2:-6.00,FY2:-149.60,IK1:1,IK2:1,MOVE:0
[2026-09-09 18:14:03.314] [RX] SRV:14,36,0.0,0,0
[2026-09-09 18:14:03.410] [RX] PITCH:1.83,PID_OUT:-36.19,INT:-0.1356,EL:-7518,ER:-5942,VEL:-60.3,MOT:1,TILT:25.0,TRIM:2.100,ATE:1,LATCH:0,TORQ:1,CR:0.0,FX1:1.00,FY1:-151.10,FX2:-6.00,FY2:-149.60,IK1:1,IK2:1,MOVE:0
[2026-09-09 18:14:03.510] [RX] PITCH:1.97,PID_OUT:-9.26,INT:-0.0538,EL:-7539,ER:-5942,VEL:-65.1,MOT:1,TILT:25.0,TRIM:2.189,ATE:1,LATCH:0,TORQ:1,CR:0.0,FX1:1.00,FY1:-151.10,FX2:-6.00,FY2:-149.60,IK1:1,IK2:1,MOVE:0
[2026-09-09 18:14:03.608] [RX] PITCH:1.74,PID_OUT:-5.83,INT:-0.0112,EL:-7550,ER:-5942,VEL:-35.1,MOT:1,TILT:25.0,TRIM:1.740,ATE:1,LATCH:0,TORQ:1,CR:0.0,FX1:1.00,FY1:-151.10,FX2:-6.00,FY2:-149.60,IK1:1,IK2:1,MOVE:0
[2026-09-09 18:14:03.711] [RX] PITCH:1.44,PID_OUT:-19.93,INT:0.0246,EL:-7580,ER:-5968,VEL:11.3,MOT:1,TILT:25.0,TRIM:1.037,ATE:1,LATCH:0,TORQ:1,CR:0.0,FX1:1.00,FY1:-151.10,FX2:-6.00,FY2:-149.60,IK1:1,IK2:1,MOVE:0
[2026-09-09 18:14:03.719] [RX] AX12:MODE:0,TQ:1,TL:1023,CM:1,CS:4,MS:0,MT:800
[2026-09-09 18:14:03.808] [RX] PITCH:1.29,PID_OUT:-27.10,INT:0.0247,EL:-7630,ER:-6018,VEL:28.3,MOT:1,TILT:25.0,TRIM:0.779,ATE:1,LATCH:0,TORQ:1,CR:0.0,FX1:1.00,FY1:-151.10,FX2:-6.00,FY2:-149.60,IK1:1,IK2:1,MOVE:0
[2026-09-09 18:14:03.909] [RX] PITCH:1.23,PID_OUT:-31.18,INT:0.0259,EL:-7680,ER:-6068,VEL:31.6,MOT:1,TILT:25.0,TRIM:0.728,ATE:1,LATCH:0,TORQ:1,CR:0.0,FX1:1.00,FY1:-151.10,FX2:-6.00,FY2:-149.60,IK1:1,IK2:1,MOVE:0
[2026-09-09 18:14:04.012] [RX] PITCH:1.51,PID_OUT:8.67,INT:0.0236,EL:-7730,ER:-6109,VEL:-35.2,MOT:1,TILT:25.0,TRIM:1.752,ATE:1,LATCH:0,TORQ:1,CR:0.0,FX1:1.00,FY1:-151.10,FX2:-6.00,FY2:-149.60,IK1:1,IK2:1,MOVE:0
[2026-09-09 18:14:04.109] [RX] PITCH:1.74,PID_OUT:-47.44,INT:0.0062,EL:-7763,ER:-6146,VEL:33.2,MOT:1,TILT:25.0,TRIM:0.708,ATE:1,LATCH:0,TORQ:1,CR:0.0,FX1:1.00,FY1:-151.10,FX2:-6.00,FY2:-149.60,IK1:1,IK2:1,MOVE:0
[2026-09-09 18:14:04.218] [RX] PITCH:1.24,PID_OUT:10.46,INT:-0.0141,EL:-7791,ER:-6168,VEL:-7.1,MOT:1,TILT:25.0,TRIM:1.325,ATE:1,LATCH:0,TORQ:1,CR:0.0,FX1:1.00,FY1:-151.10,FX2:-6.00,FY2:-149.60,IK1:1,IK2:1,MOVE:0
[2026-09-09 18:14:04.219] [RX] AX12:MODE:0,TQ:1,TL:1023,CM:1,CS:4,MS:0,MT:800
[2026-09-09 18:14:04.310] [RX] PITCH:0.52,PID_OUT:-0.78,INT:-0.0152,EL:-7829,ER:-6217,VEL:42.5,MOT:1,TILT:25.0,TRIM:0.563,ATE:1,LATCH:0,TORQ:1,CR:0.0,FX1:1.00,FY1:-151.10,FX2:-6.00,FY2:-149.60,IK1:1,IK2:1,MOVE:0
[2026-09-09 18:14:04.310] [RX] SRV:1,39,0.0,0,0
[2026-09-09 18:14:04.405] [RX] PITCH:0.12,PID_OUT:2.53,INT:0.0087,EL:-7857,ER:-6256,VEL:59.2,MOT:1,TILT:25.0,TRIM:0.300,ATE:1,LATCH:0,TORQ:1,CR:0.0,FX1:1.00,FY1:-151.10,FX2:-6.00,FY2:-149.60,IK1:1,IK2:1,MOVE:0
[2026-09-09 18:14:04.505] [RX] PITCH:0.08,PID_OUT:-32.98,INT:0.0247,EL:-7876,ER:-6292,VEL:98.6,MOT:1,TILT:25.0,TRIM:-0.312,ATE:1,LATCH:0,TORQ:1,CR:0.0,FX1:1.00,FY1:-151.10,FX2:-6.00,FY2:-149.60,IK1:1,IK2:1,MOVE:0
[2026-09-09 18:14:04.605] [RX] PITCH:0.36,PID_OUT:29.13,INT:0.0649,EL:-7900,ER:-6312,VEL:-5.0,MOT:1,TILT:25.0,TRIM:1.267,ATE:1,LATCH:0,TORQ:1,CR:0.0,FX1:1.00,FY1:-151.10,FX2:-6.00,FY2:-149.60,IK1:1,IK2:1,MOVE:0
[2026-09-09 18:14:04.711] [RX] PITCH:1.16,PID_OUT:8.03,INT:0.1050,EL:-7948,ER:-6357,VEL:-38.7,MOT:1,TILT:25.0,TRIM:1.783,ATE:1,LATCH:0,TORQ:1,CR:0.0,FX1:1.00,FY1:-151.10,FX2:-6.00,FY2:-149.60,IK1:1,IK2:1,MOVE:0
[2026-09-09 18:14:04.717] [RX] AX12:MODE:0,TQ:1,TL:1023,CM:1,CS:4,MS:0,MT:800
[2026-09-09 18:14:04.804] [RX] PITCH:2.77,PID_OUT:-49.88,INT:0.1130,EL:-8000,ER:-6395,VEL:-59.2,MOT:1,TILT:25.0,TRIM:2.104,ATE:1,LATCH:0,TORQ:1,CR:0.0,FX1:1.00,FY1:-151.10,FX2:-6.00,FY2:-149.60,IK1:1,IK2:1,MOVE:0
[2026-09-09 18:14:04.909] [RX] PITCH:4.14,PID_OUT:-14.23,INT:0.0905,EL:-8060,ER:-6414,VEL:-170.2,MOT:1,TILT:25.0,TRIM:3.825,ATE:1,LATCH:0,TORQ:1,CR:0.0,FX1:1.00,FY1:-151.10,FX2:-6.00,FY2:-149.60,IK1:1,IK2:1,MOVE:0
[2026-09-09 18:14:05.005] [RX] PITCH:4.53,PID_OUT:-53.68,INT:0.0390,EL:-8120,ER:-6443,VEL:-133.9,MOT:1,TILT:25.0,TRIM:3.295,ATE:1,LATCH:0,TORQ:1,CR:0.0,FX1:1.00,FY1:-151.10,FX2:-6.00,FY2:-149.60,IK1:1,IK2:1,MOVE:0
[2026-09-09 18:14:05.108] [RX] PITCH:4.13,PID_OUT:-12.02,INT:-0.0092,EL:-8189,ER:-6474,VEL:-166.1,MOT:1,TILT:25.0,TRIM:3.813,ATE:1,LATCH:0,TORQ:1,CR:0.0,FX1:1.00,FY1:-151.10,FX2:-6.00,FY2:-149.60,IK1:1,IK2:1,MOVE:0
[2026-09-09 18:14:05.221] [RX] PITCH:3.37,PID_OUT:-15.03,INT:-0.0187,EL:-8232,ER:-6492,VEL:-117.4,MOT:1,TILT:25.0,TRIM:3.091,ATE:1,LATCH:0,TORQ:1,CR:0.0,FX1:1.00,FY1:-151.10,FX2:-6.00,FY2:-149.60,IK1:1,IK2:1,MOVE:0
[2026-09-09 18:14:05.222] [RX] AX12:MODE:0,TQ:1,TL:1023,CM:1,CS:4,MS:0,MT:800
[2026-09-09 18:14:05.312] [RX] PITCH:2.78,PID_OUT:-45.74,INT:-0.0199,EL:-8285,ER:-6530,VEL:-54.4,MOT:1,TILT:25.0,TRIM:2.144,ATE:1,LATCH:0,TORQ:1,CR:0.0,FX1:1.00,FY1:-151.10,FX2:-6.00,FY2:-149.60,IK1:1,IK2:1,MOVE:0
[2026-09-09 18:14:05.312] [RX] SRV:6,36,0.0,0,0
[2026-09-09 18:14:05.403] [RX] PITCH:2.73,PID_OUT:1.25,INT:0.0040,EL:-8334,ER:-6551,VEL:-113.9,MOT:1,TILT:25.0,TRIM:3.071,ATE:1,LATCH:0,TORQ:1,CR:0.0,FX1:1.00,FY1:-151.10,FX2:-6.00,FY2:-149.60,IK1:1,IK2:1,MOVE:0
[2026-09-09 18:14:05.504] [RX] PITCH:3.11,PID_OUT:-17.16,INT:0.0091,EL:-8375,ER:-6571,VEL:-110.3,MOT:1,TILT:25.0,TRIM:3.031,ATE:1,LATCH:0,TORQ:1,CR:0.0,FX1:1.00,FY1:-151.10,FX2:-6.00,FY2:-149.60,IK1:1,IK2:1,MOVE:0
[2026-09-09 18:14:05.606] [RX] PITCH:3.36,PID_OUT:-43.28,INT:0.0023,EL:-8425,ER:-6600,VEL:-81.3,MOT:1,TILT:25.0,TRIM:2.606,ATE:1,LATCH:0,TORQ:1,CR:0.0,FX1:1.00,FY1:-151.10,FX2:-6.00,FY2:-149.60,IK1:1,IK2:1,MOVE:0
[2026-09-09 18:14:05.706] [RX] PITCH:3.23,PID_OUT:18.68,INT:0.0032,EL:-8479,ER:-6621,VEL:-148.1,MOT:1,TILT:25.0,TRIM:3.647,ATE:1,LATCH:0,TORQ:1,CR:0.0,FX1:1.00,FY1:-151.10,FX2:-6.00,FY2:-149.60,IK1:1,IK2:1,MOVE:0
[2026-09-09 18:14:05.714] [RX] AX12:MODE:0,TQ:1,TL:1023,CM:1,CS:4,MS:0,MT:800
[2026-09-09 18:14:05.802] [RX] PITCH:3.01,PID_OUT:-12.37,INT:-0.0098,EL:-8524,ER:-6651,VEL:-97.7,MOT:1,TILT:25.0,TRIM:2.892,ATE:1,LATCH:0,TORQ:1,CR:0.0,FX1:1.00,FY1:-151.10,FX2:-6.00,FY2:-149.60,IK1:1,IK2:1,MOVE:0
[2026-09-09 18:14:05.903] [RX] PITCH:2.79,PID_OUT:-4.95,INT:-0.0073,EL:-8573,ER:-6681,VEL:-91.3,MOT:1,TILT:25.0,TRIM:2.809,ATE:1,LATCH:0,TORQ:1,CR:0.0,FX1:1.00,FY1:-151.10,FX2:-6.00,FY2:-149.60,IK1:1,IK2:1,MOVE:0
[2026-09-09 18:14:06.002] [RX] PITCH:2.65,PID_OUT:-35.75,INT:-0.0062,EL:-8614,ER:-6710,VEL:-48.2,MOT:1,TILT:25.0,TRIM:2.161,ATE:1,LATCH:0,TORQ:1,CR:0.0,FX1:1.00,FY1:-151.10,FX2:-6.00,FY2:-149.60,IK1:1,IK2:1,MOVE:0
[2026-09-09 18:14:06.103] [RX] PITCH:2.69,PID_OUT:33.93,INT:0.0112,EL:-8653,ER:-6721,VEL:-133.8,MOT:1,TILT:25.0,TRIM:3.485,ATE:1,LATCH:0,TORQ:1,CR:0.0,FX1:1.00,FY1:-151.10,FX2:-6.00,FY2:-149.60,IK1:1,IK2:1,MOVE:0
[2026-09-09 18:14:06.213] [RX] PITCH:2.70,PID_OUT:-0.32,INT:0.0104,EL:-8695,ER:-6752,VEL:-86.5,MOT:1,TILT:25.0,TRIM:2.774,ATE:1,LATCH:0,TORQ:1,CR:0.0,FX1:1.00,FY1:-151.10,FX2:-6.00,FY2:-149.60,IK1:1,IK2:1,MOVE:0
[2026-09-09 18:14:06.213] [RX] AX12:MODE:0,TQ:1,TL:1023,CM:1,CS:4,MS:0,MT:800
[2026-09-09 18:14:06.309] [RX] PITCH:2.65,PID_OUT:-29.30,INT:0.0094,EL:-8735,ER:-6781,VEL:-45.5,MOT:1,TILT:25.0,TRIM:2.158,ATE:1,LATCH:0,TORQ:1,CR:0.0,FX1:1.00,FY1:-151.10,FX2:-6.00,FY2:-149.60,IK1:1,IK2:1,MOVE:0
[2026-09-09 18:14:06.309] [RX] SRV:0,36,0.0,0,0
[2026-09-09 18:14:06.404] [RX] PITCH:2.60,PID_OUT:-0.95,INT:0.0011,EL:-8784,ER:-6812,VEL:-79.3,MOT:1,TILT:25.0,TRIM:2.685,ATE:1,LATCH:0,TORQ:1,CR:0.0,FX1:1.00,FY1:-151.10,FX2:-6.00,FY2:-149.60,IK1:1,IK2:1,MOVE:0
[2026-09-09 18:14:06.501] [RX] PITCH:2.50,PID_OUT:9.20,INT:0.0122,EL:-8830,ER:-6842,VEL:-84.8,MOT:1,TILT:25.0,TRIM:2.781,ATE:1,LATCH:0,TORQ:1,CR:0.0,FX1:1.00,FY1:-151.10,FX2:-6.00,FY2:-149.60,IK1:1,IK2:1,MOVE:0
[2026-09-09 18:14:06.607] [RX] PITCH:2.46,PID_OUT:1.99,INT:0.0094,EL:-8871,ER:-6872,VEL:-72.2,MOT:1,TILT:25.0,TRIM:2.597,ATE:1,LATCH:0,TORQ:1,CR:0.0,FX1:1.00,FY1:-151.10,FX2:-6.00,FY2:-149.60,IK1:1,IK2:1,MOVE:0
[2026-09-09 18:14:06.704] [RX] PITCH:2.43,PID_OUT:-32.08,INT:0.0113,EL:-8907,ER:-6901,VEL:-22.7,MOT:1,TILT:25.0,TRIM:1.849,ATE:1,LATCH:0,TORQ:1,CR:0.0,FX1:1.00,FY1:-151.10,FX2:-6.00,FY2:-149.60,IK1:1,IK2:1,MOVE:0
[2026-09-09 18:14:06.714] [RX] AX12:MODE:0,TQ:1,TL:1023,CM:1,CS:4,MS:0,MT:800
[2026-09-09 18:14:06.800] [RX] PITCH:2.37,PID_OUT:-36.10,INT:0.0064,EL:-8947,ER:-6931,VEL:-13.7,MOT:1,TILT:25.0,TRIM:1.720,ATE:1,LATCH:0,TORQ:1,CR:0.0,FX1:1.00,FY1:-151.10,FX2:-6.00,FY2:-149.60,IK1:1,IK2:1,MOVE:0
[2026-09-09 18:14:06.901] [RX] PITCH:2.27,PID_OUT:-33.06,INT:0.0044,EL:-8987,ER:-6961,VEL:-11.9,MOT:1,TILT:25.0,TRIM:1.701,ATE:1,LATCH:0,TORQ:1,CR:0.0,FX1:1.00,FY1:-151.10,FX2:-6.00,FY2:-149.60,IK1:1,IK2:1,MOVE:0
[2026-09-09 18:14:07.002] [RX] PITCH:2.16,PID_OUT:-40.97,INT:0.0040,EL:-9034,ER:-7001,VEL:4.9,MOT:1,TILT:25.0,TRIM:1.450,ATE:1,LATCH:0,TORQ:1,CR:0.0,FX1:1.00,FY1:-151.10,FX2:-6.00,FY2:-149.60,IK1:1,IK2:1,MOVE:0
[2026-09-09 18:14:07.099] [RX] PITCH:2.05,PID_OUT:-30.31,INT:0.0118,EL:-9073,ER:-7031,VEL:-0.1,MOT:1,TILT:25.0,TRIM:1.533,ATE:1,LATCH:0,TORQ:1,CR:0.0,FX1:1.00,FY1:-151.10,FX2:-6.00,FY2:-149.60,IK1:1,IK2:1,MOVE:0
[2026-09-09 18:14:07.210] [RX] PITCH:2.05,PID_OUT:-12.34,INT:0.0084,EL:-9103,ER:-7052,VEL:-24.7,MOT:1,TILT:25.0,TRIM:1.914,ATE:1,LATCH:0,TORQ:1,CR:0.0,FX1:1.00,FY1:-151.10,FX2:-6.00,FY2:-149.60,IK1:1,IK2:1,MOVE:0
[2026-09-09 18:14:07.211] [RX] AX12:MODE:0,TQ:1,TL:1023,CM:1,CS:4,MS:0,MT:800
[2026-09-09 18:14:07.303] [RX] PITCH:2.05,PID_OUT:9.72,INT:0.0137,EL:-9153,ER:-7092,VEL:-48.1,MOT:1,TILT:25.0,TRIM:2.277,ATE:1,LATCH:0,TORQ:1,CR:0.0,FX1:1.00,FY1:-151.10,FX2:-6.00,FY2:-149.60,IK1:1,IK2:1,MOVE:0
[2026-09-09 18:14:07.303] [RX] SRV:14,36,0.0,0,0
[2026-09-09 18:14:07.401] [RX] PITCH:1.97,PID_OUT:32.29,INT:0.0155,EL:-9182,ER:-7112,VEL:-70.7,MOT:1,TILT:25.0,TRIM:2.629,ATE:1,LATCH:0,TORQ:1,CR:0.0,FX1:1.00,FY1:-151.10,FX2:-6.00,FY2:-149.60,IK1:1,IK2:1,MOVE:0
[2026-09-09 18:14:07.501] [RX] PITCH:1.83,PID_OUT:11.51,INT:0.0089,EL:-9232,ER:-7162,VEL:-40.0,MOT:1,TILT:25.0,TRIM:2.161,ATE:1,LATCH:0,TORQ:1,CR:0.0,FX1:1.00,FY1:-151.10,FX2:-6.00,FY2:-149.60,IK1:1,IK2:1,MOVE:0
[2026-09-09 18:14:07.601] [RX] PITCH:1.79,PID_OUT:13.38,INT:0.0041,EL:-9275,ER:-7202,VEL:-42.9,MOT:1,TILT:25.0,TRIM:2.208,ATE:1,LATCH:0,TORQ:1,CR:0.0,FX1:1.00,FY1:-151.10,FX2:-6.00,FY2:-149.60,IK1:1,IK2:1,MOVE:0
[2026-09-09 18:14:07.704] [RX] PITCH:1.79,PID_OUT:-16.17,INT:0.0076,EL:-9314,ER:-7242,VEL:-3.1,MOT:1,TILT:25.0,TRIM:1.602,ATE:1,LATCH:0,TORQ:1,CR:0.0,FX1:1.00,FY1:-151.10,FX2:-6.00,FY2:-149.60,IK1:1,IK2:1,MOVE:0
[2026-09-09 18:14:07.713] [RX] AX12:MODE:0,TQ:1,TL:1023,CM:1,CS:4,MS:0,MT:800
[2026-09-09 18:14:07.798] [RX] PITCH:1.83,PID_OUT:-37.87,INT:0.0135,EL:-9364,ER:-7291,VEL:23.7,MOT:1,TILT:25.0,TRIM:1.194,ATE:1,LATCH:0,TORQ:1,CR:0.0,FX1:1.00,FY1:-151.10,FX2:-6.00,FY2:-149.60,IK1:1,IK2:1,MOVE:0
[2026-09-09 18:14:07.899] [RX] PITCH:1.84,PID_OUT:-35.39,INT:0.0141,EL:-9398,ER:-7321,VEL:21.1,MOT:1,TILT:25.0,TRIM:1.237,ATE:1,LATCH:0,TORQ:1,CR:0.0,FX1:1.00,FY1:-151.10,FX2:-6.00,FY2:-149.60,IK1:1,IK2:1,MOVE:0
[2026-09-09 18:14:07.998] [RX] PITCH:1.84,PID_OUT:44.86,INT:0.0209,EL:-9445,ER:-7352,VEL:-80.1,MOT:1,TILT:25.0,TRIM:2.788,ATE:1,LATCH:0,TORQ:1,CR:0.0,FX1:1.00,FY1:-151.10,FX2:-6.00,FY2:-149.60,IK1:1,IK2:1,MOVE:0
[2026-09-09 18:14:08.098] [RX] PITCH:1.85,PID_OUT:16.64,INT:0.0262,EL:-9495,ER:-7402,VEL:-41.8,MOT:1,TILT:25.0,TRIM:2.206,ATE:1,LATCH:0,TORQ:1,CR:0.0,FX1:1.00,FY1:-151.10,FX2:-6.00,FY2:-149.60,IK1:1,IK2:1,MOVE:0
[2026-09-09 18:14:08.207] [RX] PITCH:1.85,PID_OUT:9.98,INT:0.0067,EL:-9545,ER:-7451,VEL:-38.9,MOT:1,TILT:25.0,TRIM:2.162,ATE:1,LATCH:0,TORQ:1,CR:0.0,FX1:1.00,FY1:-151.10,FX2:-6.00,FY2:-149.60,IK1:1,IK2:1,MOVE:0
[2026-09-09 18:14:08.207] [RX] AX12:MODE:0,TQ:1,TL:1023,CM:1,CS:4,MS:0,MT:800
[2026-09-09 18:14:08.302] [RX] PITCH:1.75,PID_OUT:30.89,INT:0.0144,EL:-9592,ER:-7492,VEL:-57.9,MOT:1,TILT:25.0,TRIM:2.455,ATE:1,LATCH:0,TORQ:1,CR:0.0,FX1:1.00,FY1:-151.10,FX2:-6.00,FY2:-149.60,IK1:1,IK2:1,MOVE:0
[2026-09-09 18:14:08.302] [RX] SRV:1,39,0.0,0,0
[2026-09-09 18:14:08.396] [RX] PITCH:1.73,PID_OUT:14.64,INT:0.0164,EL:-9642,ER:-7542,VEL:-37.4,MOT:1,TILT:25.0,TRIM:2.145,ATE:1,LATCH:0,TORQ:1,CR:0.0,FX1:1.00,FY1:-151.10,FX2:-6.00,FY2:-149.60,IK1:1,IK2:1,MOVE:0
[2026-09-09 18:14:08.496] [RX] PITCH:1.79,PID_OUT:49.29,INT:0.0176,EL:-9690,ER:-7582,VEL:-84.8,MOT:1,TILT:25.0,TRIM:2.871,ATE:1,LATCH:0,TORQ:1,CR:0.0,FX1:1.00,FY1:-151.10,FX2:-6.00,FY2:-149.60,IK1:1,IK2:1,MOVE:0
[2026-09-09 18:14:08.598] [RX] PITCH:1.82,PID_OUT:16.76,INT:0.0245,EL:-9739,ER:-7632,VEL:-41.0,MOT:1,TILT:25.0,TRIM:2.204,ATE:1,LATCH:0,TORQ:1,CR:0.0,FX1:1.00,FY1:-151.10,FX2:-6.00,FY2:-149.60,IK1:1,IK2:1,MOVE:0
[2026-09-09 18:14:08.698] [RX] PITCH:1.90,PID_OUT:4.27,INT:0.0112,EL:-9780,ER:-7672,VEL:-33.0,MOT:1,TILT:25.0,TRIM:2.082,ATE:1,LATCH:0,TORQ:1,CR:0.0,FX1:1.00,FY1:-151.10,FX2:-6.00,FY2:-149.60,IK1:1,IK2:1,MOVE:0
[2026-09-09 18:14:08.707] [RX] AX12:MODE:0,TQ:1,TL:1023,CM:1,CS:4,MS:0,MT:800
[2026-09-09 18:14:08.795] [RX] PITCH:1.88,PID_OUT:-43.15,INT:0.0007,EL:-9825,ER:-7721,VEL:26.5,MOT:1,TILT:25.0,TRIM:1.174,ATE:1,LATCH:0,TORQ:1,CR:0.0,FX1:1.00,FY1:-151.10,FX2:-6.00,FY2:-149.60,IK1:1,IK2:1,MOVE:0
[2026-09-09 18:14:08.897] [RX] PITCH:1.76,PID_OUT:-28.93,INT:0.0144,EL:-9871,ER:-7761,VEL:15.8,MOT:1,TILT:25.0,TRIM:1.342,ATE:1,LATCH:0,TORQ:1,CR:0.0,FX1:1.00,FY1:-151.10,FX2:-6.00,FY2:-149.60,IK1:1,IK2:1,MOVE:0
[2026-09-09 18:14:08.995] [RX] PITCH:1.92,PID_OUT:-0.77,INT:0.0107,EL:-9920,ER:-7802,VEL:-31.2,MOT:1,TILT:25.0,TRIM:2.064,ATE:1,LATCH:0,TORQ:1,CR:0.0,FX1:1.00,FY1:-151.10,FX2:-6.00,FY2:-149.60,IK1:1,IK2:1,MOVE:0
[2026-09-09 18:14:09.096] [RX] PITCH:2.01,PID_OUT:-30.66,INT:0.0193,EL:-9951,ER:-7831,VEL:8.7,MOT:1,TILT:25.0,TRIM:1.458,ATE:1,LATCH:0,TORQ:1,CR:0.0,FX1:1.00,FY1:-151.10,FX2:-6.00,FY2:-149.60,IK1:1,IK2:1,MOVE:0
[2026-09-09 18:14:09.202] [RX] PITCH:1.87,PID_OUT:-0.37,INT:0.0110,EL:-10000,ER:-7872,VEL:-32.6,MOT:1,TILT:25.0,TRIM:2.093,ATE:1,LATCH:0,TORQ:1,CR:0.0,FX1:1.00,FY1:-151.10,FX2:-6.00,FY2:-149.60,IK1:1,IK2:1,MOVE:0
[2026-09-09 18:14:09.206] [RX] AX12:MODE:0,TQ:1,TL:1023,CM:1,CS:4,MS:0,MT:800
[2026-09-09 18:14:09.300] [RX] PITCH:2.06,PID_OUT:-39.44,INT:0.0272,EL:-10031,ER:-7901,VEL:8.4,MOT:1,TILT:25.0,TRIM:1.469,ATE:1,LATCH:0,TORQ:1,CR:0.0,FX1:1.00,FY1:-151.10,FX2:-6.00,FY2:-149.60,IK1:1,IK2:1,MOVE:0
[2026-09-09 18:14:09.300] [RX] SRV:6,37,0.0,0,0
[2026-09-09 18:14:09.396] [RX] PITCH:2.42,PID_OUT:7.03,INT:0.0368,EL:-10070,ER:-7922,VEL:-65.0,MOT:1,TILT:25.0,TRIM:2.600,ATE:1,LATCH:0,TORQ:1,CR:0.0,FX1:1.00,FY1:-151.10,FX2:-6.00,FY2:-149.60,IK1:1,IK2:1,MOVE:0
[2026-09-09 18:14:09.496] [RX] PITCH:2.55,PID_OUT:7.73,INT:0.0292,EL:-10101,ER:-7942,VEL:-65.2,MOT:1,TILT:25.0,TRIM:2.611,ATE:1,LATCH:0,TORQ:1,CR:0.0,FX1:1.00,FY1:-151.10,FX2:-6.00,FY2:-149.60,IK1:1,IK2:1,MOVE:0
[2026-09-09 18:14:09.594] [RX] PITCH:2.27,PID_OUT:14.56,INT:0.0239,EL:-10140,ER:-7972,VEL:-58.5,MOT:1,TILT:25.0,TRIM:2.516,ATE:1,LATCH:0,TORQ:1,CR:0.0,FX1:1.00,FY1:-151.10,FX2:-6.00,FY2:-149.60,IK1:1,IK2:1,MOVE:0
[2026-09-09 18:14:09.698] [RX] PITCH:2.08,PID_OUT:-10.70,INT:0.0112,EL:-10161,ER:-7992,VEL:-20.7,MOT:1,TILT:25.0,TRIM:1.941,ATE:1,LATCH:0,TORQ:1,CR:0.0,FX1:1.00,FY1:-151.10,FX2:-6.00,FY2:-149.60,IK1:1,IK2:1,MOVE:0
[2026-09-09 18:14:09.704] [RX] AX12:MODE:0,TQ:1,TL:1023,CM:1,CS:4,MS:0,MT:800
[2026-09-09 18:14:09.793] [RX] PITCH:2.07,PID_OUT:-41.41,INT:0.0100,EL:-10211,ER:-8041,VEL:20.2,MOT:1,TILT:25.0,TRIM:1.320,ATE:1,LATCH:0,TORQ:1,CR:0.0,FX1:1.00,FY1:-151.10,FX2:-6.00,FY2:-149.60,IK1:1,IK2:1,MOVE:0
[2026-09-09 18:14:09.899] [RX] PITCH:1.97,PID_OUT:11.66,INT:0.0084,EL:-10254,ER:-8072,VEL:-42.8,MOT:1,TILT:25.0,TRIM:2.288,ATE:1,LATCH:0,TORQ:1,CR:0.0,FX1:1.00,FY1:-151.10,FX2:-6.00,FY2:-149.60,IK1:1,IK2:1,MOVE:0
[2026-09-09 18:14:09.995] [RX] PITCH:1.93,PID_OUT:8.80,INT:0.0096,EL:-10288,ER:-8102,VEL:-41.9,MOT:1,TILT:25.0,TRIM:2.277,ATE:1,LATCH:0,TORQ:1,CR:0.0,FX1:1.00,FY1:-151.10,FX2:-6.00,FY2:-149.60,IK1:1,IK2:1,MOVE:0
[2026-09-09 18:14:10.096] [RX] PITCH:2.03,PID_OUT:-25.83,INT:0.0218,EL:-10308,ER:-8121,VEL:2.6,MOT:1,TILT:25.0,TRIM:1.600,ATE:1,LATCH:0,TORQ:1,CR:0.0,FX1:1.00,FY1:-151.10,FX2:-6.00,FY2:-149.60,IK1:1,IK2:1,MOVE:0
[2026-09-09 18:14:10.204] [RX] PITCH:2.06,PID_OUT:0.76,INT:0.0086,EL:-10357,ER:-8162,VEL:-33.8,MOT:1,TILT:25.0,TRIM:2.161,ATE:1,LATCH:0,TORQ:1,CR:0.0,FX1:1.00,FY1:-151.10,FX2:-6.00,FY2:-149.60,IK1:1,IK2:1,MOVE:0
[2026-09-09 18:14:10.206] [RX] AX12:MODE:0,TQ:1,TL:1023,CM:1,CS:4,MS:0,MT:800
[2026-09-09 18:14:10.297] [RX] PITCH:1.90,PID_OUT:-11.46,INT:0.0160,EL:-10368,ER:-8171,VEL:-6.4,MOT:1,TILT:25.0,TRIM:1.746,ATE:1,LATCH:0,TORQ:1,CR:0.0,FX1:1.00,FY1:-151.10,FX2:-6.00,FY2:-149.60,IK1:1,IK2:1,MOVE:0
[2026-09-09 18:14:10.297] [RX] SRV:0,36,0.0,0,0
[2026-09-09 18:14:10.392] [RX] PITCH:1.84,PID_OUT:-30.28,INT:0.0229,EL:-10418,ER:-8221,VEL:24.8,MOT:1,TILT:25.0,TRIM:1.271,ATE:1,LATCH:0,TORQ:1,CR:0.0,FX1:1.00,FY1:-151.10,FX2:-6.00,FY2:-149.60,IK1:1,IK2:1,MOVE:0
[2026-09-09 18:14:10.491] [RX] PITCH:1.88,PID_OUT:-40.79,INT:0.0069,EL:-10468,ER:-8271,VEL:30.9,MOT:1,TILT:25.0,TRIM:1.177,ATE:1,LATCH:0,TORQ:1,CR:0.0,FX1:1.00,FY1:-151.10,FX2:-6.00,FY2:-149.60,IK1:1,IK2:1,MOVE:0
[2026-09-09 18:14:10.592] [RX] PITCH:1.82,PID_OUT:8.25,INT:-0.0046,EL:-10517,ER:-8312,VEL:-28.3,MOT:1,TILT:25.0,TRIM:2.084,ATE:1,LATCH:0,TORQ:1,CR:0.0,FX1:1.00,FY1:-151.10,FX2:-6.00,FY2:-149.60,IK1:1,IK2:1,MOVE:0
[2026-09-09 18:14:10.697] [RX] PITCH:1.60,PID_OUT:-38.60,INT:-0.0115,EL:-10548,ER:-8351,VEL:40.8,MOT:1,TILT:25.0,TRIM:1.027,ATE:1,LATCH:0,TORQ:1,CR:0.0,FX1:1.00,FY1:-151.10,FX2:-6.00,FY2:-149.60,IK1:1,IK2:1,MOVE:0
[2026-09-09 18:14:10.703] [RX] AX12:MODE:0,TQ:1,TL:1023,CM:1,CS:4,MS:0,MT:800
[2026-09-09 18:14:10.791] [RX] PITCH:1.49,PID_OUT:-30.11,INT:-0.0048,EL:-10598,ER:-8401,VEL:34.1,MOT:1,TILT:25.0,TRIM:1.129,ATE:1,LATCH:0,TORQ:1,CR:0.0,FX1:1.00,FY1:-151.10,FX2:-6.00,FY2:-149.60,IK1:1,IK2:1,MOVE:0
[2026-09-09 18:14:10.891] [RX] PITCH:1.57,PID_OUT:-29.47,INT:0.0064,EL:-10648,ER:-8451,VEL:32.8,MOT:1,TILT:25.0,TRIM:1.149,ATE:1,LATCH:0,TORQ:1,CR:0.0,FX1:1.00,FY1:-151.10,FX2:-6.00,FY2:-149.60,IK1:1,IK2:1,MOVE:0
[2026-09-09 18:14:10.994] [RX] PITCH:1.63,PID_OUT:-32.61,INT:0.0112,EL:-10698,ER:-8501,VEL:32.5,MOT:1,TILT:25.0,TRIM:1.153,ATE:1,LATCH:0,TORQ:1,CR:0.0,FX1:1.00,FY1:-151.10,FX2:-6.00,FY2:-149.60,IK1:1,IK2:1,MOVE:0
[2026-09-09 18:14:11.092] [RX] PITCH:1.66,PID_OUT:-34.06,INT:0.0124,EL:-10748,ER:-8551,VEL:32.4,MOT:1,TILT:25.0,TRIM:1.154,ATE:1,LATCH:0,TORQ:1,CR:0.0,FX1:1.00,FY1:-151.10,FX2:-6.00,FY2:-149.60,IK1:1,IK2:1,MOVE:0
[2026-09-09 18:14:11.201] [RX] PITCH:1.74,PID_OUT:-42.61,INT:0.0078,EL:-10798,ER:-8601,VEL:32.4,MOT:1,TILT:25.0,TRIM:1.154,ATE:1,LATCH:0,TORQ:1,CR:0.0,FX1:1.00,FY1:-151.10,FX2:-6.00,FY2:-149.60,IK1:1,IK2:1,MOVE:0
[2026-09-09 18:14:11.202] [RX] AX12:MODE:0,TQ:1,TL:1023,CM:1,CS:4,MS:0,MT:800
[2026-09-09 18:14:11.293] [RX] PITCH:1.92,PID_OUT:5.53,INT:0.0180,EL:-10841,ER:-8632,VEL:-41.2,MOT:1,TILT:25.0,TRIM:2.284,ATE:1,LATCH:0,TORQ:1,CR:0.0,FX1:1.00,FY1:-151.10,FX2:-6.00,FY2:-149.60,IK1:1,IK2:1,MOVE:0
[2026-09-09 18:14:11.295] [RX] SRV:14,36,0.0,0,0
[2026-09-09 18:14:11.390] [RX] PITCH:2.11,PID_OUT:-43.31,INT:0.0341,EL:-10871,ER:-8661,VEL:8.8,MOT:1,TILT:25.0,TRIM:1.524,ATE:1,LATCH:0,TORQ:1,CR:0.0,FX1:1.00,FY1:-151.10,FX2:-6.00,FY2:-149.60,IK1:1,IK2:1,MOVE:0
[2026-09-09 18:14:11.491] [RX] PITCH:2.38,PID_OUT:-50.39,INT:0.0481,EL:-10913,ER:-8691,VEL:-11.7,MOT:1,TILT:25.0,TRIM:1.845,ATE:1,LATCH:0,TORQ:1,CR:0.0,FX1:1.00,FY1:-151.10,FX2:-6.00,FY2:-149.60,IK1:1,IK2:1,MOVE:0
[2026-09-09 18:14:11.589] [RX] PITCH:3.07,PID_OUT:29.94,INT:0.0977,EL:-10972,ER:-8712,VEL:-172.6,MOT:1,TILT:25.0,TRIM:4.320,ATE:1,LATCH:0,TORQ:1,CR:0.0,FX1:1.00,FY1:-151.10,FX2:-6.00,FY2:-149.60,IK1:1,IK2:1,MOVE:0
[2026-09-09 18:14:11.691] [RX] PITCH:4.62,PID_OUT:-12.78,INT:0.1324,EL:-11032,ER:-8733,VEL:-229.1,MOT:1,TILT:25.0,TRIM:5.210,ATE:1,LATCH:0,TORQ:1,CR:0.0,FX1:1.00,FY1:-151.10,FX2:-6.00,FY2:-149.60,IK1:1,IK2:1,MOVE:0
[2026-09-09 18:14:11.699] [RX] AX12:MODE:0,TQ:1,TL:1023,CM:1,CS:4,MS:0,MT:800
[2026-09-09 18:14:11.789] [RX] PITCH:6.91,PID_OUT:-90.71,INT:0.1442,EL:-11122,ER:-8733,VEL:-425.8,MOT:1,TILT:25.0,TRIM:6.000,ATE:1,LATCH:0,TORQ:1,CR:0.0,FX1:1.00,FY1:-151.10,FX2:-6.00,FY2:-149.60,IK1:1,IK2:1,MOVE:0
[2026-09-09 18:14:11.889] [RX] PITCH:8.45,PID_OUT:-68.01,INT:-0.1550,EL:-11143,ER:-8726,VEL:-197.2,MOT:1,TILT:25.0,TRIM:4.813,ATE:1,LATCH:0,TORQ:1,CR:0.0,FX1:1.00,FY1:-151.10,FX2:-6.00,FY2:-149.60,IK1:1,IK2:1,MOVE:0
[2026-09-09 18:14:11.989] [RX] PITCH:4.97,PID_OUT:21.95,INT:-0.2366,EL:-11170,ER:-8717,VEL:-153.8,MOT:1,TILT:25.0,TRIM:4.179,ATE:1,LATCH:0,TORQ:1,CR:0.0,FX1:1.00,FY1:-151.10,FX2:-6.00,FY2:-149.60,IK1:1,IK2:1,MOVE:0
[2026-09-09 18:14:12.090] [RX] PITCH:2.23,PID_OUT:66.08,INT:-0.2314,EL:-11181,ER:-8724,VEL:-38.0,MOT:1,TILT:25.0,TRIM:2.420,ATE:1,LATCH:0,TORQ:1,CR:0.0,FX1:1.00,FY1:-151.10,FX2:-6.00,FY2:-149.60,IK1:1,IK2:1,MOVE:0
[2026-09-09 18:14:12.195] [RX] PITCH:-0.03,PID_OUT:111.70,INT:-0.1047,EL:-11181,ER:-8728,VEL:27.8,MOT:1,TILT:25.0,TRIM:1.417,ATE:1,LATCH:0,TORQ:1,CR:0.0,FX1:1.00,FY1:-151.10,FX2:-6.00,FY2:-149.60,IK1:1,IK2:1,MOVE:0
[2026-09-09 18:14:12.200] [RX] AX12:MODE:0,TQ:1,TL:1023,CM:1,CS:4,MS:0,MT:800
[2026-09-09 18:14:12.293] [RX] PITCH:-1.86,PID_OUT:114.31,INT:0.0562,EL:-11172,ER:-8751,VEL:148.1,MOT:1,TILT:25.0,TRIM:-0.438,ATE:1,LATCH:0,TORQ:1,CR:0.0,FX1:1.00,FY1:-151.10,FX2:-6.00,FY2:-149.60,IK1:1,IK2:1,MOVE:0
[2026-09-09 18:14:12.296] [RX] SRV:1,39,0.0,0,0
[2026-09-09 18:14:12.390] [RX] PITCH:-2.86,PID_OUT:105.86,INT:0.1939,EL:-11155,ER:-8782,VEL:233.5,MOT:1,TILT:25.0,TRIM:-1.773,ATE:1,LATCH:0,TORQ:1,CR:0.0,FX1:1.00,FY1:-151.10,FX2:-6.00,FY2:-149.60,IK1:1,IK2:1,MOVE:0
[2026-09-09 18:14:12.492] [RX] PITCH:-3.56,PID_OUT:49.42,INT:0.2366,EL:-11134,ER:-8820,VEL:285.1,MOT:1,TILT:25.0,TRIM:-2.603,ATE:1,LATCH:0,TORQ:1,CR:0.0,FX1:1.00,FY1:-151.10,FX2:-6.00,FY2:-149.60,IK1:1,IK2:1,MOVE:0
[2026-09-09 18:14:12.589] [RX] PITCH:-3.61,PID_OUT:6.51,INT:0.2366,EL:-11114,ER:-8852,VEL:260.7,MOT:1,TILT:25.0,TRIM:-2.271,ATE:1,LATCH:0,TORQ:1,CR:0.0,FX1:1.00,FY1:-151.10,FX2:-6.00,FY2:-149.60,IK1:1,IK2:1,MOVE:0
[2026-09-09 18:14:12.689] [RX] PITCH:-1.10,PID_OUT:-9.47,INT:0.2366,EL:-11104,ER:-8863,VEL:121.0,MOT:1,TILT:25.0,TRIM:-0.161,ATE:1,LATCH:0,TORQ:1,CR:0.0,FX1:1.00,FY1:-151.10,FX2:-6.00,FY2:-149.60,IK1:1,IK2:1,MOVE:0
[2026-09-09 18:14:12.697] [RX] AX12:MODE:0,TQ:1,TL:1023,CM:1,CS:4,MS:0,MT:800
[2026-09-09 18:14:12.786] [RX] PITCH:1.91,PID_OUT:-60.38,INT:0.2320,EL:-11111,ER:-8866,VEL:3.1,MOT:1,TILT:25.0,TRIM:1.637,ATE:1,LATCH:0,TORQ:1,CR:0.0,FX1:1.00,FY1:-151.10,FX2:-6.00,FY2:-149.60,IK1:1,IK2:1,MOVE:0
[2026-09-09 18:14:12.887] [RX] PITCH:4.74,PID_OUT:-131.91,INT:0.1285,EL:-11130,ER:-8863,VEL:-103.3,MOT:1,TILT:25.0,TRIM:3.271,ATE:1,LATCH:0,TORQ:1,CR:0.0,FX1:1.00,FY1:-151.10,FX2:-6.00,FY2:-149.60,IK1:1,IK2:1,MOVE:0
[2026-09-09 18:14:12.987] [RX] PITCH:7.03,PID_OUT:-144.19,INT:-0.0399,EL:-11163,ER:-8850,VEL:-208.4,MOT:1,TILT:25.0,TRIM:4.905,ATE:1,LATCH:0,TORQ:1,CR:0.0,FX1:1.00,FY1:-151.10,FX2:-6.00,FY2:-149.60,IK1:1,IK2:1,MOVE:0
[2026-09-09 18:14:13.086] [RX] PITCH:8.21,PID_OUT:-88.09,INT:-0.2366,EL:-11205,ER:-8828,VEL:-305.1,MOT:1,TILT:25.0,TRIM:6.000,ATE:1,LATCH:0,TORQ:1,CR:0.0,FX1:1.00,FY1:-151.10,FX2:-6.00,FY2:-149.60,IK1:1,IK2:1,MOVE:0
[2026-09-09 18:14:13.191] [RX] PITCH:6.72,PID_OUT:30.21,INT:-0.2366,EL:-11237,ER:-8810,VEL:-240.4,MOT:1,TILT:25.0,TRIM:5.478,ATE:1,LATCH:0,TORQ:1,CR:0.0,FX1:1.00,FY1:-151.10,FX2:-6.00,FY2:-149.60,IK1:1,IK2:1,MOVE:0
[2026-09-09 18:14:13.198] [RX] AX12:MODE:0,TQ:1,TL:1023,CM:1,CS:4,MS:0,MT:800
[2026-09-09 18:14:13.290] [RX] PITCH:3.17,PID_OUT:84.07,INT:-0.2256,EL:-11255,ER:-8808,VEL:-127.9,MOT:1,TILT:25.0,TRIM:3.781,ATE:1,LATCH:0,TORQ:1,CR:0.0,FX1:1.00,FY1:-151.10,FX2:-6.00,FY2:-149.60,IK1:1,IK2:1,MOVE:0
[2026-09-09 18:14:13.290] [RX] SRV:6,37,0.0,0,0
[2026-09-09 18:14:13.390] [RX] PITCH:0.42,PID_OUT:134.10,INT:-0.1211,EL:-11258,ER:-8812,VEL:-24.9,MOT:1,TILT:25.0,TRIM:2.213,ATE:1,LATCH:0,TORQ:1,CR:0.0,FX1:1.00,FY1:-151.10,FX2:-6.00,FY2:-149.60,IK1:1,IK2:1,MOVE:0
[2026-09-09 18:14:13.485] [RX] PITCH:-1.54,PID_OUT:104.63,INT:0.0544,EL:-11250,ER:-8831,VEL:110.5,MOT:1,TILT:25.0,TRIM:0.133,ATE:1,LATCH:0,TORQ:1,CR:0.0,FX1:1.00,FY1:-151.10,FX2:-6.00,FY2:-149.60,IK1:1,IK2:1,MOVE:0
[2026-09-09 18:14:13.587] [RX] PITCH:-2.62,PID_OUT:90.25,INT:0.2066,EL:-11235,ER:-8857,VEL:187.5,MOT:1,TILT:25.0,TRIM:-1.070,ATE:1,LATCH:0,TORQ:1,CR:0.0,FX1:1.00,FY1:-151.10,FX2:-6.00,FY2:-149.60,IK1:1,IK2:1,MOVE:0
[2026-09-09 18:14:13.690] [RX] PITCH:-2.27,PID_OUT:4.94,INT:0.2366,EL:-11218,ER:-8883,VEL:206.1,MOT:1,TILT:25.0,TRIM:-1.384,ATE:1,LATCH:0,TORQ:1,CR:0.0,FX1:1.00,FY1:-151.10,FX2:-6.00,FY2:-149.60,IK1:1,IK2:1,MOVE:0
[2026-09-09 18:14:13.697] [RX] AX12:MODE:0,TQ:1,TL:1023,CM:1,CS:4,MS:0,MT:800
[2026-09-09 18:14:13.784] [RX] PITCH:-0.45,PID_OUT:-8.25,INT:0.2366,EL:-11217,ER:-8893,VEL:73.3,MOT:1,TILT:25.0,TRIM:0.628,ATE:1,LATCH:0,TORQ:1,CR:0.0,FX1:1.00,FY1:-151.10,FX2:-6.00,FY2:-149.60,IK1:1,IK2:1,MOVE:0
[2026-09-09 18:14:13.885] [RX] PITCH:2.81,PID_OUT:-96.64,INT:0.2258,EL:-11230,ER:-8898,VEL:-18.7,MOT:1,TILT:25.0,TRIM:2.033,ATE:1,LATCH:0,TORQ:1,CR:0.0,FX1:1.00,FY1:-151.10,FX2:-6.00,FY2:-149.60,IK1:1,IK2:1,MOVE:0
[2026-09-09 18:14:13.984] [RX] PITCH:6.01,PID_OUT:-129.61,INT:0.0507,EL:-11253,ER:-8895,VEL:-117.4,MOT:1,TILT:25.0,TRIM:3.554,ATE:1,LATCH:0,TORQ:1,CR:0.0,FX1:1.00,FY1:-151.10,FX2:-6.00,FY2:-149.60,IK1:1,IK2:1,MOVE:0
[2026-09-09 18:14:14.086] [RX] PITCH:6.36,PID_OUT:-69.87,INT:-0.1991,EL:-11278,ER:-8886,VEL:-158.7,MOT:1,TILT:25.0,TRIM:4.209,ATE:1,LATCH:0,TORQ:1,CR:0.0,FX1:1.00,FY1:-151.10,FX2:-6.00,FY2:-149.60,IK1:1,IK2:1,MOVE:0
[2026-09-09 18:14:14.195] [RX] PITCH:4.17,PID_OUT:25.75,INT:-0.2366,EL:-11302,ER:-8881,VEL:-129.6,MOT:1,TILT:25.0,TRIM:3.787,ATE:1,LATCH:0,TORQ:1,CR:0.0,FX1:1.00,FY1:-151.10,FX2:-6.00,FY2:-149.60,IK1:1,IK2:1,MOVE:0
[2026-09-09 18:14:14.195] [RX] AX12:MODE:0,TQ:1,TL:1023,CM:1,CS:4,MS:0,MT:800
[2026-09-09 18:14:14.283] [RX] PITCH:1.34,PID_OUT:71.57,INT:-0.2092,EL:-11315,ER:-8892,VEL:-40.6,MOT:1,TILT:25.0,TRIM:2.435,ATE:1,LATCH:0,TORQ:1,CR:0.0,FX1:1.00,FY1:-151.10,FX2:-6.00,FY2:-149.60,IK1:1,IK2:1,MOVE:0
[2026-09-09 18:14:14.287] [RX] SRV:0,36,0.0,0,0
[2026-09-09 18:14:14.383] [RX] PITCH:-0.64,PID_OUT:92.05,INT:-0.0277,EL:-11316,ER:-8901,VEL:44.4,MOT:1,TILT:25.0,TRIM:1.136,ATE:1,LATCH:0,TORQ:1,CR:0.0,FX1:1.00,FY1:-151.10,FX2:-6.00,FY2:-149.60,IK1:1,IK2:1,MOVE:0
[2026-09-09 18:14:14.484] [RX] PITCH:-1.20,PID_OUT:66.45,INT:0.1383,EL:-11309,ER:-8917,VEL:103.6,MOT:1,TILT:25.0,TRIM:0.217,ATE:1,LATCH:0,TORQ:1,CR:0.0,FX1:1.00,FY1:-151.10,FX2:-6.00,FY2:-149.60,IK1:1,IK2:1,MOVE:0
[2026-09-09 18:14:14.583] [RX] PITCH:-0.55,PID_OUT:15.26,INT:0.2077,EL:-11302,ER:-8939,VEL:131.8,MOT:1,TILT:25.0,TRIM:-0.234,ATE:1,LATCH:0,TORQ:1,CR:0.0,FX1:1.00,FY1:-151.10,FX2:-6.00,FY2:-149.60,IK1:1,IK2:1,MOVE:0
[2026-09-09 18:14:14.686] [RX] PITCH:-0.24,PID_OUT:51.88,INT:0.2341,EL:-11299,ER:-8956,VEL:97.4,MOT:1,TILT:25.0,TRIM:0.276,ATE:1,LATCH:0,TORQ:1,CR:0.0,FX1:1.00,FY1:-151.10,FX2:-6.00,FY2:-149.60,IK1:1,IK2:1,MOVE:0
[2026-09-09 18:14:14.693] [RX] AX12:MODE:0,TQ:1,TL:1023,CM:1,CS:4,MS:0,MT:800
[2026-09-09 18:14:14.781] [RX] PITCH:0.92,PID_OUT:18.22,INT:0.2366,EL:-11299,ER:-8961,VEL:31.2,MOT:1,TILT:25.0,TRIM:1.279,ATE:1,LATCH:0,TORQ:1,CR:0.0,FX1:1.00,FY1:-151.10,FX2:-6.00,FY2:-149.60,IK1:1,IK2:1,MOVE:0
[2026-09-09 18:14:14.882] [RX] PITCH:3.09,PID_OUT:-68.24,INT:0.1821,EL:-11299,ER:-8960,VEL:-0.2,MOT:1,TILT:25.0,TRIM:1.758,ATE:1,LATCH:0,TORQ:1,CR:0.0,FX1:1.00,FY1:-151.10,FX2:-6.00,FY2:-149.60,IK1:1,IK2:1,MOVE:0
[2026-09-09 18:14:14.984] [RX] PITCH:4.44,PID_OUT:-91.29,INT:0.0347,EL:-11314,ER:-8959,VEL:-57.8,MOT:1,TILT:25.0,TRIM:2.646,ATE:1,LATCH:0,TORQ:1,CR:0.0,FX1:1.00,FY1:-151.10,FX2:-6.00,FY2:-149.60,IK1:1,IK2:1,MOVE:0
[2026-09-09 18:14:15.078] [RX] PITCH:4.06,PID_OUT:-24.83,INT:-0.0840,EL:-11340,ER:-8959,VEL:-120.7,MOT:1,TILT:25.0,TRIM:3.622,ATE:1,LATCH:0,TORQ:1,CR:0.0,FX1:1.00,FY1:-151.10,FX2:-6.00,FY2:-149.60,IK1:1,IK2:1,MOVE:0
[2026-09-09 18:14:15.190] [RX] PITCH:3.05,PID_OUT:-71.84,INT:-0.1777,EL:-11340,ER:-8959,VEL:-23.8,MOT:1,TILT:25.0,TRIM:2.147,ATE:1,LATCH:0,TORQ:1,CR:0.0,FX1:1.00,FY1:-151.10,FX2:-6.00,FY2:-149.60,IK1:1,IK2:1,MOVE:0
[2026-09-09 18:14:15.192] [RX] AX12:MODE:0,TQ:1,TL:1023,CM:1,CS:4,MS:0,MT:800
[2026-09-09 18:14:15.283] [RX] PITCH:1.95,PID_OUT:-56.72,INT:-0.2147,EL:-11340,ER:-8958,VEL:-6.7,MOT:1,TILT:25.0,TRIM:1.889,ATE:1,LATCH:0,TORQ:1,CR:0.0,FX1:1.00,FY1:-151.10,FX2:-6.00,FY2:-149.60,IK1:1,IK2:1,MOVE:0
[2026-09-09 18:14:15.284] [RX] SRV:14,36,0.0,0,0
[2026-09-09 18:14:15.380] [RX] PITCH:1.46,PID_OUT:-45.00,INT:-0.1917,EL:-11340,ER:-8958,VEL:-1.3,MOT:1,TILT:25.0,TRIM:1.807,ATE:1,LATCH:0,TORQ:1,CR:0.0,FX1:1.00,FY1:-151.10,FX2:-6.00,FY2:-149.60,IK1:1,IK2:1,MOVE:0
[2026-09-09 18:14:15.480] [RX] PITCH:1.60,PID_OUT:-49.88,INT:-0.1616,EL:-11340,ER:-8958,VEL:-0.3,MOT:1,TILT:25.0,TRIM:1.790,ATE:1,LATCH:0,TORQ:1,CR:0.0,FX1:1.00,FY1:-151.10,FX2:-6.00,FY2:-149.60,IK1:1,IK2:1,MOVE:0
[2026-09-09 18:14:15.578] [RX] PITCH:2.00,PID_OUT:-66.79,INT:-0.1634,EL:-11340,ER:-8958,VEL:-0.1,MOT:1,TILT:25.0,TRIM:1.787,ATE:1,LATCH:0,TORQ:1,CR:0.0,FX1:1.00,FY1:-151.10,FX2:-6.00,FY2:-149.60,IK1:1,IK2:1,MOVE:0
[2026-09-09 18:14:15.690] [RX] PITCH:2.19,PID_OUT:-77.78,INT:-0.1976,EL:-11340,ER:-8958,VEL:-0.0,MOT:1,TILT:25.0,TRIM:1.787,ATE:1,LATCH:0,TORQ:1,CR:0.0,FX1:1.00,FY1:-151.10,FX2:-6.00,FY2:-149.60,IK1:1,IK2:1,MOVE:0
[2026-09-09 18:14:15.691] [RX] AX12:MODE:0,TQ:1,TL:1023,CM:1,CS:4,MS:0,MT:800
[2026-09-09 18:14:15.780] [RX] PITCH:2.01,PID_OUT:-76.04,INT:-0.2295,EL:-11340,ER:-8958,VEL:-0.0,MOT:1,TILT:25.0,TRIM:1.786,ATE:1,LATCH:0,TORQ:1,CR:0.0,FX1:1.00,FY1:-151.10,FX2:-6.00,FY2:-149.60,IK1:1,IK2:1,MOVE:0
[2026-09-09 18:14:15.882] [RX] PITCH:1.81,PID_OUT:-72.28,INT:-0.2366,EL:-11340,ER:-8958,VEL:-0.0,MOT:1,TILT:25.0,TRIM:1.786,ATE:1,LATCH:0,TORQ:1,CR:0.0,FX1:1.00,FY1:-151.10,FX2:-6.00,FY2:-149.60,IK1:1,IK2:1,MOVE:0
[2026-09-09 18:14:15.977] [RX] PITCH:1.75,PID_OUT:-69.97,INT:-0.2324,EL:-11340,ER:-8958,VEL:-0.0,MOT:1,TILT:25.0,TRIM:1.786,ATE:1,LATCH:0,TORQ:1,CR:0.0,FX1:1.00,FY1:-151.10,FX2:-6.00,FY2:-149.60,IK1:1,IK2:1,MOVE:0
[2026-09-09 18:14:16.084] [RX] PITCH:1.85,PID_OUT:-74.26,INT:-0.2354,EL:-11340,ER:-8958,VEL:-0.0,MOT:1,TILT:25.0,TRIM:1.786,ATE:1,LATCH:0,TORQ:1,CR:0.0,FX1:1.00,FY1:-151.10,FX2:-6.00,FY2:-149.60,IK1:1,IK2:1,MOVE:0
[2026-09-09 18:14:16.193] [RX] PITCH:1.81,PID_OUT:-71.37,INT:-0.2366,EL:-11340,ER:-8958,VEL:-0.0,MOT:1,TILT:25.0,TRIM:1.786,ATE:1,LATCH:0,TORQ:1,CR:0.0,FX1:1.00,FY1:-151.10,FX2:-6.00,FY2:-149.60,IK1:1,IK2:1,MOVE:0
[2026-09-09 18:14:16.194] [RX] AX12:MODE:0,TQ:1,TL:1023,CM:1,CS:4,MS:0,MT:800
[2026-09-09 18:14:16.280] [RX] PITCH:1.71,PID_OUT:-65.45,INT:-0.2318,EL:-11340,ER:-8958,VEL:-0.0,MOT:1,TILT:25.0,TRIM:1.786,ATE:1,LATCH:0,TORQ:1,CR:0.0,FX1:1.00,FY1:-151.10,FX2:-6.00,FY2:-149.60,IK1:1,IK2:1,MOVE:0
[2026-09-09 18:14:16.281] [RX] SRV:1,39,0.0,0,0
[2026-09-09 18:14:16.379] [RX] PITCH:1.69,PID_OUT:-63.63,INT:-0.2227,EL:-11340,ER:-8958,VEL:-0.0,MOT:1,TILT:25.0,TRIM:1.786,ATE:1,LATCH:0,TORQ:1,CR:0.0,FX1:1.00,FY1:-151.10,FX2:-6.00,FY2:-149.60,IK1:1,IK2:1,MOVE:0
[2026-09-09 18:14:16.477] [RX] PITCH:1.65,PID_OUT:-60.00,INT:-0.2110,EL:-11340,ER:-8958,VEL:-0.0,MOT:1,TILT:25.0,TRIM:1.786,ATE:1,LATCH:0,TORQ:1,CR:0.0,FX1:1.00,FY1:-151.10,FX2:-6.00,FY2:-149.60,IK1:1,IK2:1,MOVE:0
[2026-09-09 18:14:16.577] [RX] PITCH:1.70,PID_OUT:-57.47,INT:-0.1997,EL:-11340,ER:-8958,VEL:-0.0,MOT:1,TILT:25.0,TRIM:1.786,ATE:1,LATCH:0,TORQ:1,CR:0.0,FX1:1.00,FY1:-151.10,FX2:-6.00,FY2:-149.60,IK1:1,IK2:1,MOVE:0
[2026-09-09 18:14:16.683] [RX] PITCH:1.69,PID_OUT:-54.30,INT:-0.1904,EL:-11340,ER:-8958,VEL:-0.0,MOT:1,TILT:25.0,TRIM:1.786,ATE:1,LATCH:0,TORQ:1,CR:0.0,FX1:1.00,FY1:-151.10,FX2:-6.00,FY2:-149.60,IK1:1,IK2:1,MOVE:0
[2026-09-09 18:14:16.683] [RX] AX12:MODE:0,TQ:1,TL:1023,CM:1,CS:4,MS:0,MT:800
[2026-09-09 18:14:16.778] [RX] PITCH:1.61,PID_OUT:-46.40,INT:-0.1769,EL:-11340,ER:-8958,VEL:-0.0,MOT:1,TILT:25.0,TRIM:1.786,ATE:1,LATCH:0,TORQ:1,CR:0.0,FX1:1.00,FY1:-151.10,FX2:-6.00,FY2:-149.60,IK1:1,IK2:1,MOVE:0
[2026-09-09 18:14:16.877] [RX] PITCH:1.54,PID_OUT:-35.60,INT:-0.1555,EL:-11340,ER:-8958,VEL:-0.0,MOT:1,TILT:25.0,TRIM:1.786,ATE:1,LATCH:0,TORQ:1,CR:0.0,FX1:1.00,FY1:-151.10,FX2:-6.00,FY2:-149.60,IK1:1,IK2:1,MOVE:0
[2026-09-09 18:14:16.978] [RX] PITCH:1.45,PID_OUT:-24.66,INT:-0.1250,EL:-11340,ER:-8958,VEL:-0.0,MOT:1,TILT:25.0,TRIM:1.786,ATE:1,LATCH:0,TORQ:1,CR:0.0,FX1:1.00,FY1:-151.10,FX2:-6.00,FY2:-149.60,IK1:1,IK2:1,MOVE:0
[2026-09-09 18:14:17.075] [RX] PITCH:1.48,PID_OUT:-15.90,INT:-0.0932,EL:-11340,ER:-8958,VEL:-0.0,MOT:1,TILT:25.0,TRIM:1.786,ATE:1,LATCH:0,TORQ:1,CR:0.0,FX1:1.00,FY1:-151.10,FX2:-6.00,FY2:-149.60,IK1:1,IK2:1,MOVE:0
[2026-09-09 18:14:17.180] [RX] PITCH:1.37,PID_OUT:1.32,INT:-0.0568,EL:-11340,ER:-8958,VEL:-0.0,MOT:1,TILT:25.0,TRIM:1.786,ATE:1,LATCH:0,TORQ:1,CR:0.0,FX1:1.00,FY1:-151.10,FX2:-6.00,FY2:-149.60,IK1:1,IK2:1,MOVE:0
[2026-09-09 18:14:17.188] [RX] AX12:MODE:0,TQ:1,TL:1023,CM:1,CS:4,MS:0,MT:800
[2026-09-09 18:14:17.276] [RX] PITCH:1.26,PID_OUT:21.46,INT:-0.0093,EL:-11340,ER:-8958,VEL:-0.0,MOT:1,TILT:25.0,TRIM:1.786,ATE:1,LATCH:0,TORQ:1,CR:0.0,FX1:1.00,FY1:-151.10,FX2:-6.00,FY2:-149.60,IK1:1,IK2:1,MOVE:0
[2026-09-09 18:14:17.282] [RX] SRV:6,37,0.0,0,0
[2026-09-09 18:14:17.375] [RX] PITCH:1.06,PID_OUT:23.27,INT:0.0494,EL:-11340,ER:-8962,VEL:30.0,MOT:1,TILT:25.0,TRIM:1.327,ATE:1,LATCH:0,TORQ:1,CR:0.0,FX1:1.00,FY1:-151.10,FX2:-6.00,FY2:-149.60,IK1:1,IK2:1,MOVE:0
[2026-09-09 18:14:17.475] [RX] PITCH:0.85,PID_OUT:-20.84,INT:0.0103,EL:-11339,ER:-8983,VEL:82.2,MOT:1,TILT:25.0,TRIM:0.517,ATE:1,LATCH:0,TORQ:1,CR:0.0,FX1:1.00,FY1:-151.10,FX2:-6.00,FY2:-149.60,IK1:1,IK2:1,MOVE:0
[2026-09-09 18:14:17.597] [RX] PITCH:0.81,PID_OUT:-0.83,INT:0.0022,EL:-11339,ER:-8993,VEL:50.0,MOT:1,TILT:25.0,TRIM:0.998,ATE:1,LATCH:0,TORQ:1,CR:0.0,FX1:1.00,FY1:-151.10,FX2:-6.00,FY2:-149.60,IK1:1,IK2:1,MOVE:0
[2026-09-09 18:14:17.677] [RX] PITCH:0.91,PID_OUT:7.11,INT:0.0008,EL:-11339,ER:-9003,VEL:34.3,MOT:1,TILT:25.0,TRIM:1.230,ATE:1,LATCH:0,TORQ:1,CR:0.0,FX1:1.00,FY1:-151.10,FX2:-6.00,FY2:-149.60,IK1:1,IK2:1,MOVE:0
[2026-09-09 18:14:17.684] [RX] AX12:MODE:0,TQ:1,TL:1023,CM:1,CS:4,MS:0,MT:800
[2026-09-09 18:14:17.773] [RX] PITCH:1.01,PID_OUT:7.07,INT:-0.0036,EL:-11339,ER:-9013,VEL:27.6,MOT:1,TILT:25.0,TRIM:1.325,ATE:1,LATCH:0,TORQ:1,CR:0.0,FX1:1.00,FY1:-151.10,FX2:-6.00,FY2:-149.60,IK1:1,IK2:1,MOVE:0
[2026-09-09 18:14:17.873] [RX] PITCH:1.00,PID_OUT:8.97,INT:-0.0082,EL:-11339,ER:-9023,VEL:26.2,MOT:1,TILT:25.0,TRIM:1.338,ATE:1,LATCH:0,TORQ:1,CR:0.0,FX1:1.00,FY1:-151.10,FX2:-6.00,FY2:-149.60,IK1:1,IK2:1,MOVE:0
[2026-09-09 18:14:17.975] [RX] PITCH:0.89,PID_OUT:-40.40,INT:-0.0164,EL:-11339,ER:-9042,VEL:93.4,MOT:1,TILT:25.0,TRIM:0.301,ATE:1,LATCH:0,TORQ:1,CR:0.0,FX1:1.00,FY1:-151.10,FX2:-6.00,FY2:-149.60,IK1:1,IK2:1,MOVE:0
[2026-09-09 18:14:18.073] [RX] PITCH:0.78,PID_OUT:-23.79,INT:-0.0274,EL:-11339,ER:-9053,VEL:75.3,MOT:1,TILT:25.0,TRIM:0.569,ATE:1,LATCH:0,TORQ:1,CR:0.0,FX1:1.00,FY1:-151.10,FX2:-6.00,FY2:-149.60,IK1:1,IK2:1,MOVE:0
[2026-09-09 18:14:18.183] [RX] PITCH:0.72,PID_OUT:-6.10,INT:-0.0249,EL:-11339,ER:-9063,VEL:54.7,MOT:1,TILT:25.0,TRIM:0.875,ATE:1,LATCH:0,TORQ:1,CR:0.0,FX1:1.00,FY1:-151.10,FX2:-6.00,FY2:-149.60,IK1:1,IK2:1,MOVE:0
[2026-09-09 18:14:18.184] [RX] AX12:MODE:0,TQ:1,TL:1023,CM:1,CS:4,MS:0,MT:800
[2026-09-09 18:14:18.278] [RX] PITCH:0.70,PID_OUT:9.18,INT:-0.0151,EL:-11339,ER:-9073,VEL:39.5,MOT:1,TILT:25.0,TRIM:1.098,ATE:1,LATCH:0,TORQ:1,CR:0.0,FX1:1.00,FY1:-151.10,FX2:-6.00,FY2:-149.60,IK1:1,IK2:1,MOVE:0
[2026-09-09 18:14:18.279] [RX] SRV:0,36,0.0,0,0
[2026-09-09 18:14:18.373] [RX] PITCH:0.65,PID_OUT:-30.81,INT:-0.0223,EL:-11339,ER:-9093,VEL:90.3,MOT:1,TILT:25.0,TRIM:0.310,ATE:1,LATCH:0,TORQ:1,CR:0.0,FX1:1.00,FY1:-151.10,FX2:-6.00,FY2:-149.60,IK1:1,IK2:1,MOVE:0
[2026-09-09 18:14:18.472] [RX] PITCH:0.59,PID_OUT:-3.31,INT:-0.0204,EL:-11339,ER:-9103,VEL:57.6,MOT:1,TILT:25.0,TRIM:0.800,ATE:1,LATCH:0,TORQ:1,CR:0.0,FX1:1.00,FY1:-151.10,FX2:-6.00,FY2:-149.60,IK1:1,IK2:1,MOVE:0
[2026-09-09 18:14:18.573] [RX] PITCH:0.57,PID_OUT:-37.39,INT:-0.0162,EL:-11339,ER:-9122,VEL:103.3,MOT:1,TILT:25.0,TRIM:0.091,ATE:1,LATCH:0,TORQ:1,CR:0.0,FX1:1.00,FY1:-151.10,FX2:-6.00,FY2:-149.60,IK1:1,IK2:1,MOVE:0
[2026-09-09 18:14:18.677] [RX] PITCH:0.59,PID_OUT:-14.21,INT:-0.0222,EL:-11339,ER:-9133,VEL:68.9,MOT:1,TILT:25.0,TRIM:0.605,ATE:1,LATCH:0,TORQ:1,CR:0.0,FX1:1.00,FY1:-151.10,FX2:-6.00,FY2:-149.60,IK1:1,IK2:1,MOVE:0
[2026-09-09 18:14:18.685] [RX] AX12:MODE:0,TQ:1,TL:1023,CM:1,CS:4,MS:0,MT:800
[2026-09-09 18:14:18.771] [RX] PITCH:0.59,PID_OUT:3.92,INT:-0.0119,EL:-11339,ER:-9143,VEL:47.4,MOT:1,TILT:25.0,TRIM:0.925,ATE:1,LATCH:0,TORQ:1,CR:0.0,FX1:1.00,FY1:-151.10,FX2:-6.00,FY2:-149.60,IK1:1,IK2:1,MOVE:0
[2026-09-09 18:14:18.872] [RX] PITCH:0.63,PID_OUT:-37.52,INT:-0.0101,EL:-11339,ER:-9162,VEL:97.6,MOT:1,TILT:25.0,TRIM:0.147,ATE:1,LATCH:0,TORQ:1,CR:0.0,FX1:1.00,FY1:-151.10,FX2:-6.00,FY2:-149.60,IK1:1,IK2:1,MOVE:0
[2026-09-09 18:14:18.972] [RX] PITCH:0.66,PID_OUT:-21.98,INT:-0.0154,EL:-11339,ER:-9173,VEL:76.1,MOT:1,TILT:25.0,TRIM:0.467,ATE:1,LATCH:0,TORQ:1,CR:0.0,FX1:1.00,FY1:-151.10,FX2:-6.00,FY2:-149.60,IK1:1,IK2:1,MOVE:0
[2026-09-09 18:14:19.072] [RX] PITCH:0.60,PID_OUT:3.46,INT:-0.0162,EL:-11339,ER:-9183,VEL:48.8,MOT:1,TILT:25.0,TRIM:0.874,ATE:1,LATCH:0,TORQ:1,CR:0.0,FX1:1.00,FY1:-151.10,FX2:-6.00,FY2:-149.60,IK1:1,IK2:1,MOVE:0
[2026-09-09 18:14:19.178] [RX] PITCH:0.51,PID_OUT:-30.76,INT:-0.0231,EL:-11339,ER:-9203,VEL:95.3,MOT:1,TILT:25.0,TRIM:0.152,ATE:1,LATCH:0,TORQ:1,CR:0.0,FX1:1.00,FY1:-151.10,FX2:-6.00,FY2:-149.60,IK1:1,IK2:1,MOVE:0
[2026-09-09 18:14:19.178] [RX] AX12:MODE:0,TQ:1,TL:1023,CM:1,CS:4,MS:0,MT:800
[2026-09-09 18:14:19.273] [RX] PITCH:0.39,PID_OUT:5.70,INT:-0.0198,EL:-11339,ER:-9213,VEL:52.6,MOT:1,TILT:25.0,TRIM:0.794,ATE:1,LATCH:0,TORQ:1,CR:0.0,FX1:1.00,FY1:-151.10,FX2:-6.00,FY2:-149.60,IK1:1,IK2:1,MOVE:0
[2026-09-09 18:14:19.275] [RX] SRV:14,36,0.0,0,0
[2026-09-09 18:14:19.370] [RX] PITCH:0.42,PID_OUT:-30.33,INT:-0.0148,EL:-11339,ER:-9233,VEL:96.0,MOT:1,TILT:25.0,TRIM:0.119,ATE:1,LATCH:0,TORQ:1,CR:0.0,FX1:1.00,FY1:-151.10,FX2:-6.00,FY2:-149.60,IK1:1,IK2:1,MOVE:0
[2026-09-09 18:14:19.472] [RX] PITCH:0.52,PID_OUT:-5.76,INT:-0.0132,EL:-11339,ER:-9243,VEL:58.7,MOT:1,TILT:25.0,TRIM:0.678,ATE:1,LATCH:0,TORQ:1,CR:0.0,FX1:1.00,FY1:-151.10,FX2:-6.00,FY2:-149.60,IK1:1,IK2:1,MOVE:0
[2026-09-09 18:14:19.571] [RX] PITCH:0.54,PID_OUT:15.02,INT:-0.0069,EL:-11339,ER:-9253,VEL:36.0,MOT:1,TILT:25.0,TRIM:1.016,ATE:1,LATCH:0,TORQ:1,CR:0.0,FX1:1.00,FY1:-151.10,FX2:-6.00,FY2:-149.60,IK1:1,IK2:1,MOVE:0
[2026-09-09 18:14:19.671] [RX] PITCH:0.45,PID_OUT:-27.96,INT:-0.0108,EL:-11339,ER:-9274,VEL:93.0,MOT:1,TILT:25.0,TRIM:0.134,ATE:1,LATCH:0,TORQ:1,CR:0.0,FX1:1.00,FY1:-151.10,FX2:-6.00,FY2:-149.60,IK1:1,IK2:1,MOVE:0
[2026-09-09 18:14:19.681] [RX] AX12:MODE:0,TQ:1,TL:1023,CM:1,CS:4,MS:0,MT:800
[2026-09-09 18:14:19.768] [RX] PITCH:0.50,PID_OUT:-4.06,INT:-0.0083,EL:-11339,ER:-9284,VEL:58.1,MOT:1,TILT:25.0,TRIM:0.657,ATE:1,LATCH:0,TORQ:1,CR:0.0,FX1:1.00,FY1:-151.10,FX2:-6.00,FY2:-149.60,IK1:1,IK2:1,MOVE:0
[2026-09-09 18:14:19.869] [RX] PITCH:0.56,PID_OUT:14.46,INT:-0.0045,EL:-11339,ER:-9294,VEL:35.9,MOT:1,TILT:25.0,TRIM:0.987,ATE:1,LATCH:0,TORQ:1,CR:0.0,FX1:1.00,FY1:-151.10,FX2:-6.00,FY2:-149.60,IK1:1,IK2:1,MOVE:0
[2026-09-09 18:14:19.969] [RX] PITCH:0.44,PID_OUT:-16.43,INT:-0.0160,EL:-11339,ER:-9314,VEL:79.9,MOT:1,TILT:25.0,TRIM:0.303,ATE:1,LATCH:0,TORQ:1,CR:0.0,FX1:1.00,FY1:-151.10,FX2:-6.00,FY2:-149.60,IK1:1,IK2:1,MOVE:0
[2026-09-09 18:14:20.070] [RX] PITCH:0.31,PID_OUT:-37.88,INT:-0.0179,EL:-11339,ER:-9333,VEL:112.0,MOT:1,TILT:25.0,TRIM:-0.200,ATE:1,LATCH:0,TORQ:1,CR:0.0,FX1:1.00,FY1:-151.10,FX2:-6.00,FY2:-149.60,IK1:1,IK2:1,MOVE:0
[2026-09-09 18:14:20.177] [RX] PITCH:0.23,PID_OUT:1.64,INT:-0.0196,EL:-11339,ER:-9344,VEL:63.6,MOT:1,TILT:25.0,TRIM:0.528,ATE:1,LATCH:0,TORQ:1,CR:0.0,FX1:1.00,FY1:-151.10,FX2:-6.00,FY2:-149.60,IK1:1,IK2:1,MOVE:0
[2026-09-09 18:14:20.180] [RX] AX12:MODE:0,TQ:1,TL:1023,CM:1,CS:4,MS:0,MT:800
[2026-09-09 18:14:20.271] [RX] PITCH:0.18,PID_OUT:-18.29,INT:-0.0204,EL:-11339,ER:-9364,VEL:88.5,MOT:1,TILT:25.0,TRIM:0.135,ATE:1,LATCH:0,TORQ:1,CR:0.0,FX1:1.00,FY1:-151.10,FX2:-6.00,FY2:-149.60,IK1:1,IK2:1,MOVE:0
[2026-09-09 18:14:20.271] [RX] SRV:1,39,0.8,0,0
[2026-09-09 18:14:20.368] [RX] PITCH:0.25,PID_OUT:14.36,INT:-0.0061,EL:-11339,ER:-9374,VEL:46.2,MOT:1,TILT:25.0,TRIM:0.771,ATE:1,LATCH:0,TORQ:1,CR:0.0,FX1:1.00,FY1:-151.10,FX2:-6.00,FY2:-149.60,IK1:1,IK2:1,MOVE:0
[2026-09-09 18:14:20.473] [RX] PITCH:0.31,PID_OUT:-17.05,INT:-0.0095,EL:-11339,ER:-9394,VEL:81.9,MOT:1,TILT:25.0,TRIM:0.212,ATE:1,LATCH:0,TORQ:1,CR:0.0,FX1:1.00,FY1:-151.10,FX2:-6.00,FY2:-149.60,IK1:1,IK2:1,MOVE:0
[2026-09-09 18:14:20.569] [RX] PITCH:0.38,PID_OUT:7.65,INT:-0.0028,EL:-11339,ER:-9404,VEL:50.0,MOT:1,TILT:25.0,TRIM:0.691,ATE:1,LATCH:0,TORQ:1,CR:0.0,FX1:1.00,FY1:-151.10,FX2:-6.00,FY2:-149.60,IK1:1,IK2:1,MOVE:0
[2026-09-09 18:14:20.669] [RX] PITCH:0.33,PID_OUT:-25.83,INT:-0.0068,EL:-11339,ER:-9424,VEL:95.5,MOT:1,TILT:25.0,TRIM:-0.017,ATE:1,LATCH:0,TORQ:1,CR:0.0,FX1:1.00,FY1:-151.10,FX2:-6.00,FY2:-149.60,IK1:1,IK2:1,MOVE:0
[2026-09-09 18:14:20.678] [RX] AX12:MODE:0,TQ:1,TL:1023,CM:1,CS:4,MS:0,MT:800
[2026-09-09 18:14:20.764] [RX] PITCH:0.25,PID_OUT:10.47,INT:-0.0034,EL:-11339,ER:-9434,VEL:52.7,MOT:1,TILT:25.0,TRIM:0.628,ATE:1,LATCH:0,TORQ:1,CR:0.0,FX1:1.00,FY1:-151.10,FX2:-6.00,FY2:-149.60,IK1:1,IK2:1,MOVE:0
[2026-09-09 18:14:20.868] [RX] PITCH:0.22,PID_OUT:-14.97,INT:-0.0107,EL:-11339,ER:-9454,VEL:83.2,MOT:1,TILT:25.0,TRIM:0.148,ATE:1,LATCH:0,TORQ:1,CR:0.0,FX1:1.00,FY1:-151.10,FX2:-6.00,FY2:-149.60,IK1:1,IK2:1,MOVE:0
[2026-09-09 18:14:20.965] [RX] PITCH:0.18,PID_OUT:-30.45,INT:-0.0059,EL:-11339,ER:-9472,VEL:105.1,MOT:1,TILT:25.0,TRIM:-0.200,ATE:1,LATCH:0,TORQ:1,CR:0.0,FX1:1.00,FY1:-151.10,FX2:-6.00,FY2:-149.60,IK1:1,IK2:1,MOVE:0
[2026-09-09 18:14:21.066] [RX] PITCH:0.26,PID_OUT:-5.01,INT:-0.0054,EL:-11339,ER:-9483,VEL:66.4,MOT:1,TILT:25.0,TRIM:0.381,ATE:1,LATCH:0,TORQ:1,CR:0.0,FX1:1.00,FY1:-151.10,FX2:-6.00,FY2:-149.60,IK1:1,IK2:1,MOVE:0
[2026-09-09 18:14:21.171] [RX] PITCH:0.29,PID_OUT:-27.29,INT:0.0002,EL:-11339,ER:-9500,VEL:95.1,MOT:1,TILT:25.0,TRIM:-0.068,ATE:1,LATCH:0,TORQ:1,CR:0.0,FX1:1.00,FY1:-151.10,FX2:-6.00,FY2:-149.60,IK1:1,IK2:1,MOVE:0
[2026-09-09 18:14:21.178] [RX] AX12:MODE:0,TQ:1,TL:1023,CM:1,CS:4,MS:0,MT:800
[2026-09-09 18:14:21.269] [RX] PITCH:0.31,PID_OUT:1.47,INT:-0.0022,EL:-11339,ER:-9510,VEL:56.4,MOT:1,TILT:25.0,TRIM:0.514,ATE:1,LATCH:0,TORQ:1,CR:0.0,FX1:1.00,FY1:-151.10,FX2:-6.00,FY2:-149.60,IK1:1,IK2:1,MOVE:0
[2026-09-09 18:14:21.269] [RX] SRV:6,37,0.0,0,0
[2026-09-09 18:14:21.364] [RX] PITCH:0.26,PID_OUT:-21.29,INT:-0.0044,EL:-11339,ER:-9528,VEL:88.3,MOT:1,TILT:25.0,TRIM:0.014,ATE:1,LATCH:0,TORQ:1,CR:0.0,FX1:1.00,FY1:-151.10,FX2:-6.00,FY2:-149.60,IK1:1,IK2:1,MOVE:0
[2026-09-09 18:14:21.464] [RX] PITCH:0.22,PID_OUT:12.22,INT:0.0047,EL:-11339,ER:-9537,VEL:47.9,MOT:1,TILT:25.0,TRIM:0.622,ATE:1,LATCH:0,TORQ:1,CR:0.0,FX1:1.00,FY1:-151.10,FX2:-6.00,FY2:-149.60,IK1:1,IK2:1,MOVE:0
[2026-09-09 18:14:21.565] [RX] PITCH:0.26,PID_OUT:-20.89,INT:-0.0084,EL:-11339,ER:-9557,VEL:82.3,MOT:1,TILT:25.0,TRIM:0.085,ATE:1,LATCH:0,TORQ:1,CR:0.0,FX1:1.00,FY1:-151.10,FX2:-6.00,FY2:-149.60,IK1:1,IK2:1,MOVE:0
[2026-09-09 18:14:21.670] [RX] PITCH:0.24,PID_OUT:6.54,INT:-0.0034,EL:-11339,ER:-9567,VEL:50.1,MOT:1,TILT:25.0,TRIM:0.567,ATE:1,LATCH:0,TORQ:1,CR:0.0,FX1:1.00,FY1:-151.10,FX2:-6.00,FY2:-149.60,IK1:1,IK2:1,MOVE:0
[2026-09-09 18:14:21.675] [RX] AX12:MODE:0,TQ:1,TL:1023,CM:1,CS:4,MS:0,MT:800
[2026-09-09 18:14:21.765] [RX] PITCH:0.26,PID_OUT:-31.80,INT:-0.0082,EL:-11339,ER:-9587,VEL:95.5,MOT:1,TILT:25.0,TRIM:-0.139,ATE:1,LATCH:0,TORQ:1,CR:0.0,FX1:1.00,FY1:-151.10,FX2:-6.00,FY2:-149.60,IK1:1,IK2:1,MOVE:0
[2026-09-09 18:14:21.868] [RX] PITCH:0.30,PID_OUT:-5.77,INT:-0.0146,EL:-11339,ER:-9597,VEL:58.6,MOT:1,TILT:25.0,TRIM:0.414,ATE:1,LATCH:0,TORQ:1,CR:0.0,FX1:1.00,FY1:-151.10,FX2:-6.00,FY2:-149.60,IK1:1,IK2:1,MOVE:0
[2026-09-09 18:14:21.963] [RX] PITCH:0.25,PID_OUT:-37.43,INT:-0.0188,EL:-11339,ER:-9616,VEL:103.5,MOT:1,TILT:25.0,TRIM:-0.283,ATE:1,LATCH:0,TORQ:1,CR:0.0,FX1:1.00,FY1:-151.10,FX2:-6.00,FY2:-149.60,IK1:1,IK2:1,MOVE:0
[2026-09-09 18:14:22.064] [RX] PITCH:0.12,PID_OUT:-6.38,INT:-0.0212,EL:-11339,ER:-9627,VEL:69.0,MOT:1,TILT:25.0,TRIM:0.235,ATE:1,LATCH:0,TORQ:1,CR:0.0,FX1:1.00,FY1:-151.10,FX2:-6.00,FY2:-149.60,IK1:1,IK2:1,MOVE:0
[2026-09-09 18:14:22.176] [RX] PITCH:0.02,PID_OUT:-31.48,INT:-0.0218,EL:-11339,ER:-9647,VEL:102.9,MOT:1,TILT:25.0,TRIM:-0.297,ATE:1,LATCH:0,TORQ:1,CR:0.0,FX1:1.00,FY1:-151.10,FX2:-6.00,FY2:-149.60,IK1:1,IK2:1,MOVE:0
[2026-09-09 18:14:22.176] [RX] AX12:MODE:0,TQ:1,TL:1023,CM:1,CS:4,MS:0,MT:800
[2026-09-09 18:14:22.263] [RX] PITCH:0.03,PID_OUT:7.09,INT:-0.0140,EL:-11339,ER:-9657,VEL:54.1,MOT:1,TILT:25.0,TRIM:0.438,ATE:1,LATCH:0,TORQ:1,CR:0.0,FX1:1.00,FY1:-151.10,FX2:-6.00,FY2:-149.60,IK1:1,IK2:1,MOVE:0
[2026-09-09 18:14:22.266] [RX] SRV:0,36,0.0,0,0
[2026-09-09 18:14:22.363] [RX] PITCH:0.08,PID_OUT:-28.69,INT:-0.0097,EL:-11339,ER:-9677,VEL:96.3,MOT:1,TILT:25.0,TRIM:-0.219,ATE:1,LATCH:0,TORQ:1,CR:0.0,FX1:1.00,FY1:-151.10,FX2:-6.00,FY2:-149.60,IK1:1,IK2:1,MOVE:0
[2026-09-09 18:14:22.463] [RX] PITCH:0.15,PID_OUT:-1.40,INT:-0.0065,EL:-11339,ER:-9687,VEL:58.8,MOT:1,TILT:25.0,TRIM:0.344,ATE:1,LATCH:0,TORQ:1,CR:0.0,FX1:1.00,FY1:-151.10,FX2:-6.00,FY2:-149.60,IK1:1,IK2:1,MOVE:0
[2026-09-09 18:14:22.562] [RX] PITCH:0.17,PID_OUT:-36.93,INT:-0.0074,EL:-11339,ER:-9706,VEL:103.5,MOT:1,TILT:25.0,TRIM:-0.351,ATE:1,LATCH:0,TORQ:1,CR:0.0,FX1:1.00,FY1:-151.10,FX2:-6.00,FY2:-149.60,IK1:1,IK2:1,MOVE:0
[2026-09-09 18:14:22.672] [RX] PITCH:0.11,PID_OUT:-9.91,INT:-0.0116,EL:-11339,ER:-9717,VEL:69.0,MOT:1,TILT:25.0,TRIM:0.167,ATE:1,LATCH:0,TORQ:1,CR:0.0,FX1:1.00,FY1:-151.10,FX2:-6.00,FY2:-149.60,IK1:1,IK2:1,MOVE:0
[2026-09-09 18:14:22.673] [RX] AX12:MODE:0,TQ:1,TL:1023,CM:1,CS:4,MS:0,MT:800
[2026-09-09 18:14:22.760] [RX] PITCH:0.14,PID_OUT:13.23,INT:-0.0016,EL:-11339,ER:-9727,VEL:42.4,MOT:1,TILT:25.0,TRIM:0.564,ATE:1,LATCH:0,TORQ:1,CR:0.0,FX1:1.00,FY1:-151.10,FX2:-6.00,FY2:-149.60,IK1:1,IK2:1,MOVE:0
[2026-09-09 18:14:22.861] [RX] PITCH:0.13,PID_OUT:-18.13,INT:-0.0133,EL:-11339,ER:-9747,VEL:81.2,MOT:1,TILT:25.0,TRIM:-0.041,ATE:1,LATCH:0,TORQ:1,CR:0.0,FX1:1.00,FY1:-151.10,FX2:-6.00,FY2:-149.60,IK1:1,IK2:1,MOVE:0
[2026-09-09 18:14:22.964] [RX] PITCH:0.01,PID_OUT:16.38,INT:-0.0088,EL:-11339,ER:-9757,VEL:44.8,MOT:1,TILT:25.0,TRIM:0.505,ATE:1,LATCH:0,TORQ:1,CR:0.0,FX1:1.00,FY1:-151.10,FX2:-6.00,FY2:-149.60,IK1:1,IK2:1,MOVE:0
[2026-09-09 18:14:23.062] [RX] PITCH:-0.11,PID_OUT:-4.51,INT:-0.0116,EL:-11339,ER:-9777,VEL:73.4,MOT:1,TILT:25.0,TRIM:0.055,ATE:1,LATCH:0,TORQ:1,CR:0.0,FX1:1.00,FY1:-151.10,FX2:-6.00,FY2:-149.60,IK1:1,IK2:1,MOVE:0
[2026-09-09 18:14:23.172] [RX] PITCH:-0.12,PID_OUT:-30.75,INT:-0.0094,EL:-11339,ER:-9797,VEL:103.8,MOT:1,TILT:25.0,TRIM:-0.423,ATE:1,LATCH:0,TORQ:1,CR:0.0,FX1:1.00,FY1:-151.10,FX2:-6.00,FY2:-149.60,IK1:1,IK2:1,MOVE:0
[2026-09-09 18:14:23.173] [RX] AX12:MODE:0,TQ:1,TL:1023,CM:1,CS:4,MS:0,MT:800
[2026-09-09 18:14:23.269] [RX] PITCH:-0.04,PID_OUT:-15.07,INT:-0.0043,EL:-11339,ER:-9809,VEL:72.5,MOT:1,TILT:25.0,TRIM:0.044,ATE:1,LATCH:0,TORQ:1,CR:0.0,FX1:1.00,FY1:-151.10,FX2:-6.00,FY2:-149.60,IK1:1,IK2:1,MOVE:0
[2026-09-09 18:14:23.269] [RX] SRV:14,36,0.0,0,0
[2026-09-09 18:14:23.360] [RX] PITCH:0.21,PID_OUT:-15.30,INT:0.0073,EL:-11339,ER:-9819,VEL:48.1,MOT:1,TILT:25.0,TRIM:0.407,ATE:1,LATCH:0,TORQ:1,CR:0.0,FX1:1.00,FY1:-151.10,FX2:-6.00,FY2:-149.60,IK1:1,IK2:1,MOVE:0
[2026-09-09 18:14:23.461] [RX] PITCH:0.86,PID_OUT:-12.95,INT:0.0333,EL:-11339,ER:-9819,VEL:9.5,MOT:1,TILT:25.0,TRIM:0.996,ATE:1,LATCH:0,TORQ:1,CR:0.0,FX1:1.00,FY1:-151.10,FX2:-6.00,FY2:-149.60,IK1:1,IK2:1,MOVE:0
[2026-09-09 18:14:23.559] [RX] PITCH:1.58,PID_OUT:-39.13,INT:0.0132,EL:-11339,ER:-9819,VEL:1.9,MOT:1,TILT:25.0,TRIM:1.112,ATE:1,LATCH:0,TORQ:1,CR:0.0,FX1:1.00,FY1:-151.10,FX2:-6.00,FY2:-149.60,IK1:1,IK2:1,MOVE:0
[2026-09-09 18:14:23.669] [RX] PITCH:1.79,PID_OUT:-52.97,INT:-0.0531,EL:-11339,ER:-9819,VEL:0.4,MOT:1,TILT:25.0,TRIM:1.134,ATE:1,LATCH:0,TORQ:1,CR:0.0,FX1:1.00,FY1:-151.10,FX2:-6.00,FY2:-149.60,IK1:1,IK2:1,MOVE:0
[2026-09-09 18:14:23.671] [RX] AX12:MODE:0,TQ:1,TL:1023,CM:1,CS:4,MS:0,MT:800
[2026-09-09 18:14:23.759] [RX] PITCH:1.83,PID_OUT:-77.39,INT:-0.1227,EL:-11339,ER:-9819,VEL:0.1,MOT:1,TILT:25.0,TRIM:1.139,ATE:1,LATCH:0,TORQ:1,CR:0.0,FX1:1.00,FY1:-151.10,FX2:-6.00,FY2:-149.60,IK1:1,IK2:1,MOVE:0
[2026-09-09 18:14:23.860] [RX] PITCH:1.74,PID_OUT:-12.83,INT:-0.1746,EL:-11351,ER:-9819,VEL:-87.7,MOT:1,TILT:25.0,TRIM:2.484,ATE:1,LATCH:0,TORQ:1,CR:0.0,FX1:1.00,FY1:-151.10,FX2:-6.00,FY2:-149.60,IK1:1,IK2:1,MOVE:0
[2026-09-09 18:14:23.956] [RX] PITCH:1.58,PID_OUT:-35.63,INT:-0.0823,EL:-11382,ER:-9839,VEL:-22.5,MOT:1,TILT:25.0,TRIM:1.499,ATE:1,LATCH:0,TORQ:1,CR:0.0,FX1:1.00,FY1:-151.10,FX2:-6.00,FY2:-149.60,IK1:1,IK2:1,MOVE:0
[2026-09-09 18:14:24.061] [RX] PITCH:1.61,PID_OUT:-12.21,INT:-0.0409,EL:-11416,ER:-9860,VEL:-41.3,MOT:1,TILT:25.0,TRIM:1.796,ATE:1,LATCH:0,TORQ:1,CR:0.0,FX1:1.00,FY1:-151.10,FX2:-6.00,FY2:-149.60,IK1:1,IK2:1,MOVE:0
[2026-09-09 18:14:24.166] [RX] PITCH:1.65,PID_OUT:-3.35,INT:-0.0218,EL:-11465,ER:-9900,VEL:-44.2,MOT:1,TILT:25.0,TRIM:1.846,ATE:1,LATCH:0,TORQ:1,CR:0.0,FX1:1.00,FY1:-151.10,FX2:-6.00,FY2:-149.60,IK1:1,IK2:1,MOVE:0
[2026-09-09 18:14:24.168] [RX] AX12:MODE:0,TQ:1,TL:1023,CM:1,CS:4,MS:0,MT:800
[2026-09-09 18:14:24.264] [RX] PITCH:1.56,PID_OUT:9.87,INT:-0.0087,EL:-11505,ER:-9932,VEL:-50.4,MOT:1,TILT:25.0,TRIM:1.947,ATE:1,LATCH:0,TORQ:1,CR:0.0,FX1:1.00,FY1:-151.10,FX2:-6.00,FY2:-149.60,IK1:1,IK2:1,MOVE:0
[2026-09-09 18:14:24.264] [RX] SRV:1,39,0.0,0,0
[2026-09-09 18:14:24.360] [RX] PITCH:1.54,PID_OUT:-0.25,INT:-0.0070,EL:-11538,ER:-9962,VEL:-34.4,MOT:1,TILT:25.0,TRIM:1.705,ATE:1,LATCH:0,TORQ:1,CR:0.0,FX1:1.00,FY1:-151.10,FX2:-6.00,FY2:-149.60,IK1:1,IK2:1,MOVE:0
[2026-09-09 18:14:24.458] [RX] PITCH:1.50,PID_OUT:-18.52,INT:0.0045,EL:-11559,ER:-9981,VEL:2.1,MOT:1,TILT:25.0,TRIM:1.152,ATE:1,LATCH:0,TORQ:1,CR:0.0,FX1:1.00,FY1:-151.10,FX2:-6.00,FY2:-149.60,IK1:1,IK2:1,MOVE:0
[2026-09-09 18:14:24.559] [RX] PITCH:1.21,PID_OUT:-22.05,INT:0.0095,EL:-11609,ER:-10031,VEL:26.5,MOT:1,TILT:25.0,TRIM:0.781,ATE:1,LATCH:0,TORQ:1,CR:0.0,FX1:1.00,FY1:-151.10,FX2:-6.00,FY2:-149.60,IK1:1,IK2:1,MOVE:0
[2026-09-09 18:14:24.666] [RX] PITCH:0.96,PID_OUT:-13.93,INT:0.0264,EL:-11659,ER:-10081,VEL:31.2,MOT:1,TILT:25.0,TRIM:0.708,ATE:1,LATCH:0,TORQ:1,CR:0.0,FX1:1.00,FY1:-151.10,FX2:-6.00,FY2:-149.60,IK1:1,IK2:1,MOVE:0
[2026-09-09 18:14:24.667] [RX] AX12:MODE:0,TQ:1,TL:1023,CM:1,CS:4,MS:0,MT:800
[2026-09-09 18:14:24.758] [RX] PITCH:1.00,PID_OUT:-15.61,INT:0.0469,EL:-11709,ER:-10132,VEL:36.8,MOT:1,TILT:25.0,TRIM:0.623,ATE:1,LATCH:0,TORQ:1,CR:0.0,FX1:1.00,FY1:-151.10,FX2:-6.00,FY2:-149.60,IK1:1,IK2:1,MOVE:0
[2026-09-09 18:14:24.856] [RX] PITCH:1.10,PID_OUT:-11.15,INT:0.0548,EL:-11759,ER:-10182,VEL:33.3,MOT:1,TILT:25.0,TRIM:0.676,ATE:1,LATCH:0,TORQ:1,CR:0.0,FX1:1.00,FY1:-151.10,FX2:-6.00,FY2:-149.60,IK1:1,IK2:1,MOVE:0
[2026-09-09 18:14:24.957] [RX] PITCH:0.97,PID_OUT:-10.09,INT:0.0511,EL:-11809,ER:-10235,VEL:39.8,MOT:1,TILT:25.0,TRIM:0.575,ATE:1,LATCH:0,TORQ:1,CR:0.0,FX1:1.00,FY1:-151.10,FX2:-6.00,FY2:-149.60,IK1:1,IK2:1,MOVE:0
[2026-09-09 18:14:25.055] [RX] PITCH:0.81,PID_OUT:-3.49,INT:0.0482,EL:-11849,ER:-10279,VEL:36.8,MOT:1,TILT:25.0,TRIM:0.618,ATE:1,LATCH:0,TORQ:1,CR:0.0,FX1:1.00,FY1:-151.10,FX2:-6.00,FY2:-149.60,IK1:1,IK2:1,MOVE:0
[2026-09-09 18:14:25.159] [RX] PITCH:0.74,PID_OUT:-16.60,INT:0.0205,EL:-11859,ER:-10299,VEL:45.4,MOT:1,TILT:25.0,TRIM:0.479,ATE:1,LATCH:0,TORQ:1,CR:0.0,FX1:1.00,FY1:-151.10,FX2:-6.00,FY2:-149.60,IK1:1,IK2:1,MOVE:0
[2026-09-09 18:14:25.171] [RX] AX12:MODE:0,TQ:1,TL:1023,CM:1,CS:4,MS:0,MT:800
[2026-09-09 18:14:25.259] [RX] PITCH:0.77,PID_OUT:-42.70,INT:0.0205,EL:-11859,ER:-10308,VEL:76.4,MOT:1,TILT:25.0,TRIM:0.000,ATE:1,LATCH:0,TORQ:1,CR:0.0,FX1:1.00,FY1:-151.10,FX2:-6.00,FY2:-149.60,IK1:1,IK2:1,MOVE:0
[2026-09-09 18:14:25.259] [RX] SRV:6,37,0.0,0,0
[2026-09-09 18:14:25.358] [RX] PITCH:0.83,PID_OUT:-16.25,INT:-0.0062,EL:-11859,ER:-10311,VEL:29.5,MOT:1,TILT:25.0,TRIM:0.712,ATE:1,LATCH:0,TORQ:1,CR:0.0,FX1:1.00,FY1:-151.10,FX2:-6.00,FY2:-149.60,IK1:1,IK2:1,MOVE:0
[2026-09-09 18:14:25.458] [RX] PITCH:0.82,PID_OUT:8.96,INT:0.0056,EL:-11859,ER:-10311,VEL:5.8,MOT:1,TILT:25.0,TRIM:1.072,ATE:1,LATCH:0,TORQ:1,CR:0.0,FX1:1.00,FY1:-151.10,FX2:-6.00,FY2:-149.60,IK1:1,IK2:1,MOVE:0
[2026-09-09 18:14:25.557] [RX] PITCH:0.67,PID_OUT:-3.40,INT:-0.0153,EL:-11859,ER:-10321,VEL:21.9,MOT:1,TILT:25.0,TRIM:0.820,ATE:1,LATCH:0,TORQ:1,CR:0.0,FX1:1.00,FY1:-151.10,FX2:-6.00,FY2:-149.60,IK1:1,IK2:1,MOVE:0
[2026-09-09 18:14:25.664] [RX] PITCH:0.60,PID_OUT:-20.01,INT:-0.0201,EL:-11859,ER:-10331,VEL:44.2,MOT:1,TILT:25.0,TRIM:0.474,ATE:1,LATCH:0,TORQ:1,CR:0.0,FX1:1.00,FY1:-151.10,FX2:-6.00,FY2:-149.60,IK1:1,IK2:1,MOVE:0
[2026-09-09 18:14:25.667] [RX] AX12:MODE:0,TQ:1,TL:1023,CM:1,CS:4,MS:0,MT:800
[2026-09-09 18:14:25.754] [RX] PITCH:0.65,PID_OUT:10.24,INT:0.0021,EL:-11859,ER:-10331,VEL:8.7,MOT:1,TILT:25.0,TRIM:1.014,ATE:1,LATCH:0,TORQ:1,CR:0.0,FX1:1.00,FY1:-151.10,FX2:-6.00,FY2:-149.60,IK1:1,IK2:1,MOVE:0
[2026-09-09 18:14:25.855] [RX] PITCH:0.67,PID_OUT:-18.02,INT:-0.0191,EL:-11859,ER:-10343,VEL:34.4,MOT:1,TILT:25.0,TRIM:0.614,ATE:1,LATCH:0,TORQ:1,CR:0.0,FX1:1.00,FY1:-151.10,FX2:-6.00,FY2:-149.60,IK1:1,IK2:1,MOVE:0
[2026-09-09 18:14:25.952] [RX] PITCH:0.67,PID_OUT:7.81,INT:0.0033,EL:-11859,ER:-10343,VEL:6.8,MOT:1,TILT:25.0,TRIM:1.034,ATE:1,LATCH:0,TORQ:1,CR:0.0,FX1:1.00,FY1:-151.10,FX2:-6.00,FY2:-149.60,IK1:1,IK2:1,MOVE:0
[2026-09-09 18:14:26.054] [RX] PITCH:0.75,PID_OUT:-15.50,INT:-0.0144,EL:-11859,ER:-10353,VEL:25.8,MOT:1,TILT:25.0,TRIM:0.737,ATE:1,LATCH:0,TORQ:1,CR:0.0,FX1:1.00,FY1:-151.10,FX2:-6.00,FY2:-149.60,IK1:1,IK2:1,MOVE:0
[2026-09-09 18:14:26.158] [RX] PITCH:0.86,PID_OUT:-19.14,INT:-0.0260,EL:-11859,ER:-10358,VEL:19.7,MOT:1,TILT:25.0,TRIM:0.826,ATE:1,LATCH:0,TORQ:1,CR:0.0,FX1:1.00,FY1:-151.10,FX2:-6.00,FY2:-149.60,IK1:1,IK2:1,MOVE:0
[2026-09-09 18:14:26.166] [RX] AX12:MODE:0,TQ:1,TL:1023,CM:1,CS:4,MS:0,MT:800
[2026-09-09 18:14:26.258] [RX] PITCH:0.87,PID_OUT:-32.52,INT:-0.0353,EL:-11859,ER:-10364,VEL:32.3,MOT:1,TILT:25.0,TRIM:0.629,ATE:1,LATCH:0,TORQ:1,CR:0.0,FX1:1.00,FY1:-151.10,FX2:-6.00,FY2:-149.60,IK1:1,IK2:1,MOVE:0
[2026-09-09 18:14:26.258] [RX] SRV:0,36,0.0,0,0
[2026-09-09 18:14:26.353] [RX] PITCH:0.95,PID_OUT:-15.69,INT:-0.0362,EL:-11859,ER:-10364,VEL:6.4,MOT:1,TILT:25.0,TRIM:1.024,ATE:1,LATCH:0,TORQ:1,CR:0.0,FX1:1.00,FY1:-151.10,FX2:-6.00,FY2:-149.60,IK1:1,IK2:1,MOVE:0
[2026-09-09 18:14:26.456] [RX] PITCH:1.00,PID_OUT:-10.01,INT:-0.0269,EL:-11859,ER:-10364,VEL:1.3,MOT:1,TILT:25.0,TRIM:1.102,ATE:1,LATCH:0,TORQ:1,CR:0.0,FX1:1.00,FY1:-151.10,FX2:-6.00,FY2:-149.60,IK1:1,IK2:1,MOVE:0
[2026-09-09 18:14:26.555] [RX] PITCH:0.96,PID_OUT:-2.72,INT:-0.0132,EL:-11859,ER:-10364,VEL:0.2,MOT:1,TILT:25.0,TRIM:1.117,ATE:1,LATCH:0,TORQ:1,CR:0.0,FX1:1.00,FY1:-151.10,FX2:-6.00,FY2:-149.60,IK1:1,IK2:1,MOVE:0
[2026-09-09 18:14:26.658] [RX] PITCH:0.88,PID_OUT:4.12,INT:0.0065,EL:-11859,ER:-10364,VEL:0.0,MOT:1,TILT:25.0,TRIM:1.120,ATE:1,LATCH:0,TORQ:1,CR:0.0,FX1:1.00,FY1:-151.10,FX2:-6.00,FY2:-149.60,IK1:1,IK2:1,MOVE:0
[2026-09-09 18:14:26.663] [RX] AX12:MODE:0,TQ:1,TL:1023,CM:1,CS:4,MS:0,MT:800
[2026-09-09 18:14:26.755] [RX] PITCH:0.77,PID_OUT:7.19,INT:0.0369,EL:-11859,ER:-10364,VEL:0.0,MOT:1,TILT:25.0,TRIM:1.121,ATE:1,LATCH:0,TORQ:1,CR:0.0,FX1:1.00,FY1:-151.10,FX2:-6.00,FY2:-149.60,IK1:1,IK2:1,MOVE:0
[2026-09-09 18:14:26.854] [RX] PITCH:0.98,PID_OUT:-16.74,INT:0.0673,EL:-11859,ER:-10364,VEL:0.0,MOT:1,TILT:25.0,TRIM:1.121,ATE:1,LATCH:0,TORQ:1,CR:0.0,FX1:1.00,FY1:-151.10,FX2:-6.00,FY2:-149.60,IK1:1,IK2:1,MOVE:0
[2026-09-09 18:14:26.951] [RX] PITCH:2.44,PID_OUT:-68.83,INT:0.0175,EL:-11863,ER:-10364,VEL:-30.0,MOT:1,TILT:25.0,TRIM:1.581,ATE:1,LATCH:0,TORQ:1,CR:0.0,FX1:1.00,FY1:-151.10,FX2:-6.00,FY2:-149.60,IK1:1,IK2:1,MOVE:0
[2026-09-09 18:14:27.052] [RX] PITCH:3.09,PID_OUT:-61.10,INT:-0.0757,EL:-11879,ER:-10364,VEL:-71.5,MOT:1,TILT:25.0,TRIM:2.223,ATE:1,LATCH:0,TORQ:1,CR:0.0,FX1:1.00,FY1:-151.10,FX2:-6.00,FY2:-149.60,IK1:1,IK2:1,MOVE:0
[2026-09-09 18:14:27.157] [RX] PITCH:2.55,PID_OUT:35.32,INT:-0.1035,EL:-11908,ER:-10364,VEL:-159.1,MOT:1,TILT:25.0,TRIM:3.578,ATE:1,LATCH:0,TORQ:1,CR:0.0,FX1:1.00,FY1:-151.10,FX2:-6.00,FY2:-149.60,IK1:1,IK2:1,MOVE:0
[2026-09-09 18:14:27.163] [RX] AX12:MODE:0,TQ:1,TL:1023,CM:1,CS:4,MS:0,MT:800
[2026-09-09 18:14:27.253] [RX] PITCH:1.67,PID_OUT:34.54,INT:-0.0481,EL:-11919,ER:-10364,VEL:-88.2,MOT:1,TILT:25.0,TRIM:2.508,ATE:1,LATCH:0,TORQ:1,CR:0.0,FX1:1.00,FY1:-151.10,FX2:-6.00,FY2:-149.60,IK1:1,IK2:1,MOVE:0
[2026-09-09 18:14:27.256] [RX] SRV:14,36,0.0,0,0
[2026-09-09 18:14:27.351] [RX] PITCH:1.06,PID_OUT:12.93,INT:-0.0009,EL:-11919,ER:-10364,VEL:-17.4,MOT:1,TILT:25.0,TRIM:1.430,ATE:1,LATCH:0,TORQ:1,CR:0.0,FX1:1.00,FY1:-151.10,FX2:-6.00,FY2:-149.60,IK1:1,IK2:1,MOVE:0
[2026-09-09 18:14:27.451] [RX] PITCH:0.88,PID_OUT:12.45,INT:0.0356,EL:-11919,ER:-10364,VEL:-3.4,MOT:1,TILT:25.0,TRIM:1.218,ATE:1,LATCH:0,TORQ:1,CR:0.0,FX1:1.00,FY1:-151.10,FX2:-6.00,FY2:-149.60,IK1:1,IK2:1,MOVE:0
[2026-09-09 18:14:27.549] [RX] PITCH:1.19,PID_OUT:2.91,INT:0.0559,EL:-11920,ER:-10364,VEL:-5.3,MOT:1,TILT:25.0,TRIM:1.247,ATE:1,LATCH:0,TORQ:1,CR:0.0,FX1:1.00,FY1:-151.10,FX2:-6.00,FY2:-149.60,IK1:1,IK2:1,MOVE:0
[2026-09-09 18:14:27.654] [RX] PITCH:1.54,PID_OUT:28.96,INT:0.0731,EL:-11930,ER:-10364,VEL:-47.9,MOT:1,TILT:25.0,TRIM:1.903,ATE:1,LATCH:0,TORQ:1,CR:0.0,FX1:1.00,FY1:-151.10,FX2:-6.00,FY2:-149.60,IK1:1,IK2:1,MOVE:0
[2026-09-09 18:14:27.660] [RX] AX12:MODE:0,TQ:1,TL:1023,CM:1,CS:4,MS:0,MT:800
[2026-09-09 18:14:27.750] [RX] PITCH:1.52,PID_OUT:1.06,INT:0.0662,EL:-11930,ER:-10364,VEL:-9.4,MOT:1,TILT:25.0,TRIM:1.318,ATE:1,LATCH:0,TORQ:1,CR:0.0,FX1:1.00,FY1:-151.10,FX2:-6.00,FY2:-149.60,IK1:1,IK2:1,MOVE:0
[2026-09-09 18:14:27.850] [RX] PITCH:1.30,PID_OUT:-4.36,INT:0.0542,EL:-11930,ER:-10364,VEL:-1.9,MOT:1,TILT:25.0,TRIM:1.203,ATE:1,LATCH:0,TORQ:1,CR:0.0,FX1:1.00,FY1:-151.10,FX2:-6.00,FY2:-149.60,IK1:1,IK2:1,MOVE:0
[2026-09-09 18:14:27.952] [RX] PITCH:1.57,PID_OUT:9.31,INT:0.0817,EL:-11940,ER:-10364,VEL:-29.1,MOT:1,TILT:25.0,TRIM:1.625,ATE:1,LATCH:0,TORQ:1,CR:0.0,FX1:1.00,FY1:-151.10,FX2:-6.00,FY2:-149.60,IK1:1,IK2:1,MOVE:0
[2026-09-09 18:14:28.050] [RX] PITCH:1.73,PID_OUT:-36.80,INT:0.0700,EL:-11960,ER:-10384,VEL:17.6,MOT:1,TILT:25.0,TRIM:0.914,ATE:1,LATCH:0,TORQ:1,CR:0.0,FX1:1.00,FY1:-151.10,FX2:-6.00,FY2:-149.60,IK1:1,IK2:1,MOVE:0
[2026-09-09 18:14:28.156] [RX] PITCH:1.81,PID_OUT:-0.97,INT:0.0580,EL:-12004,ER:-10415,VEL:-46.7,MOT:1,TILT:25.0,TRIM:1.903,ATE:1,LATCH:0,TORQ:1,CR:0.0,FX1:1.00,FY1:-151.10,FX2:-6.00,FY2:-149.60,IK1:1,IK2:1,MOVE:0
[2026-09-09 18:14:28.160] [RX] AX12:MODE:0,TQ:1,TL:1023,CM:1,CS:4,MS:0,MT:800
[2026-09-09 18:14:28.254] [RX] PITCH:2.19,PID_OUT:-28.32,INT:0.0672,EL:-12044,ER:-10444,VEL:-44.1,MOT:1,TILT:25.0,TRIM:1.871,ATE:1,LATCH:0,TORQ:1,CR:0.0,FX1:1.00,FY1:-151.10,FX2:-6.00,FY2:-149.60,IK1:1,IK2:1,MOVE:0
[2026-09-09 18:14:28.254] [RX] SRV:1,39,0.0,0,0
[2026-09-09 18:14:28.350] [RX] PITCH:2.92,PID_OUT:-20.16,INT:0.0650,EL:-12099,ER:-10475,VEL:-96.6,MOT:1,TILT:25.0,TRIM:2.688,ATE:1,LATCH:0,TORQ:1,CR:0.0,FX1:1.00,FY1:-151.10,FX2:-6.00,FY2:-149.60,IK1:1,IK2:1,MOVE:0
[2026-09-09 18:14:28.450] [RX] PITCH:3.56,PID_OUT:-12.78,INT:0.0474,EL:-12158,ER:-10505,VEL:-132.9,MOT:1,TILT:25.0,TRIM:3.262,ATE:1,LATCH:0,TORQ:1,CR:0.0,FX1:1.00,FY1:-151.10,FX2:-6.00,FY2:-149.60,IK1:1,IK2:1,MOVE:0
[2026-09-09 18:14:28.545] [RX] PITCH:3.53,PID_OUT:-40.91,INT:0.0186,EL:-12209,ER:-10534,VEL:-87.5,MOT:1,TILT:25.0,TRIM:2.588,ATE:1,LATCH:0,TORQ:1,CR:0.0,FX1:1.00,FY1:-151.10,FX2:-6.00,FY2:-149.60,IK1:1,IK2:1,MOVE:0
[2026-09-09 18:14:28.657] [RX] PITCH:3.03,PID_OUT:6.24,INT:0.0018,EL:-12258,ER:-10555,VEL:-120.5,MOT:1,TILT:25.0,TRIM:3.110,ATE:1,LATCH:0,TORQ:1,CR:0.0,FX1:1.00,FY1:-151.10,FX2:-6.00,FY2:-149.60,IK1:1,IK2:1,MOVE:0
[2026-09-09 18:14:28.659] [RX] AX12:MODE:0,TQ:1,TL:1023,CM:1,CS:4,MS:0,MT:800
[2026-09-09 18:14:28.749] [RX] PITCH:2.47,PID_OUT:-21.42,INT:0.0028,EL:-12299,ER:-10584,VEL:-60.3,MOT:1,TILT:25.0,TRIM:2.204,ATE:1,LATCH:0,TORQ:1,CR:0.0,FX1:1.00,FY1:-151.10,FX2:-6.00,FY2:-149.60,IK1:1,IK2:1,MOVE:0
[2026-09-09 18:14:28.849] [RX] PITCH:2.53,PID_OUT:31.22,INT:0.0186,EL:-12345,ER:-10605,VEL:-127.8,MOT:1,TILT:25.0,TRIM:3.250,ATE:1,LATCH:0,TORQ:1,CR:0.0,FX1:1.00,FY1:-151.10,FX2:-6.00,FY2:-149.60,IK1:1,IK2:1,MOVE:0
[2026-09-09 18:14:28.950] [RX] PITCH:2.64,PID_OUT:-3.95,INT:0.0011,EL:-12395,ER:-10645,VEL:-85.1,MOT:1,TILT:25.0,TRIM:2.607,ATE:1,LATCH:0,TORQ:1,CR:0.0,FX1:1.00,FY1:-151.10,FX2:-6.00,FY2:-149.60,IK1:1,IK2:1,MOVE:0
[2026-09-09 18:14:29.046] [RX] PITCH:2.35,PID_OUT:-1.38,INT:0.0030,EL:-12440,ER:-10675,VEL:-77.7,MOT:1,TILT:25.0,TRIM:2.506,ATE:1,LATCH:0,TORQ:1,CR:0.0,FX1:1.00,FY1:-151.10,FX2:-6.00,FY2:-149.60,IK1:1,IK2:1,MOVE:0
[2026-09-09 18:14:29.152] [RX] PITCH:2.17,PID_OUT:-26.99,INT:0.0249,EL:-12480,ER:-10704,VEL:-50.2,MOT:1,TILT:25.0,TRIM:2.096,ATE:1,LATCH:0,TORQ:1,CR:0.0,FX1:1.00,FY1:-151.10,FX2:-6.00,FY2:-149.60,IK1:1,IK2:1,MOVE:0
[2026-09-09 18:14:29.160] [RX] AX12:MODE:0,TQ:1,TL:1023,CM:1,CS:4,MS:0,MT:800
[2026-09-09 18:14:29.251] [RX] PITCH:3.04,PID_OUT:-16.93,INT:0.0514,EL:-12538,ER:-10735,VEL:-115.3,MOT:1,TILT:25.0,TRIM:3.107,ATE:1,LATCH:0,TORQ:1,CR:0.0,FX1:1.00,FY1:-151.10,FX2:-6.00,FY2:-149.60,IK1:1,IK2:1,MOVE:0
[2026-09-09 18:14:29.251] [RX] SRV:6,37,0.0,0,0
[2026-09-09 18:14:29.346] [RX] PITCH:3.93,PID_OUT:-11.73,INT:0.0675,EL:-12579,ER:-10740,VEL:-159.5,MOT:1,TILT:25.0,TRIM:3.806,ATE:1,LATCH:0,TORQ:1,CR:0.0,FX1:1.00,FY1:-151.10,FX2:-6.00,FY2:-149.60,IK1:1,IK2:1,MOVE:0
[2026-09-09 18:14:29.445] [RX] PITCH:4.62,PID_OUT:-13.29,INT:0.0523,EL:-12618,ER:-10740,VEL:-179.4,MOT:1,TILT:25.0,TRIM:4.139,ATE:1,LATCH:0,TORQ:1,CR:0.0,FX1:1.00,FY1:-151.10,FX2:-6.00,FY2:-149.60,IK1:1,IK2:1,MOVE:0
[2026-09-09 18:14:29.546] [RX] PITCH:4.35,PID_OUT:2.72,INT:0.0179,EL:-12654,ER:-10740,VEL:-171.6,MOT:1,TILT:25.0,TRIM:4.047,ATE:1,LATCH:0,TORQ:1,CR:0.0,FX1:1.00,FY1:-151.10,FX2:-6.00,FY2:-149.60,IK1:1,IK2:1,MOVE:0
[2026-09-09 18:14:29.651] [RX] PITCH:3.38,PID_OUT:-14.14,INT:-0.0006,EL:-12675,ER:-10740,VEL:-101.9,MOT:1,TILT:25.0,TRIM:3.001,ATE:1,LATCH:0,TORQ:1,CR:0.0,FX1:1.00,FY1:-151.10,FX2:-6.00,FY2:-149.60,IK1:1,IK2:1,MOVE:0
[2026-09-09 18:14:29.658] [RX] AX12:MODE:0,TQ:1,TL:1023,CM:1,CS:4,MS:0,MT:800
[2026-09-09 18:14:29.745] [RX] PITCH:2.75,PID_OUT:-9.97,INT:0.0236,EL:-12695,ER:-10740,VEL:-78.6,MOT:1,TILT:25.0,TRIM:2.661,ATE:1,LATCH:0,TORQ:1,CR:0.0,FX1:1.00,FY1:-151.10,FX2:-6.00,FY2:-149.60,IK1:1,IK2:1,MOVE:0
[2026-09-09 18:14:29.845] [RX] PITCH:3.00,PID_OUT:-21.04,INT:0.0446,EL:-12715,ER:-10740,VEL:-74.0,MOT:1,TILT:25.0,TRIM:2.607,ATE:1,LATCH:0,TORQ:1,CR:0.0,FX1:1.00,FY1:-151.10,FX2:-6.00,FY2:-149.60,IK1:1,IK2:1,MOVE:0
[2026-09-09 18:14:29.942] [RX] PITCH:3.30,PID_OUT:22.74,INT:0.0506,EL:-12745,ER:-10740,VEL:-133.0,MOT:1,TILT:25.0,TRIM:3.527,ATE:1,LATCH:0,TORQ:1,CR:0.0,FX1:1.00,FY1:-151.10,FX2:-6.00,FY2:-149.60,IK1:1,IK2:1,MOVE:0
[2026-09-09 18:14:30.045] [RX] PITCH:3.03,PID_OUT:29.20,INT:0.0444,EL:-12765,ER:-10740,VEL:-121.5,MOT:1,TILT:25.0,TRIM:3.367,ATE:1,LATCH:0,TORQ:1,CR:0.0,FX1:1.00,FY1:-151.10,FX2:-6.00,FY2:-149.60,IK1:1,IK2:1,MOVE:0
[2026-09-09 18:14:30.154] [RX] PITCH:2.70,PID_OUT:-7.87,INT:0.0442,EL:-12775,ER:-10740,VEL:-57.8,MOT:1,TILT:25.0,TRIM:2.405,ATE:1,LATCH:0,TORQ:1,CR:0.0,FX1:1.00,FY1:-151.10,FX2:-6.00,FY2:-149.60,IK1:1,IK2:1,MOVE:0
[2026-09-09 18:14:30.154] [RX] AX12:MODE:0,TQ:1,TL:1023,CM:1,CS:4,MS:0,MT:800
[2026-09-09 18:14:30.250] [RX] PITCH:2.55,PID_OUT:26.07,INT:0.0570,EL:-12795,ER:-10740,VEL:-97.0,MOT:1,TILT:25.0,TRIM:3.018,ATE:1,LATCH:0,TORQ:1,CR:0.0,FX1:1.00,FY1:-151.10,FX2:-6.00,FY2:-149.60,IK1:1,IK2:1,MOVE:0
[2026-09-09 18:14:30.250] [RX] SRV:0,36,0.0,0,0
[2026-09-09 18:14:30.343] [RX] PITCH:2.73,PID_OUT:-8.12,INT:0.0687,EL:-12807,ER:-10740,VEL:-63.7,MOT:1,TILT:25.0,TRIM:2.520,ATE:1,LATCH:0,TORQ:1,CR:0.0,FX1:1.00,FY1:-151.10,FX2:-6.00,FY2:-149.60,IK1:1,IK2:1,MOVE:0
[2026-09-09 18:14:30.443] [RX] PITCH:3.14,PID_OUT:-7.03,INT:0.0657,EL:-12827,ER:-10740,VEL:-80.2,MOT:1,TILT:25.0,TRIM:2.786,ATE:1,LATCH:0,TORQ:1,CR:0.0,FX1:1.00,FY1:-151.10,FX2:-6.00,FY2:-149.60,IK1:1,IK2:1,MOVE:0
[2026-09-09 18:14:30.544] [RX] PITCH:3.06,PID_OUT:5.44,INT:0.0578,EL:-12847,ER:-10740,VEL:-83.5,MOT:1,TILT:25.0,TRIM:2.850,ATE:1,LATCH:0,TORQ:1,CR:0.0,FX1:1.00,FY1:-151.10,FX2:-6.00,FY2:-149.60,IK1:1,IK2:1,MOVE:0
[2026-09-09 18:14:30.644] [RX] PITCH:2.63,PID_OUT:-13.82,INT:0.0470,EL:-12857,ER:-10740,VEL:-40.9,MOT:1,TILT:25.0,TRIM:2.210,ATE:1,LATCH:0,TORQ:1,CR:0.0,FX1:1.00,FY1:-151.10,FX2:-6.00,FY2:-149.60,IK1:1,IK2:1,MOVE:0
[2026-09-09 18:14:30.653] [RX] AX12:MODE:0,TQ:1,TL:1023,CM:1,CS:4,MS:0,MT:800
[2026-09-09 18:14:30.742] [RX] PITCH:2.40,PID_OUT:34.66,INT:0.0678,EL:-12877,ER:-10740,VEL:-90.6,MOT:1,TILT:25.0,TRIM:2.981,ATE:1,LATCH:0,TORQ:1,CR:0.0,FX1:1.00,FY1:-151.10,FX2:-6.00,FY2:-149.60,IK1:1,IK2:1,MOVE:0
[2026-09-09 18:14:30.841] [RX] PITCH:2.29,PID_OUT:6.50,INT:0.0962,EL:-12887,ER:-10740,VEL:-64.7,MOT:1,TILT:25.0,TRIM:2.595,ATE:1,LATCH:0,TORQ:1,CR:0.0,FX1:1.00,FY1:-151.10,FX2:-6.00,FY2:-149.60,IK1:1,IK2:1,MOVE:0
[2026-09-09 18:14:30.943] [RX] PITCH:2.98,PID_OUT:23.15,INT:0.1455,EL:-12916,ER:-10740,VEL:-151.6,MOT:1,TILT:25.0,TRIM:3.938,ATE:1,LATCH:0,TORQ:1,CR:0.0,FX1:1.00,FY1:-151.10,FX2:-6.00,FY2:-149.60,IK1:1,IK2:1,MOVE:0
[2026-09-09 18:14:31.043] [RX] PITCH:4.53,PID_OUT:-38.26,INT:0.1972,EL:-12957,ER:-10741,VEL:-194.1,MOT:1,TILT:25.0,TRIM:4.616,ATE:1,LATCH:0,TORQ:1,CR:0.0,FX1:1.00,FY1:-151.10,FX2:-6.00,FY2:-149.60,IK1:1,IK2:1,MOVE:0
[2026-09-09 18:14:31.149] [RX] PITCH:7.35,PID_OUT:-137.07,INT:0.1890,EL:-13038,ER:-10742,VEL:-350.2,MOT:1,TILT:25.0,TRIM:6.000,ATE:1,LATCH:0,TORQ:1,CR:0.0,FX1:1.00,FY1:-151.10,FX2:-6.00,FY2:-149.60,IK1:1,IK2:1,MOVE:0
[2026-09-09 18:14:31.152] [RX] AX12:MODE:0,TQ:1,TL:1023,CM:1,CS:4,MS:0,MT:800
[2026-09-09 18:14:31.249] [RX] PITCH:8.25,PID_OUT:-121.95,INT:-0.1362,EL:-13058,ER:-10728,VEL:-233.9,MOT:1,TILT:25.0,TRIM:5.307,ATE:1,LATCH:0,TORQ:1,CR:0.0,FX1:1.00,FY1:-151.10,FX2:-6.00,FY2:-149.60,IK1:1,IK2:1,MOVE:0
[2026-09-09 18:14:31.250] [RX] SRV:14,36,0.0,0,0
[2026-09-09 18:14:31.347] [RX] PITCH:6.30,PID_OUT:16.89,INT:-0.2366,EL:-13088,ER:-10709,VEL:-227.3,MOT:1,TILT:25.0,TRIM:5.243,ATE:1,LATCH:0,TORQ:1,CR:0.0,FX1:1.00,FY1:-151.10,FX2:-6.00,FY2:-149.60,IK1:1,IK2:1,MOVE:0
[2026-09-09 18:14:31.446] [RX] PITCH:3.52,PID_OUT:62.21,INT:-0.2366,EL:-13107,ER:-10709,VEL:-111.5,MOT:1,TILT:25.0,TRIM:3.495,ATE:1,LATCH:0,TORQ:1,CR:0.0,FX1:1.00,FY1:-151.10,FX2:-6.00,FY2:-149.60,IK1:1,IK2:1,MOVE:0
[2026-09-09 18:14:31.537] [RX] PITCH:0.74,PID_OUT:81.21,INT:-0.1617,EL:-13110,ER:-10714,VEL:5.5,MOT:1,TILT:25.0,TRIM:1.713,ATE:1,LATCH:0,TORQ:1,CR:0.0,FX1:1.00,FY1:-151.10,FX2:-6.00,FY2:-149.60,IK1:1,IK2:1,MOVE:0
[2026-09-09 18:14:31.650] [RX] PITCH:-1.94,PID_OUT:144.09,INT:-0.0165,EL:-13105,ER:-10735,VEL:115.1,MOT:1,TILT:25.0,TRIM:0.026,ATE:1,LATCH:0,TORQ:1,CR:0.0,FX1:1.00,FY1:-151.10,FX2:-6.00,FY2:-149.60,IK1:1,IK2:1,MOVE:0
[2026-09-09 18:14:31.652] [RX] AX12:MODE:0,TQ:1,TL:1023,CM:1,CS:4,MS:0,MT:800
[2026-09-09 18:14:31.740] [RX] PITCH:-3.14,PID_OUT:115.97,INT:0.1450,EL:-13087,ER:-10765,VEL:224.9,MOT:1,TILT:25.0,TRIM:-1.681,ATE:1,LATCH:0,TORQ:1,CR:0.0,FX1:1.00,FY1:-151.10,FX2:-6.00,FY2:-149.60,IK1:1,IK2:1,MOVE:0
[2026-09-09 18:14:31.840] [RX] PITCH:-4.31,PID_OUT:76.38,INT:0.2366,EL:-13062,ER:-10800,VEL:285.5,MOT:1,TILT:25.0,TRIM:-2.648,ATE:1,LATCH:0,TORQ:1,CR:0.0,FX1:1.00,FY1:-151.10,FX2:-6.00,FY2:-149.60,IK1:1,IK2:1,MOVE:0
[2026-09-09 18:14:31.938] [RX] PITCH:-3.79,PID_OUT:-0.68,INT:0.2366,EL:-13035,ER:-10829,VEL:265.4,MOT:1,TILT:25.0,TRIM:-2.384,ATE:1,LATCH:0,TORQ:1,CR:0.0,FX1:1.00,FY1:-151.10,FX2:-6.00,FY2:-149.60,IK1:1,IK2:1,MOVE:0
[2026-09-09 18:14:32.040] [RX] PITCH:-1.03,PID_OUT:-46.76,INT:0.2366,EL:-13029,ER:-10843,VEL:110.1,MOT:1,TILT:25.0,TRIM:-0.036,ATE:1,LATCH:0,TORQ:1,CR:0.0,FX1:1.00,FY1:-151.10,FX2:-6.00,FY2:-149.60,IK1:1,IK2:1,MOVE:0
[2026-09-09 18:14:32.144] [RX] PITCH:2.54,PID_OUT:-80.57,INT:0.2304,EL:-13047,ER:-10846,VEL:-62.9,MOT:1,TILT:25.0,TRIM:2.607,ATE:1,LATCH:0,TORQ:1,CR:0.0,FX1:1.00,FY1:-151.10,FX2:-6.00,FY2:-149.60,IK1:1,IK2:1,MOVE:0
[2026-09-09 18:14:32.152] [RX] AX12:MODE:0,TQ:1,TL:1023,CM:1,CS:4,MS:0,MT:800
[2026-09-09 18:14:32.247] [RX] PITCH:6.28,PID_OUT:-121.68,INT:0.0772,EL:-13067,ER:-10840,VEL:-119.0,MOT:1,TILT:25.0,TRIM:3.481,ATE:1,LATCH:0,TORQ:1,CR:0.0,FX1:1.00,FY1:-151.10,FX2:-6.00,FY2:-149.60,IK1:1,IK2:1,MOVE:0
[2026-09-09 18:14:32.247] [RX] SRV:1,39,0.0,0,0
[2026-09-09 18:14:32.343] [RX] PITCH:7.49,PID_OUT:-126.03,INT:-0.0908,EL:-13111,ER:-10820,VEL:-278.9,MOT:1,TILT:25.0,TRIM:5.962,ATE:1,LATCH:0,TORQ:1,CR:0.0,FX1:1.00,FY1:-151.10,FX2:-6.00,FY2:-149.60,IK1:1,IK2:1,MOVE:0
[2026-09-09 18:14:32.442] [RX] PITCH:8.23,PID_OUT:-63.99,INT:-0.2366,EL:-13150,ER:-10799,VEL:-300.0,MOT:1,TILT:25.0,TRIM:6.000,ATE:1,LATCH:0,TORQ:1,CR:0.0,FX1:1.00,FY1:-151.10,FX2:-6.00,FY2:-149.60,IK1:1,IK2:1,MOVE:0
[2026-09-09 18:14:32.539] [RX] PITCH:6.27,PID_OUT:53.13,INT:-0.2366,EL:-13179,ER:-10784,VEL:-208.8,MOT:1,TILT:25.0,TRIM:4.973,ATE:1,LATCH:0,TORQ:1,CR:0.0,FX1:1.00,FY1:-151.10,FX2:-6.00,FY2:-149.60,IK1:1,IK2:1,MOVE:0
[2026-09-09 18:14:32.645] [RX] PITCH:2.43,PID_OUT:47.32,INT:-0.2200,EL:-13194,ER:-10787,VEL:-54.5,MOT:1,TILT:25.0,TRIM:2.635,ATE:1,LATCH:0,TORQ:1,CR:0.0,FX1:1.00,FY1:-151.10,FX2:-6.00,FY2:-149.60,IK1:1,IK2:1,MOVE:0
[2026-09-09 18:14:32.655] [RX] AX12:MODE:0,TQ:1,TL:1023,CM:1,CS:4,MS:0,MT:800
[2026-09-09 18:14:32.738] [RX] PITCH:-0.60,PID_OUT:151.66,INT:-0.1156,EL:-13192,ER:-10795,VEL:34.1,MOT:1,TILT:25.0,TRIM:1.279,ATE:1,LATCH:0,TORQ:1,CR:0.0,FX1:1.00,FY1:-151.10,FX2:-6.00,FY2:-149.60,IK1:1,IK2:1,MOVE:0
[2026-09-09 18:14:32.839] [RX] PITCH:-2.45,PID_OUT:106.08,INT:0.0777,EL:-13180,ER:-10819,VEL:166.6,MOT:1,TILT:25.0,TRIM:-0.764,ATE:1,LATCH:0,TORQ:1,CR:0.0,FX1:1.00,FY1:-151.10,FX2:-6.00,FY2:-149.60,IK1:1,IK2:1,MOVE:0
[2026-09-09 18:14:32.939] [RX] PITCH:-3.34,PID_OUT:70.37,INT:0.2360,EL:-13160,ER:-10850,VEL:245.9,MOT:1,TILT:25.0,TRIM:-2.009,ATE:1,LATCH:0,TORQ:1,CR:0.0,FX1:1.00,FY1:-151.10,FX2:-6.00,FY2:-149.60,IK1:1,IK2:1,MOVE:0
[2026-09-09 18:14:33.039] [RX] PITCH:-3.44,PID_OUT:15.14,INT:0.2366,EL:-13138,ER:-10878,VEL:250.2,MOT:1,TILT:25.0,TRIM:-2.111,ATE:1,LATCH:0,TORQ:1,CR:0.0,FX1:1.00,FY1:-151.10,FX2:-6.00,FY2:-149.60,IK1:1,IK2:1,MOVE:0
[2026-09-09 18:14:33.143] [RX] PITCH:-0.97,PID_OUT:-62.54,INT:0.2366,EL:-13133,ER:-10891,VEL:107.1,MOT:1,TILT:25.0,TRIM:0.052,ATE:1,LATCH:0,TORQ:1,CR:0.0,FX1:1.00,FY1:-151.10,FX2:-6.00,FY2:-149.60,IK1:1,IK2:1,MOVE:0
[2026-09-09 18:14:33.145] [RX] AX12:MODE:0,TQ:1,TL:1023,CM:1,CS:4,MS:0,MT:800
[2026-09-09 18:14:33.238] [RX] PITCH:2.71,PID_OUT:-108.57,INT:0.2245,EL:-13145,ER:-10895,VEL:-15.3,MOT:1,TILT:25.0,TRIM:1.920,ATE:1,LATCH:0,TORQ:1,CR:0.0,FX1:1.00,FY1:-151.10,FX2:-6.00,FY2:-149.60,IK1:1,IK2:1,MOVE:0
[2026-09-09 18:14:33.241] [RX] SRV:6,37,0.0,0,0
[2026-09-09 18:14:33.337] [RX] PITCH:6.40,PID_OUT:-145.35,INT:0.0420,EL:-13172,ER:-10891,VEL:-135.1,MOT:1,TILT:25.0,TRIM:3.766,ATE:1,LATCH:0,TORQ:1,CR:0.0,FX1:1.00,FY1:-151.10,FX2:-6.00,FY2:-149.60,IK1:1,IK2:1,MOVE:0
[2026-09-09 18:14:33.440] [RX] PITCH:6.89,PID_OUT:-69.61,INT:-0.2277,EL:-13199,ER:-10875,VEL:-210.3,MOT:1,TILT:25.0,TRIM:4.942,ATE:1,LATCH:0,TORQ:1,CR:0.0,FX1:1.00,FY1:-151.10,FX2:-6.00,FY2:-149.60,IK1:1,IK2:1,MOVE:0
[2026-09-09 18:14:33.538] [RX] PITCH:5.19,PID_OUT:-10.83,INT:-0.2366,EL:-13226,ER:-10858,VEL:-205.2,MOT:1,TILT:25.0,TRIM:4.898,ATE:1,LATCH:0,TORQ:1,CR:0.0,FX1:1.00,FY1:-151.10,FX2:-6.00,FY2:-149.60,IK1:1,IK2:1,MOVE:0
[2026-09-09 18:14:33.639] [RX] PITCH:4.28,PID_OUT:-5.11,INT:-0.2366,EL:-13243,ER:-10848,VEL:-141.6,MOT:1,TILT:25.0,TRIM:3.950,ATE:1,LATCH:0,TORQ:1,CR:0.0,FX1:1.00,FY1:-151.10,FX2:-6.00,FY2:-149.60,IK1:1,IK2:1,MOVE:0
[2026-09-09 18:14:33.647] [RX] AX12:MODE:0,TQ:1,TL:1023,CM:1,CS:4,MS:0,MT:800
[2026-09-09 18:14:33.735] [RX] PITCH:2.69,PID_OUT:29.27,INT:-0.2366,EL:-13252,ER:-10853,VEL:-33.4,MOT:1,TILT:25.0,TRIM:2.307,ATE:1,LATCH:0,TORQ:1,CR:0.0,FX1:1.00,FY1:-151.10,FX2:-6.00,FY2:-149.60,IK1:1,IK2:1,MOVE:0
[2026-09-09 18:14:33.836] [RX] PITCH:-0.68,PID_OUT:130.75,INT:-0.1738,EL:-13253,ER:-10870,VEL:59.1,MOT:1,TILT:25.0,TRIM:0.889,ATE:1,LATCH:0,TORQ:1,CR:0.0,FX1:1.00,FY1:-151.10,FX2:-6.00,FY2:-149.60,IK1:1,IK2:1,MOVE:0
[2026-09-09 18:14:33.936] [RX] PITCH:-3.39,PID_OUT:97.90,INT:0.0718,EL:-13237,ER:-10893,VEL:192.9,MOT:1,TILT:25.0,TRIM:-1.177,ATE:1,LATCH:0,TORQ:1,CR:0.0,FX1:1.00,FY1:-151.10,FX2:-6.00,FY2:-149.60,IK1:1,IK2:1,MOVE:0
[2026-09-09 18:14:34.035] [RX] PITCH:-3.90,PID_OUT:50.49,INT:0.2366,EL:-13211,ER:-10924,VEL:270.7,MOT:1,TILT:25.0,TRIM:-2.404,ATE:1,LATCH:0,TORQ:1,CR:0.0,FX1:1.00,FY1:-151.10,FX2:-6.00,FY2:-149.60,IK1:1,IK2:1,MOVE:0
[2026-09-09 18:14:34.141] [RX] PITCH:-2.63,PID_OUT:-7.82,INT:0.2366,EL:-13187,ER:-10944,VEL:217.3,MOT:1,TILT:25.0,TRIM:-1.624,ATE:1,LATCH:0,TORQ:1,CR:0.0,FX1:1.00,FY1:-151.10,FX2:-6.00,FY2:-149.60,IK1:1,IK2:1,MOVE:0
[2026-09-09 18:14:34.144] [RX] AX12:MODE:0,TQ:1,TL:1023,CM:1,CS:4,MS:0,MT:800
[2026-09-09 18:14:34.239] [RX] PITCH:0.11,PID_OUT:-50.69,INT:0.2366,EL:-13183,ER:-10946,VEL:61.1,MOT:1,TILT:25.0,TRIM:0.748,ATE:1,LATCH:0,TORQ:1,CR:0.0,FX1:1.00,FY1:-151.10,FX2:-6.00,FY2:-149.60,IK1:1,IK2:1,MOVE:0
[2026-09-09 18:14:34.239] [RX] SRV:0,36,0.0,0,0
[2026-09-09 18:14:34.335] [RX] PITCH:4.06,PID_OUT:-144.89,INT:0.1739,EL:-13193,ER:-10945,VEL:-23.1,MOT:1,TILT:25.0,TRIM:2.038,ATE:1,LATCH:0,TORQ:1,CR:0.0,FX1:1.00,FY1:-151.10,FX2:-6.00,FY2:-149.60,IK1:1,IK2:1,MOVE:0
[2026-09-09 18:14:34.436] [RX] PITCH:6.03,PID_OUT:-76.21,INT:-0.0204,EL:-13220,ER:-10933,VEL:-178.2,MOT:1,TILT:25.0,TRIM:4.427,ATE:1,LATCH:0,TORQ:1,CR:0.0,FX1:1.00,FY1:-151.10,FX2:-6.00,FY2:-149.60,IK1:1,IK2:1,MOVE:0
[2026-09-09 18:14:34.531] [RX] PITCH:6.35,PID_OUT:-34.67,INT:-0.1933,EL:-13251,ER:-10919,VEL:-223.0,MOT:1,TILT:25.0,TRIM:5.141,ATE:1,LATCH:0,TORQ:1,CR:0.0,FX1:1.00,FY1:-151.10,FX2:-6.00,FY2:-149.60,IK1:1,IK2:1,MOVE:0
[2026-09-09 18:14:34.643] [RX] PITCH:4.82,PID_OUT:-6.97,INT:-0.2366,EL:-13280,ER:-10910,VEL:-192.7,MOT:1,TILT:25.0,TRIM:4.709,ATE:1,LATCH:0,TORQ:1,CR:0.0,FX1:1.00,FY1:-151.10,FX2:-6.00,FY2:-149.60,IK1:1,IK2:1,MOVE:0
[2026-09-09 18:14:34.645] [RX] AX12:MODE:0,TQ:1,TL:1023,CM:1,CS:4,MS:0,MT:800
[2026-09-09 18:14:34.735] [RX] PITCH:3.12,PID_OUT:-7.58,INT:-0.2338,EL:-13296,ER:-10909,VEL:-105.4,MOT:1,TILT:25.0,TRIM:3.395,ATE:1,LATCH:0,TORQ:1,CR:0.0,FX1:1.00,FY1:-151.10,FX2:-6.00,FY2:-149.60,IK1:1,IK2:1,MOVE:0
[2026-09-09 18:14:34.833] [RX] PITCH:1.47,PID_OUT:14.42,INT:-0.1940,EL:-13297,ER:-10909,VEL:-22.5,MOT:1,TILT:25.0,TRIM:2.133,ATE:1,LATCH:0,TORQ:1,CR:0.0,FX1:1.00,FY1:-151.10,FX2:-6.00,FY2:-149.60,IK1:1,IK2:1,MOVE:0
[2026-09-09 18:14:34.931] [RX] PITCH:-0.12,PID_OUT:53.07,INT:-0.1051,EL:-13297,ER:-10921,VEL:47.4,MOT:1,TILT:25.0,TRIM:1.061,ATE:1,LATCH:0,TORQ:1,CR:0.0,FX1:1.00,FY1:-151.10,FX2:-6.00,FY2:-149.60,IK1:1,IK2:1,MOVE:0
[2026-09-09 18:14:35.037] [RX] PITCH:-0.73,PID_OUT:31.85,INT:0.0633,EL:-13294,ER:-10932,VEL:77.4,MOT:1,TILT:25.0,TRIM:0.594,ATE:1,LATCH:0,TORQ:1,CR:0.0,FX1:1.00,FY1:-151.10,FX2:-6.00,FY2:-149.60,IK1:1,IK2:1,MOVE:0
[2026-09-09 18:14:35.139] [RX] PITCH:-0.48,PID_OUT:39.90,INT:0.1314,EL:-13292,ER:-10953,VEL:97.8,MOT:1,TILT:25.0,TRIM:0.266,ATE:1,LATCH:0,TORQ:1,CR:0.0,FX1:1.00,FY1:-151.10,FX2:-6.00,FY2:-149.60,IK1:1,IK2:1,MOVE:0
[2026-09-09 18:14:35.145] [RX] AX12:MODE:0,TQ:1,TL:1023,CM:1,CS:4,MS:0,MT:800
[2026-09-09 18:14:35.236] [RX] PITCH:-0.00,PID_OUT:34.65,INT:0.2072,EL:-13292,ER:-10970,VEL:99.2,MOT:1,TILT:25.0,TRIM:0.232,ATE:1,LATCH:0,TORQ:1,CR:0.0,FX1:1.00,FY1:-151.10,FX2:-6.00,FY2:-149.60,IK1:1,IK2:1,MOVE:0
[2026-09-09 18:14:35.236] [RX] SRV:14,36,0.0,0,0
[2026-09-09 18:14:35.330] [RX] PITCH:0.73,PID_OUT:32.91,INT:0.2129,EL:-13292,ER:-10983,VEL:65.9,MOT:1,TILT:25.0,TRIM:0.729,ATE:1,LATCH:0,TORQ:1,CR:0.0,FX1:1.00,FY1:-151.10,FX2:-6.00,FY2:-149.60,IK1:1,IK2:1,MOVE:0
[2026-09-09 18:14:35.430] [RX] PITCH:1.26,PID_OUT:62.45,INT:0.2366,EL:-13292,ER:-10983,VEL:13.0,MOT:1,TILT:25.0,TRIM:1.534,ATE:1,LATCH:0,TORQ:1,CR:0.0,FX1:1.00,FY1:-151.10,FX2:-6.00,FY2:-149.60,IK1:1,IK2:1,MOVE:0
[2026-09-09 18:14:35.531] [RX] PITCH:1.62,PID_OUT:58.95,INT:0.2366,EL:-13292,ER:-10983,VEL:2.6,MOT:1,TILT:25.0,TRIM:1.693,ATE:1,LATCH:0,TORQ:1,CR:0.0,FX1:1.00,FY1:-151.10,FX2:-6.00,FY2:-149.60,IK1:1,IK2:1,MOVE:0
[2026-09-09 18:14:35.637] [RX] PITCH:1.51,PID_OUT:69.47,INT:0.2366,EL:-13292,ER:-10983,VEL:0.5,MOT:1,TILT:25.0,TRIM:1.724,ATE:1,LATCH:0,TORQ:1,CR:0.0,FX1:1.00,FY1:-151.10,FX2:-6.00,FY2:-149.60,IK1:1,IK2:1,MOVE:0
[2026-09-09 18:14:35.641] [RX] AX12:MODE:0,TQ:1,TL:1023,CM:1,CS:4,MS:0,MT:800
[2026-09-09 18:14:35.730] [RX] PITCH:1.33,PID_OUT:75.76,INT:0.2366,EL:-13292,ER:-10983,VEL:0.1,MOT:1,TILT:25.0,TRIM:1.730,ATE:1,LATCH:0,TORQ:1,CR:0.0,FX1:1.00,FY1:-151.10,FX2:-6.00,FY2:-149.60,IK1:1,IK2:1,MOVE:0
[2026-09-09 18:14:35.832] [RX] PITCH:1.29,PID_OUT:39.15,INT:0.2235,EL:-13291,ER:-10991,VEL:30.7,MOT:1,TILT:25.0,TRIM:1.257,ATE:1,LATCH:0,TORQ:1,CR:0.0,FX1:1.00,FY1:-151.10,FX2:-6.00,FY2:-149.60,IK1:1,IK2:1,MOVE:0
[2026-09-09 18:14:35.933] [RX] PITCH:1.48,PID_OUT:-40.50,INT:0.1839,EL:-13291,ER:-11010,VEL:120.6,MOT:1,TILT:25.0,TRIM:-0.125,ATE:1,LATCH:0,TORQ:1,CR:0.0,FX1:1.00,FY1:-151.10,FX2:-6.00,FY2:-149.60,IK1:1,IK2:1,MOVE:0
[2026-09-09 18:14:36.031] [RX] PITCH:1.44,PID_OUT:20.24,INT:0.1238,EL:-13291,ER:-11010,VEL:23.7,MOT:1,TILT:25.0,TRIM:1.349,ATE:1,LATCH:0,TORQ:1,CR:0.0,FX1:1.00,FY1:-151.10,FX2:-6.00,FY2:-149.60,IK1:1,IK2:1,MOVE:0
[2026-09-09 18:14:36.137] [RX] PITCH:1.39,PID_OUT:38.82,INT:0.1372,EL:-13291,ER:-11010,VEL:4.7,MOT:1,TILT:25.0,TRIM:1.640,ATE:1,LATCH:0,TORQ:1,CR:0.0,FX1:1.00,FY1:-151.10,FX2:-6.00,FY2:-149.60,IK1:1,IK2:1,MOVE:0
[2026-09-09 18:14:36.137] [RX] AX12:MODE:0,TQ:1,TL:1023,CM:1,CS:4,MS:0,MT:800
[2026-09-09 18:14:36.238] [RX] PITCH:1.46,PID_OUT:47.42,INT:0.1635,EL:-13291,ER:-11010,VEL:0.9,MOT:1,TILT:25.0,TRIM:1.697,ATE:1,LATCH:0,TORQ:1,CR:0.0,FX1:1.00,FY1:-151.10,FX2:-6.00,FY2:-149.60,IK1:1,IK2:1,MOVE:0
[2026-09-09 18:14:36.238] [RX] SRV:1,39,0.8,0,0
[2026-09-09 18:14:36.328] [RX] PITCH:1.45,PID_OUT:14.02,INT:0.1790,EL:-13291,ER:-11017,VEL:52.7,MOT:1,TILT:25.0,TRIM:0.904,ATE:1,LATCH:0,TORQ:1,CR:0.0,FX1:1.00,FY1:-151.10,FX2:-6.00,FY2:-149.60,IK1:1,IK2:1,MOVE:0
[2026-09-09 18:14:36.428] [RX] PITCH:1.38,PID_OUT:15.19,INT:0.1043,EL:-13291,ER:-11028,VEL:29.8,MOT:1,TILT:25.0,TRIM:1.244,ATE:1,LATCH:0,TORQ:1,CR:0.0,FX1:1.00,FY1:-151.10,FX2:-6.00,FY2:-149.60,IK1:1,IK2:1,MOVE:0
[2026-09-09 18:14:36.526] [RX] PITCH:1.28,PID_OUT:43.52,INT:0.1188,EL:-13291,ER:-11028,VEL:5.9,MOT:1,TILT:25.0,TRIM:1.608,ATE:1,LATCH:0,TORQ:1,CR:0.0,FX1:1.00,FY1:-151.10,FX2:-6.00,FY2:-149.60,IK1:1,IK2:1,MOVE:0
[2026-09-09 18:14:36.630] [RX] PITCH:1.09,PID_OUT:-21.60,INT:0.1306,EL:-13291,ER:-11044,VEL:99.5,MOT:1,TILT:25.0,TRIM:0.172,ATE:1,LATCH:0,TORQ:1,CR:0.0,FX1:1.00,FY1:-151.10,FX2:-6.00,FY2:-149.60,IK1:1,IK2:1,MOVE:0
[2026-09-09 18:14:36.639] [RX] AX12:MODE:0,TQ:1,TL:1023,CM:1,CS:4,MS:0,MT:800
[2026-09-09 18:14:36.727] [RX] PITCH:1.22,PID_OUT:-16.61,INT:0.0762,EL:-13291,ER:-11054,VEL:59.4,MOT:1,TILT:25.0,TRIM:0.774,ATE:1,LATCH:0,TORQ:1,CR:0.0,FX1:1.00,FY1:-151.10,FX2:-6.00,FY2:-149.60,IK1:1,IK2:1,MOVE:0
[2026-09-09 18:14:36.827] [RX] PITCH:1.56,PID_OUT:6.24,INT:0.0602,EL:-13291,ER:-11054,VEL:11.7,MOT:1,TILT:25.0,TRIM:1.500,ATE:1,LATCH:0,TORQ:1,CR:0.0,FX1:1.00,FY1:-151.10,FX2:-6.00,FY2:-149.60,IK1:1,IK2:1,MOVE:0
[2026-09-09 18:14:36.929] [RX] PITCH:1.42,PID_OUT:-9.22,INT:0.0135,EL:-13291,ER:-11064,VEL:26.8,MOT:1,TILT:25.0,TRIM:1.263,ATE:1,LATCH:0,TORQ:1,CR:0.0,FX1:1.00,FY1:-151.10,FX2:-6.00,FY2:-149.60,IK1:1,IK2:1,MOVE:0
[2026-09-09 18:14:37.030] [RX] PITCH:1.21,PID_OUT:17.57,INT:0.0319,EL:-13291,ER:-11064,VEL:5.3,MOT:1,TILT:25.0,TRIM:1.590,ATE:1,LATCH:0,TORQ:1,CR:0.0,FX1:1.00,FY1:-151.10,FX2:-6.00,FY2:-149.60,IK1:1,IK2:1,MOVE:0
[2026-09-09 18:14:37.138] [RX] PITCH:1.39,PID_OUT:22.69,INT:0.0668,EL:-13291,ER:-11064,VEL:1.0,MOT:1,TILT:25.0,TRIM:1.654,ATE:1,LATCH:0,TORQ:1,CR:0.0,FX1:1.00,FY1:-151.10,FX2:-6.00,FY2:-149.60,IK1:1,IK2:1,MOVE:0
[2026-09-09 18:14:37.140] [RX] AX12:MODE:0,TQ:1,TL:1023,CM:1,CS:4,MS:0,MT:800
[2026-09-09 18:14:37.235] [RX] PITCH:1.47,PID_OUT:31.64,INT:0.0862,EL:-13291,ER:-11064,VEL:0.2,MOT:1,TILT:25.0,TRIM:1.667,ATE:1,LATCH:0,TORQ:1,CR:0.0,FX1:1.00,FY1:-151.10,FX2:-6.00,FY2:-149.60,IK1:1,IK2:1,MOVE:0
[2026-09-09 18:14:37.235] [RX] SRV:6,37,0.0,0,0
[2026-09-09 18:14:37.326] [RX] PITCH:1.12,PID_OUT:55.99,INT:0.1231,EL:-13291,ER:-11064,VEL:0.0,MOT:1,TILT:25.0,TRIM:1.670,ATE:1,LATCH:0,TORQ:1,CR:0.0,FX1:1.00,FY1:-151.10,FX2:-6.00,FY2:-149.60,IK1:1,IK2:1,MOVE:0
[2026-09-09 18:14:37.427] [RX] PITCH:0.96,PID_OUT:11.70,INT:0.0920,EL:-13291,ER:-11082,VEL:46.3,MOT:1,TILT:25.0,TRIM:0.952,ATE:1,LATCH:0,TORQ:1,CR:0.0,FX1:1.00,FY1:-151.10,FX2:-6.00,FY2:-149.60,IK1:1,IK2:1,MOVE:0
[2026-09-09 18:14:37.525] [RX] PITCH:1.20,PID_OUT:4.17,INT:0.0591,EL:-13291,ER:-11092,VEL:26.8,MOT:1,TILT:25.0,TRIM:1.242,ATE:1,LATCH:0,TORQ:1,CR:0.0,FX1:1.00,FY1:-151.10,FX2:-6.00,FY2:-149.60,IK1:1,IK2:1,MOVE:0
[2026-09-09 18:14:37.636] [RX] PITCH:1.46,PID_OUT:-21.72,INT:0.0217,EL:-13291,ER:-11102,VEL:39.1,MOT:1,TILT:25.0,TRIM:1.046,ATE:1,LATCH:0,TORQ:1,CR:0.0,FX1:1.00,FY1:-151.10,FX2:-6.00,FY2:-149.60,IK1:1,IK2:1,MOVE:0
[2026-09-09 18:14:37.638] [RX] AX12:MODE:0,TQ:1,TL:1023,CM:1,CS:4,MS:0,MT:800
[2026-09-09 18:14:37.725] [RX] PITCH:1.41,PID_OUT:8.38,INT:0.0121,EL:-13291,ER:-11102,VEL:7.7,MOT:1,TILT:25.0,TRIM:1.524,ATE:1,LATCH:0,TORQ:1,CR:0.0,FX1:1.00,FY1:-151.10,FX2:-6.00,FY2:-149.60,IK1:1,IK2:1,MOVE:0
[2026-09-09 18:14:37.825] [RX] PITCH:1.07,PID_OUT:39.94,INT:0.0468,EL:-13291,ER:-11102,VEL:1.5,MOT:1,TILT:25.0,TRIM:1.619,ATE:1,LATCH:0,TORQ:1,CR:0.0,FX1:1.00,FY1:-151.10,FX2:-6.00,FY2:-149.60,IK1:1,IK2:1,MOVE:0
[2026-09-09 18:14:37.924] [RX] PITCH:0.71,PID_OUT:-7.85,INT:0.0710,EL:-13291,ER:-11119,VEL:88.5,MOT:1,TILT:25.0,TRIM:0.283,ATE:1,LATCH:0,TORQ:1,CR:0.0,FX1:1.00,FY1:-151.10,FX2:-6.00,FY2:-149.60,IK1:1,IK2:1,MOVE:0
[2026-09-09 18:14:38.024] [RX] PITCH:0.62,PID_OUT:-21.93,INT:0.0404,EL:-13291,ER:-11137,VEL:98.0,MOT:1,TILT:25.0,TRIM:0.125,ATE:1,LATCH:0,TORQ:1,CR:0.0,FX1:1.00,FY1:-151.10,FX2:-6.00,FY2:-149.60,IK1:1,IK2:1,MOVE:0
[2026-09-09 18:14:38.125] [RX] PITCH:0.56,PID_OUT:3.33,INT:0.0255,EL:-13291,ER:-11148,VEL:59.7,MOT:1,TILT:25.0,TRIM:0.700,ATE:1,LATCH:0,TORQ:1,CR:0.0,FX1:1.00,FY1:-151.10,FX2:-6.00,FY2:-149.60,IK1:1,IK2:1,MOVE:0
[2026-09-09 18:14:38.133] [RX] AX12:MODE:0,TQ:1,TL:1023,CM:1,CS:4,MS:0,MT:800
[2026-09-09 18:14:38.232] [RX] PITCH:0.67,PID_OUT:-29.92,INT:0.0143,EL:-13291,ER:-11166,VEL:89.4,MOT:1,TILT:25.0,TRIM:0.234,ATE:1,LATCH:0,TORQ:1,CR:0.0,FX1:1.00,FY1:-151.10,FX2:-6.00,FY2:-149.60,IK1:1,IK2:1,MOVE:0
[2026-09-09 18:14:38.232] [RX] SRV:0,36,0.0,0,0
[2026-09-09 18:14:38.328] [RX] PITCH:0.79,PID_OUT:-14.05,INT:0.0041,EL:-13291,ER:-11175,VEL:59.8,MOT:1,TILT:25.0,TRIM:0.676,ATE:1,LATCH:0,TORQ:1,CR:0.0,FX1:1.00,FY1:-151.10,FX2:-6.00,FY2:-149.60,IK1:1,IK2:1,MOVE:0
[2026-09-09 18:14:38.426] [RX] PITCH:0.77,PID_OUT:-4.09,INT:-0.0032,EL:-13291,ER:-11185,VEL:46.2,MOT:1,TILT:25.0,TRIM:0.876,ATE:1,LATCH:0,TORQ:1,CR:0.0,FX1:1.00,FY1:-151.10,FX2:-6.00,FY2:-149.60,IK1:1,IK2:1,MOVE:0
[2026-09-09 18:14:38.528] [RX] PITCH:0.78,PID_OUT:-6.28,INT:-0.0083,EL:-13291,ER:-11196,VEL:44.7,MOT:1,TILT:25.0,TRIM:0.891,ATE:1,LATCH:0,TORQ:1,CR:0.0,FX1:1.00,FY1:-151.10,FX2:-6.00,FY2:-149.60,IK1:1,IK2:1,MOVE:0
[2026-09-09 18:14:38.630] [RX] PITCH:0.82,PID_OUT:-1.79,INT:-0.0137,EL:-13291,ER:-11206,VEL:37.6,MOT:1,TILT:25.0,TRIM:0.992,ATE:1,LATCH:0,TORQ:1,CR:0.0,FX1:1.00,FY1:-151.10,FX2:-6.00,FY2:-149.60,IK1:1,IK2:1,MOVE:0
[2026-09-09 18:14:38.630] [RX] AX12:MODE:0,TQ:1,TL:1023,CM:1,CS:4,MS:0,MT:800
[2026-09-09 18:14:38.723] [RX] PITCH:0.76,PID_OUT:6.45,INT:-0.0177,EL:-13291,ER:-11216,VEL:31.9,MOT:1,TILT:25.0,TRIM:1.071,ATE:1,LATCH:0,TORQ:1,CR:0.0,FX1:1.00,FY1:-151.10,FX2:-6.00,FY2:-149.60,IK1:1,IK2:1,MOVE:0
[2026-09-09 18:14:38.824] [RX] PITCH:0.61,PID_OUT:-38.54,INT:-0.0207,EL:-13291,ER:-11235,VEL:94.6,MOT:1,TILT:25.0,TRIM:0.103,ATE:1,LATCH:0,TORQ:1,CR:0.0,FX1:1.00,FY1:-151.10,FX2:-6.00,FY2:-149.60,IK1:1,IK2:1,MOVE:0
[2026-09-09 18:14:38.922] [RX] PITCH:0.60,PID_OUT:-23.69,INT:-0.0256,EL:-13291,ER:-11246,VEL:75.5,MOT:1,TILT:25.0,TRIM:0.385,ATE:1,LATCH:0,TORQ:1,CR:0.0,FX1:1.00,FY1:-151.10,FX2:-6.00,FY2:-149.60,IK1:1,IK2:1,MOVE:0
[2026-09-09 18:14:39.022] [RX] PITCH:0.47,PID_OUT:-0.25,INT:-0.0211,EL:-13291,ER:-11256,VEL:54.7,MOT:1,TILT:25.0,TRIM:0.694,ATE:1,LATCH:0,TORQ:1,CR:0.0,FX1:1.00,FY1:-151.10,FX2:-6.00,FY2:-149.60,IK1:1,IK2:1,MOVE:0
[2026-09-09 18:14:39.134] [RX] PITCH:0.36,PID_OUT:-33.26,INT:-0.0222,EL:-13291,ER:-11276,VEL:100.1,MOT:1,TILT:25.0,TRIM:-0.012,ATE:1,LATCH:0,TORQ:1,CR:0.0,FX1:1.00,FY1:-151.10,FX2:-6.00,FY2:-149.60,IK1:1,IK2:1,MOVE:0
[2026-09-09 18:14:39.134] [RX] AX12:MODE:0,TQ:1,TL:1023,CM:1,CS:4,MS:0,MT:800
[2026-09-09 18:14:39.222] [RX] PITCH:0.34,PID_OUT:-11.37,INT:-0.0213,EL:-13291,ER:-11288,VEL:71.8,MOT:1,TILT:25.0,TRIM:0.410,ATE:1,LATCH:0,TORQ:1,CR:0.0,FX1:1.00,FY1:-151.10,FX2:-6.00,FY2:-149.60,IK1:1,IK2:1,MOVE:0
[2026-09-09 18:14:39.225] [RX] SRV:14,36,0.0,0,0
[2026-09-09 18:14:39.325] [RX] PITCH:0.42,PID_OUT:9.88,INT:-0.0103,EL:-13291,ER:-11298,VEL:42.9,MOT:1,TILT:25.0,TRIM:0.842,ATE:1,LATCH:0,TORQ:1,CR:0.0,FX1:1.00,FY1:-151.10,FX2:-6.00,FY2:-149.60,IK1:1,IK2:1,MOVE:0
[2026-09-09 18:14:39.425] [RX] PITCH:0.40,PID_OUT:-20.28,INT:-0.0224,EL:-13291,ER:-11318,VEL:81.3,MOT:1,TILT:25.0,TRIM:0.243,ATE:1,LATCH:0,TORQ:1,CR:0.0,FX1:1.00,FY1:-151.10,FX2:-6.00,FY2:-149.60,IK1:1,IK2:1,MOVE:0
[2026-09-09 18:14:39.522] [RX] PITCH:0.31,PID_OUT:10.46,INT:-0.0135,EL:-13291,ER:-11328,VEL:49.9,MOT:1,TILT:25.0,TRIM:0.714,ATE:1,LATCH:0,TORQ:1,CR:0.0,FX1:1.00,FY1:-151.10,FX2:-6.00,FY2:-149.60,IK1:1,IK2:1,MOVE:0
[2026-09-09 18:14:39.623] [RX] PITCH:0.21,PID_OUT:-6.11,INT:-0.0237,EL:-13291,ER:-11348,VEL:74.3,MOT:1,TILT:25.0,TRIM:0.326,ATE:1,LATCH:0,TORQ:1,CR:0.0,FX1:1.00,FY1:-151.10,FX2:-6.00,FY2:-149.60,IK1:1,IK2:1,MOVE:0
[2026-09-09 18:14:39.632] [RX] AX12:MODE:0,TQ:1,TL:1023,CM:1,CS:4,MS:0,MT:800
[2026-09-09 18:14:39.724] [RX] PITCH:0.12,PID_OUT:-25.04,INT:-0.0200,EL:-13291,ER:-11368,VEL:104.0,MOT:1,TILT:25.0,TRIM:-0.140,ATE:1,LATCH:0,TORQ:1,CR:0.0,FX1:1.00,FY1:-151.10,FX2:-6.00,FY2:-149.60,IK1:1,IK2:1,MOVE:0
[2026-09-09 18:14:39.821] [RX] PITCH:0.07,PID_OUT:-36.60,INT:-0.0148,EL:-13291,ER:-11387,VEL:121.8,MOT:1,TILT:25.0,TRIM:-0.425,ATE:1,LATCH:0,TORQ:1,CR:0.0,FX1:1.00,FY1:-151.10,FX2:-6.00,FY2:-149.60,IK1:1,IK2:1,MOVE:0
[2026-09-09 18:14:39.922] [RX] PITCH:0.06,PID_OUT:7.99,INT:-0.0115,EL:-13291,ER:-11398,VEL:65.6,MOT:1,TILT:25.0,TRIM:0.422,ATE:1,LATCH:0,TORQ:1,CR:0.0,FX1:1.00,FY1:-151.10,FX2:-6.00,FY2:-149.60,IK1:1,IK2:1,MOVE:0
[2026-09-09 18:14:40.021] [RX] PITCH:0.04,PID_OUT:-3.46,INT:-0.0146,EL:-13291,ER:-11418,VEL:80.6,MOT:1,TILT:25.0,TRIM:0.179,ATE:1,LATCH:0,TORQ:1,CR:0.0,FX1:1.00,FY1:-151.10,FX2:-6.00,FY2:-149.60,IK1:1,IK2:1,MOVE:0
[2026-09-09 18:14:40.122] [RX] PITCH:-0.01,PID_OUT:-14.05,INT:-0.0160,EL:-13291,ER:-11438,VEL:95.5,MOT:1,TILT:25.0,TRIM:-0.063,ATE:1,LATCH:0,TORQ:1,CR:0.0,FX1:1.00,FY1:-151.10,FX2:-6.00,FY2:-149.60,IK1:1,IK2:1,MOVE:0
[2026-09-09 18:14:40.131] [RX] AX12:MODE:0,TQ:1,TL:1023,CM:1,CS:4,MS:0,MT:800
[2026-09-09 18:14:40.220] [RX] PITCH:-0.05,PID_OUT:-24.33,INT:-0.0112,EL:-13291,ER:-11458,VEL:112.4,MOT:1,TILT:25.0,TRIM:-0.336,ATE:1,LATCH:0,TORQ:1,CR:0.0,FX1:1.00,FY1:-151.10,FX2:-6.00,FY2:-149.60,IK1:1,IK2:1,MOVE:0
[2026-09-09 18:14:40.224] [RX] SRV:1,39,0.8,0,0
[2026-09-09 18:14:40.321] [RX] PITCH:-0.09,PID_OUT:-12.34,INT:0.0371,EL:-13291,ER:-11471,VEL:116.3,MOT:1,TILT:25.0,TRIM:-0.404,ATE:1,LATCH:0,TORQ:1,CR:0.0,FX1:1.00,FY1:-151.10,FX2:-6.00,FY2:-149.60,IK1:1,IK2:1,MOVE:0
[2026-09-09 18:14:40.419] [RX] PITCH:-0.17,PID_OUT:-5.76,INT:0.0234,EL:-13291,ER:-11491,VEL:103.1,MOT:1,TILT:25.0,TRIM:-0.219,ATE:1,LATCH:0,TORQ:1,CR:0.0,FX1:1.00,FY1:-151.10,FX2:-6.00,FY2:-149.60,IK1:1,IK2:1,MOVE:0
[2026-09-09 18:14:40.518] [RX] PITCH:-0.17,PID_OUT:-5.86,INT:0.0202,EL:-13291,ER:-11511,VEL:99.9,MOT:1,TILT:25.0,TRIM:-0.185,ATE:1,LATCH:0,TORQ:1,CR:0.0,FX1:1.00,FY1:-151.10,FX2:-6.00,FY2:-149.60,IK1:1,IK2:1,MOVE:0
[2026-09-09 18:14:40.624] [RX] PITCH:-0.09,PID_OUT:-10.94,INT:0.0129,EL:-13291,ER:-11531,VEL:99.3,MOT:1,TILT:25.0,TRIM:-0.191,ATE:1,LATCH:0,TORQ:1,CR:0.0,FX1:1.00,FY1:-151.10,FX2:-6.00,FY2:-149.60,IK1:1,IK2:1,MOVE:0
[2026-09-09 18:14:40.630] [RX] AX12:MODE:0,TQ:1,TL:1023,CM:1,CS:4,MS:0,MT:800
[2026-09-09 18:14:40.720] [RX] PITCH:-0.09,PID_OUT:-23.96,INT:0.0068,EL:-13291,ER:-11552,VEL:114.9,MOT:1,TILT:25.0,TRIM:-0.444,ATE:1,LATCH:0,TORQ:1,CR:0.0,FX1:1.00,FY1:-151.10,FX2:-6.00,FY2:-149.60,IK1:1,IK2:1,MOVE:0
[2026-09-09 18:14:40.820] [RX] PITCH:-0.14,PID_OUT:-26.77,INT:-0.0023,EL:-13291,ER:-11572,VEL:116.3,MOT:1,TILT:25.0,TRIM:-0.480,ATE:1,LATCH:0,TORQ:1,CR:0.0,FX1:1.00,FY1:-151.10,FX2:-6.00,FY2:-149.60,IK1:1,IK2:1,MOVE:0
[2026-09-09 18:14:40.916] [RX] PITCH:-0.12,PID_OUT:-33.40,INT:0.0007,EL:-13291,ER:-11591,VEL:124.2,MOT:1,TILT:25.0,TRIM:-0.615,ATE:1,LATCH:0,TORQ:1,CR:0.0,FX1:1.00,FY1:-151.10,FX2:-6.00,FY2:-149.60,IK1:1,IK2:1,MOVE:0
[2026-09-09 18:14:41.018] [RX] PITCH:-0.13,PID_OUT:14.79,INT:0.0020,EL:-13291,ER:-11602,VEL:60.1,MOT:1,TILT:25.0,TRIM:0.353,ATE:1,LATCH:0,TORQ:1,CR:0.0,FX1:1.00,FY1:-151.10,FX2:-6.00,FY2:-149.60,IK1:1,IK2:1,MOVE:0
[2026-09-09 18:14:41.127] [RX] PITCH:-0.08,PID_OUT:-1.09,INT:-0.0002,EL:-13291,ER:-11622,VEL:76.4,MOT:1,TILT:25.0,TRIM:0.090,ATE:1,LATCH:0,TORQ:1,CR:0.0,FX1:1.00,FY1:-151.10,FX2:-6.00,FY2:-149.60,IK1:1,IK2:1,MOVE:0
[2026-09-09 18:14:41.127] [RX] AX12:MODE:0,TQ:1,TL:1023,CM:1,CS:4,MS:0,MT:800
[2026-09-09 18:14:41.223] [RX] PITCH:-0.01,PID_OUT:-25.67,INT:0.0004,EL:-13291,ER:-11642,VEL:104.4,MOT:1,TILT:25.0,TRIM:-0.351,ATE:1,LATCH:0,TORQ:1,CR:0.0,FX1:1.00,FY1:-151.10,FX2:-6.00,FY2:-149.60,IK1:1,IK2:1,MOVE:0
[2026-09-09 18:14:41.223] [RX] SRV:6,37,0.0,0,0
[2026-09-09 18:14:41.318] [RX] PITCH:-0.01,PID_OUT:15.82,INT:0.0049,EL:-13291,ER:-11652,VEL:54.4,MOT:1,TILT:25.0,TRIM:0.401,ATE:1,LATCH:0,TORQ:1,CR:0.0,FX1:1.00,FY1:-151.10,FX2:-6.00,FY2:-149.60,IK1:1,IK2:1,MOVE:0
[2026-09-09 18:14:41.416] [RX] PITCH:-0.09,PID_OUT:1.11,INT:-0.0030,EL:-13291,ER:-11672,VEL:75.2,MOT:1,TILT:25.0,TRIM:0.069,ATE:1,LATCH:0,TORQ:1,CR:0.0,FX1:1.00,FY1:-151.10,FX2:-6.00,FY2:-149.60,IK1:1,IK2:1,MOVE:0
[2026-09-09 18:14:41.517] [RX] PITCH:-0.21,PID_OUT:-1.54,INT:-0.0126,EL:-13291,ER:-11692,VEL:82.5,MOT:1,TILT:25.0,TRIM:-0.056,ATE:1,LATCH:0,TORQ:1,CR:0.0,FX1:1.00,FY1:-151.10,FX2:-6.00,FY2:-149.60,IK1:1,IK2:1,MOVE:0
[2026-09-09 18:14:41.627] [RX] PITCH:-0.32,PID_OUT:-6.32,INT:-0.0080,EL:-13291,ER:-11712,VEL:95.8,MOT:1,TILT:25.0,TRIM:-0.274,ATE:1,LATCH:0,TORQ:1,CR:0.0,FX1:1.00,FY1:-151.10,FX2:-6.00,FY2:-149.60,IK1:1,IK2:1,MOVE:0
[2026-09-09 18:14:41.627] [RX] AX12:MODE:0,TQ:1,TL:1023,CM:1,CS:4,MS:0,MT:800
[2026-09-09 18:14:41.715] [RX] PITCH:-0.41,PID_OUT:-4.69,INT:-0.0026,EL:-13291,ER:-11732,VEL:98.5,MOT:1,TILT:25.0,TRIM:-0.329,ATE:1,LATCH:0,TORQ:1,CR:0.0,FX1:1.00,FY1:-151.10,FX2:-6.00,FY2:-149.60,IK1:1,IK2:1,MOVE:0
[2026-09-09 18:14:41.815] [RX] PITCH:-0.36,PID_OUT:-7.83,INT:0.0004,EL:-13291,ER:-11752,VEL:99.0,MOT:1,TILT:25.0,TRIM:-0.352,ATE:1,LATCH:0,TORQ:1,CR:0.0,FX1:1.00,FY1:-151.10,FX2:-6.00,FY2:-149.60,IK1:1,IK2:1,MOVE:0
[2026-09-09 18:14:41.917] [RX] PITCH:-0.35,PID_OUT:-9.13,INT:-0.0026,EL:-13291,ER:-11772,VEL:99.1,MOT:1,TILT:25.0,TRIM:-0.368,ATE:1,LATCH:0,TORQ:1,CR:0.0,FX1:1.00,FY1:-151.10,FX2:-6.00,FY2:-149.60,IK1:1,IK2:1,MOVE:0
[2026-09-09 18:14:42.020] [RX] PITCH:-0.40,PID_OUT:-17.83,INT:0.0007,EL:-13291,ER:-11793,VEL:113.4,MOT:1,TILT:25.0,TRIM:-0.603,ATE:1,LATCH:0,TORQ:1,CR:0.0,FX1:1.00,FY1:-151.10,FX2:-6.00,FY2:-149.60,IK1:1,IK2:1,MOVE:0
[2026-09-09 18:14:42.121] [RX] PITCH:-0.39,PID_OUT:-21.28,INT:0.0019,EL:-13291,ER:-11813,VEL:116.0,MOT:1,TILT:25.0,TRIM:-0.656,ATE:1,LATCH:0,TORQ:1,CR:0.0,FX1:1.00,FY1:-151.10,FX2:-6.00,FY2:-149.60,IK1:1,IK2:1,MOVE:0
[2026-09-09 18:14:42.126] [RX] AX12:MODE:0,TQ:1,TL:1023,CM:1,CS:4,MS:0,MT:800
[2026-09-09 18:14:42.220] [RX] PITCH:-0.42,PID_OUT:-20.80,INT:0.0025,EL:-13291,ER:-11833,VEL:116.5,MOT:1,TILT:25.0,TRIM:-0.679,ATE:1,LATCH:0,TORQ:1,CR:0.0,FX1:1.00,FY1:-151.10,FX2:-6.00,FY2:-149.60,IK1:1,IK2:1,MOVE:0
[2026-09-09 18:14:42.225] [RX] SRV:0,36,0.0,0,0
[2026-09-09 18:14:42.315] [RX] PITCH:-0.36,PID_OUT:-30.29,INT:0.0052,EL:-13291,ER:-11853,VEL:123.8,MOT:1,TILT:25.0,TRIM:-0.805,ATE:1,LATCH:0,TORQ:1,CR:0.0,FX1:1.00,FY1:-151.10,FX2:-6.00,FY2:-149.60,IK1:1,IK2:1,MOVE:0
[2026-09-09 18:14:42.416] [RX] PITCH:-0.39,PID_OUT:18.40,INT:0.0079,EL:-13291,ER:-11865,VEL:65.4,MOT:1,TILT:25.0,TRIM:0.074,ATE:1,LATCH:0,TORQ:1,CR:0.0,FX1:1.00,FY1:-151.10,FX2:-6.00,FY2:-149.60,IK1:1,IK2:1,MOVE:0
[2026-09-09 18:14:42.511] [RX] PITCH:-0.42,PID_OUT:14.49,INT:0.0064,EL:-13291,ER:-11885,VEL:70.4,MOT:1,TILT:25.0,TRIM:-0.016,ATE:1,LATCH:0,TORQ:1,CR:0.0,FX1:1.00,FY1:-151.10,FX2:-6.00,FY2:-149.60,IK1:1,IK2:1,MOVE:0
[2026-09-09 18:14:42.623] [RX] PITCH:-0.45,PID_OUT:12.12,INT:0.0028,EL:-13291,ER:-11905,VEL:71.4,MOT:1,TILT:25.0,TRIM:-0.046,ATE:1,LATCH:0,TORQ:1,CR:0.0,FX1:1.00,FY1:-151.10,FX2:-6.00,FY2:-149.60,IK1:1,IK2:1,MOVE:0
[2026-09-09 18:14:42.626] [RX] AX12:MODE:0,TQ:1,TL:1023,CM:1,CS:4,MS:0,MT:800
[2026-09-09 18:14:42.713] [RX] PITCH:-0.42,PID_OUT:3.16,INT:-0.0001,EL:-13291,ER:-11926,VEL:81.9,MOT:1,TILT:25.0,TRIM:-0.223,ATE:1,LATCH:0,TORQ:1,CR:0.0,FX1:1.00,FY1:-151.10,FX2:-6.00,FY2:-149.60,IK1:1,IK2:1,MOVE:0
[2026-09-09 18:14:42.813] [RX] PITCH:-0.51,PID_OUT:5.27,INT:-0.0037,EL:-13291,ER:-11946,VEL:83.8,MOT:1,TILT:25.0,TRIM:-0.266,ATE:1,LATCH:0,TORQ:1,CR:0.0,FX1:1.00,FY1:-151.10,FX2:-6.00,FY2:-149.60,IK1:1,IK2:1,MOVE:0
[2026-09-09 18:14:42.912] [RX] PITCH:-0.62,PID_OUT:8.25,INT:0.0010,EL:-13291,ER:-11966,VEL:84.1,MOT:1,TILT:25.0,TRIM:-0.287,ATE:1,LATCH:0,TORQ:1,CR:0.0,FX1:1.00,FY1:-151.10,FX2:-6.00,FY2:-149.60,IK1:1,IK2:1,MOVE:0
[2026-09-09 18:14:43.012] [RX] PITCH:-0.59,PID_OUT:6.88,INT:0.0100,EL:-13291,ER:-11986,VEL:84.2,MOT:1,TILT:25.0,TRIM:-0.303,ATE:1,LATCH:0,TORQ:1,CR:0.0,FX1:1.00,FY1:-151.10,FX2:-6.00,FY2:-149.60,IK1:1,IK2:1,MOVE:0
[2026-09-09 18:14:43.120] [RX] PITCH:-0.48,PID_OUT:1.54,INT:0.0071,EL:-13291,ER:-12006,VEL:84.2,MOT:1,TILT:25.0,TRIM:-0.318,ATE:1,LATCH:0,TORQ:1,CR:0.0,FX1:1.00,FY1:-151.10,FX2:-6.00,FY2:-149.60,IK1:1,IK2:1,MOVE:0
[2026-09-09 18:14:43.124] [RX] AX12:MODE:0,TQ:1,TL:1023,CM:1,CS:4,MS:0,MT:800
[2026-09-09 18:14:43.218] [RX] PITCH:-0.52,PID_OUT:-6.46,INT:0.0019,EL:-13291,ER:-12027,VEL:95.8,MOT:1,TILT:25.0,TRIM:-0.510,ATE:1,LATCH:0,TORQ:1,CR:0.0,FX1:1.00,FY1:-151.10,FX2:-6.00,FY2:-149.60,IK1:1,IK2:1,MOVE:0
[2026-09-09 18:14:43.218] [RX] SRV:14,36,0.0,0,0
[2026-09-09 18:14:43.313] [RX] PITCH:-0.58,PID_OUT:-5.39,INT:0.0013,EL:-13291,ER:-12047,VEL:98.5,MOT:1,TILT:25.0,TRIM:-0.565,ATE:1,LATCH:0,TORQ:1,CR:0.0,FX1:1.00,FY1:-151.10,FX2:-6.00,FY2:-149.60,IK1:1,IK2:1,MOVE:0
[2026-09-09 18:14:43.411] [RX] PITCH:-0.66,PID_OUT:-1.37,INT:0.0039,EL:-13291,ER:-12067,VEL:99.0,MOT:1,TILT:25.0,TRIM:-0.588,ATE:1,LATCH:0,TORQ:1,CR:0.0,FX1:1.00,FY1:-151.10,FX2:-6.00,FY2:-149.60,IK1:1,IK2:1,MOVE:0
[2026-09-09 18:14:43.511] [RX] PITCH:-0.74,PID_OUT:11.21,INT:0.0018,EL:-13291,ER:-12087,VEL:87.1,MOT:1,TILT:25.0,TRIM:-0.423,ATE:1,LATCH:0,TORQ:1,CR:0.0,FX1:1.00,FY1:-151.10,FX2:-6.00,FY2:-149.60,IK1:1,IK2:1,MOVE:0
[2026-09-09 18:14:43.617] [RX] PITCH:-0.85,PID_OUT:-29.10,INT:-0.0024,EL:-13291,ER:-12116,VEL:142.2,MOT:1,TILT:25.0,TRIM:-1.282,ATE:1,LATCH:0,TORQ:1,CR:0.0,FX1:1.00,FY1:-151.10,FX2:-6.00,FY2:-149.60,IK1:1,IK2:1,MOVE:0
[2026-09-09 18:14:43.622] [RX] AX12:MODE:0,TQ:1,TL:1023,CM:1,CS:4,MS:0,MT:800
[2026-09-09 18:14:43.710] [RX] PITCH:-0.92,PID_OUT:-4.87,INT:-0.0041,EL:-13291,ER:-12136,VEL:110.8,MOT:1,TILT:25.0,TRIM:-0.820,ATE:1,LATCH:0,TORQ:1,CR:0.0,FX1:1.00,FY1:-151.10,FX2:-6.00,FY2:-149.60,IK1:1,IK2:1,MOVE:0
[2026-09-09 18:14:43.810] [RX] PITCH:-0.88,PID_OUT:7.30,INT:0.0037,EL:-13291,ER:-12156,VEL:93.1,MOT:1,TILT:25.0,TRIM:-0.566,ATE:1,LATCH:0,TORQ:1,CR:0.0,FX1:1.00,FY1:-151.10,FX2:-6.00,FY2:-149.60,IK1:1,IK2:1,MOVE:0
[2026-09-09 18:14:43.911] [RX] PITCH:-0.84,PID_OUT:17.74,INT:0.0087,EL:-13291,ER:-12176,VEL:79.0,MOT:1,TILT:25.0,TRIM:-0.365,ATE:1,LATCH:0,TORQ:1,CR:0.0,FX1:1.00,FY1:-151.10,FX2:-6.00,FY2:-149.60,IK1:1,IK2:1,MOVE:0
[2026-09-09 18:14:44.012] [RX] PITCH:-0.85,PID_OUT:-25.76,INT:0.0031,EL:-13291,ER:-12205,VEL:134.6,MOT:1,TILT:25.0,TRIM:-1.233,ATE:1,LATCH:0,TORQ:1,CR:0.0,FX1:1.00,FY1:-151.10,FX2:-6.00,FY2:-149.60,IK1:1,IK2:1,MOVE:0
[2026-09-09 18:14:44.118] [RX] PITCH:-0.88,PID_OUT:-15.29,INT:-0.0006,EL:-13291,ER:-12226,VEL:121.9,MOT:1,TILT:25.0,TRIM:-1.056,ATE:1,LATCH:0,TORQ:1,CR:0.0,FX1:1.00,FY1:-151.10,FX2:-6.00,FY2:-149.60,IK1:1,IK2:1,MOVE:0
[2026-09-09 18:14:44.118] [RX] AX12:MODE:0,TQ:1,TL:1023,CM:1,CS:4,MS:0,MT:800
[2026-09-09 18:14:44.214] [RX] PITCH:-0.97,PID_OUT:7.40,INT:-0.0041,EL:-13291,ER:-12246,VEL:95.3,MOT:1,TILT:25.0,TRIM:-0.667,ATE:1,LATCH:0,TORQ:1,CR:0.0,FX1:1.00,FY1:-151.10,FX2:-6.00,FY2:-149.60,IK1:1,IK2:1,MOVE:0
[2026-09-09 18:14:44.217] [RX] SRV:1,39,0.0,0,0
[2026-09-09 18:14:44.310] [RX] PITCH:-1.03,PID_OUT:-30.46,INT:-0.0027,EL:-13291,ER:-12275,VEL:146.9,MOT:1,TILT:25.0,TRIM:-1.473,ATE:1,LATCH:0,TORQ:1,CR:0.0,FX1:1.00,FY1:-151.10,FX2:-6.00,FY2:-149.60,IK1:1,IK2:1,MOVE:0
[2026-09-09 18:14:44.414] [RX] PITCH:-1.05,PID_OUT:-11.82,INT:-0.0014,EL:-13291,ER:-12296,VEL:124.3,MOT:1,TILT:25.0,TRIM:-1.145,ATE:1,LATCH:0,TORQ:1,CR:0.0,FX1:1.00,FY1:-151.10,FX2:-6.00,FY2:-149.60,IK1:1,IK2:1,MOVE:0
[2026-09-09 18:14:44.507] [RX] PITCH:-1.10,PID_OUT:13.95,INT:0.0027,EL:-13291,ER:-12316,VEL:95.8,MOT:1,TILT:25.0,TRIM:-0.726,ATE:1,LATCH:0,TORQ:1,CR:0.0,FX1:1.00,FY1:-151.10,FX2:-6.00,FY2:-149.60,IK1:1,IK2:1,MOVE:0
[2026-09-09 18:14:44.610] [RX] PITCH:-1.24,PID_OUT:-13.51,INT:-0.0028,EL:-13291,ER:-12346,VEL:135.3,MOT:1,TILT:25.0,TRIM:-1.349,ATE:1,LATCH:0,TORQ:1,CR:0.0,FX1:1.00,FY1:-151.10,FX2:-6.00,FY2:-149.60,IK1:1,IK2:1,MOVE:0
[2026-09-09 18:14:44.620] [RX] AX12:MODE:0,TQ:1,TL:1023,CM:1,CS:4,MS:0,MT:800
[2026-09-09 18:14:44.707] [RX] PITCH:-1.28,PID_OUT:17.10,INT:0.0102,EL:-13291,ER:-12366,VEL:98.0,MOT:1,TILT:25.0,TRIM:-0.797,ATE:1,LATCH:0,TORQ:1,CR:0.0,FX1:1.00,FY1:-151.10,FX2:-6.00,FY2:-149.60,IK1:1,IK2:1,MOVE:0
[2026-09-09 18:14:44.808] [RX] PITCH:-1.19,PID_OUT:-16.65,INT:0.0054,EL:-13291,ER:-12396,VEL:135.7,MOT:1,TILT:25.0,TRIM:-1.393,ATE:1,LATCH:0,TORQ:1,CR:0.0,FX1:1.00,FY1:-151.10,FX2:-6.00,FY2:-149.60,IK1:1,IK2:1,MOVE:0
[2026-09-09 18:14:44.910] [RX] PITCH:-1.21,PID_OUT:15.88,INT:0.0053,EL:-13291,ER:-12416,VEL:98.0,MOT:1,TILT:25.0,TRIM:-0.836,ATE:1,LATCH:0,TORQ:1,CR:0.0,FX1:1.00,FY1:-151.10,FX2:-6.00,FY2:-149.60,IK1:1,IK2:1,MOVE:0
[2026-09-09 18:14:45.007] [RX] PITCH:-1.36,PID_OUT:-7.69,INT:0.0021,EL:-13291,ER:-12446,VEL:135.7,MOT:1,TILT:25.0,TRIM:-1.431,ATE:1,LATCH:0,TORQ:1,CR:0.0,FX1:1.00,FY1:-151.10,FX2:-6.00,FY2:-149.60,IK1:1,IK2:1,MOVE:0
[2026-09-09 18:14:45.118] [RX] PITCH:-1.51,PID_OUT:-19.72,INT:0.0081,EL:-13291,ER:-12475,VEL:158.5,MOT:1,TILT:25.0,TRIM:-1.800,ATE:1,LATCH:0,TORQ:1,CR:0.0,FX1:1.00,FY1:-151.10,FX2:-6.00,FY2:-149.60,IK1:1,IK2:1,MOVE:0
[2026-09-09 18:14:45.118] [RX] AX12:MODE:0,TQ:1,TL:1023,CM:1,CS:4,MS:0,MT:800
[2026-09-09 18:14:45.208] [RX] PITCH:-1.53,PID_OUT:23.91,INT:0.0148,EL:-13291,ER:-12496,VEL:104.3,MOT:1,TILT:25.0,TRIM:-0.990,ATE:1,LATCH:0,TORQ:1,CR:0.0,FX1:1.00,FY1:-151.10,FX2:-6.00,FY2:-149.60,IK1:1,IK2:1,MOVE:0
[2026-09-09 18:14:45.210] [RX] SRV:6,37,0.0,0,0
[2026-09-09 18:14:45.306] [RX] PITCH:-1.50,PID_OUT:8.91,INT:0.0122,EL:-13291,ER:-12526,VEL:122.1,MOT:1,TILT:25.0,TRIM:-1.284,ATE:1,LATCH:0,TORQ:1,CR:0.0,FX1:1.00,FY1:-151.10,FX2:-6.00,FY2:-149.60,IK1:1,IK2:1,MOVE:0
[2026-09-09 18:14:45.408] [RX] PITCH:-1.61,PID_OUT:-0.29,INT:0.0138,EL:-13291,ER:-12556,VEL:143.6,MOT:1,TILT:25.0,TRIM:-1.633,ATE:1,LATCH:0,TORQ:1,CR:0.0,FX1:1.00,FY1:-151.10,FX2:-6.00,FY2:-149.60,IK1:1,IK2:1,MOVE:0
[2026-09-09 18:14:45.511] [RX] PITCH:-1.85,PID_OUT:9.94,INT:0.0082,EL:-13291,ER:-12586,VEL:138.1,MOT:1,TILT:25.0,TRIM:-1.572,ATE:1,LATCH:0,TORQ:1,CR:0.0,FX1:1.00,FY1:-151.10,FX2:-6.00,FY2:-149.60,IK1:1,IK2:1,MOVE:0
[2026-09-09 18:14:45.611] [RX] PITCH:-1.96,PID_OUT:13.75,INT:0.0218,EL:-13291,ER:-12616,VEL:133.9,MOT:1,TILT:25.0,TRIM:-1.530,ATE:1,LATCH:0,TORQ:1,CR:0.0,FX1:1.00,FY1:-151.10,FX2:-6.00,FY2:-149.60,IK1:1,IK2:1,MOVE:0
[2026-09-09 18:14:45.621] [RX] AX12:MODE:0,TQ:1,TL:1023,CM:1,CS:4,MS:0,MT:800
[2026-09-09 18:14:45.706] [RX] PITCH:-1.78,PID_OUT:2.71,INT:0.0286,EL:-13291,ER:-12646,VEL:133.0,MOT:1,TILT:25.0,TRIM:-1.540,ATE:1,LATCH:0,TORQ:1,CR:0.0,FX1:1.00,FY1:-151.10,FX2:-6.00,FY2:-149.60,IK1:1,IK2:1,MOVE:0
[2026-09-09 18:14:45.807] [RX] PITCH:-1.51,PID_OUT:-28.78,INT:0.0335,EL:-13291,ER:-12676,VEL:157.6,MOT:1,TILT:25.0,TRIM:-1.937,ATE:1,LATCH:0,TORQ:1,CR:0.0,FX1:1.00,FY1:-151.10,FX2:-6.00,FY2:-149.60,IK1:1,IK2:1,MOVE:0
[2026-09-09 18:14:45.905] [RX] PITCH:-1.21,PID_OUT:-19.57,INT:0.0262,EL:-13291,ER:-12697,VEL:126.4,MOT:1,TILT:25.0,TRIM:-1.478,ATE:1,LATCH:0,TORQ:1,CR:0.0,FX1:1.00,FY1:-151.10,FX2:-6.00,FY2:-149.60,IK1:1,IK2:1,MOVE:0
[2026-09-09 18:14:46.006] [RX] PITCH:-1.07,PID_OUT:-19.89,INT:0.0221,EL:-13291,ER:-12717,VEL:118.5,MOT:1,TILT:25.0,TRIM:-1.373,ATE:1,LATCH:0,TORQ:1,CR:0.0,FX1:1.00,FY1:-151.10,FX2:-6.00,FY2:-149.60,IK1:1,IK2:1,MOVE:0
[2026-09-09 18:14:46.110] [RX] PITCH:-1.03,PID_OUT:-14.42,INT:0.0242,EL:-13291,ER:-12735,VEL:107.8,MOT:1,TILT:25.0,TRIM:-1.223,ATE:1,LATCH:0,TORQ:1,CR:0.0,FX1:1.00,FY1:-151.10,FX2:-6.00,FY2:-149.60,IK1:1,IK2:1,MOVE:0
[2026-09-09 18:14:46.117] [RX] AX12:MODE:0,TQ:1,TL:1023,CM:1,CS:4,MS:0,MT:800
[2026-09-09 18:14:46.209] [RX] PITCH:-0.94,PID_OUT:-15.38,INT:0.0231,EL:-13291,ER:-12753,VEL:105.7,MOT:1,TILT:25.0,TRIM:-1.204,ATE:1,LATCH:0,TORQ:1,CR:0.0,FX1:1.00,FY1:-151.10,FX2:-6.00,FY2:-149.60,IK1:1,IK2:1,MOVE:0
[2026-09-09 18:14:46.209] [RX] SRV:0,36,0.0,0,0
[2026-09-09 18:14:46.303] [RX] PITCH:-0.97,PID_OUT:-12.89,INT:0.0195,EL:-13291,ER:-12771,VEL:105.3,MOT:1,TILT:25.0,TRIM:-1.211,ATE:1,LATCH:0,TORQ:1,CR:0.0,FX1:1.00,FY1:-151.10,FX2:-6.00,FY2:-149.60,IK1:1,IK2:1,MOVE:0
[2026-09-09 18:14:46.404] [RX] PITCH:-1.16,PID_OUT:3.32,INT:0.0170,EL:-13291,ER:-12789,VEL:92.5,MOT:1,TILT:25.0,TRIM:-1.031,ATE:1,LATCH:0,TORQ:1,CR:0.0,FX1:1.00,FY1:-151.10,FX2:-6.00,FY2:-149.60,IK1:1,IK2:1,MOVE:0
[2026-09-09 18:14:46.507] [RX] PITCH:-1.22,PID_OUT:19.86,INT:0.0199,EL:-13291,ER:-12807,VEL:72.9,MOT:1,TILT:25.0,TRIM:-0.746,ATE:1,LATCH:0,TORQ:1,CR:0.0,FX1:1.00,FY1:-151.10,FX2:-6.00,FY2:-149.60,IK1:1,IK2:1,MOVE:0
[2026-09-09 18:14:46.609] [RX] PITCH:-1.16,PID_OUT:18.28,INT:0.0199,EL:-13291,ER:-12827,VEL:71.1,MOT:1,TILT:25.0,TRIM:-0.734,ATE:1,LATCH:0,TORQ:1,CR:0.0,FX1:1.00,FY1:-151.10,FX2:-6.00,FY2:-149.60,IK1:1,IK2:1,MOVE:0
[2026-09-09 18:14:46.619] [RX] AX12:MODE:0,TQ:1,TL:1023,CM:1,CS:4,MS:0,MT:800
[2026-09-09 18:14:46.705] [RX] PITCH:-1.16,PID_OUT:17.16,INT:0.0168,EL:-13291,ER:-12847,VEL:70.5,MOT:1,TILT:25.0,TRIM:-0.739,ATE:1,LATCH:0,TORQ:1,CR:0.0,FX1:1.00,FY1:-151.10,FX2:-6.00,FY2:-149.60,IK1:1,IK2:1,MOVE:0
[2026-09-09 18:14:46.807] [RX] PITCH:-1.16,PID_OUT:14.66,INT:0.0154,EL:-13291,ER:-12867,VEL:71.4,MOT:1,TILT:25.0,TRIM:-0.768,ATE:1,LATCH:0,TORQ:1,CR:0.0,FX1:1.00,FY1:-151.10,FX2:-6.00,FY2:-149.60,IK1:1,IK2:1,MOVE:0
[2026-09-09 18:14:46.906] [RX] PITCH:-1.09,PID_OUT:0.52,INT:0.0089,EL:-13291,ER:-12888,VEL:81.9,MOT:1,TILT:25.0,TRIM:-0.944,ATE:1,LATCH:0,TORQ:1,CR:0.0,FX1:1.00,FY1:-151.10,FX2:-6.00,FY2:-149.60,IK1:1,IK2:1,MOVE:0
[2026-09-09 18:14:47.004] [RX] PITCH:-1.06,PID_OUT:-2.38,INT:-0.0002,EL:-13291,ER:-12907,VEL:81.7,MOT:1,TILT:25.0,TRIM:-0.956,ATE:1,LATCH:0,TORQ:1,CR:0.0,FX1:1.00,FY1:-151.10,FX2:-6.00,FY2:-149.60,IK1:1,IK2:1,MOVE:0
[2026-09-09 18:14:47.114] [RX] PITCH:-1.12,PID_OUT:-10.02,INT:-0.0032,EL:-13291,ER:-12927,VEL:95.7,MOT:1,TILT:25.0,TRIM:-1.183,ATE:1,LATCH:0,TORQ:1,CR:0.0,FX1:1.00,FY1:-151.10,FX2:-6.00,FY2:-149.60,IK1:1,IK2:1,MOVE:0
[2026-09-09 18:14:47.114] [RX] AX12:MODE:0,TQ:1,TL:1023,CM:1,CS:4,MS:0,MT:800
[2026-09-09 18:14:47.202] [RX] PITCH:-1.18,PID_OUT:-22.71,INT:-0.0042,EL:-13291,ER:-12948,VEL:114.2,MOT:1,TILT:25.0,TRIM:-1.481,ATE:1,LATCH:0,TORQ:1,CR:0.0,FX1:1.00,FY1:-151.10,FX2:-6.00,FY2:-149.60,IK1:1,IK2:1,MOVE:0
[2026-09-09 18:14:47.206] [RX] SRV:14,36,0.0,0,0
[2026-09-09 18:14:47.303] [RX] PITCH:-1.26,PID_OUT:-22.48,INT:-0.0075,EL:-13291,ER:-12968,VEL:116.1,MOT:1,TILT:25.0,TRIM:-1.525,ATE:1,LATCH:0,TORQ:1,CR:0.0,FX1:1.00,FY1:-151.10,FX2:-6.00,FY2:-149.60,IK1:1,IK2:1,MOVE:0
[2026-09-09 18:14:47.404] [RX] PITCH:-1.36,PID_OUT:-19.31,INT:-0.0037,EL:-13291,ER:-12988,VEL:116.5,MOT:1,TILT:25.0,TRIM:-1.546,ATE:1,LATCH:0,TORQ:1,CR:0.0,FX1:1.00,FY1:-151.10,FX2:-6.00,FY2:-149.60,IK1:1,IK2:1,MOVE:0
[2026-09-09 18:14:47.501] [RX] PITCH:-1.35,PID_OUT:-19.25,INT:0.0029,EL:-13291,ER:-13008,VEL:116.6,MOT:1,TILT:25.0,TRIM:-1.562,ATE:1,LATCH:0,TORQ:1,CR:0.0,FX1:1.00,FY1:-151.10,FX2:-6.00,FY2:-149.60,IK1:1,IK2:1,MOVE:0
[2026-09-09 18:14:47.603] [RX] PITCH:-1.35,PID_OUT:-19.48,INT:0.0062,EL:-13291,ER:-13028,VEL:116.6,MOT:1,TILT:25.0,TRIM:-1.577,ATE:1,LATCH:0,TORQ:1,CR:0.0,FX1:1.00,FY1:-151.10,FX2:-6.00,FY2:-149.60,IK1:1,IK2:1,MOVE:0
[2026-09-09 18:14:47.612] [RX] AX12:MODE:0,TQ:1,TL:1023,CM:1,CS:4,MS:0,MT:800
[2026-09-09 18:14:47.703] [RX] PITCH:-1.27,PID_OUT:-24.82,INT:0.0028,EL:-13291,ER:-13048,VEL:116.6,MOT:1,TILT:25.0,TRIM:-1.592,ATE:1,LATCH:0,TORQ:1,CR:0.0,FX1:1.00,FY1:-151.10,FX2:-6.00,FY2:-149.60,IK1:1,IK2:1,MOVE:0
[2026-09-09 18:14:47.804] [RX] PITCH:-1.19,PID_OUT:-30.72,INT:0.0013,EL:-13291,ER:-13067,VEL:119.2,MOT:1,TILT:25.0,TRIM:-1.646,ATE:1,LATCH:0,TORQ:1,CR:0.0,FX1:1.00,FY1:-151.10,FX2:-6.00,FY2:-149.60,IK1:1,IK2:1,MOVE:0
[2026-09-09 18:14:47.904] [RX] PITCH:-1.19,PID_OUT:-34.55,INT:-0.0063,EL:-13291,ER:-13086,VEL:123.2,MOT:1,TILT:25.0,TRIM:-1.721,ATE:1,LATCH:0,TORQ:1,CR:0.0,FX1:1.00,FY1:-151.10,FX2:-6.00,FY2:-149.60,IK1:1,IK2:1,MOVE:0
[2026-09-09 18:14:48.001] [RX] PITCH:-1.38,PID_OUT:-33.42,INT:-0.0106,EL:-13291,ER:-13106,VEL:127.4,MOT:1,TILT:25.0,TRIM:-1.799,ATE:1,LATCH:0,TORQ:1,CR:0.0,FX1:1.00,FY1:-151.10,FX2:-6.00,FY2:-149.60,IK1:1,IK2:1,MOVE:0
[2026-09-09 18:14:48.111] [RX] PITCH:-1.36,PID_OUT:18.27,INT:-0.0006,EL:-13291,ER:-13117,VEL:60.7,MOT:1,TILT:25.0,TRIM:-0.793,ATE:1,LATCH:0,TORQ:1,CR:0.0,FX1:1.00,FY1:-151.10,FX2:-6.00,FY2:-149.60,IK1:1,IK2:1,MOVE:0
[2026-09-09 18:14:48.114] [RX] AX12:MODE:0,TQ:1,TL:1023,CM:1,CS:4,MS:0,MT:800
[2026-09-09 18:14:48.203] [RX] PITCH:-1.39,PID_OUT:5.70,INT:0.0045,EL:-13291,ER:-13137,VEL:69.5,MOT:1,TILT:25.0,TRIM:-0.941,ATE:1,LATCH:0,TORQ:1,CR:0.0,FX1:1.00,FY1:-151.10,FX2:-6.00,FY2:-149.60,IK1:1,IK2:1,MOVE:0
[2026-09-09 18:14:48.203] [RX] SRV:1,39,0.0,0,0
[2026-09-09 18:14:48.300] [RX] PITCH:-1.06,PID_OUT:-35.97,INT:0.0130,EL:-13291,ER:-13157,VEL:99.3,MOT:1,TILT:25.0,TRIM:-1.411,ATE:1,LATCH:0,TORQ:1,CR:0.0,FX1:1.00,FY1:-151.10,FX2:-6.00,FY2:-149.60,IK1:1,IK2:1,MOVE:0
[2026-09-09 18:14:48.401] [RX] PITCH:-0.57,PID_OUT:10.43,INT:0.0320,EL:-13291,ER:-13157,VEL:19.6,MOT:1,TILT:25.0,TRIM:-0.197,ATE:1,LATCH:0,TORQ:1,CR:0.0,FX1:1.00,FY1:-151.10,FX2:-6.00,FY2:-149.60,IK1:1,IK2:1,MOVE:0
[2026-09-09 18:14:48.499] [RX] PITCH:-0.32,PID_OUT:-6.26,INT:0.0073,EL:-13291,ER:-13167,VEL:21.5,MOT:1,TILT:25.0,TRIM:-0.235,ATE:1,LATCH:0,TORQ:1,CR:0.0,FX1:1.00,FY1:-151.10,FX2:-6.00,FY2:-149.60,IK1:1,IK2:1,MOVE:0
[2026-09-09 18:14:48.603] [RX] PITCH:-0.26,PID_OUT:-45.10,INT:0.0085,EL:-13291,ER:-13177,VEL:69.1,MOT:1,TILT:25.0,TRIM:-0.966,ATE:1,LATCH:0,TORQ:1,CR:0.0,FX1:1.00,FY1:-151.10,FX2:-6.00,FY2:-149.60,IK1:1,IK2:1,MOVE:0
[2026-09-09 18:14:48.612] [RX] AX12:MODE:0,TQ:1,TL:1023,CM:1,CS:4,MS:0,MT:800
[2026-09-09 18:14:48.699] [RX] PITCH:-0.24,PID_OUT:-10.71,INT:-0.0042,EL:-13291,ER:-13177,VEL:13.6,MOT:1,TILT:25.0,TRIM:-0.122,ATE:1,LATCH:0,TORQ:1,CR:0.0,FX1:1.00,FY1:-151.10,FX2:-6.00,FY2:-149.60,IK1:1,IK2:1,MOVE:0
[2026-09-09 18:14:48.799] [RX] PITCH:-0.00,PID_OUT:-8.83,INT:0.0061,EL:-13291,ER:-13177,VEL:2.7,MOT:1,TILT:25.0,TRIM:0.045,ATE:1,LATCH:0,TORQ:1,CR:0.0,FX1:1.00,FY1:-151.10,FX2:-6.00,FY2:-149.60,IK1:1,IK2:1,MOVE:0
[2026-09-09 18:14:48.897] [RX] PITCH:0.12,PID_OUT:-7.90,INT:0.0042,EL:-13291,ER:-13177,VEL:0.5,MOT:1,TILT:25.0,TRIM:0.077,ATE:1,LATCH:0,TORQ:1,CR:0.0,FX1:1.00,FY1:-151.10,FX2:-6.00,FY2:-149.60,IK1:1,IK2:1,MOVE:0
[2026-09-09 18:14:48.998] [RX] PITCH:-0.05,PID_OUT:2.03,INT:0.0073,EL:-13291,ER:-13177,VEL:0.1,MOT:1,TILT:25.0,TRIM:0.084,ATE:1,LATCH:0,TORQ:1,CR:0.0,FX1:1.00,FY1:-151.10,FX2:-6.00,FY2:-149.60,IK1:1,IK2:1,MOVE:0
[2026-09-09 18:14:49.100] [RX] PITCH:-0.11,PID_OUT:11.78,INT:0.0244,EL:-13291,ER:-13177,VEL:0.0,MOT:1,TILT:25.0,TRIM:0.085,ATE:1,LATCH:0,TORQ:1,CR:0.0,FX1:1.00,FY1:-151.10,FX2:-6.00,FY2:-149.60,IK1:1,IK2:1,MOVE:0
[2026-09-09 18:14:49.111] [RX] AX12:MODE:0,TQ:1,TL:1023,CM:1,CS:4,MS:0,MT:800
[2026-09-09 18:14:49.206] [RX] PITCH:-0.35,PID_OUT:26.26,INT:0.0534,EL:-13291,ER:-13177,VEL:0.0,MOT:1,TILT:25.0,TRIM:0.085,ATE:1,LATCH:0,TORQ:1,CR:0.0,FX1:1.00,FY1:-151.10,FX2:-6.00,FY2:-149.60,IK1:1,IK2:1,MOVE:0
[2026-09-09 18:14:49.206] [RX] SRV:6,37,0.0,0,0
[2026-09-09 18:14:49.298] [RX] PITCH:-0.36,PID_OUT:28.64,INT:0.1024,EL:-13291,ER:-13177,VEL:0.0,MOT:1,TILT:25.0,TRIM:0.085,ATE:1,LATCH:0,TORQ:1,CR:0.0,FX1:1.00,FY1:-151.10,FX2:-6.00,FY2:-149.60,IK1:1,IK2:1,MOVE:0
[2026-09-09 18:14:49.397] [RX] PITCH:-0.16,PID_OUT:10.60,INT:0.1386,EL:-13291,ER:-13177,VEL:0.0,MOT:1,TILT:25.0,TRIM:0.085,ATE:1,LATCH:0,TORQ:1,CR:0.0,FX1:1.00,FY1:-151.10,FX2:-6.00,FY2:-149.60,IK1:1,IK2:1,MOVE:0
[2026-09-09 18:14:49.496] [RX] PITCH:0.68,PID_OUT:-63.29,INT:0.1246,EL:-13291,ER:-13177,VEL:0.0,MOT:1,TILT:25.0,TRIM:0.085,ATE:1,LATCH:0,TORQ:1,CR:0.0,FX1:1.00,FY1:-151.10,FX2:-6.00,FY2:-149.60,IK1:1,IK2:1,MOVE:0
[2026-09-09 18:14:49.607] [RX] PITCH:2.46,PID_OUT:-104.17,INT:0.0488,EL:-13309,ER:-13176,VEL:-80.3,MOT:1,TILT:25.0,TRIM:1.321,ATE:1,LATCH:0,TORQ:1,CR:0.0,FX1:1.00,FY1:-151.10,FX2:-6.00,FY2:-149.60,IK1:1,IK2:1,MOVE:0
[2026-09-09 18:14:49.607] [RX] AX12:MODE:0,TQ:1,TL:1023,CM:1,CS:4,MS:0,MT:800
[2026-09-09 18:14:49.698] [RX] PITCH:3.40,PID_OUT:-104.07,INT:-0.0615,EL:-13335,ER:-13171,VEL:-148.1,MOT:1,TILT:25.0,TRIM:2.377,ATE:1,LATCH:0,TORQ:1,CR:0.0,FX1:1.00,FY1:-151.10,FX2:-6.00,FY2:-149.60,IK1:1,IK2:1,MOVE:0
[2026-09-09 18:14:49.795] [RX] PITCH:4.36,PID_OUT:-79.36,INT:-0.1726,EL:-13368,ER:-13162,VEL:-198.3,MOT:1,TILT:25.0,TRIM:3.172,ATE:1,LATCH:0,TORQ:1,CR:0.0,FX1:1.00,FY1:-151.10,FX2:-6.00,FY2:-149.60,IK1:1,IK2:1,MOVE:0
[2026-09-09 18:14:49.896] [RX] PITCH:3.96,PID_OUT:-9.39,INT:-0.2366,EL:-13399,ER:-13151,VEL:-202.8,MOT:1,TILT:25.0,TRIM:3.272,ATE:1,LATCH:0,TORQ:1,CR:0.0,FX1:1.00,FY1:-151.10,FX2:-6.00,FY2:-149.60,IK1:1,IK2:1,MOVE:0
[2026-09-09 18:14:50.000] [RX] PITCH:1.67,PID_OUT:39.08,INT:-0.2366,EL:-13412,ER:-13152,VEL:-76.5,MOT:1,TILT:25.0,TRIM:1.359,ATE:1,LATCH:0,TORQ:1,CR:0.0,FX1:1.00,FY1:-151.10,FX2:-6.00,FY2:-149.60,IK1:1,IK2:1,MOVE:0
[2026-09-09 18:14:50.099] [RX] PITCH:-1.63,PID_OUT:123.47,INT:-0.1919,EL:-13416,ER:-13167,VEL:21.9,MOT:1,TILT:25.0,TRIM:-0.146,ATE:1,LATCH:0,TORQ:1,CR:0.0,FX1:1.00,FY1:-151.10,FX2:-6.00,FY2:-149.60,IK1:1,IK2:1,MOVE:0
[2026-09-09 18:14:50.107] [RX] AX12:MODE:0,TQ:1,TL:1023,CM:1,CS:4,MS:0,MT:800
[2026-09-09 18:14:50.196] [RX] PITCH:-4.31,PID_OUT:165.54,INT:0.0219,EL:-13408,ER:-13187,VEL:119.8,MOT:1,TILT:25.0,TRIM:-1.657,ATE:1,LATCH:0,TORQ:1,CR:0.0,FX1:1.00,FY1:-151.10,FX2:-6.00,FY2:-149.60,IK1:1,IK2:1,MOVE:0
[2026-09-09 18:14:50.204] [RX] SRV:0,36,0.0,0,0
[2026-09-09 18:14:50.300] [RX] PITCH:-4.41,PID_OUT:75.59,INT:0.1887,EL:-13387,ER:-13217,VEL:238.2,MOT:1,TILT:25.0,TRIM:-3.496,ATE:1,LATCH:0,TORQ:1,CR:0.0,FX1:1.00,FY1:-151.10,FX2:-6.00,FY2:-149.60,IK1:1,IK2:1,MOVE:0
[2026-09-09 18:14:50.400] [RX] PITCH:-5.86,PID_OUT:90.54,INT:0.2366,EL:-13365,ER:-13254,VEL:281.4,MOT:1,TILT:25.0,TRIM:-4.199,ATE:1,LATCH:0,TORQ:1,CR:0.0,FX1:1.00,FY1:-151.10,FX2:-6.00,FY2:-149.60,IK1:1,IK2:1,MOVE:0
[2026-09-09 18:14:50.494] [RX] PITCH:-5.28,PID_OUT:2.93,INT:0.2366,EL:-13342,ER:-13286,VEL:275.8,MOT:1,TILT:25.0,TRIM:-4.155,ATE:1,LATCH:0,TORQ:1,CR:0.0,FX1:1.00,FY1:-151.10,FX2:-6.00,FY2:-149.60,IK1:1,IK2:1,MOVE:0
[2026-09-09 18:14:50.595] [RX] PITCH:-3.12,PID_OUT:-29.42,INT:0.2366,EL:-13331,ER:-13299,VEL:137.5,MOT:1,TILT:25.0,TRIM:-2.067,ATE:1,LATCH:0,TORQ:1,CR:0.0,FX1:1.00,FY1:-151.10,FX2:-6.00,FY2:-149.60,IK1:1,IK2:1,MOVE:0
[2026-09-09 18:14:50.605] [RX] AX12:MODE:0,TQ:1,TL:1023,CM:1,CS:4,MS:0,MT:800
[2026-09-09 18:14:50.692] [RX] PITCH:0.14,PID_OUT:-77.29,INT:0.2348,EL:-13341,ER:-13305,VEL:4.5,MOT:1,TILT:25.0,TRIM:-0.041,ATE:1,LATCH:0,TORQ:1,CR:0.0,FX1:1.00,FY1:-151.10,FX2:-6.00,FY2:-149.60,IK1:1,IK2:1,MOVE:0
[2026-09-09 18:14:50.794] [RX] PITCH:3.77,PID_OUT:-164.55,INT:0.1315,EL:-13363,ER:-13303,VEL:-96.7,MOT:1,TILT:25.0,TRIM:1.516,ATE:1,LATCH:0,TORQ:1,CR:0.0,FX1:1.00,FY1:-151.10,FX2:-6.00,FY2:-149.60,IK1:1,IK2:1,MOVE:0
[2026-09-09 18:14:50.896] [RX] PITCH:5.75,PID_OUT:-137.35,INT:-0.1028,EL:-13396,ER:-13287,VEL:-225.2,MOT:1,TILT:25.0,TRIM:3.509,ATE:1,LATCH:0,TORQ:1,CR:0.0,FX1:1.00,FY1:-151.10,FX2:-6.00,FY2:-149.60,IK1:1,IK2:1,MOVE:0
[2026-09-09 18:14:50.990] [RX] PITCH:5.43,PID_OUT:-12.52,INT:-0.2366,EL:-13432,ER:-13266,VEL:-283.0,MOT:1,TILT:25.0,TRIM:4.430,ATE:1,LATCH:0,TORQ:1,CR:0.0,FX1:1.00,FY1:-151.10,FX2:-6.00,FY2:-149.60,IK1:1,IK2:1,MOVE:0
[2026-09-09 18:14:51.102] [RX] PITCH:4.43,PID_OUT:8.39,INT:-0.2366,EL:-13460,ER:-13249,VEL:-226.8,MOT:1,TILT:25.0,TRIM:3.610,ATE:1,LATCH:0,TORQ:1,CR:0.0,FX1:1.00,FY1:-151.10,FX2:-6.00,FY2:-149.60,IK1:1,IK2:1,MOVE:0
[2026-09-09 18:14:51.105] [RX] AX12:MODE:0,TQ:1,TL:1023,CM:1,CS:4,MS:0,MT:800
[2026-09-09 18:14:51.198] [RX] PITCH:1.53,PID_OUT:90.18,INT:-0.2327,EL:-13479,ER:-13252,VEL:-113.9,MOT:1,TILT:25.0,TRIM:1.903,ATE:1,LATCH:0,TORQ:1,CR:0.0,FX1:1.00,FY1:-151.10,FX2:-6.00,FY2:-149.60,IK1:1,IK2:1,MOVE:0
[2026-09-09 18:14:51.198] [RX] SRV:14,36,0.0,0,0
[2026-09-09 18:14:51.297] [RX] PITCH:-1.25,PID_OUT:164.70,INT:-0.1270,EL:-13482,ER:-13254,VEL:-13.2,MOT:1,TILT:25.0,TRIM:0.372,ATE:1,LATCH:0,TORQ:1,CR:0.0,FX1:1.00,FY1:-151.10,FX2:-6.00,FY2:-149.60,IK1:1,IK2:1,MOVE:0
[2026-09-09 18:14:51.395] [RX] PITCH:-4.05,PID_OUT:106.82,INT:0.0490,EL:-13469,ER:-13278,VEL:160.9,MOT:1,TILT:25.0,TRIM:-2.305,ATE:1,LATCH:0,TORQ:1,CR:0.0,FX1:1.00,FY1:-151.10,FX2:-6.00,FY2:-149.60,IK1:1,IK2:1,MOVE:0
[2026-09-09 18:14:51.499] [RX] PITCH:-5.49,PID_OUT:67.87,INT:0.2366,EL:-13444,ER:-13309,VEL:269.8,MOT:1,TILT:25.0,TRIM:-4.004,ATE:1,LATCH:0,TORQ:1,CR:0.0,FX1:1.00,FY1:-151.10,FX2:-6.00,FY2:-149.60,IK1:1,IK2:1,MOVE:0
[2026-09-09 18:14:51.596] [RX] PITCH:-5.02,PID_OUT:25.38,INT:0.2366,EL:-13418,ER:-13334,VEL:257.2,MOT:1,TILT:25.0,TRIM:-3.850,ATE:1,LATCH:0,TORQ:1,CR:0.0,FX1:1.00,FY1:-151.10,FX2:-6.00,FY2:-149.60,IK1:1,IK2:1,MOVE:0
[2026-09-09 18:14:51.607] [RX] AX12:MODE:0,TQ:1,TL:1023,CM:1,CS:4,MS:0,MT:800
[2026-09-09 18:14:51.692] [RX] PITCH:-3.57,PID_OUT:20.63,INT:0.2366,EL:-13401,ER:-13349,VEL:154.5,MOT:1,TILT:25.0,TRIM:-2.312,ATE:1,LATCH:0,TORQ:1,CR:0.0,FX1:1.00,FY1:-151.10,FX2:-6.00,FY2:-149.60,IK1:1,IK2:1,MOVE:0
[2026-09-09 18:14:51.793] [RX] PITCH:-0.76,PID_OUT:-58.94,INT:0.2366,EL:-13401,ER:-13349,VEL:10.4,MOT:1,TILT:25.0,TRIM:-0.120,ATE:1,LATCH:0,TORQ:1,CR:0.0,FX1:1.00,FY1:-151.10,FX2:-6.00,FY2:-149.60,IK1:1,IK2:1,MOVE:0
[2026-09-09 18:14:51.891] [RX] PITCH:2.90,PID_OUT:-111.79,INT:0.1454,EL:-13412,ER:-13344,VEL:-69.5,MOT:1,TILT:25.0,TRIM:1.108,ATE:1,LATCH:0,TORQ:1,CR:0.0,FX1:1.00,FY1:-151.10,FX2:-6.00,FY2:-149.60,IK1:1,IK2:1,MOVE:0
[2026-09-09 18:14:51.991] [RX] PITCH:5.51,PID_OUT:-111.43,INT:-0.0404,EL:-13445,ER:-13331,VEL:-197.5,MOT:1,TILT:25.0,TRIM:3.090,ATE:1,LATCH:0,TORQ:1,CR:0.0,FX1:1.00,FY1:-151.10,FX2:-6.00,FY2:-149.60,IK1:1,IK2:1,MOVE:0
[2026-09-09 18:14:52.096] [RX] PITCH:5.80,PID_OUT:-5.69,INT:-0.2366,EL:-13484,ER:-13314,VEL:-256.7,MOT:1,TILT:25.0,TRIM:4.033,ATE:1,LATCH:0,TORQ:1,CR:0.0,FX1:1.00,FY1:-151.10,FX2:-6.00,FY2:-149.60,IK1:1,IK2:1,MOVE:0
[2026-09-09 18:14:52.102] [RX] AX12:MODE:0,TQ:1,TL:1023,CM:1,CS:4,MS:0,MT:800
[2026-09-09 18:14:52.194] [RX] PITCH:1.83,PID_OUT:84.59,INT:-0.2366,EL:-13498,ER:-13315,VEL:-91.8,MOT:1,TILT:25.0,TRIM:1.533,ATE:1,LATCH:0,TORQ:1,CR:0.0,FX1:1.00,FY1:-151.10,FX2:-6.00,FY2:-149.60,IK1:1,IK2:1,MOVE:0
[2026-09-09 18:14:52.194] [RX] SRV:1,39,0.0,0,0
[2026-09-09 18:14:52.289] [RX] PITCH:-2.36,PID_OUT:162.82,INT:-0.1101,EL:-13499,ER:-13322,VEL:19.1,MOT:1,TILT:25.0,TRIM:-0.159,ATE:1,LATCH:0,TORQ:1,CR:0.0,FX1:1.00,FY1:-151.10,FX2:-6.00,FY2:-149.60,IK1:1,IK2:1,MOVE:0
[2026-09-09 18:14:52.391] [RX] PITCH:-3.93,PID_OUT:102.33,INT:0.0652,EL:-13484,ER:-13350,VEL:187.9,MOT:1,TILT:25.0,TRIM:-2.759,ATE:1,LATCH:0,TORQ:1,CR:0.0,FX1:1.00,FY1:-151.10,FX2:-6.00,FY2:-149.60,IK1:1,IK2:1,MOVE:0
[2026-09-09 18:14:52.493] [RX] PITCH:-6.08,PID_OUT:92.41,INT:0.2269,EL:-13463,ER:-13384,VEL:266.0,MOT:1,TILT:25.0,TRIM:-3.988,ATE:1,LATCH:0,TORQ:1,CR:0.0,FX1:1.00,FY1:-151.10,FX2:-6.00,FY2:-149.60,IK1:1,IK2:1,MOVE:0
[2026-09-09 18:14:52.595] [RX] PITCH:-5.30,PID_OUT:-1.90,INT:0.2366,EL:-13437,ER:-13414,VEL:262.0,MOT:1,TILT:25.0,TRIM:-3.969,ATE:1,LATCH:0,TORQ:1,CR:0.0,FX1:1.00,FY1:-151.10,FX2:-6.00,FY2:-149.60,IK1:1,IK2:1,MOVE:0
[2026-09-09 18:14:52.602] [RX] AX12:MODE:0,TQ:1,TL:1023,CM:1,CS:4,MS:0,MT:800
[2026-09-09 18:14:52.696] [RX] PITCH:-2.65,PID_OUT:-43.77,INT:0.2366,EL:-13433,ER:-13427,VEL:107.8,MOT:1,TILT:25.0,TRIM:-1.635,ATE:1,LATCH:0,TORQ:1,CR:0.0,FX1:1.00,FY1:-151.10,FX2:-6.00,FY2:-149.60,IK1:1,IK2:1,MOVE:0
[2026-09-09 18:14:52.793] [RX] PITCH:0.98,PID_OUT:-101.39,INT:0.2076,EL:-13440,ER:-13432,VEL:12.6,MOT:1,TILT:25.0,TRIM:-0.185,ATE:1,LATCH:0,TORQ:1,CR:0.0,FX1:1.00,FY1:-151.10,FX2:-6.00,FY2:-149.60,IK1:1,IK2:1,MOVE:0
[2026-09-09 18:14:52.889] [RX] PITCH:3.65,PID_OUT:-116.77,INT:0.0538,EL:-13464,ER:-13427,VEL:-130.1,MOT:1,TILT:25.0,TRIM:2.008,ATE:1,LATCH:0,TORQ:1,CR:0.0,FX1:1.00,FY1:-151.10,FX2:-6.00,FY2:-149.60,IK1:1,IK2:1,MOVE:0
[2026-09-09 18:14:52.991] [RX] PITCH:5.00,PID_OUT:-114.99,INT:-0.1708,EL:-13489,ER:-13418,VEL:-160.0,MOT:1,TILT:25.0,TRIM:2.487,ATE:1,LATCH:0,TORQ:1,CR:0.0,FX1:1.00,FY1:-151.10,FX2:-6.00,FY2:-149.60,IK1:1,IK2:1,MOVE:0
[2026-09-09 18:14:53.100] [RX] PITCH:3.53,PID_OUT:9.99,INT:-0.2366,EL:-13516,ER:-13403,VEL:-198.3,MOT:1,TILT:25.0,TRIM:3.102,ATE:1,LATCH:0,TORQ:1,CR:0.0,FX1:1.00,FY1:-151.10,FX2:-6.00,FY2:-149.60,IK1:1,IK2:1,MOVE:0
[2026-09-09 18:14:53.100] [RX] AX12:MODE:0,TQ:1,TL:1023,CM:1,CS:4,MS:0,MT:800
[2026-09-09 18:14:53.188] [RX] PITCH:1.89,PID_OUT:13.41,INT:-0.2366,EL:-13537,ER:-13406,VEL:-105.0,MOT:1,TILT:25.0,TRIM:1.696,ATE:1,LATCH:0,TORQ:1,CR:0.0,FX1:1.00,FY1:-151.10,FX2:-6.00,FY2:-149.60,IK1:1,IK2:1,MOVE:0
[2026-09-09 18:14:53.191] [RX] SRV:6,37,0.0,0,0
[2026-09-09 18:14:53.289] [RX] PITCH:-0.22,PID_OUT:66.00,INT:-0.1734,EL:-13549,ER:-13408,VEL:-58.7,MOT:1,TILT:25.0,TRIM:1.000,ATE:1,LATCH:0,TORQ:1,CR:0.0,FX1:1.00,FY1:-151.10,FX2:-6.00,FY2:-149.60,IK1:1,IK2:1,MOVE:0
[2026-09-09 18:14:53.389] [RX] PITCH:-1.58,PID_OUT:82.78,INT:-0.0423,EL:-13548,ER:-13417,VEL:64.5,MOT:1,TILT:25.0,TRIM:-0.883,ATE:1,LATCH:0,TORQ:1,CR:0.0,FX1:1.00,FY1:-151.10,FX2:-6.00,FY2:-149.60,IK1:1,IK2:1,MOVE:0
[2026-09-09 18:14:53.487] [RX] PITCH:-4.14,PID_OUT:159.99,INT:0.0091,EL:-13543,ER:-13451,VEL:135.6,MOT:1,TILT:25.0,TRIM:-1.994,ATE:1,LATCH:0,TORQ:1,CR:0.0,FX1:1.00,FY1:-151.10,FX2:-6.00,FY2:-149.60,IK1:1,IK2:1,MOVE:0
[2026-09-09 18:14:53.593] [RX] PITCH:-4.84,PID_OUT:81.52,INT:0.2366,EL:-13524,ER:-13475,VEL:211.6,MOT:1,TILT:25.0,TRIM:-3.183,ATE:1,LATCH:0,TORQ:1,CR:0.0,FX1:1.00,FY1:-151.10,FX2:-6.00,FY2:-149.60,IK1:1,IK2:1,MOVE:0
[2026-09-09 18:14:53.598] [RX] AX12:MODE:0,TQ:1,TL:1023,CM:1,CS:4,MS:0,MT:800
[2026-09-09 18:14:53.686] [RX] PITCH:-4.56,PID_OUT:64.55,INT:0.2366,EL:-13502,ER:-13500,VEL:217.8,MOT:1,TILT:25.0,TRIM:-3.312,ATE:1,LATCH:0,TORQ:1,CR:0.0,FX1:1.00,FY1:-151.10,FX2:-6.00,FY2:-149.60,IK1:1,IK2:1,MOVE:0
[2026-09-09 18:14:53.787] [RX] PITCH:-3.55,PID_OUT:4.29,INT:0.2366,EL:-13488,ER:-13521,VEL:157.6,MOT:1,TILT:25.0,TRIM:-2.422,ATE:1,LATCH:0,TORQ:1,CR:0.0,FX1:1.00,FY1:-151.10,FX2:-6.00,FY2:-149.60,IK1:1,IK2:1,MOVE:0
[2026-09-09 18:14:53.890] [RX] PITCH:-1.08,PID_OUT:-29.83,INT:0.2366,EL:-13490,ER:-13531,VEL:44.9,MOT:1,TILT:25.0,TRIM:-0.714,ATE:1,LATCH:0,TORQ:1,CR:0.0,FX1:1.00,FY1:-151.10,FX2:-6.00,FY2:-149.60,IK1:1,IK2:1,MOVE:0
[2026-09-09 18:14:53.990] [RX] PITCH:1.63,PID_OUT:-111.11,INT:0.1729,EL:-13497,ER:-13533,VEL:1.7,MOT:1,TILT:25.0,TRIM:-0.054,ATE:1,LATCH:0,TORQ:1,CR:0.0,FX1:1.00,FY1:-151.10,FX2:-6.00,FY2:-149.60,IK1:1,IK2:1,MOVE:0
[2026-09-09 18:14:54.096] [RX] PITCH:3.32,PID_OUT:-133.68,INT:-0.0113,EL:-13515,ER:-13531,VEL:-81.6,MOT:1,TILT:25.0,TRIM:1.230,ATE:1,LATCH:0,TORQ:1,CR:0.0,FX1:1.00,FY1:-151.10,FX2:-6.00,FY2:-149.60,IK1:1,IK2:1,MOVE:0
[2026-09-09 18:14:54.099] [RX] AX12:MODE:0,TQ:1,TL:1023,CM:1,CS:4,MS:0,MT:800
[2026-09-09 18:14:54.189] [RX] PITCH:3.43,PID_OUT:-86.54,INT:-0.1971,EL:-13536,ER:-13524,VEL:-134.5,MOT:1,TILT:25.0,TRIM:2.055,ATE:1,LATCH:0,TORQ:1,CR:0.0,FX1:1.00,FY1:-151.10,FX2:-6.00,FY2:-149.60,IK1:1,IK2:1,MOVE:0
[2026-09-09 18:14:54.189] [RX] SRV:0,37,0.0,0,0
[2026-09-09 18:14:54.286] [RX] PITCH:2.52,PID_OUT:4.99,INT:-0.2366,EL:-13563,ER:-13517,VEL:-156.7,MOT:1,TILT:25.0,TRIM:2.419,ATE:1,LATCH:0,TORQ:1,CR:0.0,FX1:1.00,FY1:-151.10,FX2:-6.00,FY2:-149.60,IK1:1,IK2:1,MOVE:0
[2026-09-09 18:14:54.387] [RX] PITCH:1.70,PID_OUT:31.32,INT:-0.2287,EL:-13582,ER:-13513,VEL:-118.6,MOT:1,TILT:25.0,TRIM:1.857,ATE:1,LATCH:0,TORQ:1,CR:0.0,FX1:1.00,FY1:-151.10,FX2:-6.00,FY2:-149.60,IK1:1,IK2:1,MOVE:0
[2026-09-09 18:14:54.487] [RX] PITCH:-0.03,PID_OUT:83.22,INT:-0.1980,EL:-13594,ER:-13517,VEL:-60.0,MOT:1,TILT:25.0,TRIM:0.970,ATE:1,LATCH:0,TORQ:1,CR:0.0,FX1:1.00,FY1:-151.10,FX2:-6.00,FY2:-149.60,IK1:1,IK2:1,MOVE:0
[2026-09-09 18:14:54.589] [RX] PITCH:-2.18,PID_OUT:123.00,INT:-0.0443,EL:-13593,ER:-13523,VEL:36.9,MOT:1,TILT:25.0,TRIM:-0.510,ATE:1,LATCH:0,TORQ:1,CR:0.0,FX1:1.00,FY1:-151.10,FX2:-6.00,FY2:-149.60,IK1:1,IK2:1,MOVE:0
[2026-09-09 18:14:54.598] [RX] AX12:MODE:0,TQ:1,TL:1023,CM:1,CS:4,MS:0,MT:800
[2026-09-09 18:14:54.685] [RX] PITCH:-4.12,PID_OUT:138.17,INT:0.1300,EL:-13581,ER:-13543,VEL:139.4,MOT:1,TILT:25.0,TRIM:-2.092,ATE:1,LATCH:0,TORQ:1,CR:0.0,FX1:1.00,FY1:-151.10,FX2:-6.00,FY2:-149.60,IK1:1,IK2:1,MOVE:0
[2026-09-09 18:14:54.787] [RX] PITCH:-4.39,PID_OUT:63.26,INT:0.2366,EL:-13561,ER:-13574,VEL:231.1,MOT:1,TILT:25.0,TRIM:-3.526,ATE:1,LATCH:0,TORQ:1,CR:0.0,FX1:1.00,FY1:-151.10,FX2:-6.00,FY2:-149.60,IK1:1,IK2:1,MOVE:0
[2026-09-09 18:14:54.885] [RX] PITCH:-4.38,PID_OUT:63.36,INT:0.2366,EL:-13542,ER:-13600,VEL:219.9,MOT:1,TILT:25.0,TRIM:-3.390,ATE:1,LATCH:0,TORQ:1,CR:0.0,FX1:1.00,FY1:-151.10,FX2:-6.00,FY2:-149.60,IK1:1,IK2:1,MOVE:0
[2026-09-09 18:14:54.985] [RX] PITCH:-3.73,PID_OUT:32.67,INT:0.2366,EL:-13526,ER:-13621,VEL:183.5,MOT:1,TILT:25.0,TRIM:-2.863,ATE:1,LATCH:0,TORQ:1,CR:0.0,FX1:1.00,FY1:-151.10,FX2:-6.00,FY2:-149.60,IK1:1,IK2:1,MOVE:0
[2026-09-09 18:14:55.089] [RX] PITCH:-2.22,PID_OUT:13.09,INT:0.2366,EL:-13518,ER:-13638,VEL:117.5,MOT:1,TILT:25.0,TRIM:-1.878,ATE:1,LATCH:0,TORQ:1,CR:0.0,FX1:1.00,FY1:-151.10,FX2:-6.00,FY2:-149.60,IK1:1,IK2:1,MOVE:0
[2026-09-09 18:14:55.098] [RX] AX12:MODE:0,TQ:1,TL:1023,CM:1,CS:4,MS:0,MT:800
[2026-09-09 18:14:55.188] [RX] PITCH:-0.37,PID_OUT:6.72,INT:0.2334,EL:-13515,ER:-13638,VEL:30.6,MOT:1,TILT:25.0,TRIM:-0.558,ATE:1,LATCH:0,TORQ:1,CR:0.0,FX1:1.00,FY1:-151.10,FX2:-6.00,FY2:-149.60,IK1:1,IK2:1,MOVE:0
[2026-09-09 18:14:55.188] [RX] SRV:14,36,0.0,0,0
[2026-09-09 18:14:55.282] [RX] PITCH:1.19,PID_OUT:-67.83,INT:0.1509,EL:-13515,ER:-13638,VEL:6.0,MOT:1,TILT:25.0,TRIM:-0.184,ATE:1,LATCH:0,TORQ:1,CR:0.0,FX1:1.00,FY1:-151.10,FX2:-6.00,FY2:-149.60,IK1:1,IK2:1,MOVE:0
[2026-09-09 18:14:55.382] [RX] PITCH:2.17,PID_OUT:-79.42,INT:0.0562,EL:-13535,ER:-13638,VEL:-65.4,MOT:1,TILT:25.0,TRIM:0.917,ATE:1,LATCH:0,TORQ:1,CR:0.0,FX1:1.00,FY1:-151.10,FX2:-6.00,FY2:-149.60,IK1:1,IK2:1,MOVE:0
[2026-09-09 18:14:55.483] [RX] PITCH:2.43,PID_OUT:-49.08,INT:-0.0473,EL:-13557,ER:-13635,VEL:-116.5,MOT:1,TILT:25.0,TRIM:1.713,ATE:1,LATCH:0,TORQ:1,CR:0.0,FX1:1.00,FY1:-151.10,FX2:-6.00,FY2:-149.60,IK1:1,IK2:1,MOVE:0
[2026-09-09 18:14:55.588] [RX] PITCH:2.48,PID_OUT:-67.80,INT:-0.1297,EL:-13578,ER:-13633,VEL:-111.0,MOT:1,TILT:25.0,TRIM:1.647,ATE:1,LATCH:0,TORQ:1,CR:0.0,FX1:1.00,FY1:-151.10,FX2:-6.00,FY2:-149.60,IK1:1,IK2:1,MOVE:0
[2026-09-09 18:14:55.594] [RX] AX12:MODE:0,TQ:1,TL:1023,CM:1,CS:4,MS:0,MT:800
[2026-09-09 18:14:55.682] [RX] PITCH:2.34,PID_OUT:-47.51,INT:-0.1743,EL:-13606,ER:-13632,VEL:-137.1,MOT:1,TILT:25.0,TRIM:2.067,ATE:1,LATCH:0,TORQ:1,CR:0.0,FX1:1.00,FY1:-151.10,FX2:-6.00,FY2:-149.60,IK1:1,IK2:1,MOVE:0
[2026-09-09 18:14:55.782] [RX] PITCH:1.71,PID_OUT:-61.30,INT:-0.1925,EL:-13624,ER:-13631,VEL:-101.4,MOT:1,TILT:25.0,TRIM:1.538,ATE:1,LATCH:0,TORQ:1,CR:0.0,FX1:1.00,FY1:-151.10,FX2:-6.00,FY2:-149.60,IK1:1,IK2:1,MOVE:0
[2026-09-09 18:14:55.883] [RX] PITCH:1.40,PID_OUT:-29.41,INT:-0.1868,EL:-13647,ER:-13631,VEL:-116.4,MOT:1,TILT:25.0,TRIM:1.782,ATE:1,LATCH:0,TORQ:1,CR:0.0,FX1:1.00,FY1:-151.10,FX2:-6.00,FY2:-149.60,IK1:1,IK2:1,MOVE:0
[2026-09-09 18:14:55.983] [RX] PITCH:1.08,PID_OUT:-43.86,INT:-0.2143,EL:-13656,ER:-13631,VEL:-73.6,MOT:1,TILT:25.0,TRIM:1.138,ATE:1,LATCH:0,TORQ:1,CR:0.0,FX1:1.00,FY1:-151.10,FX2:-6.00,FY2:-149.60,IK1:1,IK2:1,MOVE:0
[2026-09-09 18:14:56.089] [RX] PITCH:0.51,PID_OUT:-54.63,INT:-0.1807,EL:-13675,ER:-13642,VEL:-14.8,MOT:1,TILT:25.0,TRIM:0.250,ATE:1,LATCH:0,TORQ:1,CR:0.0,FX1:1.00,FY1:-151.10,FX2:-6.00,FY2:-149.60,IK1:1,IK2:1,MOVE:0
[2026-09-09 18:14:56.089] [RX] AX12:MODE:0,TQ:1,TL:1023,CM:1,CS:4,MS:0,MT:800
[2026-09-09 18:14:56.184] [RX] PITCH:-0.20,PID_OUT:-49.59,INT:-0.1596,EL:-13696,ER:-13663,VEL:19.5,MOT:1,TILT:25.0,TRIM:-0.272,ATE:1,LATCH:0,TORQ:1,CR:0.0,FX1:1.00,FY1:-151.10,FX2:-6.00,FY2:-149.60,IK1:1,IK2:1,MOVE:0
[2026-09-09 18:14:56.188] [RX] SRV:1,39,0.0,0,0
[2026-09-09 18:14:56.282] [RX] PITCH:-0.50,PID_OUT:-31.22,INT:-0.1268,EL:-13696,ER:-13663,VEL:3.8,MOT:1,TILT:25.0,TRIM:-0.034,ATE:1,LATCH:0,TORQ:1,CR:0.0,FX1:1.00,FY1:-151.10,FX2:-6.00,FY2:-149.60,IK1:1,IK2:1,MOVE:0
[2026-09-09 18:14:56.380] [RX] PITCH:0.04,PID_OUT:-48.57,INT:-0.1031,EL:-13696,ER:-13663,VEL:0.8,MOT:1,TILT:25.0,TRIM:0.013,ATE:1,LATCH:0,TORQ:1,CR:0.0,FX1:1.00,FY1:-151.10,FX2:-6.00,FY2:-149.60,IK1:1,IK2:1,MOVE:0
[2026-09-09 18:14:56.479] [RX] PITCH:0.53,PID_OUT:-51.05,INT:-0.0920,EL:-13713,ER:-13673,VEL:-12.0,MOT:1,TILT:25.0,TRIM:0.213,ATE:1,LATCH:0,TORQ:1,CR:0.0,FX1:1.00,FY1:-151.10,FX2:-6.00,FY2:-149.60,IK1:1,IK2:1,MOVE:0
[2026-09-09 18:14:56.582] [RX] PITCH:0.57,PID_OUT:-32.54,INT:-0.0868,EL:-13723,ER:-13673,VEL:-30.6,MOT:1,TILT:25.0,TRIM:0.504,ATE:1,LATCH:0,TORQ:1,CR:0.0,FX1:1.00,FY1:-151.10,FX2:-6.00,FY2:-149.60,IK1:1,IK2:1,MOVE:0
[2026-09-09 18:14:56.591] [RX] AX12:MODE:0,TQ:1,TL:1023,CM:1,CS:4,MS:0,MT:800
[2026-09-09 18:14:56.679] [RX] PITCH:0.32,PID_OUT:-53.16,INT:-0.1053,EL:-13723,ER:-13673,VEL:-6.0,MOT:1,TILT:25.0,TRIM:0.129,ATE:1,LATCH:0,TORQ:1,CR:0.0,FX1:1.00,FY1:-151.10,FX2:-6.00,FY2:-149.60,IK1:1,IK2:1,MOVE:0
[2026-09-09 18:14:56.780] [RX] PITCH:0.16,PID_OUT:-61.44,INT:-0.0900,EL:-13738,ER:-13683,VEL:-11.9,MOT:1,TILT:25.0,TRIM:0.222,ATE:1,LATCH:0,TORQ:1,CR:0.0,FX1:1.00,FY1:-151.10,FX2:-6.00,FY2:-149.60,IK1:1,IK2:1,MOVE:0
[2026-09-09 18:14:56.880] [RX] PITCH:0.83,PID_OUT:-64.84,INT:-0.0282,EL:-13759,ER:-13683,VEL:-91.5,MOT:1,TILT:25.0,TRIM:1.449,ATE:1,LATCH:0,TORQ:1,CR:0.0,FX1:1.00,FY1:-151.10,FX2:-6.00,FY2:-149.60,IK1:1,IK2:1,MOVE:0
[2026-09-09 18:14:56.980] [RX] PITCH:3.25,PID_OUT:-2.13,INT:0.0975,EL:-13829,ER:-13683,VEL:-332.4,MOT:1,TILT:25.0,TRIM:5.167,ATE:1,LATCH:0,TORQ:1,CR:0.0,FX1:1.00,FY1:-151.10,FX2:-6.00,FY2:-149.60,IK1:1,IK2:1,MOVE:0
[2026-09-09 18:14:57.085] [RX] PITCH:7.21,PID_OUT:-139.86,INT:0.1282,EL:-13919,ER:-13683,VEL:-449.3,MOT:1,TILT:25.0,TRIM:6.000,ATE:1,LATCH:0,TORQ:1,CR:0.0,FX1:1.00,FY1:-151.10,FX2:-6.00,FY2:-149.60,IK1:1,IK2:1,MOVE:0
[2026-09-09 18:14:57.090] [RX] AX12:MODE:0,TQ:1,TL:1023,CM:1,CS:4,MS:0,MT:800
[2026-09-09 18:14:57.184] [RX] PITCH:6.95,PID_OUT:-73.45,INT:-0.2013,EL:-13943,ER:-13666,VEL:-283.4,MOT:1,TILT:25.0,TRIM:4.520,ATE:1,LATCH:0,TORQ:1,CR:0.0,FX1:1.00,FY1:-151.10,FX2:-6.00,FY2:-149.60,IK1:1,IK2:1,MOVE:0
[2026-09-09 18:14:57.184] [RX] SRV:6,37,0.0,0,0
[2026-09-09 18:14:57.283] [RX] PITCH:4.88,PID_OUT:-15.83,INT:-0.2366,EL:-13972,ER:-13642,VEL:-256.9,MOT:1,TILT:25.0,TRIM:4.156,ATE:1,LATCH:0,TORQ:1,CR:0.0,FX1:1.00,FY1:-151.10,FX2:-6.00,FY2:-149.60,IK1:1,IK2:1,MOVE:0
[2026-09-09 18:14:57.380] [RX] PITCH:3.19,PID_OUT:-8.71,INT:-0.2366,EL:-13993,ER:-13630,VEL:-163.5,MOT:1,TILT:25.0,TRIM:2.760,ATE:1,LATCH:0,TORQ:1,CR:0.0,FX1:1.00,FY1:-151.10,FX2:-6.00,FY2:-149.60,IK1:1,IK2:1,MOVE:0
[2026-09-09 18:14:57.477] [RX] PITCH:1.37,PID_OUT:7.18,INT:-0.2291,EL:-14005,ER:-13629,VEL:-66.7,MOT:1,TILT:25.0,TRIM:1.296,ATE:1,LATCH:0,TORQ:1,CR:0.0,FX1:1.00,FY1:-151.10,FX2:-6.00,FY2:-149.60,IK1:1,IK2:1,MOVE:0
[2026-09-09 18:14:57.592] [RX] PITCH:-0.60,PID_OUT:60.41,INT:-0.2232,EL:-14010,ER:-13640,VEL:19.0,MOT:1,TILT:25.0,TRIM:-0.011,ATE:1,LATCH:0,TORQ:1,CR:0.0,FX1:1.00,FY1:-151.10,FX2:-6.00,FY2:-149.60,IK1:1,IK2:1,MOVE:0
[2026-09-09 18:14:57.593] [RX] AX12:MODE:0,TQ:1,TL:1023,CM:1,CS:4,MS:0,MT:800
[2026-09-09 18:14:57.678] [RX] PITCH:-3.25,PID_OUT:159.59,INT:-0.0607,EL:-14007,ER:-13652,VEL:73.9,MOT:1,TILT:25.0,TRIM:-0.858,ATE:1,LATCH:0,TORQ:1,CR:0.0,FX1:1.00,FY1:-151.10,FX2:-6.00,FY2:-149.60,IK1:1,IK2:1,MOVE:0
[2026-09-09 18:14:57.779] [RX] PITCH:-4.51,PID_OUT:40.75,INT:0.2135,EL:-13988,ER:-13678,VEL:202.9,MOT:1,TILT:25.0,TRIM:-2.854,ATE:1,LATCH:0,TORQ:1,CR:0.0,FX1:1.00,FY1:-151.10,FX2:-6.00,FY2:-149.60,IK1:1,IK2:1,MOVE:0
[2026-09-09 18:14:57.875] [RX] PITCH:-2.65,PID_OUT:4.02,INT:0.2366,EL:-13969,ER:-13693,VEL:160.3,MOT:1,TILT:25.0,TRIM:-2.231,ATE:1,LATCH:0,TORQ:1,CR:0.0,FX1:1.00,FY1:-151.10,FX2:-6.00,FY2:-149.60,IK1:1,IK2:1,MOVE:0
[2026-09-09 18:14:57.977] [RX] PITCH:-1.88,PID_OUT:-40.13,INT:0.2366,EL:-13958,ER:-13699,VEL:81.1,MOT:1,TILT:25.0,TRIM:-1.040,ATE:1,LATCH:0,TORQ:1,CR:0.0,FX1:1.00,FY1:-151.10,FX2:-6.00,FY2:-149.60,IK1:1,IK2:1,MOVE:0
[2026-09-09 18:14:58.082] [RX] PITCH:2.37,PID_OUT:-91.56,INT:0.1825,EL:-13969,ER:-13697,VEL:-34.2,MOT:1,TILT:25.0,TRIM:0.725,ATE:1,LATCH:0,TORQ:1,CR:0.0,FX1:1.00,FY1:-151.10,FX2:-6.00,FY2:-149.60,IK1:1,IK2:1,MOVE:0
[2026-09-09 18:14:58.089] [RX] AX12:MODE:0,TQ:1,TL:1023,CM:1,CS:4,MS:0,MT:800
[2026-09-09 18:14:58.181] [RX] PITCH:3.63,PID_OUT:-53.88,INT:-0.0079,EL:-13993,ER:-13691,VEL:-145.7,MOT:1,TILT:25.0,TRIM:2.443,ATE:1,LATCH:0,TORQ:1,CR:0.0,FX1:1.00,FY1:-151.10,FX2:-6.00,FY2:-149.60,IK1:1,IK2:1,MOVE:0
[2026-09-09 18:14:58.181] [RX] SRV:0,37,0.0,0,0
[2026-09-09 18:14:58.276] [RX] PITCH:3.22,PID_OUT:-90.49,INT:-0.0621,EL:-14020,ER:-13685,VEL:-156.6,MOT:1,TILT:25.0,TRIM:2.635,ATE:1,LATCH:0,TORQ:1,CR:0.0,FX1:1.00,FY1:-151.10,FX2:-6.00,FY2:-149.60,IK1:1,IK2:1,MOVE:0
[2026-09-09 18:14:58.376] [RX] PITCH:4.21,PID_OUT:-84.65,INT:-0.2143,EL:-14043,ER:-13680,VEL:-150.2,MOT:1,TILT:25.0,TRIM:2.557,ATE:1,LATCH:0,TORQ:1,CR:0.0,FX1:1.00,FY1:-151.10,FX2:-6.00,FY2:-149.60,IK1:1,IK2:1,MOVE:0
[2026-09-09 18:14:58.477] [RX] PITCH:2.76,PID_OUT:-8.62,INT:-0.2366,EL:-14070,ER:-13674,VEL:-145.3,MOT:1,TILT:25.0,TRIM:2.508,ATE:1,LATCH:0,TORQ:1,CR:0.0,FX1:1.00,FY1:-151.10,FX2:-6.00,FY2:-149.60,IK1:1,IK2:1,MOVE:0
[2026-09-09 18:14:58.581] [RX] PITCH:0.70,PID_OUT:25.68,INT:-0.2137,EL:-14084,ER:-13677,VEL:-65.9,MOT:1,TILT:25.0,TRIM:1.307,ATE:1,LATCH:0,TORQ:1,CR:0.0,FX1:1.00,FY1:-151.10,FX2:-6.00,FY2:-149.60,IK1:1,IK2:1,MOVE:0
[2026-09-09 18:14:58.588] [RX] AX12:MODE:0,TQ:1,TL:1023,CM:1,CS:4,MS:0,MT:800
[2026-09-09 18:14:58.676] [RX] PITCH:-1.88,PID_OUT:7.71,INT:-0.0603,EL:-14087,ER:-13689,VEL:37.2,MOT:1,TILT:25.0,TRIM:-0.267,ATE:1,LATCH:0,TORQ:1,CR:0.0,FX1:1.00,FY1:-151.10,FX2:-6.00,FY2:-149.60,IK1:1,IK2:1,MOVE:0
[2026-09-09 18:14:58.775] [RX] PITCH:-0.80,PID_OUT:-40.58,INT:0.0816,EL:-14091,ER:-13696,VEL:20.4,MOT:1,TILT:25.0,TRIM:-0.014,ATE:1,LATCH:0,TORQ:1,CR:0.0,FX1:1.00,FY1:-151.10,FX2:-6.00,FY2:-149.60,IK1:1,IK2:1,MOVE:0
[2026-09-09 18:14:58.871] [RX] PITCH:2.42,PID_OUT:-142.18,INT:0.0680,EL:-14105,ER:-13700,VEL:-30.2,MOT:1,TILT:25.0,TRIM:0.764,ATE:1,LATCH:0,TORQ:1,CR:0.0,FX1:1.00,FY1:-151.10,FX2:-6.00,FY2:-149.60,IK1:1,IK2:1,MOVE:0
[2026-09-09 18:14:58.976] [RX] PITCH:2.98,PID_OUT:-84.54,INT:-0.0858,EL:-14126,ER:-13695,VEL:-116.3,MOT:1,TILT:25.0,TRIM:2.092,ATE:1,LATCH:0,TORQ:1,CR:0.0,FX1:1.00,FY1:-151.10,FX2:-6.00,FY2:-149.60,IK1:1,IK2:1,MOVE:0
[2026-09-09 18:14:59.076] [RX] PITCH:3.51,PID_OUT:-119.66,INT:-0.1353,EL:-14151,ER:-13687,VEL:-151.7,MOT:1,TILT:25.0,TRIM:2.657,ATE:1,LATCH:0,TORQ:1,CR:0.0,FX1:1.00,FY1:-151.10,FX2:-6.00,FY2:-149.60,IK1:1,IK2:1,MOVE:0
[2026-09-09 18:14:59.085] [RX] AX12:MODE:0,TQ:1,TL:1023,CM:1,CS:4,MS:0,MT:800
[2026-09-09 18:14:59.179] [RX] PITCH:4.03,PID_OUT:-73.59,INT:-0.2290,EL:-14179,ER:-13676,VEL:-196.6,MOT:1,TILT:25.0,TRIM:3.369,ATE:1,LATCH:0,TORQ:1,CR:0.0,FX1:1.00,FY1:-151.10,FX2:-6.00,FY2:-149.60,IK1:1,IK2:1,MOVE:0
[2026-09-09 18:14:59.179] [RX] SRV:14,36,0.0,0,0
[2026-09-09 18:14:59.276] [RX] PITCH:4.18,PID_OUT:-53.81,INT:-0.2366,EL:-14214,ER:-13665,VEL:-217.7,MOT:1,TILT:25.0,TRIM:3.724,ATE:1,LATCH:0,TORQ:1,CR:0.0,FX1:1.00,FY1:-151.10,FX2:-6.00,FY2:-149.60,IK1:1,IK2:1,MOVE:0
[2026-09-09 18:14:59.375] [RX] PITCH:3.25,PID_OUT:-67.24,INT:-0.2366,EL:-14238,ER:-13659,VEL:-151.6,MOT:1,TILT:25.0,TRIM:2.741,ATE:1,LATCH:0,TORQ:1,CR:0.0,FX1:1.00,FY1:-151.10,FX2:-6.00,FY2:-149.60,IK1:1,IK2:1,MOVE:0
[2026-09-09 18:14:59.476] [RX] PITCH:2.59,PID_OUT:-92.05,INT:-0.2366,EL:-14257,ER:-13656,VEL:-113.3,MOT:1,TILT:25.0,TRIM:2.175,ATE:1,LATCH:0,TORQ:1,CR:0.0,FX1:1.00,FY1:-151.10,FX2:-6.00,FY2:-149.60,IK1:1,IK2:1,MOVE:0
[2026-09-09 18:14:59.585] [RX] PITCH:2.43,PID_OUT:-12.83,INT:-0.2172,EL:-14287,ER:-13651,VEL:-179.8,MOT:1,TILT:25.0,TRIM:3.213,ATE:1,LATCH:0,TORQ:1,CR:0.0,FX1:1.00,FY1:-151.10,FX2:-6.00,FY2:-149.60,IK1:1,IK2:1,MOVE:0
[2026-09-09 18:14:59.585] [RX] AX12:MODE:0,TQ:1,TL:1023,CM:1,CS:4,MS:0,MT:800
[2026-09-09 18:14:59.673] [RX] PITCH:2.49,PID_OUT:-45.79,INT:-0.1627,EL:-14314,ER:-13648,VEL:-154.9,MOT:1,TILT:25.0,TRIM:2.856,ATE:1,LATCH:0,TORQ:1,CR:0.0,FX1:1.00,FY1:-151.10,FX2:-6.00,FY2:-149.60,IK1:1,IK2:1,MOVE:0
[2026-09-09 18:14:59.773] [RX] PITCH:2.98,PID_OUT:-98.25,INT:-0.1758,EL:-14338,ER:-13648,VEL:-128.9,MOT:1,TILT:25.0,TRIM:2.479,ATE:1,LATCH:0,TORQ:1,CR:0.0,FX1:1.00,FY1:-151.10,FX2:-6.00,FY2:-149.60,IK1:1,IK2:1,MOVE:0
[2026-09-09 18:14:59.878] [RX] PITCH:2.40,PID_OUT:-86.62,INT:-0.2304,EL:-14355,ER:-13646,VEL:-107.0,MOT:1,TILT:25.0,TRIM:2.160,ATE:1,LATCH:0,TORQ:1,CR:0.0,FX1:1.00,FY1:-151.10,FX2:-6.00,FY2:-149.60,IK1:1,IK2:1,MOVE:0
[2026-09-09 18:14:59.978] [RX] PITCH:2.79,PID_OUT:-82.21,INT:-0.2366,EL:-14374,ER:-13643,VEL:-106.9,MOT:1,TILT:25.0,TRIM:2.174,ATE:1,LATCH:0,TORQ:1,CR:0.0,FX1:1.00,FY1:-151.10,FX2:-6.00,FY2:-149.60,IK1:1,IK2:1,MOVE:0
[2026-09-09 18:15:00.074] [RX] PITCH:1.53,PID_OUT:-7.94,INT:-0.2060,EL:-14397,ER:-13640,VEL:-133.3,MOT:1,TILT:25.0,TRIM:2.596,ATE:1,LATCH:0,TORQ:1,CR:0.0,FX1:1.00,FY1:-151.10,FX2:-6.00,FY2:-149.60,IK1:1,IK2:1,MOVE:0
[2026-09-09 18:15:00.086] [RX] AX12:MODE:0,TQ:1,TL:1023,CM:1,CS:4,MS:0,MT:800
--------------------------------------------------------------------------------
[2026-09-09 18:15:10.311] [SYS] Session Stopped: Port Disconnected / Closed
Total Duration: 158.18s | Total Lines Captured: 1937
================================================================================
